Node ID,Year 0 (Deviation Score), Year 0 (Is Anomaly),Year 1 (Deviation Score), Year 1 (Is Anomaly),Year 2 (Deviation Score), Year 2 (Is Anomaly),Year 3 (Deviation Score), Year 3 (Is Anomaly),Year 4 (Deviation Score), Year 4 (Is Anomaly),Mean Deviation Score,Anomaly Status Churn
0,2.872072158381343,1,0.13109408846745887,0,0.13109409265841046,0,2.9062528554350138,1,2.8703068426499763,1,1.7821640075184404,1
1,0.11592453780273597,0,0.14331788088505468,0,0.1433178880251944,0,0.11809295912583669,0,0.08278583362698555,0,0.12068781989316146,0
2,0.11905099044088274,0,0.13109050132334232,0,0.13109050846348205,0,0.11729698938628037,0,0.1223452369061609,0,0.12417484530402967,0
3,0.05093222546080748,0,0.14331779070198536,0,0.14331779101242623,0,0.07519618235528469,0,0.06355367973446846,0,0.09526353385299444,0
4,0.05725736046830813,0,0.1433178143731008,0,0.14331781406265995,0,0.04703904502093792,0,0.05399698267380396,0,0.08898580331976215,0
5,1.3139679071803887,1,1.3139679400871198,1,1.3139679326365392,1,1.31396786061426,1,1.3139678941418726,1,1.313967906932036,0
6,0.3716956954449415,1,0.11123646493069828,0,0.11123646493069828,0,0.3893015403300524,1,0.3716956954449415,1,0.2710331722162664,1
7,0.05245456596215566,0,0.13108966359868646,0,0.13108966359868646,0,0.0788373313844204,0,0.05726802349090576,0,0.09014784960697095,0
8,0.982381065065662,1,6.159406036604196,1,0.13869341757769385,0,0.982381065065662,1,0.982381065065662,1,1.849048529875775,1
9,0.08976186377306779,0,0.11123646430981655,0,0.11123646430981655,0,0.11625678651034832,0,0.08976186377306779,0,0.10365068853522341,0
10,0.15804638527333736,0,0.14331739279441535,0,0.14331739279441535,0,0.15804638527333736,0,0.15804638527333736,0,0.15215478828176857,0
11,0.13173340478291115,0,0.13869524716089168,0,0.13869525461147228,0,0.13012503266024092,0,0.13439527759328485,0,0.13472884336176016,0
12,0.08832988647433619,0,0.11123698491913576,0,0.1112369872474422,0,0.07848002016544342,0,0.06970337312668562,0,0.09179745038660864,0
13,0.10357356215051065,0,0.11123680719174445,0,0.11123680936483045,0,0.10258893389254808,0,0.09634100816523035,0,0.1049954241529728,0
14,0.04404603876173496,0,0.11123686012191077,0,0.11123685329221189,0,0.031901853159070015,1,0.037461058547099434,0,0.06717653277640541,1
15,0.10072554952542608,0,0.14331768018503985,0,0.1433176804954807,0,0.10393733659293503,0,0.09520239258805911,0,0.11730012787738815,0
16,0.06307385489344597,0,0.08011188916862011,0,0.07992069547375043,0,0.0630740871032079,0,0.06307414608697097,0,0.06985093454519907,0
17,0.2535995797564586,1,0.11250956449657679,0,0.11251289987315734,0,0.2827542206893365,1,0.2536190828929345,1,0.20299906954169272,1
18,0.10034276510123163,0,0.10034272148429106,0,0.09634089772589505,0,0.1003427734443297,0,0.10034276168638219,0,0.09954238388842593,0
19,0.11518506963814919,0,0.10072552028577775,0,0.34374007512815297,1,0.1151850769141068,0,0.11518506292486563,0,0.15800416097821046,1
20,0.07064872483412425,0,0.11123646493069828,0,0.11123646493069828,0,0.6540719737143567,1,0.08150725563367207,0,0.20574017680870987,1
21,0.16183624975383282,0,0.14331739279441535,0,0.14331739279441535,0,0.14933600338796774,0,0.13035093558331332,0,0.14563159486278893,0
22,0.052736327440167464,0,0.1386934189746777,0,0.1386934189746777,0,0.04590852946663896,0,0.04090630387266477,0,0.08338759974576533,0
23,0.18922121760745844,1,0.14331739279441535,0,0.14331739279441535,0,0.17542000177005926,0,0.14830033543209234,0,0.15991526807968814,1
24,0.039542468885580696,0,1.0911293565295637,1,0.13869527525578937,0,0.03954242977003256,0,0.03954245646794637,0,0.2696903973817825,1
25,1.123385751619935,1,0.12592877090598145,0,0.12592878503104052,0,1.155940964197119,1,1.1286853682249784,1,0.7319739279958108,1
26,0.04171355006595453,0,0.0417135755221049,0,0.04171355813741684,0,0.041713522747159004,0,0.04171356000006199,0,0.04171355329453945,0
27,0.8397769077370564,1,0.857048719500502,1,0.8756237719208002,1,0.8397767587254444,1,0.8397769747922817,1,0.8504006265352169,0
28,0.23107156778375307,0,0.13109197902182737,0,0.13109199237078428,0,0.25051255089541274,0,0.2317803135762612,0,0.19510968072960772,0
29,0.29230997152626514,1,0.3048358081529538,0,0.34165759074191254,1,0.29230997152626514,1,0.29230997152626514,1,0.3046846626947324,1
30,0.03802205498019854,0,0.03802204752961794,0,0.03802204752961794,0,0.03802205498019854,0,0.03802205498019854,0,0.0380220519999663,0
31,0.099751912872307,0,0.09975190972909331,0,0.09975190972909331,0,0.09975191543344408,0,0.09975191104846697,0,0.09975191176248094,0
32,0.04023728954295317,0,0.042092300951480865,0,1.1240789698592077,1,0.040237305064996086,0,0.04023728705942631,0,0.2573766304956128,1
33,0.043724048882722855,0,0.043724048882722855,0,0.043724048882722855,0,0.043724048882722855,0,0.043724048882722855,0,0.043724048882722855,0
34,0.040237300718824066,0,0.023823353151480358,1,0.04962060352166494,0,0.040237300718824066,0,0.040237300718824066,0,0.038831171765923496,1
35,0.12783494405448437,0,0.14331739791668952,0,0.14331739791668952,0,0.1250944680068642,0,0.12881476691594193,0,0.13367579496213391,0
36,0.06090101599693298,0,0.11123646493069828,0,0.11123646493069828,0,0.05318189226090908,0,0.06090101599693298,0,0.07949137082323432,0
37,0.0886269452360769,0,0.0886269452360769,0,0.0886269452360769,0,0.08862693995858233,0,0.0886269452360769,0,0.088626944180578,0
38,0.080890285782516,0,0.080890285782516,0,0.080890285782516,0,0.080890285782516,0,0.080890285782516,0,0.080890285782516,0
39,0.12092145703112085,0,0.13869341757769385,0,0.13869341757769385,0,0.12396939750760794,0,0.1247412795200944,0,0.12940379384284217,0
40,0.049363563458124794,0,0.030133029135564964,1,0.05762512795627117,0,0.049363563458124794,0,0.049363564079006515,0,0.04716976961741844,1
41,0.10195615945849568,0,0.0905428627350678,0,0.3726502131515493,1,0.10195615945849568,0,0.10195615941969056,0,0.1538123108446598,1
42,0.043813733384013176,0,0.11123757118669649,0,0.11123757801639537,0,0.0516113123546044,0,0.04381370668609937,0,0.07234278032556177,0
43,0.19148139966030917,1,0.19149821934600672,0,0.18526310784121355,0,0.19147637548545995,0,0.19148290964464346,1,0.19024040239552656,1
44,0.12881475973214643,0,0.11992282971429329,0,0.15536625815245012,0,0.12881475973214643,0,0.12881475973214643,0,0.13234667341263653,0
45,0.1288151785362667,0,0.12881512289459351,0,0.1288151227393731,0,0.12881518187350594,0,0.12881516399405277,0,0.1288151540075584,0
46,0.25971233534316224,1,0.11123646493069828,0,0.11123646493069828,0,0.3162576264391343,1,0.2747486922889948,1,0.2146383167865376,1
47,0.19163981514672437,1,2.382539219611014,1,1.8861274690522503,1,0.19163981514672437,0,0.19163981514672437,1,0.9687172268206876,1
48,0.09975341924776633,0,0.0997532398517554,0,0.10961912258062512,0,0.09975346088564645,0,0.09975340000043313,0,0.10172652851324529,0
49,0.0339972743143638,1,0.1433173951227218,0,0.1433173951227218,0,0.0339972743143638,0,0.0339972743143638,1,0.077725322637707,1
50,0.12142187791566054,0,0.13869476737454534,0,0.1386947821204861,0,0.11510939826257527,0,0.11220620964498569,0,0.1252254070636506,0
51,0.051795621092120804,0,0.11123646430981655,0,0.11123646430981655,0,0.08716912427917123,0,0.06731439630190532,0,0.0857504140585661,0
52,0.090404256246984,0,0.6838606267701834,1,0.11123646384415527,0,0.090404256246984,0,0.090404256246984,0,0.21326197187105816,1
53,0.18335633414487043,1,0.13108966359868646,0,0.13108966359868646,0,0.18335633414487043,0,0.18335633414487043,0,0.1624496659263968,1
54,1.1427267456892878,1,0.11123646430981655,0,0.11123646430981655,0,1.0090182442994167,1,1.2825008290043722,1,0.731343749522542,1
55,0.04171371894578139,0,0.04171371894578139,0,0.04171371894578139,0,0.04171371894578139,0,0.04171371894578139,0,0.04171371894578139,0
56,0.07124010225137074,0,0.07124010163048904,0,0.07124010163048904,0,0.07124010225137074,0,0.07124010225137074,0,0.07124010200301806,0
57,0.22673840386172137,0,0.14331739279441535,0,0.14331739279441535,0,0.22673840386172137,0,0.22673840386172137,0,0.193369999434799,0
58,0.04330472648143768,0,0.04330472648143768,0,0.04330472648143768,0,0.04330472648143768,0,0.04330472648143768,0,0.04330472648143768,0
59,0.0395425104846557,0,0.03954250489672025,0,0.04232655962308248,0,0.039542494962612786,0,0.039542493099967636,0,0.04009931261340777,0
60,0.037306228652596474,0,0.03730623796582222,0,0.03730624044934908,1,0.037306228652596474,0,0.03730622927347819,0,0.037306232998768486,1
61,0.04330486680070559,0,0.043304858108361564,0,0.04330485314130783,0,0.04330486680070559,0,0.04330486245453358,0,0.04330486146112283,0
62,0.649055157477657,1,4.509483273606747,1,0.13108968812351426,0,0.649055157477657,1,0.649055157477657,1,1.3175476868326466,1
63,0.06695091507087152,0,0.14331739419139922,0,0.14331739419139922,0,0.08499127534256938,0,0.07128003534550469,0,0.1019714028283488,0
64,0.1831893678754568,1,0.1831893678754568,0,0.1831893678754568,0,0.1831893678754568,0,0.1831893678754568,0,0.1831893678754568,1
65,0.043724048882722855,0,0.06531801509360473,0,0.05590581769744555,0,0.043724048882722855,0,0.043724048882722855,0,0.050479195887843775,0
66,0.12609188941617808,0,0.12609188941617808,0,0.12609188941617808,0,0.12609188941617808,0,0.12609188941617808,0,0.12609188941617808,0
67,0.07470047970612843,0,0.06180500642706951,0,0.7923714198016872,1,0.07470047970612843,0,0.07470047970612843,0,0.21565557306942837,1
68,0.09975188951163243,0,0.09975188997729371,0,0.09975188997729371,0,0.09975188951163243,0,0.09975188966685285,0,0.09975188972894103,0
69,0.07124010132004817,0,0.11123646384415527,0,0.11123646384415527,0,0.07124010132004817,0,0.07124010163048904,0,0.08723864639177918,0
70,0.08862694244210918,0,0.1433173935705175,0,0.1433173935705175,0,0.07128003239631653,0,0.08862694275255005,0,0.10703374094640214,0
71,0.11888936224083106,0,2.1067025396817676,1,0.11123692624581356,0,0.11888934982319672,0,0.1188893982519706,0,0.514921515248716,1
72,0.12609154420594373,0,0.1260915727665027,0,0.15089230674008527,0,0.12609154544770718,0,0.12609155662357807,0,0.1310517051567634,0
73,0.21803586247066656,0,0.11123651398035388,0,0.11123651429079473,0,0.21803586247066656,0,0.21803586247066656,1,0.17531612313662964,1
74,0.5044632821033398,1,0.5044632821033398,1,0.5633063943435749,1,0.5044632821033398,1,0.5044632821033398,1,0.5162319045513868,0
75,0.07381208334118128,0,0.07381208334118128,0,0.07381208334118128,0,0.07381208334118128,0,0.07381208334118128,0,0.07381208334118128,0
76,0.09977079109133531,0,0.09976721392013133,0,0.12669594902157164,0,0.09977060280895482,0,0.09977038258997102,0,0.10515498788639281,0
77,0.11518895635769393,0,0.11518809789170821,0,0.11518810811685398,0,0.11518888705177233,0,0.1151888615374143,0,0.11518858219108855,0
78,0.12509686276704693,0,0.1433193029370159,0,0.1433192890447875,0,0.119925194439323,0,0.12783728256666413,0,0.1318995863509675,0
79,0.043810442090034485,0,0.111248490633443,0,0.11124853409516315,0,0.04381047375500202,0,0.04381051349143187,0,0.07078569081301492,0
80,0.08863266961028178,0,0.7669932367280126,1,0.14332196946876744,0,0.08863258905087908,0,0.08863254900400837,0,0.2352426027723898,1
81,0.5192003889630238,1,0.13872731368367872,0,0.1387274220275382,0,0.5192000536868969,1,0.5192005715022484,1,0.36701114997267725,1
82,1.0555710500727098,1,0.13869713821137944,0,0.13869715140511593,0,1.0377939001967509,1,1.0609107023725908,1,0.6863339884517095,1
83,0.09036255104001611,0,0.1112364554622521,0,0.1112364554622521,0,0.33984952288058895,1,0.09588079395083089,0,0.14971315575918803,1
84,0.03399727990229925,1,0.01775665208697319,1,0.9517508033507814,1,0.0339972780396541,0,0.03399727990229925,1,0.21429985865640142,1
85,0.06027113972231746,0,0.11123646648290257,0,0.11123646648290257,0,0.04961475380696356,0,0.07423755930115779,0,0.08131927715924879,0
86,0.13869341757769385,0,0.13869341757769385,0,0.13869341757769385,0,0.13869341757769385,0,0.13869341757769385,0,0.13869341757769385,0
87,0.08712920158480604,0,0.13869378979628286,0,0.13869378669187427,0,0.08712920329223077,0,0.08712919630731146,0,0.10775503553450108,0
88,0.07124136481434107,0,0.07124113943427801,0,0.07124114129692316,0,0.07124136450390021,0,0.07124134184171756,0,0.071241270378232,0
89,0.30093257687985897,1,0.3320015861342351,1,2.9677456605713814,1,0.3009325520445903,1,0.3009325706710418,1,0.8405089892602217,0
90,0.11123646648290257,0,0.11123646524113913,0,0.11123646524113913,0,0.11123646648290257,0,0.11123646524113913,0,0.11123646573784451,0
91,0.07470047970612843,0,0.053759607719257474,0,0.06716044930120309,0,0.07470047970612843,0,0.07470047970612843,0,0.06900429922776916,0
92,0.049363564079006515,0,0.773844369299089,1,0.11123646648290257,0,0.049363563458124794,0,0.049363564079006515,0,0.20663430547962586,1
93,0.06090101817001899,0,0.11123646648290257,0,0.11123646648290257,0,0.04448503737027446,0,0.06090101817001899,0,0.07775200133522352,0
94,0.05972149005780617,0,0.059721486953397594,0,0.059721486953397594,0,0.05972149005780617,0,0.05972148881604274,0,0.05972148856769005,0
95,0.08089041228716572,0,0.11123657110147178,0,0.1112365706358105,0,0.08089041228716572,0,0.08089040949319799,0,0.09302887516096234,0
96,0.06090101817001899,0,0.04448503737027446,0,0.06994665941844384,0,0.06090101817001899,0,0.06090101817001899,0,0.059426950259755064,0
97,0.11518472481596594,0,0.11518472530102979,0,0.11518472530102979,0,0.11518472481596594,0,0.11518472471895318,0,0.11518472499058892,0
98,0.0893677764882644,0,0.08946030773222446,0,0.08945941987137,0,0.08937780745327473,0,0.08937696926295757,0,0.08940845616161823,0
99,0.058888530979553856,0,0.13108966359868646,0,0.13108966359868646,0,0.04396299831569195,0,0.057756856394310795,0,0.08455754257738589,0
100,0.0738120765114824,0,0.07494030178834994,0,0.8694130747268597,1,0.0738120765114824,0,0.0738120765114824,0,0.23315792120993137,1
101,0.059721481365462147,0,0.036575126461684704,0,0.07534135257204373,0,0.059721481365462147,0,0.059721481365462147,0,0.05821618462602298,0
102,0.03802206243077914,0,1.5093571501007925,1,0.14331739279441535,0,0.03802206243077914,0,0.03802206243077914,0,0.3533481460375091,1
103,0.055485302582383156,0,0.14331739279441535,0,0.14331739279441535,0,0.07835590591033299,0,0.10673125771184762,0,0.10544145035867888,0
104,0.11123673858431478,0,0.11123669683001935,0,0.11123670179707308,0,0.11123674215438466,0,0.11123673672166963,0,0.1112367232174923,0
105,0.34922984552880126,1,0.13869568007066846,0,0.13869569015999636,0,0.34922980206708115,1,0.34922987533112365,1,0.26501617863153415,1
106,0.08089156153922279,0,0.08750544503952067,0,0.32114123793629307,0,0.08089161509027083,0,0.08089154974247019,0,0.1302642818695555,0
107,0.04336709715425968,0,0.0433611577997605,0,0.043361340959866844,0,0.04336956019202868,0,0.04336657995978991,0,0.04336514721314112,0
108,0.04171371025343736,0,0.13869344303384423,0,0.13869344303384423,0,0.04171371025343736,0,0.04171371025343736,0,0.08050560336560011,0
109,0.06312927417457104,0,0.11123646524113913,0,0.11123646524113913,0,0.07430323461691539,0,0.06090101817001899,0,0.08416129148875673,0
110,0.042437259418269,0,0.13108968812351426,0,0.13108968595042825,0,0.0447623822838068,0,0.03629138755301634,0,0.07713408066580693,0
111,0.029184706509113312,1,0.11123646493069828,0,0.11123646493069828,0,0.06245406158268452,0,0.046447458366552986,0,0.07211183126394947,1
112,0.1151847168803215,0,0.24340990069322288,0,0.14331739279441535,0,0.1151847168803215,0,0.1151847168803215,0,0.14645628882572054,0
113,0.06090101817001899,0,0.06090101817001899,0,0.06090101817001899,0,0.06090101817001899,0,0.06090101817001899,0,0.06090101817001899,0
114,0.07389909587800503,0,1.5109390664535265,1,1.3786714157710473,1,0.07389776563892762,0,0.07389712721730272,0,0.6222608941917618,1
115,0.040921000142892204,0,0.13878053783749542,0,0.13878080792104205,0,0.06590925436466932,0,0.040920632580916085,0,0.08506244656940301,0
116,0.12882077106526899,0,0.1250992103984269,0,0.1631783691700548,0,0.12882065156494113,0,0.12882062504650094,0,0.13494792544903855,0
117,0.11222739839771141,0,0.13871135578180352,0,0.13871140017484626,0,0.11222711007576436,0,0.11222689998491357,0,0.12282083288300782,0
118,0.049363563458124794,0,0.11123646493069828,0,0.11123646493069828,0,0.049363563458124794,0,0.049363563458124794,0,0.07411272404715419,0
119,0.11123647874531646,0,0.11123648309148848,0,0.11123648247060676,0,0.11123647843487561,0,0.11123648029752076,0,0.11123648060796161,0
120,0.15804638403157392,0,0.18922118780513605,0,2.4385617601219565,1,0.15804638403157392,0,0.15804638403157392,0,0.6203844200043628,1
121,0.8151160186777512,1,0.8151160745571057,1,0.8151160745571057,1,0.8151160596559445,1,0.81511600377659,1,0.8151160462448994,0
122,0.08712882998709877,0,0.13869344800089797,0,0.1386934470695754,0,0.08712883153930306,0,0.08712882998709877,0,0.1077546773167948,0
123,0.3492309370388587,1,0.1386934189746777,0,0.1386934189746777,0,0.3492309370388587,1,0.3492309370388587,1,0.26501592981318634,1
124,0.039542454605301224,0,0.13869522791355848,0,0.1386952392446498,0,0.039542462676763535,0,0.039542474473516144,0,0.07920357178275785,0
125,0.08363115042448044,0,0.1433177061068515,0,0.1433177089008192,0,0.0832199002422082,0,0.08171555582278718,0,0.10704040429942932,0
126,0.08089069447790583,0,0.08089063968509436,0,0.08089064247906208,0,0.0808907092238466,0,0.08089069152871768,0,0.08089067547892531,0
127,0.08376406567792098,0,0.11123646555158,0,0.11123646555158,0,0.04773942086224755,0,0.06090101817001899,0,0.08297548716266949,0
128,0.12881475736988554,0,0.1288147598534124,0,0.1288147598534124,0,0.12881475736988554,0,0.12881475736988554,0,0.1288147583632963,0
129,0.3167847127964099,1,0.3167847127964099,0,0.3167847127964099,1,0.3167847127964099,1,0.3167847127964099,1,0.3167847127964099,1
130,0.06376073881983757,0,0.06376073757807414,0,0.059065730621417366,0,0.06376073881983757,0,0.06376073881983757,0,0.06282173693180085,0
131,0.03954248751203219,0,0.13869344800089797,0,0.13869344800089797,0,0.03954248751203219,0,0.03954248751203219,0,0.07920287170757852,0
132,0.03694292406241099,0,0.03694292406241099,0,0.03694292406241099,1,0.03694292406241099,0,0.03694292406241099,0,0.03694292406241099,1
133,0.050454787289102875,0,0.13108968579520783,0,0.13108968579520783,0,0.05045479846497377,0,0.050454787289102875,0,0.08270874892671902,0
134,0.06851697775224845,0,0.05092424030105273,0,1.988360414436708,1,0.06851696905990441,0,0.06851697775224845,0,0.44896711586043236,1
135,0.1260918943832318,0,0.1260918943832318,0,0.1260918943832318,0,0.12609189562499523,0,0.1260918943832318,0,0.1260918946315845,0
136,0.07470047970612843,0,0.07470047877480586,0,0.07330755610018969,0,0.07470047970612843,0,0.07470047970612843,0,0.07442189479867617,0
137,0.12851830758154392,0,0.12851854475835958,0,0.13542172436912855,0,0.12851826411982378,0,0.12851832372446856,0,0.1298990329106649,0
138,0.03126315710445245,1,0.14331799179005125,0,0.14331799396313727,0,0.060627687722444534,0,0.09299538284540176,0,0.09430444268509745,1
139,0.03399742394685745,1,0.03399743512272835,0,0.03399743512272835,1,0.03399746057887872,0,0.033997424567739166,1,0.033997435867786405,1
140,0.541833088422815,1,0.5965602503468593,1,0.6042471944044033,1,0.541833088422815,1,0.541833088422815,1,0.5652613420039414,0
141,0.08712880530705054,0,0.1386934189746777,0,0.1386934189746777,0,0.08712880530705054,0,0.08712880530705054,0,0.1077546507741014,0
142,0.11858188252275188,0,0.1185818703379482,0,0.12233782924401264,0,0.11858188104815781,0,0.11858188221231103,0,0.11933306907303631,0
143,0.09901303611695766,0,0.09901277767494321,0,0.09901279164478183,0,0.09901309572160244,0,0.09901301298911373,0,0.09901294282947978,0
144,0.09576584134871761,0,0.13869499787688255,0,0.13869500951841474,0,0.06421805545687675,0,0.07924247765913606,0,0.10332327637200556,0
145,0.15804590719441572,0,0.15804599411785603,0,0.15804599784314632,0,0.15804587739209333,0,0.15804590719441572,0,0.1580459367483854,0
146,0.04330539020399252,0,0.04330529520908991,0,0.04330530265967051,0,0.04330539641280969,0,0.04330535978078842,0,0.04330534885327021,0
147,0.0339974295347929,1,0.03399743574361006,0,0.03399744381507238,1,0.03399743512272835,0,0.033997432639201484,1,0.03399743537108103,1
148,0.0630671880984058,0,0.1433282430904607,0,0.14332827366888523,0,0.07225063225875299,0,0.061052786807219185,0,0.09660542478474479,0
149,0.04090656961003939,0,0.07881001786639293,0,0.07377500273287296,0,0.04090659444530805,0,0.04090656898915768,0,0.05506095072875421,0
150,0.19609277012447515,0,2.759544040231655,1,0.13871411063397923,0,0.19609241498013338,1,0.19609295142193636,1,0.6973072574784358,1
151,0.09805669263005257,0,0.14331739915845296,0,0.14331739915845296,0,0.07170361839234829,0,0.03730618208646774,0,0.0987402582851549,0
152,0.07361135367924969,0,0.1112367759924382,0,0.11123677661331992,0,0.08611784433014691,0,0.08089065303405125,0,0.0926186807298412,0
153,0.03802193577090899,0,1.1278380156339456,1,0.14331791557682058,0,0.03802193949619929,0,0.038021925215919815,0,0.27704434633875885,1
154,0.07381385906289022,0,0.07381365277493994,0,0.07381366301948826,0,0.07381391478702426,0,0.07381383438284199,0,0.07381378480543693,0
155,0.03959912185867628,0,0.039599151040116944,0,0.039599147314826645,0,0.03959913675983747,0,0.03959913489719232,0,0.039599138374129934,0
156,1.0506983765711386,1,1.0506984051316977,1,1.135207441324989,1,1.0506983765711386,1,1.0506983778129022,1,1.0676001954823733,0
157,0.08862731947253148,0,0.0886272806674242,0,0.08862727818389733,0,0.08862732847531636,0,0.0886273222664992,0,0.08862730581313372,0
158,0.04069415666162968,0,0.13870160871495804,0,0.13870163060103854,0,0.07608773435155551,0,0.06851050878564517,0,0.09253912782296539,0
159,0.11887305167814095,0,0.11125791654922068,0,0.11125798127613962,0,0.11887256987392902,0,0.11887325036029021,0,0.1158269539475441,0
160,0.0380207858979702,0,0.03802096409102281,0,0.03802097029983997,0,0.03802073746919632,0,0.03802079210678736,0,0.03802084997296333,0
161,0.14835148863494396,0,0.12971539981663227,0,2.266403899062425,1,0.14835061443348727,0,0.14835188599924246,0,0.5682346575893462,1
162,0.06987713028987248,0,0.13869979931041598,0,0.13869982104127607,0,0.09568625626464684,0,0.0395423856874307,0,0.0965010785187284,0
163,0.4204573103537162,1,4.219225039084752,1,3.517845421563834,1,0.4204572880019744,1,0.42045736995836097,1,1.7996884857925277,0
164,0.45515323244035244,1,0.11123737855814397,0,0.11123738740570843,0,0.45515322995682556,1,0.45515322871506214,1,0.3175868914152185,1
165,0.03954239934682846,0,0.03954243908325831,0,0.039542424182097115,0,0.0395423931380113,0,0.039542365819215775,0,0.03954240431388219,0
166,0.4204569800446431,1,0.4204570868362983,1,0.4204570855945349,0,0.42045693409939605,1,0.4204569961875677,1,0.42045701655248796,1
167,0.11220481522226085,0,0.11220480606425554,0,0.1122048059090351,0,0.11220481553270172,0,0.11220481188502163,0,0.11220481092265495,0
168,0.07229588522265355,0,0.14331742779662213,0,0.14331742779662213,0,1.0769525325546663,1,0.057656326641639076,0,0.2987079200024406,1
169,0.040237292647361755,0,0.03924070236583551,0,1.3856454472212743,1,0.040237292647361755,0,0.040237292647361755,0,0.309119605505839,1
170,0.07381581654772162,0,0.13869682109604278,0,0.13869684158513942,0,0.07381595205515623,0,0.07381575709829728,0,0.09976823767647147,0
171,0.07381279347464442,0,0.0738127208314836,0,0.0738127223836879,0,0.07381282079343994,0,0.07381278633450468,0,0.07381276876355211,0
172,0.08089039397115509,0,0.06970284273847938,0,0.0784794648643583,0,0.08089039474725723,0,0.08089039303983252,0,0.0781706978722165,0
173,0.11518484274468695,0,0.09920429432531819,0,0.24340991869879267,0,0.11518484581029043,0,0.11518484517000616,0,0.13763374934981887,0
174,0.17509244677300254,0,0.16645460777605572,0,0.16674452430258194,0,0.1785323178046383,0,0.1745062762250503,0,0.17226603457626577,0
175,0.0597219013919433,0,0.05972182533393303,0,0.059721825954814754,0,0.059721908221642174,0,0.059721886490782104,0,0.05972186947862307,0
176,0.6800861352433761,1,0.7559713007261356,1,0.7802145797759295,1,0.6800861302763224,1,0.6800861352433761,1,0.715288856253028,0
177,0.11831947726507981,0,0.11837680699924628,0,0.11837504245340824,0,0.11829489283263683,0,0.1183242208013932,0,0.11833808807035287,0
178,0.08864157491674025,0,0.08863988689457376,0,0.07016873856385548,0,0.08864197103927533,0,0.08864141597102086,0,0.08494671747709315,0
179,0.5578285623341799,1,0.13869618236397704,0,0.13869619773079953,0,0.528145752226313,1,0.540071340277791,1,0.3806876069866121,1
180,0.10209582994381587,0,0.12592529505491257,0,0.12592529505491257,0,0.06768580588201682,0,0.0779420913507541,0,0.09991486345728239,0
181,0.03802206243077914,0,2.08620800365073,1,0.14331739279441535,0,0.03802206243077914,0,0.03802206243077914,0,0.4687183167474965,1
182,0.09142200866093238,0,0.10669214707255985,0,0.09191705895743023,0,0.09142200866093238,0,0.09142200866093238,0,0.09457504640255744,0
183,0.142684206366539,0,0.14331739279441535,0,0.14331739279441535,0,0.15070629181961218,0,0.1196402379622062,0,0.1399331043474376,0
184,0.06646858140205343,0,0.14331739279441535,0,0.14331739279441535,0,0.06354511932780345,0,0.07015578479816516,0,0.09736085422337054,0
185,0.03399728983640671,1,0.07684664862851302,0,0.04099431075155735,0,0.03399728983640671,0,0.03399728983640671,1,0.0439665657778581,1
186,0.04763290906945864,0,0.04763290906945864,0,0.04763290906945864,0,0.04763290906945864,0,0.04763290906945864,0,0.04763290906945864,0
187,0.07470047660171986,0,0.07470047660171986,0,0.04646289146815737,0,0.07470047660171986,0,0.07470047660171986,0,0.06905295957500737,0
188,0.100814545682321,0,0.13871045410633087,0,0.1387105199197928,0,0.08491424409051736,0,0.07383231973896424,0,0.10739641670758526,0
189,0.16498362210889658,0,0.14333634233723083,0,0.14333640520150462,0,0.139145631964008,0,0.12150068767368793,0,0.14246053785706558,0
190,0.09589569891492526,0,0.09589801728725433,0,0.09589802473783493,0,0.09589583923419316,0,0.09589595595995586,0,0.09589670722683272,0
191,0.06761395434538524,0,0.06761401022473972,0,0.0738771657148997,0,0.06761395807067554,0,0.06761396427949269,0,0.06886661052703857,0
192,0.06090101785957813,0,0.07430074084550142,0,0.6540559504646808,1,0.06090101785957813,0,0.06090101785957813,0,0.1822119489777833,1
193,0.07124010194092989,0,0.07124010225137074,0,0.07124010225137074,0,0.07124010194092989,0,0.07124010194092989,0,0.07124010206510623,0
194,0.04763290099799633,0,0.047632903481523194,0,0.046582045033574104,0,0.04763290534416834,0,0.04763290099799633,0,0.047422731171051655,0
195,0.10195616527926177,0,0.1019561654732873,0,0.10195616551209241,0,0.10195616407630344,0,0.10195616516284645,0,0.10195616510075826,0
196,0.1112364661724617,0,0.11123646524113913,0,0.11123646524113913,0,0.11123646648290257,0,0.11123646524113913,0,0.11123646567575633,0
197,0.043724048882722855,0,0.043724048882722855,0,0.043724048882722855,0,0.043724048882722855,0,0.043724048882722855,0,0.043724048882722855,0
198,0.050455894942084946,0,0.05956589073563615,0,0.9759752984779576,1,0.050455933436751366,0,0.050455876315633454,0,0.23738177878161273,1
199,0.060901484141747154,0,0.5141083862787733,1,0.11123684134023885,0,0.060901495007177196,0,0.06090146365265051,0,0.1616099340841174,1
200,0.043798028180996575,0,0.0438015591353178,0,0.04380150077243646,0,0.043798321237166725,0,0.043798415611187615,0,0.04379956498742103,0
201,0.04331685168047746,0,0.04331434269746145,0,0.05526795548697313,0,0.04331664554774761,0,0.04331658035516739,0,0.04570647515356541,0
202,0.10034245314697425,0,0.10034245446634789,0,0.10034245446634789,0,0.10034245578572154,0,0.10034245252609253,0,0.10034245407829681,0
203,0.080890285782516,0,0.9160760405939072,1,0.8443572602700442,1,0.080890285782516,0,0.080890285782516,0,0.4006208316422999,1
204,0.12881475973214643,0,0.14331739310485622,0,0.14331739310485622,0,0.12881475973214643,0,0.12881475973214643,0,0.13461581308123033,0
205,0.050266485971709095,0,0.12592532159760594,0,0.12592532159760594,0,0.06112535313392679,0,0.07282003279154499,0,0.08721250301847856,0
206,0.08712883107364178,0,0.08712882362306118,0,0.08712882362306118,0,0.08712883153930306,0,0.08712882998709877,0,0.08712882796923319,0
207,0.044873252511024475,0,0.13108968377734223,0,0.13108968377734223,0,0.04925832711160183,0,0.03838046888510386,0,0.07893828321248293,0
208,0.09040425640220444,0,0.09040425640220444,0,0.09598387746761243,0,0.09040425640220444,0,0.09040425640220444,0,0.09152018061528604,0
209,0.11518471746239811,0,0.11518471734598279,0,0.11518471734598279,0,0.11518471746239811,0,0.11518471746239811,0,0.11518471741583199,0
210,0.044287326435248055,0,0.1386934189746777,0,0.1386934189746777,0,0.044287326435248055,0,0.044287326435248055,0,0.08204976345101993,0
211,0.04372405260801315,0,0.07024857650200526,0,1.8101168499172975,1,0.04372405260801315,0,0.04372405260801315,0,0.40230751684866844,1
212,0.07470047660171986,0,0.14331739279441535,0,0.14331739279441535,0,0.07470047660171986,0,0.07470047660171986,0,0.10214724307879805,0
213,0.08832926551500957,0,0.11123645468614995,0,0.11123645468614995,0,0.07847937413801749,0,0.06970274929578106,0,0.0917968596642216,0
214,0.039300926961004734,0,0.14331739294963577,0,0.14331739294963577,0,0.686856649738426,1,0.03592932006965081,0,0.20974433653367064,1
215,0.09040425422911842,0,0.09040425422911842,0,0.08141464119156201,0,0.09040425422911842,0,0.09040425422911842,0,0.08860633162160714,0
216,0.10195615433622152,0,0.0800700963785251,0,0.9162265075525889,1,0.10195615433622152,0,0.10195615433622152,0,0.2604330133879557,1
217,0.0864443335061272,0,0.13108966359868646,0,0.13108966359868646,0,2.039181418251246,1,0.06996375694870949,0,0.4915537671806912,1
218,0.04023731375734011,0,0.04023731375734011,0,0.05575908223787943,0,0.04023731375734011,0,0.04023731375734011,0,0.043341667453447974,0
219,0.08686990836091961,0,0.13108966359868646,0,0.13108966359868646,0,0.08887624771644671,0,0.08923501241952181,0,0.10543209913885221,0
220,0.059721481365462147,0,0.14331739279441535,0,0.14331739279441535,0,0.047274477779865265,0,0.059721481365462147,0,0.09067044521992405,0
221,0.080890287955602,0,0.08089028842126329,0,0.0893981281357507,0,0.08089028764516115,0,0.080890287955602,0,0.08259185602267582,0
222,0.08862694663306077,0,0.14331739388095835,0,0.14331739388095835,0,0.08862694663306077,0,0.08862694663306077,0,0.11050312553221979,0
223,0.2018312788568437,0,0.1984047886605064,0,0.19849303318187594,0,0.2035010667362561,1,0.20154824495936433,1,0.2007556824789693,1
224,0.08331588841974735,0,0.0834136176854372,0,0.10165580672522385,0,0.0832724068313837,0,0.08332804031670094,0,0.0869971519956986,0
225,0.4406740951041381,1,0.7986139214287201,1,0.7989444776127735,1,0.38961914523194235,1,0.4382632716248433,1,0.5732229822004834,0
226,0.15303157828748226,0,0.5501682851463556,1,0.5504457845042149,1,0.19175733082617322,0,0.13147503572205702,0,0.31537560289725663,1
227,0.42338580021169037,1,0.6996990634749333,1,0.7004410369942585,1,0.39421449275687337,1,0.45901936083100736,1,0.5353519508537525,0
228,0.23062106237436333,0,0.554124353453517,1,0.5543685108423233,1,0.2234094248075659,0,0.2300206549310436,0,0.3585088012817626,1
229,0.2610429786145687,1,0.32930418763620156,0,0.3294315932240958,1,0.2615620031331976,0,0.26101237442344427,1,0.2884706274063016,1
230,0.04938298153380553,0,0.04938302437464396,0,0.05100766445199648,0,0.049383001402020454,0,0.04938298463821411,0,0.049707931280136106,0
231,0.04171371770401796,0,0.09179867121080558,0,1.9651351794600487,1,0.04171371770401796,0,0.04171371770401796,0,0.4364150007565817,1
232,0.12881476128435074,0,0.12881476128435074,0,0.12881476128435074,0,0.12881476128435074,0,0.12881476128435074,0,0.12881476128435074,0
233,0.07361558824777603,0,0.1386934189746777,0,0.1386934189746777,0,0.0989544503390789,0,0.04090630387266477,0,0.09817263608177502,0
234,0.06769580037022631,0,0.14331739279441535,0,0.14331739279441535,0,0.08923437353223562,0,0.060277474112808704,0,0.10076848672082028,0
235,0.09145086646700899,0,0.097623781960768,0,0.4522522344874839,1,0.09145196247845888,0,0.09145056099320452,0,0.16484588127738486,1
236,0.0371521208435297,0,0.037147268652915955,0,0.03714749092857043,1,0.03715478628873825,0,0.03715086914598942,0,0.037150507171948746,1
237,0.043305364126960434,0,0.14331801305525005,0,0.14331802066105107,0,0.03320479765534401,1,0.043305360401670136,0,0.08129031118005514,1
238,0.7706828856219848,1,0.11156612890772521,0,0.11156725285885234,0,0.7949181652317444,1,0.7831174563616514,1,0.5143703777963917,1
239,0.08460344560444355,0,0.14267651488383612,0,2.9383711762105427,1,0.08473712267975013,0,0.08469907628993194,0,0.6670174671337008,1
240,0.10513065002548198,0,0.156516184254239,0,0.15643852025580904,0,0.09037501132115722,0,0.11339415702968836,0,0.12437090457727511,0
241,0.044700950384140015,0,0.13873285924394926,0,0.13873261073604226,0,0.0519219363729159,0,0.031151728704571724,1,0.08104801708832385,1
242,0.1251087604711453,0,0.13876462200035652,0,0.1387648175780972,0,0.12483048485592008,0,0.1251067027915269,0,0.13051507753940922,0
243,0.7927884391198555,1,0.1386959906667471,0,0.13869600106651583,0,0.7927884055922428,1,0.7927884391198555,1,0.5311514551130434,1
244,0.2151651674260696,0,0.11123710909547906,0,0.11123709791960816,0,0.23699048223594824,0,0.20114843485256037,1,0.1751556583059331,1
245,0.11357123851000021,0,0.11123646105018754,0,0.11123646105018754,0,0.0974287577943566,0,0.1038104851419727,0,0.10745668070934092,0
246,0.07986056789134939,0,0.14331770703817406,0,0.1433177089008192,0,0.0910312607884407,0,0.08291956192018309,0,0.1080893613077933,0
247,0.03954248192409674,0,0.13869356689974666,0,0.13869356689974666,0,0.051795139287908874,0,0.03954248192409674,0,0.08165344738711913,0
248,0.033997297286987305,1,0.14331743447110057,0,0.14331743447110057,0,0.033997297286987305,0,0.033997297286987305,1,0.07772535216063262,1
249,0.06497957014168303,0,0.143317434626321,0,0.14331743928293386,0,0.05524054619794091,0,0.06744304966802399,0,0.09485960798338056,0
250,0.04171371770401796,0,0.1386934189746777,0,0.1386934189746777,0,0.05314049683511257,0,0.04171371770401796,0,0.08279095403850077,0
251,0.19163981514672437,1,2.8575517362138876,1,2.3564738588562855,1,0.19163981514672437,0,0.19163981514672437,1,1.1577890081020694,1
252,0.1779610396673282,0,0.1386934189746777,0,0.1386934189746777,0,0.17039456963539124,0,0.1775174836317698,0,0.16065198617676893,0
253,0.0871866347733885,0,0.1387445245248576,0,0.13874468362579742,0,0.08718827258174618,0,0.08718583717321356,0,0.10780999053580065,0
254,0.0593546312302351,0,0.8693874408490956,1,0.7009840832712749,1,0.059355528404315315,0,0.059354161843657494,0,0.34968716911971565,1
255,0.07193776095906894,0,0.12605873961001635,0,0.12605909366781512,0,0.08693697676062584,0,0.05978304396073023,0,0.09415512299165131,0
256,0.08446769105891387,0,0.08446769105891387,0,0.10875546683867772,0,0.08446769105891387,0,0.08446769105891387,0,0.08932524621486665,0
257,0.07470047970612843,0,0.14331739388095835,0,0.14331739388095835,0,0.0733075567210714,0,0.07470047970612843,0,0.10186866077904899,0
258,0.06090101817001899,0,0.11123646601724128,0,0.11123646601724128,0,0.05318188729385535,0,0.06090101817001899,0,0.07949137113367519,0
259,0.08325746896055837,0,0.14331739388095835,0,0.14331739388095835,0,0.06924534010856102,0,0.09855362268475194,0,0.10753824390315761,0
260,0.07124050085743268,0,1.0694509503276397,1,0.1112367930666854,0,0.07124051451683044,0,0.07124050054699183,0,0.278881851863116,1
261,0.0980863847459356,0,0.13869344225774208,0,0.13869344225774208,0,0.08493100013583899,0,0.05932190145055453,0,0.10394523416956265,0
262,0.060205607364575066,0,0.14331739450184008,0,0.14331739450184008,0,0.050369197968393564,0,0.06236774598558744,0,0.09191546806444725,0
263,0.08862694663306077,0,0.8599093856755644,1,0.14331739388095835,0,0.08862694663306077,0,0.08862694632261992,0,0.2538215238290528,1
264,0.02747529683013757,1,0.14331739388095835,0,0.14331739388095835,0,0.03613786306232214,0,0.04886165354400873,0,0.07982192023967702,1
265,1.2940395269542933,1,1.2940396672735612,1,1.2940396821747224,1,1.294039514536659,1,1.294039523229003,1,1.294039582833648,0
266,0.279332601154844,1,0.13871880931158861,0,0.13871888630092144,0,0.25835281424224377,1,0.27005227965613204,1,0.21703507813314596,1
267,0.1122046976427858,0,0.11220469570253044,0,0.11220469640102237,0,0.11220469841888796,0,0.11220469740995516,0,0.11220469711503636,0
268,0.0883292646612972,0,0.11123646679334342,0,0.11123646679334342,0,0.07847937988117337,0,0.06970275457327564,0,0.0917968665404866,0
269,0.1151847251652119,0,0.14331739915845296,0,0.14331739915845296,0,0.11518472590250894,0,0.11518472306973611,0,0.12643779449087258,0
270,0.12501798764181635,0,0.13869345374405384,0,0.13869345374405384,0,0.13439323904458433,0,0.1250179837613056,0,0.1323632235871628,0
271,0.32960210368037224,1,0.13110151592021188,0,0.13110155907149115,0,0.33343725589414436,1,0.33096382208168507,1,0.2512412513295809,1
272,0.10963006833723436,0,0.13870413539310297,0,0.13870416302233934,0,0.10842743593578537,0,0.1180078275113677,0,0.12269472603996594,0
273,0.03695113646487395,0,0.13112340696776906,0,0.13112349109724164,0,0.051184687142570816,0,0.03695102843145529,0,0.07746675002078215,0
274,0.040906560296813645,0,0.040906536703308426,0,0.0816863461708029,0,0.04090658140679201,0,0.040906570851802826,0,0.04906251908590396,0
275,0.10195653427702685,0,0.8114749464051177,1,0.7490512672035644,1,0.10195654293056577,0,0.10195652671003093,0,0.37327916350526114,1
276,0.08712882362306118,0,0.09661946810471515,0,0.7126114418109258,1,0.08712882362306118,0,0.08712882362306118,0,0.2141234761569649,1
277,0.07226358912885189,0,0.13869344800089797,0,0.1386934470695754,0,0.05203549315532049,0,0.048407010113199554,0,0.09001859749356905,0
278,0.3837547693401575,1,0.14331740008977553,0,0.14331740008977553,0,0.3585958971331517,1,0.3450566486765941,1,0.27480842306589087,1
279,0.09975250814265262,0,0.591666197249045,1,0.13869399608423313,0,0.09975250922919561,0,0.09975249619067957,0,0.2059235413791612,1
280,0.09040442334177594,0,0.09040441333005826,0,0.09501068914930026,0,0.09040442559247215,0,0.09040442054780821,0,0.09132567439228297,0
281,1.014696412331735,1,0.1433175126245866,0,0.14331751293502748,0,0.9922768069275966,1,0.07805092919928332,0,0.4743318348036459,1
282,0.0395406074821949,0,1.7075371717413266,1,0.13879720012967786,0,0.039540655290087066,0,0.03954064411421617,0,0.39299125575150046,1
283,0.04908018776526054,0,0.1386958360671997,0,0.13869584010293087,0,0.06621642410755157,0,0.07549916347488761,0,0.09363749030356606,0
284,0.08892811477805178,0,0.13869341757769385,0,0.13869341757769385,0,0.10478874765491734,0,0.10356428854477902,0,0.11493359722662717,0
285,0.048687731847167015,0,0.14331739279441535,0,0.14331739279441535,0,0.02393974456936121,1,0.04330472586055597,0,0.08051339757318297,1
286,0.05932188406586647,0,0.059321883444984756,0,0.10123000014573336,0,0.05932188406586647,0,0.05932188406586647,0,0.06770350715766352,0
287,0.03959909391899904,0,0.13109089263404408,0,0.13109089077139893,0,0.03959911937514941,0,0.03959910447398821,0,0.07619582023471594,0
288,0.08093819658582409,0,0.08092730042214195,0,0.08092741745834549,0,0.08093709017460544,0,0.08093706130360563,0,0.08093341318890451,0
289,0.037955070535341896,0,0.14355767991704246,0,0.14355828776024282,0,0.03795752736429373,0,0.03795662087698778,0,0.08019703729078173,0
290,0.08712880701447527,0,0.08712880499660969,0,0.11439565499313176,0,0.08712880701447527,0,0.08712880701447527,0,0.09258217620663346,0
291,0.052497426668802895,0,0.13869344256818295,0,0.13869344256818295,0,0.05994886967043082,0,0.06805170141160488,0,0.09157697657744089,0
292,0.05081541448210677,0,0.1433173951227218,0,0.14331739419139922,0,0.06716044836988051,0,0.05375960865058005,0,0.09167405216333767,0
293,0.044643485297759376,0,0.13108968595042825,0,0.13108968595042825,0,0.046587614342570305,0,0.03384324535727501,1,0.07745074337969224,1
294,0.06314148691793282,0,0.13869344598303238,0,0.13869344598303238,0,0.060861337929964066,0,0.05828550768395265,0,0.09193504489958285,0
295,0.09952166459212701,0,0.13182131138940653,0,0.13182297768071294,0,0.10312131606042385,0,0.09811909877074261,0,0.11288127369868259,0
296,0.03880776961644491,0,0.03875866594413916,0,0.06423824280500412,0,0.03883831202983856,0,0.038782392318050064,0,0.04388507654269536,0
297,0.07475369951377313,0,0.8674392436320583,1,0.7336057457917681,1,0.07475535726795594,0,0.07475316959122817,0,0.36506144315935674,1
298,0.1816003726174434,1,0.11123699593978624,0,0.11123700447690983,0,2.644189986633137,1,0.15414442184070745,0,0.6404817563015968,1
299,0.09975351075020929,0,0.13869482496132454,0,0.13869483303278685,0,0.12668244507707035,0,0.09975349064916372,0,0.12071582089411095,0
300,0.0339974258095026,1,1.7189345904625952,1,1.4895925241677712,1,0.033997434501846634,0,0.033997430776556335,1,0.6621038811436545,1
301,0.07124011560032766,0,0.7025085848290473,1,0.11123648045274119,0,0.07124011560032766,0,0.07124011311680079,0,0.2054930819198489,1
302,0.0627484420935313,0,0.14331739791668952,0,0.14331739791668952,0,0.046091897413134575,0,0.05327087330321471,0,0.08974920172865193,0
303,0.07620207158227761,0,0.1386934189746777,0,0.1386934189746777,0,0.07220621841649215,0,0.04993683937937021,0,0.09514639346549908,0
304,0.050815397407859564,0,0.14331739279441535,0,0.14331739279441535,0,0.06716044790421923,0,0.053759610978886485,0,0.09167404837595919,0
305,0.04330472586055597,0,0.14331739279441535,0,0.14331739279441535,0,0.04611458846678337,0,0.04330472586055597,0,0.0838717651553452,0
306,0.10478139412589371,0,0.11223358428105712,0,0.11222984098518889,0,0.10377851893038799,0,0.09752694874381025,0,0.1061100574132676,0
307,0.11344737361650914,0,0.14337598571243385,0,0.1433761106648793,0,0.10776824364438653,0,0.11525884930354853,0,0.12464531258835147,0
308,0.11220465790635596,0,0.11265365635820974,0,0.4317726834366719,0,0.11220465790635596,0,0.11220465790635596,0,0.1762080627027899,0
309,0.08084787614643574,0,0.15291219856590033,0,0.15289357583969831,0,1.3292176478231947,1,0.11653613733748595,0,0.366481487142543,1
310,0.30906586659451324,1,0.1386957404514154,0,0.13869574526324868,0,0.30906579084694386,1,0.30906588149567443,1,0.24091780493035914,1
311,0.13895777488748232,0,0.13895809277892113,0,0.17223800532519817,0,0.13895770100255808,0,0.1389578270415465,0,0.14561388020714122,0
312,0.11220629703408729,0,0.1122061009130751,0,0.11220610572490841,0,0.11220633824511121,0,0.11220627297492076,0,0.11220622297842056,0
313,0.05436409388979276,0,0.054364203164974846,0,0.09644283975164096,0,0.05436410444478194,0,0.05436409885684649,0,0.06277986802160741,0
314,0.03730632302661737,0,0.03730630874633789,0,0.03730630874633789,1,0.037306349724531174,0,0.03730632675190767,0,0.0373063233991464,1
315,0.11220621857016037,0,0.12142168152301262,0,0.11614507266009848,0,0.11220625954835366,0,0.11220619489904493,0,0.11483708544013402,0
316,0.06526597154637177,0,0.13109781173989177,0,0.13109783719604215,0,0.08218953184162577,0,0.06526583867768447,0,0.09498339820032317,0
317,0.0763495322316885,0,0.13109110218162337,0,0.1310911082352201,0,0.08365724980831146,0,0.07347235564763348,0,0.09913226962089539,0
318,0.08712884108535945,0,0.08712883867944281,0,0.08712883867944281,0,0.08712884217190246,0,0.08712883906749387,0,0.08712883993672829,0
319,0.09677829799087097,0,0.1433207749699553,0,0.1433207863010466,0,0.11107803116950284,0,0.10672654498678942,0,0.12024488708363304,0
320,0.07470163827141126,0,0.08923495002090931,0,1.2622072867428262,1,0.07470167924960454,0,0.07470163485656182,0,0.3151094378282626,1
321,1.7781551039467256,1,0.13870091550052166,0,0.13870093987012902,0,1.789388069882989,1,1.7748173444221418,1,1.1239524747245013,1
322,0.0417135301977396,0,0.0417135717968146,0,0.05298781767487526,0,0.041713577384750046,0,0.041713567450642586,0,0.04396841290096441,0
323,0.05045661826928457,0,0.05045640468597412,0,0.0504564189662536,0,0.05045664372543494,0,0.05045659653842449,0,0.05045653643707435,0
324,0.5074238845457634,1,0.13120167888700962,0,0.13120199646800756,0,0.5334205782661835,1,0.509985039010644,1,0.3626466354355216,1
325,0.08091019249210755,0,0.08090575303261478,0,0.0798580468011399,0,0.08090977339694898,0,0.0809097212428848,0,0.0806986973931392,0
326,0.07382419100031257,0,0.131328745589902,0,0.13132940341408053,0,0.06463357790683706,0,0.08512822755922873,0,0.09724882909407218,0
327,0.7060663271695375,1,0.1386960685874025,0,0.13869608147069812,0,0.7247570895900329,1,0.7051572520285845,1,0.4826745637692511,1
328,0.17242807211975256,0,0.13871078488106528,0,0.13871083486204347,0,0.17468794621527195,0,0.17843463582297167,0,0.160594454780221,0
329,0.09689043400188287,0,0.11123707339478035,0,0.11123707774095237,0,0.14401258466144404,0,0.1064060249676307,0,0.11395663895333807,0
330,0.1717755782107512,0,0.13119332135344544,0,0.13119361534093818,0,0.19905120631059012,1,0.16621693347891173,0,0.15988613093892734,1
331,0.04519046998272339,0,0.14332067826762795,0,0.1433206917718053,0,0.055898029978076615,0,0.04341498017311096,0,0.08622897003466884,0
332,0.0567103490854303,0,0.13109076007579765,0,0.13109076023101807,0,0.0902825469772021,0,0.06325964567561944,0,0.09448681240901351,0
333,0.08536202646791935,0,0.14331960616012415,0,0.14331960895409188,0,0.08051678538322449,0,0.08282600902020931,0,0.10706880719711384,0
334,0.06525688835730155,0,0.06525688370068868,0,0.0652568790440758,0,0.06525688835730155,0,0.06525688773641984,0,0.06525688543915749,0
335,0.0464629454848667,0,0.14331743447110057,0,0.14331743400543928,0,0.06180504026512305,0,0.051751645281910896,0,0.0893308999016881,0
336,0.04739465999106566,0,0.14331743431588015,0,0.14331743509198228,0,0.042189279571175575,0,0.06474780229230721,0,0.08819332225248216,0
337,0.04571601872642835,0,0.11123650513278942,0,0.11123650404624641,0,0.03590547696997722,0,0.054773505156238876,0,0.07177360200633605,0
338,0.16143900466461977,0,0.16143902453283468,0,0.16143902453283468,0,0.16143900466461977,0,0.16143900466461977,0,0.16143901261190574,0
339,0.2036231861760219,0,0.11123648635111749,0,0.11123648495413363,0,4.301316568550344,1,0.3504344181468089,1,1.015569428835685,1
340,0.06165287767847379,0,0.11123646493069828,0,0.11123646493069828,0,0.0809866717706124,0,0.06044264448185762,0,0.08511102475846807,0
341,0.09180187744398911,0,0.1386952307075262,0,0.13869523800288638,0,0.07729645942648251,0,0.05813190465172132,0,0.10092414204652109,0
342,0.06257556813458602,0,0.138695502653718,0,0.13869550405070186,0,0.07720739580690861,0,0.06464842148125172,0,0.09636447842543325,0
343,0.09214520799772193,0,0.13869349705055356,0,0.13869349658489227,0,0.06477507816938062,0,0.07381217243770759,0,0.10162389044805117,0
344,0.06695094937458634,0,0.14331742779662213,0,0.14331742779662213,0,0.08499131252756342,0,0.07128003767381112,0,0.10197143103384103,0
345,0.06761429955561955,0,0.07232552828888099,0,2.5765497070581964,1,0.06761429955561955,0,0.06761429955561955,0,0.5703436268027873,1
346,0.10470875375904143,0,0.13869346010809144,0,0.13869346010809144,0,0.11265369737520814,0,0.11331713312150289,0,0.12161330089438707,0
347,0.12881476691594193,0,0.23868207656778395,0,0.14331739915845296,0,0.12881476691594193,0,0.12881476598461936,0,0.15368875510854804,0
348,0.07986020615013938,0,0.14331739279441535,0,0.14331739279441535,0,0.09103088895790279,0,0.08291953021641045,0,0.10808908218265667,0
349,0.06647227564826608,0,0.11123679989638428,0,0.11123679834417999,0,0.08376345907648404,0,0.07124050116787355,0,0.08878996682663759,0
350,0.7945216887940963,1,0.13869346010809144,0,0.13869346010809144,0,0.7882166014363369,1,0.8056924597670635,1,0.533163534042736,1
351,1.785220041250189,1,10.203016134367013,1,0.11123646710378428,0,1.785220041250189,1,1.785220041250189,1,3.1339825450442733,1
352,0.34606665807465714,1,0.14331739915845296,0,0.14331739915845296,0,0.31769266910851,1,0.30592371461292106,1,0.25126356802259886,1
353,0.09588255709968507,0,0.11123781969460349,0,0.11123782326467335,0,0.09036429300128172,0,0.08141636351744334,0,0.0980277713155374,0
354,0.0997518941682453,0,0.13869341866423687,0,0.13869341866423687,0,0.0997518941682453,0,0.09975188966685285,0,0.11532850306636344,0
355,0.11518478426539029,0,0.14331745139012733,0,0.14331745139012733,0,0.11337155507256587,0,0.11518478341167793,0,0.12607520510597775,0
356,0.060901093296706676,0,0.06090107622245947,0,0.07486850395798683,0,0.060901093296706676,0,0.060901087087889515,0,0.06369457077234983,0
357,0.11220465790635596,0,0.1386934189746777,0,0.1386934189746777,0,0.13093780054866025,0,0.11220465790635596,0,0.12654679086214551,0
358,0.0990109546110034,0,0.07154632906895131,0,0.9595733465005954,1,0.0990109546110034,0,0.0990109546110034,0,0.2656305078805114,1
359,0.12881476128435074,0,0.23868207454991838,0,0.14331739279441535,0,0.12881476128435074,0,0.12881476128435074,0,0.1536887502394772,0
360,0.09975415281951427,0,0.10848510870710015,0,0.10609103250317276,0,0.09975421071673433,0,0.09975412262914081,0,0.10276772547513247,0
361,0.04090630263090134,0,0.04090630201001962,0,0.04090630201001962,0,0.04090630387266477,0,0.04090630201001962,0,0.040906302506725,0
362,0.0339972743143638,1,0.033997289215524994,0,0.07021041897435983,0,0.0339972743143638,0,0.0339972743143638,1,0.04123990622659525,1
363,0.10072522195211302,0,0.14331739388095835,0,0.14331739388095835,0,0.10393699483635525,0,0.09520221113537748,0,0.1172998431371525,0
364,0.11123744235374033,0,0.11123731491776805,0,0.11123731553864975,0,0.11123747013819714,0,0.11123742916000386,0,0.11123739442167183,0
365,0.10195844015106559,0,0.1019581660705929,0,0.10195816991229852,0,0.10195849948407461,0,0.10195841186214238,0,0.1019583374960348,0
366,0.11220837807438026,0,0.11265678886168946,0,0.43177318774784607,0,0.11220839864108711,0,0.11220830931173016,0,0.17621101252734664,0
367,0.12501798120016852,0,0.12092147402775784,0,0.24096815070758262,0,0.1250179820538809,0,0.12501798120016852,0,0.1473887138379117,0
368,0.07470047970612843,0,1.2304489565237116,1,1.1012577440124005,1,0.07470047970612843,0,0.07470047970612843,0,0.5111616279308995,1
369,0.2980704015741746,1,0.13109362358227372,0,0.13109362963587046,0,0.34071841401358444,1,0.29807046862939995,1,0.23980930748706064,1
370,0.7222879497955242,1,0.7531308686981598,1,0.7402814769496521,1,0.7222880131254593,1,0.7222880454113086,1,0.7320552707960208,0
371,0.07219506738086541,0,0.11123730529410143,0,0.111237306225424,0,0.20596565368274847,1,0.0897611944625775,0,0.11807930540914335,1
372,0.44256004008154076,1,0.14331875438801944,0,0.14331876401168606,0,0.49433543470998603,1,0.4204571091880401,1,0.3287980204758545,1
373,0.9785940367728472,1,0.13869867318620285,0,0.1386986846725146,0,0.9854170388231674,1,0.9823797413458427,1,0.644757634960115,1
374,0.19163873605430126,1,0.14331883486981192,0,0.14331883766377965,0,0.19163870997726917,0,0.19163872860372066,1,0.17231076943377652,1
375,0.06527690620472033,0,0.06527323679377635,0,0.07182934212808807,0,0.06527671217918396,0,0.06527648648868005,0,0.06658653675888976,0
376,0.04290607571601868,0,0.13869582985838255,0,0.1386958360671997,0,0.042906069507201515,0,0.04290609682599703,0,0.0812219815949599,0
377,0.0597318218400081,0,0.1433258835071077,0,0.14332591726755103,0,0.05973164737224579,0,0.05973158280054728,0,0.09316937055749198,0
378,0.08121837427218755,0,0.28616318067846197,0,0.1114793623952816,0,0.08121010862911741,0,0.08121117732177179,0,0.12825644065936406,0
379,0.04336476263900598,0,0.14336741723430654,0,0.1433675610460341,0,0.04336350535353025,0,0.0433633786936601,0,0.08336532499330739,0
380,0.059846073078612484,0,1.0769142368032287,1,0.9097235933101425,1,0.059843276627361774,0,0.0598432437206308,0,0.43323408470799524,1
381,0.09975190976789843,0,0.13869344225774208,0,0.13869344225774208,0,0.09975191112607718,0,0.09975190930223714,0,0.11532852294233938,0
382,0.21627399697899818,0,0.13108966359868646,0,0.13108966359868646,0,0.21851211289564768,0,0.22008627466857433,1,0.18341034234811862,1
383,0.09975188947282732,0,0.3821629419301947,1,0.13869341928511858,0,0.09975188947282732,0,0.09975188947282732,0,0.16402240592675904,1
384,0.059721481365462147,0,0.059721481365462147,0,0.052214364210764565,0,0.059721481365462147,0,0.059721481365462147,0,0.05822005793452263,0
385,0.12609188817441463,0,0.14331739279441535,0,0.14331739279441535,0,0.12609188817441463,0,0.12609188817441463,0,0.13298209002241493,0
386,0.03954250055054823,0,2.510309941135347,1,0.13869341928511858,0,0.03954250055054823,0,0.03954250055054823,0,0.5535261724144219,1
387,0.08976186377306779,0,3.696590071932102,1,3.286617864621803,1,0.08976186377306779,0,0.08976186377306779,0,1.4504987055746217,1
388,0.08446773079534371,0,1.9186431646036606,1,1.542241620986412,1,0.08446773079534371,0,0.08446773079534371,0,0.7428575955952208,1
389,0.08089028407509129,0,0.08089028531685472,0,0.08089028531685472,0,0.08089028407509129,0,0.08089028407509129,0,0.08089028457179667,0
390,0.07512292979906003,0,0.11123646430981655,0,0.11123646430981655,0,0.08156313793733716,0,0.07124010225137074,0,0.0900798197214802,0
391,0.09040425430672865,0,0.3169183273954938,0,0.11123646430981655,0,0.09040425430672865,0,0.09040425430672865,0,0.13987351092509925,0
392,0.09040425399628778,0,0.11123646493069828,0,0.11123646493069828,0,0.08141464181244373,0,0.09040425399628778,0,0.09693921593328317,0
393,0.05045478045940399,0,0.05045478045940399,0,0.06168230281521877,0,0.05045478045940399,0,0.05045478045940399,0,0.05270028493056696,0
394,0.0438140332698822,0,0.0438140332698822,0,0.05721050314605236,0,0.0438140332698822,0,0.0438140332698822,0,0.046493327245116234,0
395,0.04171371894578139,0,0.9433265995855132,1,0.13869341928511858,0,0.04171371894578139,0,0.04171371894578139,0,0.24143223514159523,1
396,0.10195615476307769,0,0.40678115693541866,1,0.14331739279441535,0,0.10195615476307769,0,0.10195615476307769,0,0.17119340280381343,1
397,0.06525681136796872,0,0.0652568203707536,0,0.0652568203707536,0,0.06525681136796872,0,0.06525681136796872,0,0.06525681496908267,0
398,0.06337429854708414,0,0.14331740862689912,0,0.14331740862689912,0,0.07951011011997859,0,0.06635920928480725,0,0.09917568704113365,0
399,0.04381401464343071,0,0.11123648247060676,0,0.11123648247060676,0,0.07435908044377963,0,0.04381401464343071,0,0.07689201493437091,0
400,0.11888971365988255,0,0.11123646679334342,0,0.11123646679334342,0,0.11888971365988255,0,0.11888971365988255,0,0.1158284149132669,0
401,0.07124022301286459,0,0.547507890422518,1,0.11123656566875677,0,0.07124022363374631,0,0.07124022394418716,0,0.17449302533641456,1
402,0.09142224692429106,0,0.1310898900652925,0,0.13108989285926023,0,0.09142224909737706,0,0.09142224350944161,0,0.1072893044911325,0
403,0.11123646524113913,0,0.11123646524113913,0,0.11123646524113913,0,0.11123646648290257,0,0.11123646524113913,0,0.11123646548949181,0
404,0.09054286397683124,0,0.14331739388095835,0,0.14331739388095835,0,0.08131773630157113,0,0.09907500438081722,0,0.11151407848422726,0
405,0.04882928729057312,0,0.04882928729057312,0,0.04882928729057312,0,0.04882928729057312,0,0.04882928729057312,0,0.04882928729057312,0
406,0.08351506354908149,0,0.12592531787231565,0,0.12592531787231565,0,0.0960410221790274,0,0.0835150641699632,0,0.10298435712854068,0
407,0.06376073881983757,0,1.1566353770904243,1,0.13108968563998738,0,0.06376073757807414,0,0.06376073881983757,0,0.2958014555896322,1
408,0.2700668169806401,1,0.27006681201358634,0,0.27006681201358634,0,0.2700668095300595,1,0.2700668169806401,1,0.2700668135037025,1
409,0.05972148881604274,0,0.14331739388095835,0,0.14331739388095835,0,0.05972148881604274,0,0.05972148881604274,0,0.09315985084200898,0
410,0.03802207546929518,0,0.055910151451826096,0,1.5976741862638544,1,0.03802207546929518,0,0.03802207546929518,0,0.35353011282471325,1
411,0.06308802776038647,0,0.11123646524113913,0,0.11123646524113913,0,0.06308802776038647,0,0.06308802776038647,0,0.08234740275268752,0
412,0.24146033761401972,0,0.24146056237320104,0,0.2414605561643839,0,0.24146033264696598,0,0.24146034754812717,0,0.24146042726933956,0
413,0.04938334102431933,0,0.04938334102431933,0,0.04938334102431933,0,0.04938334102431933,0,0.04938334102431933,0,0.04938334102431933,0
414,0.3009329258153836,1,0.14331739419139922,0,0.14331739419139922,0,0.3009329258153836,1,0.3009329258153836,1,0.23788671316578988,1
415,0.08089028764516115,0,0.08089028826604287,0,0.08939812565222383,0,0.08089028811082244,0,0.08089028764516115,0,0.08259185546388229,0
416,0.07059084499875705,0,0.12592531694099307,0,0.12592531694099307,0,0.07172614677498738,0,0.07059084499875705,0,0.09295169413089753,0
417,0.09976001336084057,0,0.13870001289372644,0,0.1387000447139144,0,0.09975999679105978,0,0.09975985165995856,0,0.11533598388389996,0
418,0.0339972743143638,1,0.0339972780396541,0,0.04852361294130484,0,0.0339972743143638,0,0.0339972743143638,1,0.036902542784810075,1
419,0.07474167427668969,0,0.1433551323134452,0,0.14335525804199278,0,0.07474330719560385,0,0.0747413399318854,0,0.1021873423519234,0
420,0.03730619636674722,0,1.1237508985990037,1,0.14331739419139922,0,0.03730619636674722,0,0.03730619636674722,0,0.27579737637812884,1
421,0.08089028531685472,0,0.11123646493069828,0,0.11123646493069828,0,0.08089028531685472,0,0.08089028531685472,0,0.09302875716239214,0
422,0.0738120765114824,0,0.13869341928511858,0,0.13869341928511858,0,0.0738120765114824,0,0.0738120765114824,0,0.09976461362093689,0
423,0.11123646493069828,0,0.11123646493069828,0,0.11123646493069828,0,0.11123646493069828,0,0.11123646493069828,0,0.11123646493069828,0
424,0.06851698520282905,0,0.059761699909965195,0,2.791148708512386,1,0.06851698520282905,0,0.06851698520282905,0,0.6112922728061676,1
425,0.04938333729902903,0,0.1112364639993757,0,0.1112364639993757,0,0.04938333729902903,0,0.04938333729902903,0,0.0741245879791677,0
426,0.07128003239631653,0,0.1433173935705175,0,0.1433173935705175,0,0.0669509017219146,0,0.08862694244210918,0,0.10269853274027507,0
427,0.30906679667532444,1,3.7569324639625847,1,0.13869390729814768,0,0.30906679667532444,1,0.30906679667532444,1,0.9645653522573412,1
428,0.049364802738030754,0,1.1631649239764859,1,0.1112376245825241,0,0.04936480149626732,0,0.04936478535334269,0,0.28449938762933014,1
429,0.2923094102491935,1,0.11123764072544873,0,0.11123762380642195,0,0.2923094102491935,1,0.2923094139744838,1,0.2198806998009483,1
430,0.4223703959335883,1,0.31617378691832226,0,0.31561996042728424,1,0.42288814050455886,1,0.42288089481492835,1,0.3799866357197364,1
431,0.6080069324622551,1,0.13993212906643748,0,0.139935959285746,0,0.6080148896823326,1,0.608017535880208,1,0.4207814892753959,1
432,0.06524608594675858,0,0.1433381682727486,0,0.1433380279534807,0,0.06366974425812562,0,0.04332482069730759,0,0.0917833694256842,0
433,0.1961042551944653,0,0.15331211624046168,0,3.7366088250031075,1,0.1961042278756698,1,0.19610426016151905,1,0.8956467368950447,1
434,0.29806903935968876,1,0.31948337020973366,0,2.5683433894688883,1,0.298068942502141,1,0.29806906295319396,1,0.7564067608987292,1
435,0.38097557487587136,1,0.13108969060704112,0,0.13108969340100884,0,0.38097557487587136,1,0.38097557487587136,1,0.28102122172713284,1
436,1.616553417717417,1,1.640953740105033,1,1.6293835149457057,1,1.616553417717417,1,1.616553417717417,1,1.6239995016405977,0
437,1.2239781202127535,1,0.13869346010809144,0,0.13869346010809144,0,1.2239781202127535,1,1.2239781202127535,1,0.7898642561708886,1
438,0.03730618332823118,0,0.03730618208646774,0,0.025189220284422238,1,0.03730617960294088,0,0.03730618332823118,0,0.03488278972605864,1
439,0.10396969333911936,0,0.10396969314509381,0,0.10396969314509381,0,0.10396969310628872,0,0.1039696936107551,0,0.10396969326927016,0
440,0.08862694725394249,0,0.08862694632261992,0,0.08862694632261992,0,0.08862694725394249,0,0.08862694663306077,0,0.08862694675723712,0
441,0.09142202589040001,0,0.13108968595042825,0,0.13108968595042825,0,0.09729541946823399,0,0.09142202557995915,0,0.10846376856788993,0
442,0.10195615941969056,0,0.14331739388095835,0,0.14331739388095835,0,0.10195615941969056,0,0.10195615941969056,0,0.11850065320419767,0
443,0.06171475971738497,0,0.1259253181827565,0,0.1259253181827565,0,0.12329555861651897,0,0.050318062926332154,0,0.09743580352514983,0
444,0.07633354033653934,0,0.12592531756187478,0,0.12592531694099307,0,0.10110368944394092,0,0.07553479447960854,0,0.10096453175259135,0
445,0.13906939824422201,0,0.138695378943036,0,0.13869538406531015,0,0.12718461019297442,0,0.16143778152763844,0,0.1410165105946362,0
446,0.1019565361008669,0,0.10195648910788198,0,0.10195649287197739,0,0.10195654471560071,0,0.10195653020249058,0,0.10195651859976351,0
447,0.05597898457199335,0,0.1428761351853609,0,0.14265655803804597,0,0.05601281641672055,0,0.05567502975463867,0,0.0906399047933519,0
448,0.08862743650873502,0,0.08497271485005815,0,1.0694122730443876,1,0.08862743712961674,0,0.08862743402520816,0,0.2840534591116012,1
449,0.8870642874389887,1,0.8870643880218267,1,0.8870643818130096,1,0.8870642601201931,1,0.887064271296064,1,0.8870643177380165,0
450,0.05910789097348849,0,0.12592531787231565,0,0.12592531787231565,0,0.06643000431358814,0,0.05910789221525192,0,0.08729928464939196,0
451,0.059321883444984756,0,0.1386934189746777,0,0.1386934189746777,0,0.08872408699244261,0,0.059321883444984756,0,0.0969509383663535,0
452,0.12881476241454948,0,0.14331739388095835,0,0.14331739388095835,0,0.11460470066716273,0,0.1288147641219742,0,0.13177380299312064,0
453,0.042907498156030975,0,0.042907498156030975,0,0.04741420658926169,0,0.042907498156030975,0,0.042907498156030975,0,0.043808839842677125,0
454,0.21384778789555034,0,0.21784246379199126,0,0.6142033636569977,1,0.21376551982636252,1,0.2124950603271524,1,0.2944308390996109,1
455,0.03730646831293901,0,0.14331871077107886,0,0.14331870658012727,0,0.037306465208530426,0,0.03730646645029386,0,0.07971136346459387,0
456,0.045357780531048775,0,0.045443973193566,0,0.023417694494128227,1,0.04534507356584072,0,0.04538657454152902,0,0.04099021926522255,1
457,0.06888950243592262,0,0.12592758936807513,0,0.12592760799452662,0,0.082299480214715,0,0.06246135508020719,0,0.09310110701868932,0
458,0.03706419033308824,0,0.042117785972853504,0,0.9759431745236119,1,0.03706422199805578,0,0.03706421082218488,0,0.22585071672995882,1
459,0.04330474386612574,0,1.1779616735099505,1,0.1433173988480121,0,0.04330474386612574,0,0.04330474386612574,0,0.29023866079126803,1
460,0.09040444460697472,0,0.3398494631207238,1,0.30005286253678304,0,0.09040444530546665,0,0.09040444507263601,0,0.18222313212851685,1
461,0.12828887189971283,0,0.1558160724428793,0,0.15573577714773515,0,0.12833372771274298,0,0.12815150385722518,0,0.13926519061205908,0
462,0.05932190269231796,0,0.08355718098270397,0,0.07996026473119855,0,0.05932190269231796,0,0.05932190269231796,0,0.06829663075817129,0
463,0.0339972743143638,1,0.04945643867055575,0,1.6494068626780063,1,0.0339972743143638,0,0.0339972743143638,1,0.36017102485833064,1
464,0.11518472533983488,0,0.3100338701624423,0,0.14331739388095835,0,0.11518472530102979,0,0.11518472533983488,0,0.15978108800482005,0
465,0.11535663219789664,0,0.1310914526693523,0,0.13109145934383074,0,0.10142561855415504,0,0.1153566458572944,0,0.11886436172450583,0
466,0.044289972012241684,0,0.04428972117602825,0,0.04428974476953348,0,0.04429011605679989,0,0.04428995276490847,0,0.044289901355902356,0
467,0.12502280583915612,0,0.1386977400009831,0,0.13869776452581087,0,0.12502300281388065,0,0.12502275997151932,0,0.13049281463027002,0
468,0.12881515262900697,0,0.14331774436868727,0,0.14331774871485928,0,0.12881516511940086,0,0.12881514933542348,0,0.13461619203347558,0
469,0.1284983872125546,0,0.13872122671455145,0,0.13872131581107774,0,0.10824731675287087,0,0.12849884666502476,0,0.12853741863121587,0
470,0.05928865913301706,0,0.14334531764810285,0,0.14334540689984956,0,0.0638877668728431,0,0.08866182932009299,0,0.0997057959747811,0
471,0.06810422583172719,0,0.8331428073967496,1,0.1171710230410099,0,0.06799247798820336,0,0.06799014223118623,0,0.23088013529777524,1
472,1.483822970961531,1,1.4838233621170123,1,1.5399045900752146,1,1.4838229672362406,1,1.4838230479508638,1,1.4950393876681725,0
473,0.07381212742378314,0,0.83912103700762,1,0.13869346010809144,0,0.07381213176995516,0,0.073812127734224,0,0.23985017680873474,1
474,0.07024531469990809,0,0.13869346010809144,0,0.13869346010809144,0,0.05758088640868664,0,0.040906320636471115,0,0.08922388839224973,0
475,0.05932191821436087,0,0.13869346010809144,0,0.13869346010809144,0,0.08872411167249084,0,0.05932191821436087,0,0.0969509736634791,0
476,0.03694292033712069,0,0.03694291909535726,0,0.05293778423219919,0,0.03694292530417442,0,0.03694292033712069,0,0.04014189386119445,0
477,0.07381774081538121,0,0.764660058543086,1,0.6296203015372157,1,0.07381777015204231,0,0.07381763402372599,0,0.3231467010142902,1
478,0.11699593183584511,0,0.13108966390912732,0,0.13108966390912732,0,0.11699593168062468,0,0.11699593183584511,0,0.1226334246341139,0
479,0.10195615565559517,0,0.09907499336016674,0,0.08131773459414642,0,0.10195615503471345,0,0.10195615565559517,0,0.09725223886004339,0
480,0.11518471920862794,0,0.2679147399806728,0,0.2310216745827347,0,0.11518471920862794,0,0.11518471920862794,0,0.16889811443785824,0
481,0.12881476198284267,0,0.2386820747051388,0,0.1433173935705175,0,0.12881476198284267,0,0.12881476198284267,0,0.15368875084483688,0
482,0.10195615433622152,0,0.09054285722474258,0,0.3726502117545654,1,0.10195615433622152,0,0.10195615433622152,0,0.15381230639759452,1
483,0.08446756812433402,0,0.1310898788894216,0,0.13108987919986248,0,0.07473926804959774,0,0.08446755943198998,0,0.10117083073904116,0
484,0.09749444636205833,0,0.09749463635186355,0,0.0974946649124225,0,0.09749443891147773,0,0.09749451217552026,0,0.09749453974266847,0
485,0.03954246329764525,0,1.240873533456276,1,0.13869518119220933,0,0.03954246391852697,0,0.039542476957043014,0,0.29963922376434005,1
486,0.1048400400322862,0,0.13109099632129073,0,0.1310910020644466,0,0.11021972792999198,0,0.10397123145715643,0,0.11624259956103437,0
487,0.05972211124996344,0,0.04570509881402055,0,1.9979974726835887,1,0.05972212366759777,0,0.0597220907608668,0,0.44457377943520743,1
488,0.05972208672513565,0,0.05942898243665695,0,1.6292818306634824,1,0.05972209665924311,0,0.059722086414694786,0,0.37357541657984256,1
489,0.09975428603744756,0,0.10961986775510013,0,0.45043845862771076,1,0.09975434490479529,0,0.09975425468292087,0,0.17186424240159492,1
490,0.08089088757211964,0,0.11123695403027038,0,0.11123695527203381,0,0.07984313337753217,0,0.08089088307072718,0,0.09281976266453665,0
491,0.05910789221525192,0,0.045287540182471275,0,1.6051712149443726,1,0.05910789097348849,0,0.05910789221525192,0,0.36555648610616726,1
492,0.06090101817001899,0,0.06090101817001899,0,0.06090101817001899,0,0.06090101817001899,0,0.06090101817001899,0,0.06090101817001899,0
493,0.09901097680752476,0,0.12592531694099307,0,0.12592531694099307,0,0.0990109754105409,0,0.09901097603142262,0,0.10977671242629487,0
494,0.065256808574001,0,0.13108968579520783,0,0.13108968579520783,0,0.065256808574001,0,0.065256808574001,0,0.09158995946248374,0
495,0.0339972743143638,1,0.14331739388095835,0,0.14331739388095835,0,0.0339972743143638,0,0.0339972743143638,1,0.07772532214100161,1
496,0.1039696936107551,0,0.10396969314509381,0,0.1146704579393069,0,0.1039696936107551,0,0.10396969333911936,0,0.10610984632900604,0
497,0.039599332958459854,0,0.13108974508941174,0,0.13108974198500314,0,0.02876279627283414,1,0.03959933357934157,0,0.07402818997701008,1
498,0.05932211379210154,0,0.13869365165010095,0,0.13869365165010095,0,0.05932211379210154,0,0.05932211751739184,0,0.09107072968035937,0
499,0.054364429165919624,0,0.11123650373580556,0,0.11123650389102598,0,0.054364429165919624,0,0.054364429165919624,0,0.07711325902491807,0
500,0.08089028811082244,0,0.11123646524113913,0,0.11123646524113913,0,0.080890287955602,0,0.08089028811082244,0,0.09302875893190501,0
501,0.13108968812351426,0,0.13108968595042825,0,0.13108968595042825,0,0.13108968563998738,0,0.13108968812351426,0,0.1310896867575745,0
502,0.07470047970612843,0,1.2564076982283343,1,0.14331739388095835,0,0.07470047970612843,0,0.07470047970612843,0,0.32476530624553557,1
503,0.10278173198457807,0,0.11123646679334342,0,0.11123646679334342,0,0.09824688298006852,0,0.09518370319468279,0,0.10373705034920325,0
504,0.09040427572714786,0,0.5828363003674895,1,0.11123647874531646,0,0.09040427588236828,0,0.09040427533909678,0,0.19305712121228377,1
505,0.12881478128353288,0,0.1433174181729555,0,0.1433174181729555,0,0.12881478128353288,0,0.1288147834566189,0,0.13461583647391911,0
506,0.14687272409598032,0,0.14211372969051203,0,0.14211499691009521,0,0.11030231982779999,0,0.11270434005806844,0,0.1308216221164912,0
507,0.1289662408962613,0,0.15537501072200635,0,0.1434385571628809,0,0.12896323419408873,0,0.12896323977717353,0,0.13714125655048215,0
508,0.04213912785053253,0,0.18200729166467985,0,0.182114877893279,0,0.041743190959095955,0,0.04225213763614496,0,0.09805132520074646,0
509,0.15901310679813227,0,0.1283259855893751,0,0.12833149327586094,0,0.1832056324928999,0,0.17010247521102428,0,0.1537957386734585,0
510,0.28416390158236027,1,3.76707137003541,1,0.33105613850057125,1,0.282577699671189,1,0.2846367148061593,1,0.9899011649191379,0
511,0.08712899312376976,0,0.08712898947608967,0,0.08712899095068376,0,0.08712899312376976,0,0.0871289932789902,0,0.08712899199066063,0
512,0.18504160665906966,1,0.2694940809160471,0,0.268922367443641,0,0.18426655690806606,0,0.18364377350856861,0,0.21827367708707848,1
513,0.07872552859286468,0,0.09149887699944277,0,0.10530860691020887,0,0.07872555653254192,0,0.07872551338126262,0,0.08659681648326417,0
514,0.29230805300176144,1,0.11124001001007855,0,0.11124001140706241,0,0.29199844785034657,1,0.29230803934236366,1,0.2198189123223225,1
515,0.27005859402318794,1,0.27005951292812824,0,0.28492104075849056,0,0.2700583816816409,1,0.2700586896389723,1,0.27303124380608396,1
516,0.0402372982352972,0,0.04023729202648004,0,0.04023729016383489,0,0.04023729326824347,0,0.04023730816940466,0,0.040237296372652054,0
517,0.0531820614511768,0,0.11123681728107233,0,0.11123681805717449,0,0.07142075865219037,0,0.06090144192179044,0,0.0815955794726809,0
518,0.10195652461455514,0,0.1019564817349116,0,0.09265228335182958,0,0.10195653563520561,0,0.1019565201131627,0,0.10009566908993292,0
519,0.08713597835352023,0,0.13869932557766637,0,0.13869934963683286,0,0.08713597074771921,0,0.0871358475026985,0,0.10776129436368745,0
520,0.07470100931823254,0,0.07470094350477059,0,0.07470094071080287,0,0.07470102639247973,0,0.0747009984528025,0,0.07470098367581764,0
521,0.05972533207386732,0,0.04542392243941625,0,1.3351839332996558,1,0.0597252935792009,0,0.059725258499383926,0,0.31195674797830486,1
522,0.08089068128416936,0,0.5097135807542751,1,0.11123679151448111,0,0.08089069649577141,0,0.08089068112894893,0,0.17272448623552916,1
523,0.09142200835049152,0,0.09142200835049152,0,0.09142200835049152,0,0.09142200835049152,0,0.09142200835049152,0,0.09142200835049152,0
524,0.1151847168803215,0,0.24340990069322288,0,0.14331739279441535,0,0.1151847168803215,0,0.1151847168803215,0,0.14645628882572054,0
525,0.032921509351581335,1,0.14331739279441535,0,0.14331739279441535,0,0.03151095534364382,1,0.0558969055612882,0,0.08139283116906881,1
526,0.07381207340707381,0,0.07381207340707381,0,0.11940316436812282,0,0.07381207340707381,0,0.07381207340707381,0,0.0829302915992836,0
527,0.07381207340707381,0,0.08662544043424229,0,0.8006550688296556,1,0.07381207340707381,0,0.07381207340707381,0,0.22174334589702385,1
528,0.050486754005153976,0,0.05048075132071972,0,0.07199639858057101,0,0.05048638147612413,0,0.050486091524362564,0,0.05478727538138628,0
529,0.08089028811082244,0,0.0893981250313421,0,0.44458498409949243,0,0.080890287955602,0,0.08089028811082244,0,0.15533079466161628,0
530,0.08862694725394249,0,0.07951010701557,0,0.7043277896785488,1,0.08862694725394249,0,0.08862694663306077,0,0.2099437475670129,1
531,0.1039696794662935,0,0.22477700018013516,0,0.1310896632882456,0,0.1039696794662935,0,0.1039696794662935,0,0.13355514037345226,0
532,0.10396969318389893,0,0.10818111459957436,0,0.26849767410506803,0,0.10396969318389893,0,0.1039696936107551,0,0.13771757373663907,0
533,0.1961054584632317,0,0.13869358614707986,0,0.13869358568141857,0,0.1798604466021061,0,0.1961054584632317,1,0.1698917070714136,1
534,0.0543644055724144,0,2.4885445712910346,1,0.11123655495854716,0,0.05436440681417783,0,0.054364396880070366,0,0.5525748671032489,1
535,0.06090101723869642,0,0.11123645530703168,0,0.11123645530703168,0,0.0635387593259414,0,0.06090101723869642,0,0.0815627408834795,0
536,0.06308802776038647,0,0.18223735441764197,0,3.42904818096819,1,0.06308802776038647,0,0.06308802776038647,0,0.7601099237333984,1
537,0.27947103045880795,1,0.28093689866364,0,0.28090342072149116,0,0.27886304321388405,1,0.2796535138040781,1,0.27996558137238026,1
538,0.09310632633666198,0,0.1081340847692142,0,0.12712798127904534,0,0.09316172202428182,0,0.09308759542182088,0,0.10292354196620486,0
539,0.08713052002713084,0,0.7126116831786931,1,0.13869493082165718,0,0.08713056868873537,0,0.08713049752016862,0,0.222539640047277,1
540,0.039542458951473236,0,0.1386952305523058,0,0.13869522900010148,0,0.03954244777560234,0,0.039542483165860176,0,0.0792035698890686,0
541,0.07381241939341028,0,0.6959036380673448,1,0.13869374183317026,0,0.07381241939341028,0,0.07381241597856085,0,0.21120692693317933,1
542,0.040906580785910286,0,0.1386955181757609,0,0.13869551243260503,0,0.07533029311647017,0,0.04090657023092111,0,0.0869068949483335,0
543,0.06621884368360043,0,0.14331755554303527,0,0.14331756415776908,0,0.0741139551003774,0,0.04330487673481306,0,0.09405455904391904,0
544,0.04171359104414781,0,0.13869839052980146,0,0.13869835948571563,0,0.07074122627576192,0,0.041713593527674675,0,0.08631303217262029,0
545,0.7461190155396858,1,0.7461191856612762,1,0.7461191980789105,1,0.7461189795285463,1,0.746119032924374,1,0.7461190823465585,0
546,0.5635533798485994,1,0.5635537238170704,1,0.5490469417224327,1,0.5635532991339763,1,0.5635534220685562,1,0.560652153318127,0
547,0.049363562216361366,0,0.05057750642299652,0,0.04261971885959307,0,0.049363562216361366,0,0.049363562216361366,0,0.04825758238633474,0
548,0.1250179783285906,0,0.522471490316093,1,0.13869344225774208,0,0.12501797801814973,0,0.1250179783285906,0,0.2072437734498332,1
549,0.04023731375734011,0,0.04023731375734011,0,0.0455502737313509,0,0.04023731375734011,0,0.04023731375734011,0,0.04129990575214226,0
550,0.10195615433622152,0,0.7490511687938124,1,0.14331739279441535,0,0.10195615433622152,0,0.10195615433622152,0,0.23964740491937847,1
551,0.04090630573530992,0,0.09100632431606452,0,1.3366422502634425,1,0.04090630573530992,0,0.04090630573530992,0,0.3100734983570873,1
552,0.10195615433622152,0,0.07660577531593542,0,0.7356495957355946,1,0.10195615476307769,0,0.10195615433622152,0,0.22362476689741015,1
553,0.08862693995858233,0,0.14331739279441535,0,0.14331739279441535,0,0.0840719867652903,0,0.08862693995858233,0,0.10959213045425713,0
554,0.07381395995616913,0,0.13869509364788732,0,0.13869509908060232,0,0.10501833935268223,0,0.07381393263737361,0,0.10600728493494291,0
555,0.25838434634109336,1,0.2627169198046128,0,3.2980845196483037,1,0.25838434634109336,1,0.25838434634109336,1,0.8671908956952393,1
556,0.3009329034636418,1,0.3047959872831901,0,3.5766375242577246,1,0.3009329034636418,1,0.3009329034636418,1,0.9568464443863682,1
557,0.06525678684314092,0,0.06525678311785062,0,0.07481961573163669,0,0.06525678684314092,0,0.06525678684314092,0,0.067169351875782,0
558,0.04090630387266477,0,0.13869341928511858,0,0.13869341928511858,0,0.04090630387266477,0,0.04090630387266477,0,0.08002115003764629,0
559,0.037063981095949806,0,0.037063981095949806,0,0.037063981095949806,1,0.037063981095949806,0,0.037063981095949806,0,0.037063981095949806,1
560,0.03802206243077914,0,2.7311939268838614,1,2.435084300348535,1,0.03802206243077914,0,0.03802206243077914,0,1.0560688829049467,1
561,0.09040635956140856,0,0.09040608753760655,0,0.08141647814773023,0,0.09040641970932484,0,0.09040633449330926,0,0.08860833588987589,0
562,0.10082379666467507,0,0.1386952119258543,0,0.13869522077341875,0,0.0744148191685478,0,0.09000614626954,0,0.10852703896040719,0
563,0.059323668479919434,0,0.0768109771112601,0,0.9934504763223231,1,0.05932372249662876,0,0.059323630606134735,0,0.24964649500325323,1
564,0.08862733033796151,0,0.5995762413367629,1,0.1433177382374803,0,0.08862733437369268,0,0.08862732195605834,0,0.20175519324839114,1
565,0.09040613107693692,0,0.316918850177899,0,0.11123791080899537,0,0.09040611167438328,0,0.090406092038999,0,0.1398750191554427,0
566,0.1019581116658325,0,0.6162838789944848,1,0.14331896494453153,0,0.1019580962213998,0,0.10195807204581797,0,0.21309542477441332,1
567,0.1310896632882456,0,0.1310896632882456,0,0.1310896632882456,0,0.1310896632882456,0,0.1310896632882456,0,0.1310896632882456,0
568,0.07470047660171986,0,0.5075407985132188,1,0.14331739279441535,0,0.07470047660171986,0,0.07470047660171986,0,0.17499192422255874,1
569,0.10195615433622152,0,0.10195615433622152,0,0.10195615433622152,0,0.10195615433622152,0,0.10195615433622152,0,0.10195615433622152,0
570,0.1039696794662935,0,0.10449598520062864,0,0.24248266483967504,0,0.1039696794662935,0,0.1039696794662935,0,0.13177753768783684,0
571,0.09040425415150821,0,0.30005272299361724,0,0.11123646493069828,0,0.09040425415150821,0,0.09040425415150821,0,0.13650039007576803,0
572,0.11518471734598279,0,0.14331739279441535,0,0.14331739279441535,0,0.11518471734598279,0,0.11518471734598279,0,0.1264377875253558,0
573,0.09977393636169533,0,0.13871426740661263,0,0.13871413065741459,0,0.0997740188613534,0,0.099773703647467,0,0.11535001138690859,0
574,0.10220100171864033,0,0.5114892618730664,1,0.14354882288413742,0,0.1022018693620339,0,0.10219841221502672,0,0.19232787361058096,1
575,0.05932383922239145,0,0.13869522170474133,0,0.1386952243434886,0,0.059323882684111595,0,0.05932380569477876,0,0.09107239472990235,0
576,0.09179980975265305,0,0.1259271929350992,0,0.12592717865481973,0,0.09179981254662077,0,0.09179978026077151,0,0.10545075482999286,0
577,0.0693881781771779,0,0.06755945024391015,0,0.07581973095269252,0,0.06940587951491277,0,0.06900360280026992,0,0.07023536833779265,0
578,0.039599351584911346,0,1.7214193569185834,1,0.1310896632882456,0,0.039599351584911346,0,0.039599351584911346,0,0.3942614149923126,1
579,0.042907498156030975,0,0.1386934189746777,0,0.1386934189746777,0,0.042907498156030975,0,0.042907498156030975,0,0.08122186648348965,0
580,0.09520221086374174,0,0.14331739279441535,0,0.14331739279441535,0,0.10072521182398002,0,0.1151847168803215,0,0.1195493850313748,0
581,0.08446773079534371,0,0.0635341474165519,0,2.3533558173415563,1,0.08446773079534371,0,0.08446773079534371,0,0.5340586314288279,1
582,0.10397007525898516,0,0.13109004016344747,0,0.13109003255764642,0,0.10397007793653756,0,0.10397007300828894,0,0.11481805978498112,0
583,0.11220548305815707,0,0.2315785971780618,0,0.13869417505338788,0,0.11220548367903878,0,0.11220547444342326,0,0.14137784268241377,0
584,0.07381259681036074,0,0.13869390217587352,0,0.13869389581183592,0,0.07381259898344676,0,0.07381258718669415,0,0.09976511619364223,0
585,0.06757125134269397,0,0.11173013512355585,0,0.11173068926048775,0,0.05504111759364605,0,0.06370565822968881,0,0.08195577031001448,0
586,0.10034244189349313,0,0.11123646524113913,0,0.11123646524113913,0,0.10034244189349313,0,0.10034244189349313,0,0.10470005123255152,0
587,0.04381402830282847,0,0.11123646524113913,0,0.11123646524113913,0,0.01879560264448325,1,0.04381402830282847,0,0.0657793179464837,1
588,0.12501798120016852,0,0.16057455632835627,0,0.13869344101597866,0,0.1250179810449481,0,0.12501797801814973,0,0.13486438752152025,0
589,0.0488293052961429,0,0.13108969060704112,0,0.13108969060704112,0,0.03931095885733763,0,0.0488293052961429,0,0.07982979013274114,0
590,0.837810809413592,1,0.12592532159760594,0,0.12592532159760594,0,0.8499159825344881,1,0.837810809413592,1,0.5554776489113767,1
591,0.11535787644485633,0,2.178345384231458,1,0.13108969060704112,0,0.11535787644485633,0,0.11535787644485633,0,0.5311017408346135,1
592,0.258384316538771,1,0.13108969060704112,0,0.13108969060704112,0,0.258384316538771,1,0.25838431902229786,1,0.2074664666627844,1
593,0.1250237534598758,0,0.13869859091937542,0,0.13869862786183754,0,0.12502398854121566,0,0.12502369075082242,0,0.13049373030662537,0
594,0.08256018037597339,0,0.11123822978697717,0,0.11123823568535347,0,0.09501268225722015,0,0.09040629654191434,0,0.09809112492948771,0
595,0.08715243047724168,0,0.0871502348066618,0,0.08715033391490579,0,0.08715337375178933,0,0.08715215216701229,0,0.08715170502352218,0
596,0.1003424630810817,0,0.10258853427755336,0,0.14505336410366,0,0.10034246339152257,0,0.10034246277064085,0,0.1097338575248917,0
597,0.03730619512498379,0,0.14331740365984538,0,0.14331740365984538,0,0.03730619512498379,0,0.03730619512498379,0,0.07971067853892842,0
598,0.03954249061644077,0,1.9865525372636814,1,0.1386937603044013,0,0.03954249061644077,0,0.03954250241319338,0,0.4487747562428314,1
599,0.06851698892811935,0,0.13869341928511858,0,0.13869341928511858,0,0.06851698892811935,0,0.06851698892811935,0,0.09658756107091905,0
600,0.09040425422911842,0,0.11123646493069828,0,0.11123646493069828,0,0.09040425422911842,0,0.09040425422911842,0,0.09873713850975036,0
601,0.05045478045940399,0,0.9759758690682551,1,0.7998764296062291,1,0.05045478045940399,0,0.05045478045940399,0,0.38544332801053927,1
602,0.08713056581715743,0,0.424705832110097,1,0.13869496155530214,0,0.08713061284894745,0,0.08713054369824628,0,0.16495850320595004,1
603,0.0914262564231952,0,0.09142609344174464,0,0.10195526614552364,0,0.0914262724108994,0,0.09142621265103419,0,0.0935320202144794,0
604,0.09983347360199939,0,0.4150770291065176,1,0.13876653711001077,0,0.0998367452993989,0,0.09983252737826358,0,0.17066926249923803,1
605,0.12504859066878757,0,0.5376659128814936,1,0.5379732164243857,1,0.12793132212633887,0,0.12451273389160633,0,0.2906263551985224,1
606,0.12115896438869338,0,0.13996741253261766,0,0.13997060883169374,0,0.11620280996430665,0,0.1280605051239642,0,0.12907206016825512,0
607,0.04037295033534368,0,0.1386935693832735,0,0.1386935703145961,0,0.07361987419426441,0,0.039542475094397865,0,0.0861844878643751,0
608,0.08712883107364178,0,0.08712882688269019,0,0.09296943138663967,0,0.08712883239301543,0,0.08712883153930306,0,0.08829695065505802,0
609,0.041817123691240944,0,1.9642677356799443,1,1.6331942472606897,1,0.041781013210614525,0,0.04183033543328444,0,0.7445780910551548,1
610,0.03694303333759308,0,0.13109023325766125,0,0.13109023543074727,0,0.03694303954641024,0,0.03694302961230278,0,0.07460191423694293,0
611,0.11220465790635596,0,0.1386934189746777,0,0.1386934189746777,0,0.11220465790635596,0,0.11220465790635596,0,0.12280016233368465,0
612,0.07015579023088019,0,0.14331739388095835,0,0.14331739388095835,0,0.06646858481690288,0,0.08862694663306077,0,0.10237722188855211,0
613,0.1386934189746777,0,0.1386934189746777,0,0.1386934189746777,0,0.1386934189746777,0,0.1386934189746777,0,0.1386934189746777,0
614,0.12501795426942408,0,0.1386934189746777,0,0.1386934189746777,0,0.13439319802758595,0,0.12501795426942408,0,0.1323631889031579,0
615,0.1151847168803215,0,0.1151847168803215,0,0.1151847168803215,0,0.1151847168803215,0,0.1151847168803215,0,0.1151847168803215,0
616,0.07922729570418596,0,0.13153891451656818,0,0.1315404063401123,0,0.0792463319376111,0,0.07922202007224162,0,0.10015499371414385,0
617,0.08089028764516115,0,0.11123646524113913,0,0.11123646524113913,0,0.07984252134338021,0,0.080890287955602,0,0.09281920548528431,0
618,0.10195615922566503,0,0.09103089353690545,0,0.5115326629796376,1,0.10195615941969056,0,0.10195615887641907,0,0.18168640680766354,1
619,0.10034243498618405,0,0.09824688166069488,0,0.2288746842338393,0,0.10034243498618405,0,0.10034243498618405,0,0.12562977417061724,0
620,0.12881476128435074,0,0.14331739279441535,0,0.14331739279441535,0,0.11460469740753372,0,0.12881476128435074,0,0.1317738011130132,0
621,0.11123761107834677,0,0.11123746439504127,0,0.11123746625768642,0,0.11123764041500787,0,0.11123759803983073,0,0.11123755603718262,0
622,0.07124567745874326,0,0.11124110959159832,0,0.11124112682106595,0,0.07124583578358094,0,0.07124561506013076,0,0.08724387294302385,0
623,0.11699702776968479,0,0.11699690599925816,0,0.12234526127576828,0,0.11699705050947766,0,0.11699700200309356,0,0.11806664951145648,0
624,0.04938309577604135,0,0.04938311564425627,0,0.04938311502337456,0,0.04938308894634247,0,0.04938308708369732,0,0.04938310049474239,0
625,0.0997536617408817,0,0.0997534499814113,0,0.12668235204182565,0,0.09975370745329808,0,0.09975363546982408,0,0.10513936133744814,0
626,0.22673783140877882,0,2.8575355709375194,1,2.3230744417912015,1,0.22673782519996166,0,0.2267378487934669,0,1.1721647036261855,1
627,0.12501959184495112,0,0.16022714879363775,0,0.13869485072791576,0,0.1250196361603836,0,0.12501957764228186,0,0.13479616103383402,0
628,0.0871306761012723,0,0.08713046003443499,0,0.12013385192646335,0,0.08713073392088215,0,0.08713065708676974,0,0.09373127581396451,0
629,0.10034247837029397,0,0.1035731843051811,0,0.15411294631970426,0,0.10034247837029397,0,0.10034247185103595,0,0.11174271184330184,0
630,0.0747005082666874,0,0.14331742081170282,0,0.14331742081170282,0,0.0747005082666874,0,0.0747005082666874,0,0.10214727328469357,0
631,0.0808902895078063,0,0.40496195348290104,1,0.11123646105018754,0,0.08089028966302673,0,0.08089028873170416,0,0.15177385648712513,1
632,0.0712403201808532,0,0.07124029938131571,0,0.056735904732098184,0,0.0712403313567241,0,0.07124031769732635,0,0.06833943466966351,0
633,0.43248881585896015,1,0.1388765419833362,0,0.13887706398963928,0,0.4324865483989318,1,0.4324898775666952,1,0.3150437695595125,1
634,0.4676648086557786,1,0.13109113462269306,0,0.13109113244960705,0,0.4676648061722517,1,0.467664809897542,1,0.3330353383595745,1
635,0.07381461110586922,0,0.07381431634227435,0,0.07381432099888723,0,0.07381467365970214,0,0.07381456205621362,0,0.07381449683258931,0
636,0.039599316815535225,0,0.13108988804742694,0,0.13108988804742694,0,0.03629132049779097,0,0.03959931619465351,0,0.07553394592056671,0
637,0.10266753596564133,0,0.13870539360990128,0,0.1387054487131536,0,0.06714552221819758,0,0.09128030731032293,0,0.10770084156344335,0
638,0.1002444076584652,0,0.10019587744803478,0,0.12019245625318338,0,0.10026061139069498,0,0.1002382260048762,0,0.1042263157510509,0
639,0.10560483733812968,0,0.12595016431684294,0,0.12595026831453046,0,0.10560601375376184,0,0.10560454241931438,0,0.11374316522851587,0
640,0.049363563458124794,0,0.049363563458124794,0,0.049363563458124794,0,0.049363563458124794,0,0.049363563458124794,0,0.049363563458124794,0
641,0.03399728983640671,1,0.14331739279441535,0,0.14331739279441535,0,0.03399728983640671,0,0.03399728983640671,1,0.07772533101961017,1
642,0.046931534384687744,0,0.1259253181827565,0,0.1259253181827565,0,0.06748877900342147,0,0.050318062926332154,0,0.08331780253599089,0
643,0.0990109754105409,0,0.5533132188332578,1,0.12592531694099307,0,0.0990109754105409,0,0.09901097680752476,0,0.1952542926805715,1
644,0.08603104200058927,0,0.12592531694099307,0,0.1259253166305522,0,0.06967114614478002,0,0.10557686545265217,0,0.10262593743391335,0
645,0.05045480094850063,0,0.5903734414217373,1,0.13108968595042825,0,0.05045480094850063,0,0.05045480094850063,0,0.1745655060435335,1
646,0.16143905806044737,0,2.232138125691563,1,0.13869346010809144,0,0.16143905806044737,0,0.16143905806044737,0,0.5710297519961992,1
647,0.19610554787019888,0,3.491881894723823,1,0.13869346010809144,0,0.19610554787019888,1,0.19610555035372576,1,0.8437784001852074,1
648,0.06851697775224845,0,3.1694297079617777,1,0.13869344225774208,0,0.06851697775224845,0,0.06851697775224845,0,0.702734816695253,1
649,0.07124010132004817,0,0.07124010132004817,0,0.07124010132004817,0,0.07124010132004817,0,0.07124010132004817,0,0.07124010132004817,0
650,0.037306184569994606,0,2.049478031306838,1,0.14331739279441535,0,0.037306184569994606,0,0.037306184569994606,0,0.4609427955622474,1
651,0.05045486676196257,0,0.13108974198500314,0,0.13108974198500314,0,0.05045486676196257,0,0.05045486676196257,0,0.08270881685117881,0
652,0.09975209122058004,0,0.13869360306610665,0,0.1386936029108862,0,0.09975209114296983,0,0.09975208912510425,0,0.11532869549312941,0
653,0.04869269082943598,0,0.1313638536569973,0,0.13136449021597704,0,0.04868868179619312,0,0.048694261039296784,0,0.08176079550758006,0
654,0.037314253548781075,0,0.14335653752398989,0,0.1433566325188925,0,0.03731438455482324,0,0.03731411198774973,0,0.07973118402684728,0
655,0.04758204519748688,0,0.04769165627658367,0,0.0439228235433499,0,0.047534408047795296,0,0.04759416605035464,0,0.04686501982311407,0
656,0.07282004210477074,0,0.12592532625421882,0,0.12592532625421882,0,0.05026648969699939,0,0.08351507596671581,0,0.0916904520553847,0
657,0.09975191706325859,0,0.09975191620954622,0,0.0997519160543258,0,0.09975191721847902,0,0.09975191628715645,0,0.09975191656655322,0
658,0.2200849832346042,0,0.13109193462878466,0,0.13109193447356424,0,0.2200849832346042,0,0.22008500434458256,1,0.184487767983228,1
659,0.03770295220116774,0,0.04804681924482187,0,1.2884344871466358,1,0.037721789752443634,0,0.03769401895503203,0,0.2899200134600202,1
660,0.1250199880450964,0,0.13439499059071144,0,0.13012467002651343,0,0.12502003849173585,0,0.12501994993848106,0,0.12791592741850763,0
661,0.09249278701220949,0,0.45180624971787137,1,0.3765071928501129,1,0.09247147338464856,0,0.09246992226690054,0,0.22114952504634858,1
662,0.0373155785103639,0,0.08551290382941563,0,2.2947459293839834,1,0.037313039104143776,0,0.037302786484360695,0,0.4984380474624534,1
663,0.04174233724673589,0,0.04122191295027733,0,0.06192288423577944,0,0.04168230233093103,0,0.04169440641999245,0,0.04565276863674323,0
664,0.058605676827331386,0,0.1386951330738763,0,0.1386951468884945,0,0.07681130866209666,0,0.08792468532919884,0,0.10014639015619956,0
665,0.04936357898016771,0,0.9833473635371774,1,0.11123647952141862,0,0.04936357898016771,0,0.04936357898016771,0,0.2485349159998198,1
666,0.1260918794820706,0,0.1260918794820706,0,0.12580474155644575,0,0.1260918794820706,0,0.1260918794820706,0,0.12603445189694562,0
667,0.08089028919736545,0,0.11123646648290257,0,0.11123647176039715,0,0.08687958726659417,0,0.08089029074956973,0,0.09422662109136581,0
668,0.06090102748324474,0,0.11123646679334342,0,0.11123646679334342,0,0.0748684722930193,0,0.06090102748324474,0,0.08382869216923913,0
669,0.16496227929989496,0,0.13108966359868646,0,0.13108966359868646,0,0.16802386877437434,0,0.1677743587642908,0,0.15258796680718661,0
670,0.04023731375734011,0,0.04023731375734011,0,0.06079637569685777,0,0.04023731375734011,0,0.04023731375734011,0,0.04434912614524364,0
671,0.059721481365462147,0,0.8674335604688773,1,0.7001925366154561,1,0.059721481365462147,0,0.059721481365462147,0,0.34935810823614394,1
672,0.12881476128435074,0,0.12600707891397178,0,0.23069388551327089,0,0.12881476128435074,0,0.12881476128435074,0,0.148629049656059,0
673,0.11699689404728512,0,0.12234521207089226,0,0.1172969186057647,0,0.11699689389206469,0,0.11699688535494109,0,0.11812656079418957,0
674,0.18335522152483463,1,0.16458307579159737,0,2.7027846801405153,1,0.1833551892389854,0,0.18335525132715702,0,0.683486683604618,1
675,0.1580452974885702,0,0.19108727015554905,0,1.568055976415053,1,0.15804529624680677,0,0.1580453012138605,0,0.4466558283039679,1
676,0.3796596967925628,1,0.3796598333865404,1,0.37965983090301353,1,0.379659674440821,1,0.3796597228695949,1,0.37965975167850646,0
677,0.047632760678728424,0,2.521556325023994,1,2.2495359228147813,1,0.047632768750190735,0,0.047632779305179916,0,0.9827981113145748,1
678,0.08351840016742547,0,0.12592832325026393,0,0.12592832744121552,0,0.08351848957439263,0,0.08351836229364078,0,0.10048238054538765,0
679,0.11518529723010336,0,0.11518521191707502,0,0.1151852096663788,0,0.11518530644631635,0,0.11518528694674994,0,0.1151852624413247,0
680,0.10195681953337044,0,0.14331795275211334,0,0.14331795228645205,0,0.1019568278376634,0,0.10195681169473876,0,0.1185012728208676,0
681,0.12234563225259383,0,0.13109081440294781,0,0.13109082107742628,0,0.11905140127055347,0,0.11699724833791454,0,0.1241151834682872,0
682,0.07124105685700972,0,0.07476532179862261,0,0.8635747998487204,1,0.07124106089274089,0,0.07124103574703138,0,0.23041265502882502,1
683,0.040237300718824066,0,0.11123647176039715,0,0.11123647176039715,0,0.040237300718824066,0,0.040237300718824066,0,0.06863696913545331,0
684,0.12501795426942408,0,0.2394593581557274,0,0.1386934189746777,0,0.12501795551118752,0,0.12501795426942408,0,0.15064132823608817,0
685,0.07470047660171986,0,0.14331739279441535,0,0.14331739279441535,0,0.05448696156963706,0,0.07470047660171986,0,0.0981045400723815,0
686,0.07470047939568758,0,0.1433173951227218,0,0.1433173951227218,0,0.07470047939568758,0,0.07470047939568758,0,0.10214724568650127,0
687,0.07124017427364986,0,0.11123651429079473,0,0.11123651429079473,0,0.07124017427364986,0,0.07124017427364986,0,0.08723871028050781,0
688,0.10195623737915109,0,0.14331745736611387,0,0.14331746605845788,0,0.10195623776720215,0,0.10195623699110001,0,0.118500727112405,0
689,0.08712899141634504,0,0.07230244852447261,0,0.8694290602579713,1,0.08712899141634504,0,0.08712898256878059,0,0.24062369483678295,1
690,0.09975533299924184,0,0.6245683405237893,1,0.1386966247422,0,0.09975534242888291,0,0.09975529566872865,0,0.21250618727256856,1
691,0.128816330669603,0,0.12881626294984017,0,0.12509594593817988,0,0.12881633629149292,0,0.12881631445876943,0,0.12807223806157705,0
692,0.08713049868432184,0,0.13869490381330252,0,0.1386949010193348,0,0.08713054152516027,0,0.08713046461343765,0,0.1077562619311114,0
693,0.12609155414005122,0,2.124323192052543,1,1.690012925149252,1,0.12609154420594373,0,0.12609155414005122,0,0.8385221539375683,1
694,0.07470102390895288,0,0.07470095157623291,0,0.07470095623284578,0,0.07470103725790977,0,0.07470101863145828,0,0.07470099752147993,0
695,0.03959934910138448,0,0.13108969060704112,0,0.13108969029660025,0,0.03959934910138448,0,0.03959934910138448,0,0.07619548564155895,0
696,0.07470047442863385,0,0.045436764446397625,0,0.5828684285127869,1,0.07470047442863385,0,0.07470047442863385,0,0.17048132324901719,1
697,0.04936356283724308,0,0.049363563458124794,0,0.05467063871522745,0,0.04936356283724308,0,0.04936356283724308,0,0.050424978137016296,0
698,0.059321910763780274,0,0.13869345048442483,0,0.13869345048442483,0,0.059321911384661995,0,0.05932191014289856,0,0.09107052665203809,0
699,0.12734878598712385,0,0.1386934615050753,0,0.1386934615050753,0,0.10323964136963089,0,0.11540241756786902,0,0.1246755535869549,0
700,0.09040425772157808,0,0.21463504643179476,0,0.1112364554622521,0,0.09040425818723936,0,0.09040425772157808,0,0.11941685510488849,0
701,0.08247611516465743,0,0.11123664886690676,0,0.11123665445484221,0,0.07520517272253831,0,0.055535563112547,0,0.08713803086429833,0
702,0.10034244189349313,0,0.22887468640692532,0,0.11123646648290257,0,0.1003424438337485,0,0.10034244189349313,0,0.12822769610211254,0
703,0.05932191386818886,0,1.0152242970652878,1,0.13869344862177968,0,0.05932191386818886,0,0.05932191386818886,0,0.2663766974583268,1
704,0.11858180242901047,0,0.12592529505491257,0,0.12592529505491257,0,0.11858180242901047,0,0.11858180242901047,0,0.12151919947937131,0
705,0.1151847168803215,0,0.14331739279441535,0,0.14331739279441535,0,0.1151847168803215,0,0.1151847168803215,0,0.12643778724595905,0
706,0.059321883444984756,0,0.059321883444984756,0,0.08355715940706432,0,0.059321883444984756,0,0.059321883444984756,0,0.06416893863740067,0
707,0.1151847168803215,0,0.14331739279441535,0,0.14331739279441535,0,0.1151847168803215,0,0.1151847168803215,0,0.12643778724595905,0
708,0.04090630387266477,0,0.059948899472753205,0,1.1695374517391126,1,0.04090630387266477,0,0.04090630387266477,0,0.270441052565972,1
709,0.15226905358334383,0,0.15118038468062878,0,0.1511993072926998,0,0.13365914672613144,0,0.15245159653325877,0,0.14815189776321253,0
710,0.08712882082909346,0,0.13869344101597866,0,0.13869344101597866,0,0.08712882362306118,0,0.08712882082909346,0,0.10775466946264109,0
711,0.06525792802373569,0,0.9891740765112141,1,0.13109067532544336,0,0.06525794292489688,0,0.06525790722419818,0,0.26320770600189763,1
712,0.09975191543344408,0,0.6681747779560586,1,0.1386934470695754,0,0.0997519160543258,0,0.09975191543344408,0,0.22122479438936962,1
713,0.1916394749035438,1,0.14331789159526429,0,0.14331789454445243,0,0.19163944385945797,0,0.19163947242001692,1,0.1723108354645471,1
714,0.05933371434609095,0,0.05933161390324434,0,0.07441360875964165,0,0.059333641082048416,0,0.05933345481753349,0,0.062349206581711766,0
715,0.2583834957331419,1,0.1310912223222355,0,0.13109123070413867,0,0.2583834708978732,1,0.2583835193266471,1,0.20746658779680724,1
716,0.11221252758211146,0,0.13869970059022307,0,0.13869972123454014,0,0.11221246425217639,0,0.11221235932316631,0,0.12280735459644347,0
717,0.03694315813481808,0,0.036943131436904274,0,0.05293807201087475,0,0.03694316123922666,0,0.03694316806892554,0,0.040142138178149864,0
718,0.04090666522582372,0,0.040906634802619614,0,0.04090664101143678,0,0.040906703720490135,0,0.040906653429071106,0,0.04090665963788827,0
719,0.07381400528053443,0,0.07381377912436922,0,0.1040213272596399,0,0.07381405712415774,0,0.0738139731499056,0,0.07985542838772139,0
720,0.10195658852656682,0,0.14331776943678656,0,0.14331776710848013,0,0.10195659520104527,0,0.10195658165806283,0,0.11850106038618832,0
721,0.037064495186010994,0,0.038785017716387905,0,1.2620944345059495,1,0.03706447904308637,0,0.03706448649366697,0,0.2824145825890203,1
722,0.07872571423649788,0,0.13109082247441015,0,0.13109082713102302,0,0.09512695270435263,0,0.07872569902489583,0,0.10295200311423588,0
723,0.08713102123389642,0,0.13869536574929953,0,0.1386953714924554,0,0.1128513078050067,0,0.08713099732995033,0,0.11290081272212169,0
724,0.11123646493069828,0,0.11123646493069828,0,0.11123646493069828,0,0.1112364639993757,0,0.11123646493069828,0,0.11123646474443376,0
725,0.10034249067151298,0,0.2287009624609103,0,0.11123651258337001,0,0.10034249082673341,0,0.10034249059390277,0,0.1281929894272859,0
726,0.09040435776114464,0,0.11123655557942887,0,0.11123655464810629,0,0.09040435791636507,0,0.09040435714026292,0,0.09873723660906156,0
727,0.11123646493069828,0,0.11123646493069828,0,0.11123646493069828,0,0.11123646493069828,0,0.11123646493069828,0,0.11123646493069828,0
728,0.0886269452360769,0,0.05228600883856416,0,0.8599093883143117,1,0.0886269452360769,0,0.0886269452360769,0,0.2356152465722213,1
729,0.0997518893952171,0,0.10841484709332387,0,0.4150648078260322,1,0.09975188951163243,0,0.0997518893952171,0,0.16454706464428454,1
730,0.07951009444271524,0,0.1433173935705175,0,0.1433173935705175,0,0.762714094404752,1,0.06337427922214071,0,0.2384466510421286,1
731,0.10034522468534608,0,0.10034494404681027,0,0.1135737580480054,0,0.10034534397224586,0,0.10034519899636507,0,0.10299089394975454,0
732,0.09040595901509126,0,0.30005388823337853,0,0.1112379376621296,0,0.09040603429699938,0,0.09040594558852415,0,0.13650195295922457,0
733,0.07381213673700888,0,0.07381213456392288,0,0.10079866508021951,0,0.0738121314595143,0,0.07381213642656803,0,0.07920944085344672,0
734,0.04023731561998526,0,0.11123685841448605,0,0.11123686695160966,0,0.04023730382323265,0,0.040237306927641235,0,0.06863713034739097,0
735,0.07470087644954522,0,0.053759798097113766,0,0.06716069144507249,0,0.07470087707042694,0,0.07470086930940549,0,0.06900462247431279,0
736,0.09142203054701288,0,0.10226270913456877,0,0.5144266422527531,1,0.0914220296156903,0,0.09142203054701288,0,0.17819108841940762,1
737,0.06090101879090071,0,0.4972279094314824,1,0.11123646710378428,0,0.06090101879090071,0,0.06090101879090071,0,0.15823348658159378,1
738,0.11518472764873877,0,0.14331740008977553,0,0.1433173988480121,0,0.11518472764873877,0,0.11518472807559495,0,0.12643779646217204,0
739,0.18107699789106846,0,0.14331739791668952,0,0.14331739791668952,0,0.2160665448755026,0,0.19163979279498258,1,0.17508362627898652,1
740,0.10396970028523356,0,0.13108969060704112,0,0.13108969060704112,0,0.11194933648221195,0,0.1039697005180642,0,0.1164136236999184,0
741,0.09040426129164796,0,0.3169183270850529,0,0.11123646524113913,0,0.09040426191252966,0,0.09040426036032538,0,0.139873515178139,0
742,0.21077192605783543,1,0.17455320805311203,0,0.2139449156820774,0,0.21055758682390055,1,0.20976920146495104,1,0.2039193676163753,1
743,0.06547088641673326,0,0.1130317565985024,0,0.11302915789807837,0,0.061460902293523155,0,0.034919922395298876,1,0.07758252512042721,1
744,0.08712882082909346,0,0.9697568854317069,1,0.13869344101597866,0,0.08712882362306118,0,0.08712882082909346,0,0.2739673583457867,1
745,0.11518472471895318,0,0.14331739419139922,0,0.14331739419139922,0,0.11518472475775828,0,0.11518472530102979,0,0.12643779263210791,0
746,0.2323650736361742,0,1.8510842996959884,1,0.13869344101597866,0,0.2323650736361742,0,0.2323650736361742,0,0.5373745923240979,1
747,0.043724048882722855,0,0.14331739388095835,0,0.14331739388095835,0,0.06973200850188732,0,0.043724048882722855,0,0.08876297880584995,0
748,1.814440542832017,1,15.228079653500268,1,13.560109520020584,1,1.814440494403243,1,1.8144405477990706,1,6.846302151711036,0
749,1.9173846921573083,1,0.1311176256276667,0,0.13111770153045654,0,1.9173846350361903,1,1.9173847753554583,1,1.202877885941416,1
750,0.39456144037346047,1,0.1310928367699186,0,0.13109285027409592,0,0.39848592194418114,1,0.3959693976988395,1,0.2902404894120991,1
751,2.720583165064454,1,0.13109374900038043,0,0.1310937541226546,0,2.7269575788329043,1,2.7157189467300973,1,1.6850894387500983,1
752,0.05436405229071776,0,0.06609586564203103,0,1.73782025782081,1,0.05436402807633082,0,0.05436402124663194,0,0.3934016450153043,1
753,0.04381390723089377,0,0.038945674896240234,0,1.1594347727950662,1,0.04381391095618407,0,0.04381390971442064,0,0.265964435118561,1
754,1.614536523198088,1,1.6149540177236001,1,1.6149492568025987,1,1.6145719643682241,1,1.6145802245785792,1,1.614718397334218,0
755,0.9823768939822912,1,0.13871024129912257,0,0.13871030369773507,0,1.0047738372037809,1,0.9823769597957531,1,0.6493896471957366,1
756,0.25837509396175545,1,0.244975288088123,0,0.24106505823632082,0,0.25837486671904725,1,0.2583752429733674,1,0.2522331099957228,1
757,0.04023731561998526,0,0.02022134481618802,1,0.05397365055978298,0,0.04023731561998526,0,0.04023731251557668,0,0.03898138782630364,1
758,0.11220508662518114,0,0.13869380842273435,0,0.1386938060944279,0,0.1122050874788935,0,0.11220508173573762,0,0.12280057407139491,0
759,0.11518484121188521,0,0.11107418062965735,0,0.4234890150061498,1,0.11518484307453036,0,0.1151848371567515,0,0.17602354341579488,1
760,0.0904043335467577,0,0.11123651723998289,0,0.11123651723998289,0,0.08851626212708652,0,0.09040433044234912,0,0.09835959211923183,0
761,0.03959934785962105,0,0.05719832765559355,0,0.050811476384600006,0,0.0395993497222662,0,0.03959934785962105,0,0.04536156989634037,0
762,0.04023729016383489,0,0.04023728954295317,0,0.04023728954295317,0,0.04023729016383489,0,0.04023729016383489,0,0.040237289915482206,0
763,0.11518474472298597,0,0.14331741786251465,0,0.1433174181729555,0,0.11518474507223193,0,0.11518474386927362,0,0.12643781393999234,0
764,0.05972148881604274,0,1.2304329515124361,1,1.0678580456102889,1,0.05972148881604274,0,0.05972148881604274,0,0.49549109271417074,1
765,0.05972149254133304,0,0.05972149005780617,0,0.05972148943692446,0,0.05972149254133304,0,0.05972149129956961,0,0.05972149117539327,0
766,0.0628005478841563,0,0.11123648293626805,0,0.11123648293626805,0,0.07910413263986509,0,0.07124012087782224,0,0.08712355345487595,0
767,0.08089030130455892,0,0.11123648247060676,0,0.11123648247060676,0,0.07341894623823464,0,0.08089030208066106,0,0.09153450291293362,0
768,0.3167827806125085,1,0.31678308236102265,0,0.31678308236102265,1,0.3167828240742286,1,0.3167828203489383,1,0.3167829179515441,1
769,0.2700655305137237,1,0.13869594673936567,0,0.13869595108553767,0,0.27006547960142296,1,0.27006553175548714,1,0.21751768793910742,1
770,0.14838191432257494,0,2.216167450261613,1,0.1310911529387037,0,0.14838191432257494,0,0.14838194412489733,0,0.5584808751940729,1
771,0.20576097505788007,0,0.20937606257696947,0,0.22773324946562448,0,0.20576085336506367,1,0.20576105701426664,1,0.21087843949596086,1
772,0.06246009282767773,0,3.0870550285714367,1,2.6443718910838165,1,0.06246002825597922,0,0.06246009158591429,0,1.183761426464965,1
773,0.7425586860626936,1,0.13109119034682712,0,0.13109118972594538,0,0.7476732308665911,1,0.7425586860626936,1,0.49899459661295015,1
774,0.7023489164809386,1,0.14670977493127188,0,0.14677931616703668,0,0.744902616366744,1,0.6925679072737694,1,0.4866617062439521,1
775,0.03401565489669641,1,2.0331823742793254,1,1.8038595038621377,1,0.03401544441779455,1,0.034015268087387085,1,0.7878176491086684,0
776,0.09975444242202987,0,0.7389840087853372,1,0.6681756931357086,1,0.09975449337313573,0,0.09975440427660942,0,0.3412846083985642,1
777,0.0339980653176705,1,0.08447534466783206,0,0.08333057910203934,0,0.03399805290003618,0,0.03399805290003618,1,0.05396001897752285,1
778,0.08089028811082244,0,0.11123646524113913,0,0.11123646524113913,0,0.08089028811082244,0,0.08089028764516115,0,0.09302875886981685,0
779,0.10195615887641907,0,0.8114750055441012,1,0.7490511670863876,1,0.10195615922566503,0,0.10195615887641907,0,0.3732789299217984,1
780,0.04210591913821796,0,0.1386934189746777,0,0.1386934189746777,0,0.0691744356105725,0,0.06785693725881477,0,0.09130482599139214,0
781,0.06090101599693298,0,0.11123646493069828,0,0.11123646493069828,0,0.046154090824226536,0,0.06090101599693298,0,0.07808581053589782,0
782,0.15804638527333736,0,0.15804638527333736,0,0.1634606042255958,0,0.15804638527333736,0,0.15804638527333736,0,0.15912922906378907,0
783,0.10817006647509213,0,0.13110160625850162,0,0.13110164537404975,0,0.10387140178742509,0,0.10738574589292209,0,0.11632609315759815,0
784,0.09180398580307762,0,0.5791983862097064,1,0.12593076936900616,0,0.0918041686527431,0,0.09180390229448676,0,0.196108242465804,1
785,0.08089801296591759,0,0.09063794743269682,0,0.8113220988307148,1,0.08089823617289464,0,0.08089792014410098,0,0.22893084310926498,1
786,0.10396982306459297,0,0.4263830492272973,1,0.1310897950703899,0,0.10396982463619982,0,0.10396982050345589,0,0.17387646250038719,1
787,0.11799427323664229,0,0.1314770937897265,0,0.13147833772624531,0,0.12032577969754736,0,0.11742426307561497,0,0.12373994950515528,0
788,0.0871290450450033,0,0.09661967435386032,0,0.7126114694401622,1,0.08712905024488767,0,0.08712904620915651,0,0.21412365705861403,1
789,0.03802205870548884,0,0.1433174399814258,0,0.14331743967098495,0,0.03802205870548884,0,0.038022059947252274,0,0.08014021140212814,0
790,0.03706413569549719,0,1.3079808726906776,1,0.1310903870811065,0,0.03706412576138973,0,0.037064120173454285,0,0.31005272828042507,1
791,0.05932323510448138,0,0.08626598073169589,0,0.09344380100568135,0,0.05932324690123399,0,0.05932322206596533,0,0.07153589716181159,0
792,0.05932190145055453,0,0.13869344225774208,0,0.13869344225774208,0,0.05932190269231796,0,0.05932190145055453,0,0.09107051802178225,0
793,0.04330473144849142,0,0.14331739388095835,0,0.14331739388095835,0,0.04330473144849142,0,0.04330473144849142,0,0.08330979642147818,0
794,0.20576515855888525,0,0.30841615547736484,0,2.559258740550528,1,0.20576515855888525,1,0.20576515855888525,1,0.6969940743409097,1
795,0.03694316868980726,0,0.131090700160712,0,0.13109070574864745,0,0.05775793952246507,0,0.0369431891789039,0,0.07876514066010713,0
796,0.048828691244125366,0,1.7091715230296056,1,1.3995383414439857,1,0.04882865212857723,0,0.048828701178232826,0,0.6510391818049054,1
797,0.04936398317416509,0,0.07117188737417261,0,1.6293205220717937,1,0.049363995591799416,0,0.049363976965347924,0,0.36971687303545575,1
798,0.06525790877640247,0,0.1310906632182499,0,0.13109066632265845,0,0.06525794789195061,0,0.0652579019467036,0,0.09159101763119301,0
799,0.05932357410589854,0,0.0739533007144928,0,0.6791959723147253,1,0.0593236219137907,0,0.05932355672121048,0,0.18622400515402354,1
800,0.0597219013919433,0,0.03033686677614848,1,0.7626819737876455,1,0.059721906358997025,0,0.059721886490782104,0,0.19443690696110327,1
801,0.10397082972728337,0,0.10397070494946092,0,0.10397070731657247,0,0.10397086044152577,0,0.10397081948273505,0,0.10397078438351552,0
802,0.8851807061582804,1,4.641870081890374,1,3.6311893925691643,1,0.8851806465536356,1,0.885180759554108,1,2.1857203173451127,0
803,1.3866589348763227,1,1.3866590143491824,1,1.3866590180744727,1,1.3866589199751616,1,1.3866589348763227,1,1.3866589644302922,0
804,0.16143637336790562,0,0.1614367396881183,0,0.15520923274258772,0,0.16143634108205637,0,0.16143643793960413,0,0.16019102496405443,0
805,0.07873936090618372,0,0.12684670587380728,0,0.12675792863592505,0,0.10000699603309234,0,0.07848625009258588,0,0.10216744830831885,0
806,0.1119473200912277,0,0.30585813041155535,0,0.12592531756187478,0,0.11194732055688898,0,0.11194731947034597,0,0.15352508161837855,0
807,0.12881476241454948,0,0.1199228367380177,0,0.15536625923899314,0,0.12881476489807633,0,0.12881476241454948,0,0.1323466771408372,0
808,0.05045480094850063,0,0.08647488057613373,0,1.3525369948086639,1,0.05045480094850063,0,0.05045480094850063,0,0.3180752556460599,1
809,0.06851519457995892,0,0.06851541250944138,0,0.05843660173316797,0,0.06851513621707757,0,0.0685152281075716,0,0.06649951462944349,0
810,0.06548990868031979,0,0.12592735312258205,0,0.1259273656954368,0,0.06548993724087875,0,0.06548987577358882,0,0.08966488810256125,0
811,0.04936398441592852,0,0.11123680858872831,0,0.11123681728107233,0,0.04936399683356285,0,0.04936397448182106,0,0.07411311632022262,0
812,0.07553756609559059,0,0.08750491014992197,0,0.03746920203169187,1,0.07553765674432118,0,0.07553750338653724,0,0.07031736768161258,1
813,0.06090356068064769,0,0.111238429400449,0,0.11123843933455646,0,0.060903544848163925,0,0.06090351101011038,0,0.08103749705478548,0
814,0.1288161590588667,0,0.12509559112368152,0,0.16317904903553426,0,0.128816144245017,0,0.12881612430404252,0,0.1349446135534284,0
815,0.0705908474822839,0,0.1259253203558425,0,0.1259253203558425,0,0.07172616726408403,0,0.0705908474822839,0,0.09295170058806737,0
816,0.11858183455963929,0,0.11858183471485972,0,0.12233779090456665,0,0.11858183207611243,0,0.11858183455963929,0,0.11933302536296349,0
817,0.061046350204075374,0,0.14331744875138006,0,0.14331744968270263,0,0.06305487438415487,0,0.08862700515116255,0,0.0998726256346951,0
818,0.10195640257249276,0,0.3023735594470054,0,0.1433176192610214,0,0.10195640323217958,0,0.10195639803229521,0,0.15031207650899886,0
819,0.07381433838357528,0,0.07381407218053937,0,0.07381407435362537,0,0.07381440155828993,0,0.0738143037694196,0,0.0738142380490899,0
820,0.11337187370130171,0,0.14331772675116858,0,0.14331772675116858,0,0.10769448444868128,0,0.11518509963449712,0,0.12457738225736344,0
821,0.06090101817001899,0,0.11123646524113913,0,0.11123646524113913,0,0.06090101817001899,0,0.06090101817001899,0,0.08103519699846704,0
822,0.039542460814118385,0,0.06360808449486892,0,0.03861949872225523,0,0.039542420456806816,0,0.03954246578117212,0,0.0441709860538443,0
823,0.03694319166243076,0,1.1318776933476329,1,0.13109083442638317,0,0.036943214014172554,0,0.03694318297008673,0,0.2747596232841413,1
824,0.1112364639993757,0,0.11123646493069828,0,0.11123646493069828,0,0.1112364639993757,0,0.1112364639993757,0,0.11123646437190474,0
825,0.10195615565559517,0,0.07162620290182531,0,0.0650439999687175,0,0.10195615565559517,0,0.10195615565559517,0,0.08850773396746567,0
826,0.10035146047205974,0,0.5208532269267986,1,0.5114887158852071,1,0.10035127929101388,0,0.1003512479364872,0,0.26667918610231334,1
827,0.12882148950787572,0,0.1433226647786796,0,0.14332267347102365,0,0.11460528088112672,0,0.12882133566987855,0,0.13177868886171687,0
828,0.33881661233802635,1,0.3388499201585849,1,0.33884951782723266,1,0.33881919644773006,1,0.338820335144798,1,0.3388311163832744,0
829,0.10849242614737402,0,0.14397588550734022,0,0.1439740383066237,0,0.09963928074769986,0,0.11415670443481456,0,0.12204766702877046,0
830,0.07427252363413572,0,0.13936706508199373,0,0.13938400335609913,0,0.07458326717217763,0,0.07417634160568316,0,0.10035664017001786,0
831,0.1575584268818299,0,0.1546849945637708,0,0.16538504821558794,0,0.1577811671110491,0,0.1568080469733104,0,0.15844353674910963,0
832,0.10401977833438043,0,0.10487869135492171,0,0.11527001558958243,0,0.10401903492553781,0,0.10401868761982769,0,0.10644124156485002,0
833,0.1136748162098229,0,0.33527539841209847,1,0.3165336429762344,1,0.11358945599446695,0,0.11337356564278404,0,0.19848937584708132,1
834,0.10557683658165236,0,0.12592529132962227,0,0.12592529132962227,0,0.10557683658165236,0,0.10557683658165236,0,0.11371621848084032,0
835,0.03629139065742493,0,0.1310896632882456,0,0.1310896632882456,0,0.04243725755562385,0,0.039599351584911346,0,0.07610146527489026,0
836,0.08712880515183012,0,0.9235110143199563,1,0.13869341928511858,0,0.08712880515183012,0,0.08712880530705054,0,0.26471816984315716,1
837,0.1039696794662935,0,0.1039696794662935,0,0.10961337228460859,0,0.1039696794662935,0,0.1039696794662935,0,0.10509841802995652,0
838,0.050458683321873345,0,0.1310930809316536,0,0.13109309055532017,0,0.06661820566902558,0,0.05045861812929312,0,0.08594433572143316,0
839,0.10034401866141707,0,0.1003437014684702,0,0.10278300079517066,0,0.10034401198693861,0,0.10034398874267936,0,0.10083174433093518,0
840,0.03730730960766474,0,0.023756979033350945,1,1.039793577666084,1,0.03730731395383676,0,0.03730728601415952,0,0.2350944932550192,1
841,0.04330514123042425,0,0.0523035591468215,0,0.014178475985924402,1,0.04330512757102648,0,0.04330512384573618,0,0.039279485555986565,1
842,0.08862774772569537,0,0.08499196030121918,0,0.8090791734866798,1,0.08862775176142652,0,0.08862773592894276,0,0.2319908738407927,1
843,0.08818444159502785,0,0.11123965051956475,0,0.11123965300309162,0,0.06994861690327525,0,0.08688369548569123,0,0.09349921150133014,0
844,0.10557686545265217,0,0.10159744221406679,0,1.2017051610164344,1,0.10557686607353389,0,0.10557686498699088,0,0.32400663994873563,1
845,0.11699702536376815,0,0.13109062115351358,0,0.13109062736233076,0,0.11699704833639164,0,0.11699700301202635,0,0.12263446504560609,0
846,0.037306259696682297,0,0.14331779101242623,0,0.14331779287507138,0,0.037306255971392,0,0.037306259696682297,0,0.07971087185045082,0
847,0.0997820047584052,0,0.1101784782173733,0,0.10506951094915469,0,0.0997828357309724,0,0.09978158201556653,0,0.10291888233429443,0
848,0.043304732690254845,0,0.9810473359345148,1,0.14331740008977553,0,0.043304732690254845,0,0.043304732690254845,0,0.250855786819011,1
849,0.04936414584517479,0,1.6516982783408214,1,0.111236968000109,0,0.04936417999366919,0,0.04936415267487367,0,0.3822055449709296,1
850,3.9157396176209054,1,16.13803891108061,1,13.037702842848375,1,3.915739608928561,1,3.9157395940274,1,8.18459211490117,0
851,0.1483828891068697,0,2.7549228095449507,1,0.13108966359868646,0,0.1483828891068697,0,0.1483828891068697,0,0.6662322280928492,1
852,0.12609188817441463,0,0.12609188817441463,0,0.12609188817441463,0,0.12609188817441463,0,0.12609188817441463,0,0.12609188817441463,0
853,0.11799581251883258,0,0.13869344256818295,0,0.13869344256818295,0,0.1096177874521042,0,0.09975190934104224,0,0.12095047888966899,0
854,0.07470047970612843,0,0.07470047877480586,0,0.07470047877480586,0,0.07470047970612843,0,0.07470047970612843,0,0.0747004793335994,0
855,0.07381209932888548,0,0.13869344303384423,0,0.13869344256818295,0,0.07381210398549835,0,0.07381209932888548,0,0.09976463764905931,0
856,0.049363564079006515,0,0.08113957879443963,0,0.03475861189266046,1,0.049363564079006515,0,0.049363564079006515,0,0.05279777658482393,1
857,0.06308796132604282,0,0.09083954058587551,0,2.1928059208051613,1,0.06308796132604282,0,0.06308796132604282,0,0.49458186907383295,1
858,0.07872448613246281,0,0.07872448271761338,0,0.07872448209673166,0,0.07872448551158111,0,0.07872448178629081,0,0.07872448364893596,0
859,0.07381210708990693,0,0.13869344225774208,0,0.13869344225774208,0,0.1050168826089551,0,0.07381210522726178,0,0.10600559588832159,0
860,0.07381410694991548,0,0.13869523024186492,0,0.1386952311731875,0,0.07381417136639357,0,0.07381408273552854,0,0.099766564493378,0
861,0.08351755763093631,0,0.12592758129661283,0,0.12592758378013968,0,0.08351762468616168,0,0.08351752658685048,0,0.1004815747961402,0
862,0.05932439242800077,0,0.08355885844988127,0,0.07996241298193733,0,0.059324463829398155,0,0.05932436945537726,0,0.06829889942891895,0
863,0.09975590758646528,0,0.10356766420106094,0,0.10479214310180396,0,0.0997559365350753,0,0.09975583474927892,0,0.10152549723473689,0
864,0.1151852713082917,0,0.11518518923548982,0,0.09677492257712099,0,0.11518527823500335,0,0.11518526269355789,0,0.11150318480989277,0
865,0.061047368915751576,0,0.14331899808409312,0,0.1433189936603109,0,0.06305678701028228,0,0.08862887974828482,0,0.09987420548374454,0
866,0.04171373012165228,0,1.8289809646084905,1,0.1386934844776988,0,0.04171373012165228,0,0.04171373384694258,0,0.4185631286352873,1
867,0.04330475193758806,0,1.2439613404373329,1,0.14331741475810608,0,0.04330475193758806,0,0.04330475193758806,0,0.30343860220164054,1
868,0.06851695664227009,0,0.06851696160932381,0,0.050851454958319664,0,0.06851695664227009,0,0.06851696160932381,0,0.0649838582923015,0
869,0.05879445932805538,0,0.13869591491917768,0,0.1386959203518927,0,0.0718202143907547,0,0.0685150275627772,0,0.09530430731053154,0
870,0.029136457790931065,1,0.1433180539558331,0,0.14331804929922023,0,0.030893216530481975,1,0.05199643597006798,0,0.07973244270930688,1
871,0.04171372950077057,0,1.7242295606993139,1,0.1386937677549819,0,0.04171372950077057,0,0.041713727017243706,0,0.39761290289461615,1
872,0.1151849051238969,0,0.14331756827111045,0,0.14331756237273416,0,0.11518490663729608,0,0.11518490446421008,0,0.12643796937384952,0
873,0.03694983199238777,0,1.1854484466214974,1,0.9759856971601645,1,0.03694979473948479,0,0.036949685464302696,0,0.4544566911955674,1
874,0.07470088483144839,0,0.1433177609772732,0,0.14331776128771404,0,0.05576246837154031,0,0.07470087582866351,0,0.0983599502593279,0
875,0.10195652674883604,0,0.06504427152685821,0,0.7718656911359479,1,0.10195653485910346,0,0.10195652026838313,0,0.2285559089078258,1
876,0.27808539755642414,1,0.27813019293049973,0,0.2781292504320542,0,0.2780712948491176,1,0.27809043414890766,1,0.27810131398340066,1
877,0.08838312327861786,0,0.12597233631337681,0,0.12597247290735444,0,0.09250375318030517,0,0.10809624381363392,0,0.10818558589865765,0
878,0.03959914483129978,0,2.353403018321842,1,2.077369506470859,1,0.03959914855659008,0,0.039599147935708366,0,0.9099139932232598,1
879,0.6803842689841986,1,0.13870206149294972,0,0.1387021093008419,0,0.6863439697772264,1,0.6539151289810737,1,0.4596095077072581,1
880,0.059107812121510506,0,0.12592581488812962,0,0.12592581131805977,0,0.059107812121510506,0,0.05910781150062879,0,0.08583501238996784,0
881,0.9332160893827677,1,0.13109174681206545,0,0.13109176186844707,0,0.9332160794486603,1,0.9332161266356707,1,0.6123663608295222,1
882,0.11535398475825787,0,0.12122278722623984,0,1.4996159280029435,1,0.1153538916260004,0,0.11535403318703175,0,0.39338012496009467,1
883,0.2200855122258266,0,0.1310909722621242,0,0.13109097878138223,0,0.22008549111584821,0,0.2200855171928803,1,0.1844876943156123,1
884,0.036943153167764343,0,0.036943127711613975,0,0.036943127711613975,1,0.036943147579828896,0,0.03694316868980726,0,0.03694314497212569,1
885,0.037306261559327446,0,0.03730623361965021,0,0.04246292201181253,0,0.03730625659227371,0,0.037306260938445725,0,0.03833758694430192,0
886,0.29807172156870365,1,3.0680943075567484,1,0.13109103760992488,0,0.29807173771162826,1,0.2980717041840156,1,0.8186801017262042,1
887,0.08712882082909346,0,0.10587851730330537,0,0.09653889189939946,0,0.08712882082909346,0,0.08712881756946445,0,0.09276077368607125,0
888,0.0747004837418596,0,0.14331739450184008,0,0.14331739450184008,0,0.05755165095130602,0,0.0747004837418596,0,0.0987174814877411,0
889,0.08862694228688876,0,0.06695091507087152,0,0.8674656043294817,1,0.08862694228688876,0,0.08862694725394249,0,0.24005947024561464,1
890,0.08862694663306077,0,0.47738569470432896,1,0.37372525587367517,1,0.08862694663306077,0,0.08862694663306077,0,0.22339835809543723,1
891,0.0997788132711624,0,0.10611272238505383,0,1.1607475488757093,1,0.09977955409946541,0,0.09977844008244574,0,0.31323941574276737,1
892,0.09040613410373528,0,0.11123803094960749,0,0.11123803669276337,0,0.08256005200867851,0,0.09040610787148277,0,0.09716967232525349,0
893,0.39654949742058915,1,0.3940440658479929,1,0.4307212798545758,0,0.3965493571013212,1,0.3965495905528466,1,0.40288275815546515,1
894,0.06526659739514191,0,0.1310983890046676,0,0.13109840732067823,0,0.07936472802733381,0,0.06526647197703521,0,0.09441891874497135,0
895,0.07059651116530101,0,1.5212528492944937,1,0.1259380692305664,0,0.07059662913282712,0,0.0705964012692372,0,0.3717960920184851,1
896,0.1285197070489327,0,0.13869341804335514,0,0.13869341804335514,0,0.08571302642424901,0,0.1285197070489327,0,0.12402785532176494,0
897,0.10072521260008216,0,0.14331739310485622,0,0.14331739310485622,0,0.10393698812307169,0,0.09520221047569066,0,0.11729983948171138,0
898,0.08666051208274439,0,0.14331739310485622,0,0.14331739310485622,0,0.09305151284206659,0,0.11518471730717768,0,0.11630630568834022,0
899,0.10195651669831325,0,0.08131790851863722,0,0.3314535700871299,1,0.10195652566229303,0,0.10195651371032,0,0.1437282069353387,1
900,0.03959913179278374,0,0.039599157869815826,0,0.039599151660998665,0,0.03959913489719232,0,0.0395991380016009,0,0.03959914284447829,0
901,0.20362601491312185,0,0.1386934503292044,0,0.1386934503292044,0,0.19598379048208395,1,0.23236505252619585,0,0.1818723517159621,1
902,0.2700668691347043,1,1.7666942958409588,1,0.1386934503292044,0,0.2700668852776289,1,0.2700668691347043,1,0.5431176739434401,1
903,0.042907498156030975,0,0.09260579012334347,0,2.7678914358839393,1,0.042907498156030975,0,0.042907498156030975,0,0.5978439440950752,1
904,0.09907500492408872,0,0.14331739388095835,0,0.14331739388095835,0,0.09054286389922102,0,0.10195615941969056,0,0.1156417632009834,0
905,0.14399562341471514,0,0.16319423665603003,0,0.16320199022690454,0,0.14438976782063642,0,0.14431139019628367,0,0.15181860166291397,0
906,0.09975189715623856,0,0.09975189715623856,0,0.11799579377596577,0,0.09975189746667941,0,0.09975189669057727,0,0.1034006764491399,0
907,0.059721478881935276,0,0.97218504974929,1,0.8049440246541053,1,0.059721478881935276,0,0.059721478881935276,0,0.39125870220984027,1
908,0.09040425764396787,0,0.09687105120004465,0,0.2588484249232958,0,0.09040425764396787,0,0.09040425764396787,0,0.1253864498110488,0
909,0.18463482769827047,1,0.1486706305295229,0,3.1794682821879783,1,0.18489957290391126,0,0.18485620555778345,0,0.7765059037754932,1
910,0.09589726974566777,0,1.601470069649319,1,0.14332844596356153,0,0.09589738895495732,0,0.09589749574661255,0,0.40649813401202356,1
911,0.14838191059728464,0,0.13109119034682712,0,0.13109119267513356,0,0.13003413006663322,0,0.14838191059728464,0,0.13779606685663265,0
912,0.039542473231752716,0,0.03954244280854861,0,0.08226256134609382,0,0.0395424614350001,0,0.03954244777560234,0,0.048086477319399516,0
913,0.08713047804000477,0,0.9697570906331142,1,0.1386948957418402,0,0.0871305219673862,0,0.08713045250624418,0,0.2739686877777179,1
914,0.10195652861148119,0,0.3314535651200761,0,0.14331771316938102,0,0.10195653656652819,0,0.10195652236385892,0,0.15612817316626507,0
915,0.1250193998372803,0,0.13869467905412117,0,0.13869468634948134,0,0.12501943561558923,0,0.12501937857208154,0,0.13048951588571073,0
916,0.06525678311785062,0,0.1310896632882456,0,0.1310896632882456,0,0.06525678311785062,0,0.06525678311785062,0,0.0915899351860086,0
917,0.11699592896426718,0,0.1310896632882456,0,0.1310896632882456,0,0.12234428913022082,0,0.11699592896426718,0,0.12370309472704925,0
918,0.11699592896426718,0,0.11699592896426718,0,0.11699592896426718,0,0.11699592904187739,0,0.11699592896426718,0,0.11699592897978921,0
919,0.13869344800089797,0,0.13869344256818295,0,0.13869344256818295,0,0.13869344800089797,0,0.13869344598303238,0,0.13869344542423884,0
920,0.10812573072810967,0,2.4351035210614405,1,0.12592928856611252,0,0.10812564380466938,0,0.10812579095363617,0,0.5770819950227937,1
921,0.07470103353261948,0,0.07470095995813608,0,0.07470095902681351,0,0.07470104843378067,0,0.07470101428528626,0,0.0747010030473272,0
922,0.03959898588558038,0,1.3949328485565882,1,1.1186836934648454,1,0.03959898712734381,0,0.039599016308784485,0,0.5264827062686284,1
923,0.07059355576833089,0,0.07995717848340671,0,1.3670868845656514,1,0.07059366069734097,0,0.0705935216198365,0,0.3317649602269133,1
924,0.0684999159226815,0,1.5480965063907206,1,0.13871480027834573,0,0.06849943660199642,0,0.0685001394400994,0,0.3784621597267688,1
925,0.07124010132004817,0,0.11123646384415527,0,0.11123646384415527,0,0.07124010132004817,0,0.07124010132004817,0,0.087238646329691,0
926,0.09142201021313667,0,0.5570179445979496,1,0.4810695708729327,1,0.09142201021313667,0,0.09142201021313667,0,0.2624707092220585,1
927,0.1250179783285906,0,0.12474129969875018,0,0.12396941349531214,0,0.1250179783285906,0,0.12501797856142124,0,0.12475292968253296,0
928,0.14501179564589015,0,0.23326571409900984,0,0.23357661999762058,0,0.15273131825961173,0,0.1441162788347962,0,0.1817403453673857,0
929,0.1959940337886413,0,0.13887474313378334,0,0.13887525955215096,0,0.19599069220324358,1,0.1959955239047607,1,0.173146050516516,1
930,0.0704711340367794,0,0.06670897888640563,0,0.0601093073685964,0,0.07218180410563946,0,0.06998929381370544,0,0.06789210364222527,0
931,0.08948131712774436,0,0.21014190341035524,0,0.210327643280228,0,0.09181119470546643,0,0.08882436342537403,0,0.1381172843898336,0
932,0.1916712538804859,1,0.5716161280870438,1,0.5722867871324221,1,0.30558170781781274,1,0.19031484091343978,0,0.36629414356624085,1
933,0.08865477237850428,0,0.08865212307622035,0,0.07366922373572986,0,0.08865588686118524,0,0.08865455072373152,0,0.08565731135507425,0
934,0.19607388662795225,0,0.18056740301350752,0,3.117269203377267,1,0.19607416229943433,1,0.19607455718020597,1,0.7772118424996733,1
935,0.03666268661618233,0,0.14331776555627584,0,0.14331776415929198,0,0.06012281278769175,0,0.06275878474116325,0,0.08923596277212104,0
936,0.09901687192420165,0,0.7006576646429797,1,0.12593047972768545,0,0.09901704095924894,0,0.09901679105435808,0,0.22472776966169478,1
937,0.09975191112607718,0,0.09975190879777074,0,0.11540240111450355,0,0.09975190926343203,0,0.09975190988431375,0,0.10288200803721945,0
938,0.09975190941865246,0,0.13869344225774208,0,0.13869344225774208,0,0.09975190934104224,0,0.09975191050519545,0,0.11532852275607486,0
939,0.07494033919647336,0,0.13869344101597866,0,0.13869344101597866,0,0.0866254714007179,0,0.09647121381325026,0,0.10708478128847979,0
940,0.10034243560706575,0,0.10034243793537219,0,0.0963406110337625,0,0.10034243560706575,0,0.10034243560706575,0,0.09954207115806638,0
941,0.04936356097459793,0,0.04936356283724308,0,0.06417910878856976,0,0.04936356097459793,0,0.04936356097459793,0,0.052326670909921325,0
942,0.08862694942702849,0,0.06874948553740978,0,0.96466089777338,1,0.08862694973746936,0,0.08862694942702849,0,0.25985824638046323,1
943,0.07872439703593652,0,0.07872439672549565,0,0.07872439672549565,0,0.07872439734637737,0,0.07872439703593652,0,0.07872439697384834,0
944,0.04882928729057312,0,0.04882928729057312,0,0.04323969626178344,0,0.04882928729057312,0,0.04882928729057312,0,0.047711369084815186,0
945,0.07124010132004817,0,0.07124010132004817,0,0.07124010132004817,0,0.07124010132004817,0,0.07124010132004817,0,0.07124010132004817,0
946,0.10195615476307769,0,0.14331739279441535,0,0.14331739279441535,0,0.10195615476307769,0,0.10195615476307769,0,0.11850064997561276,0
947,0.11151089234044775,0,0.14290317427366972,0,0.14288302138447762,0,0.09864651132375002,0,0.09308050790180762,0,0.11780482144483055,0
948,0.08902880355405311,0,0.1401862595230341,0,0.14018887964387736,0,0.08898933945844571,0,0.08898888217906158,0,0.10947643287169437,0
949,0.108868517447263,0,0.1354447165504098,0,0.13545292615890503,0,0.10904829066324358,0,0.10881868472400431,0,0.11952662710876513,0
950,0.05972202432652315,0,0.05972195354600748,0,0.05562660377472639,0,0.05972203550239404,0,0.05972202060123285,0,0.05890292755017679,0
951,0.12609188569088778,0,0.12609188444912434,0,0.10360972521205743,0,0.12609188569088778,0,0.12609188569088778,0,0.12159545334676902,0
952,0.07872581606109937,0,0.09176758800943692,0,0.7072220902579526,1,0.07872584958871205,0,0.0787257980555296,0,0.20703342839454608,1
953,0.07125408481806517,0,0.07943418808281422,0,0.40919089325082797,1,0.07125450298190117,0,0.07125392028441031,0,0.14047751788360377,1
954,0.03694290481507778,0,0.03694291599094868,0,0.052937816828489304,0,0.03694290605684122,0,0.03694290419419607,0,0.04014188957711061,0
955,0.07124940461168687,0,0.07124738643566768,0,0.07124741623799007,0,0.07124923138568799,0,0.07124919102837642,0,0.0712485259398818,0
956,0.0997520169087996,0,0.10961788423204173,0,0.4504390877361099,1,0.09975201706402004,0,0.09975201582225661,0,0.17186260435264558,1
957,0.11518476208827148,0,0.44849164380381507,1,0.4147853810961048,1,0.11518476212707658,0,0.11518476129276678,0,0.24176626208160693,1
958,0.059623414340118565,0,0.1311391449222962,0,0.13113929874574146,0,0.06871169805526733,0,0.06574007061620553,0,0.09127072533592581,0
959,0.08863634212563436,0,0.14332482249786457,0,0.14332483592443168,0,0.08863618007550637,0,0.0886361263692379,0,0.110511661398535,0
960,0.11460516050768395,0,0.14332141261547804,0,0.1433214177377522,0,0.11834271430658798,0,0.1288197591638891,0,0.12968209286627824,0
961,0.10197794464572023,0,0.06202861433848739,0,0.6965385539612422,1,0.10197750801065315,0,0.10197744658216834,0,0.21290001350765425,1
962,0.10364978993311524,0,0.11736422815981011,0,0.10910644681037714,0,0.1030239329362909,0,0.10292960051447153,0,0.107214799670813,0
963,0.1301114647697735,0,0.1444521772209555,0,0.14444675801011422,0,0.13009968464515018,0,0.13009280176872076,0,0.13584057728294283,0
964,0.09517174617697795,0,1.0757946666950982,1,0.14469683604935804,0,0.09491987759247422,0,0.09491844366615017,0,0.3011003140360117,1
965,0.1003424352966249,0,0.1003424352966249,0,0.1003424352966249,0,0.1003424352966249,0,0.1003424352966249,0,0.1003424352966249,0
966,0.13109014726554355,0,0.13109011948108673,0,0.13109011358271042,0,0.13109015005951127,0,0.13109014136716723,0,0.13109013435120384,0
967,0.12881508291563173,0,0.12881506832976206,0,0.11833800189197063,0,0.12881508369658454,0,0.12881507803103887,0,0.12671966297299758,0
968,0.1288150832260726,0,0.12881506538057388,0,0.1250947684942124,0,0.1288150832260726,0,0.1288150754310967,0,0.12807101515160563,0
969,0.08089071434612076,0,0.09063158556818962,0,0.8113243991974741,1,0.08089072769507766,0,0.0808907113969326,0,0.22892562764075897,1
970,0.13869341757769385,0,0.13869341757769385,0,0.13869341757769385,0,0.13869341757769385,0,0.13869341757769385,0,0.13869341757769385,0
971,0.15155197260901332,0,0.14854991265262166,0,0.13315053548042974,0,0.15294022733966509,0,0.15121845668181777,0,0.14748222095270952,0
972,0.059323644265532494,0,1.9385312964829307,1,0.13869503823419413,0,0.059323705111940704,0,0.05932362501819929,0,0.4510394618225595,1
973,0.07381392704943816,0,0.07381370818863313,0,0.07381370632598798,0,0.07381396818285187,0,0.07381390702600281,0,0.07381384335458278,0
974,0.0914235843035082,0,0.5570171830865244,1,0.48106988659128547,1,0.09142362155641119,0,0.09142356707404058,0,0.262471568522354,1
975,0.03694420804580053,0,0.05017144667605559,0,0.042974935534099735,0,0.03694426206250986,0,0.03694421115020911,0,0.04079581269373496,0
976,0.0395417387286822,0,0.03954181758066019,0,0.03954187097648779,0,0.039541782811284065,0,0.03954176542659601,0,0.03954179510474205,0
977,0.348964330740273,1,0.32721371731410426,0,0.30374301380167407,0,0.35804778585831326,1,0.34743843289713067,1,0.3370814561222991,1
978,0.12501795574401817,0,0.1247412795200944,0,0.12396939750760794,0,0.12501795636489987,0,0.12501795574401817,0,0.12475290897612772,0
979,0.12501798120016852,0,0.16698781959712505,0,0.16022641863673925,0,0.1250179820538809,0,0.12501798120016852,0,0.14045363653761644,0
980,0.09040426082598667,0,0.09040426028271516,0,0.09040426028271516,0,0.09040426067076623,0,0.09040426191252966,0,0.09040426079494257,0
981,0.09901303984224796,0,0.1259271140831212,0,0.12592712929472327,0,0.07416336067641775,0,0.09901301671440403,0,0.10480873212218285,0
982,0.12474282085895538,0,0.13869474859287342,0,0.13869474781677127,0,0.12092302592160802,0,0.12501946456419924,0,0.12961496155088145,0
983,0.11221501724018405,0,0.11615285083341102,0,0.327022685824583,1,0.11221529671456665,0,0.11221487047926833,0,0.1559641442184026,1
984,0.036943212151527405,0,0.7664770244931182,1,0.13109088114773235,0,0.03694320594271024,0,0.0369431891789039,0,0.20167950258279843,1
985,0.04023731561998526,0,0.11123646524113913,0,0.11123646524113913,0,0.04023731561998526,0,0.04023731561998526,0,0.06863697546844681,0
986,0.9206266844024261,1,0.125934737889717,0,0.12593476862336198,0,0.9195387916018566,1,0.8812275622040033,1,0.594652508944273,1
987,0.04516486761470636,0,0.12593274066845575,0,0.12593277279908457,0,0.05473027005791664,0,0.033254001289606094,1,0.07700293048595389,1
988,0.26321071572601795,1,0.14331818465143442,0,0.14331819474076232,0,0.26321070455014706,0,0.26321071324249107,1,0.21525370258217058,1
989,0.03694353314737479,0,1.3358298752767344,1,0.13109214464202523,0,0.03694353190561136,0,0.03694352135062218,0,0.3155505212644736,1
990,0.18333562525610128,1,1.546801308946063,1,0.13112134207040071,0,0.1833357655753692,0,0.18333602386216322,0,0.4455860131420195,1
991,0.04685633257031441,0,0.04475413573284944,0,0.0971959059437116,0,0.04685633381207784,0,0.046856400867303215,0,0.056503821785251304,0
992,0.03706453926861286,0,1.2901968973067899,1,1.0473320844272773,1,0.037064556032419205,0,0.03706452747186025,0,0.4897445209013919,1
993,0.08862781555702288,0,0.08862767244378726,0,0.08862767772128184,0,0.08862782393892606,0,0.08862780608857672,0,0.08862775914991895,0
994,0.10396976326592267,0,0.110218214627821,0,0.4522824361920357,1,0.10396976512856781,0,0.1039697618689388,0,0.17488198821665718,1
995,0.23236510468026003,0,3.072878558188677,1,0.1386934189746777,0,0.23236510468026003,0,0.23236510468026003,0,0.781733458240827,1
996,0.15804638527333736,0,0.14331739279441535,0,0.14331739279441535,0,0.15804638527333736,0,0.15804638527333736,0,0.15215478828176857,0
997,0.05031806603074074,0,2.973760329807798,1,0.12592529505491257,0,0.05031806603074074,0,0.05031806603074074,0,0.6501279645909865,1
998,0.11518471734598279,0,0.42348903549524647,1,0.14331739279441535,0,0.11518471726837258,0,0.11518471734598279,0,0.18247211605,1
999,0.039542386308312416,0,0.03954245646794637,0,0.062259544928868614,0,0.03954240555564562,0,0.03954241362710794,0,0.04408584137757619,0
1000,0.5662577959398428,1,0.1259762279999753,0,0.12597639563803872,0,0.566257226591309,1,0.5662580877542496,1,0.3901451467846831,1
1001,0.0395990206549565,0,0.1310912041614453,0,0.13109120726585388,0,0.039598993957042694,0,0.03959902251760165,0,0.07619588971138,0
1002,0.06851549881199996,0,2.4073666778082647,1,0.13869530381634831,0,0.06851546776791413,0,0.06851550129552682,0,0.5503216899000108,1
1003,0.12881512812358173,0,0.1553662883428236,0,0.14331771270371974,0,0.1288151324649031,0,0.12881512696427913,0,0.13702587771986147,0
1004,0.08446665046115716,0,0.13109101494774222,0,0.13109101712082824,0,0.08446661817530791,0,0.08446668895582359,0,0.10311639793217182,0
1005,0.039599028105537094,0,2.07736953937759,1,0.13109116271759072,0,0.039599018171429634,0,0.03959903803964456,0,0.46545155728235843,1
1006,0.11194940757316847,0,0.4530329566138486,1,0.4106105933897197,1,0.11194946597485493,0,0.11194937924544017,0,0.23989836055940642,1
1007,0.050456078723073006,0,0.050455947717030845,0,0.050455947096149124,0,0.050456106662750244,0,0.05045605699221293,0,0.050456027438243234,0
1008,0.07059222770233949,0,1.3087208416933815,1,0.1259284761423866,0,0.07059226185083389,0,0.0705922283232212,0,0.32928520714243253,1
1009,1.3231021283815305,1,1.327562786017855,1,1.3215930356333654,1,1.3231021283815305,1,1.3231021768103044,1,1.3236924510449173,0
1010,0.6161673994114002,1,0.12596220010891557,0,0.12596230364094177,0,0.6510317518065373,1,0.6103490125387907,1,0.42589453350131706,1
1011,0.13895415949324766,0,0.12591973630090555,0,2.9822546571182706,1,0.1389540738115708,0,0.13895425821344057,0,0.7050073769874869,1
1012,0.18318830989301205,1,0.11123793688602746,0,0.11123793781735003,0,0.20207908314963183,1,0.1831883198271195,0,0.15818631751462817,1
1013,0.5121398624032736,1,0.13109987089410424,0,0.1310998898309966,0,0.5121398537109295,1,0.5121399605025848,1,0.3597238874683778,1
1014,0.14838284812867641,0,0.13108969355622926,0,0.13108969355622926,0,0.16715993732213974,0,0.14838284812867641,0,0.1452210041383902,0
1015,0.050318059201041855,0,2.380475019880881,1,0.12592532159760594,0,0.050318059201041855,0,0.050318059201041855,0,0.5314709038163224,1
1016,0.08353913327058156,0,0.13869346771389246,0,0.13869346771389246,0,0.10380556861249109,0,0.04428736368815104,0,0.1018038001998017,0
1017,0.08089067492013176,0,0.5097135720619311,1,0.11123678282213707,0,0.08089068500945966,0,0.08089067554101348,0,0.17272447807093463,1
1018,0.11123645468614995,0,0.11123645468614995,0,0.11123645468614995,0,0.11123645530703168,0,0.11123645468614995,0,0.11123645481032632,0
1019,0.1434648521244526,0,0.12592612905427814,0,0.12592612284546098,0,0.061457890551537275,0,0.097287534425656,0,0.11081250580027699,0
1020,0.0886272204418977,0,0.08862721299131711,0,0.08862721050779025,0,0.0886272294446826,0,0.08862722292542458,0,0.08862721926222245,0
1021,0.11221065779682249,0,0.1122104168171063,0,0.11221038018508504,0,0.11221067906202127,0,0.11221059392361592,0,0.11221054555693019,0
1022,0.11704582759800057,0,0.11704150261357427,0,0.11704168429908653,0,0.11704772221855819,0,0.1170452971321841,0,0.11704440677228074,0
1023,0.07889393841226895,0,0.447705141423891,1,0.13124146840224662,0,0.0789003719886144,0,0.07889215151468913,0,0.16312661434834203,1
1024,0.0920939831994474,0,0.09203733193377654,0,0.09203935228288174,0,0.09211941466977198,0,0.09208693231145541,0,0.09207540287946661,0
1025,0.059321911384661995,0,0.8886987076451381,1,0.13869345374405384,0,0.059321911384661995,0,0.059321911384661995,0,0.24107157910863558,1
1026,0.07872440076122682,0,0.07872440200299025,0,0.08923504625757535,0,0.07872440076122682,0,0.07872440076122682,0,0.08082653010884921,0
1027,0.04171371087431908,0,0.1386935655027628,0,0.13869356674452624,0,0.04171370963255564,0,0.04171371211608251,0,0.08050565297404925,0
1028,0.0738120765114824,0,0.08897605379267286,0,1.7206136202439666,1,0.0738120765114824,0,0.0738120765114824,0,0.4062051807142173,1
1029,0.11699592904187739,0,0.13108966359868646,0,0.13108966359868646,0,0.11699592904187739,0,0.11699592904187739,0,0.12263342286460102,0
1030,0.08862694151078661,0,0.14331739279441535,0,0.14331739279441535,0,0.08862694151078661,0,0.08862694151078661,0,0.1105031220242381,0
1031,0.11222706808863829,0,0.1122227458205695,0,0.11222280146709333,0,0.11222680242887388,0,0.11222657704881082,0,0.11222519897079716,0
1032,0.074300741776824,0,0.11123646089496712,0,0.11123646089496712,0,0.06629501438389222,0,0.04218097155292829,0,0.08104992990071576,0
1033,0.07381211003909509,0,0.13869344955310225,0,0.13869344862177968,0,0.07381211003909509,0,0.07381211003909509,0,0.09976464565843345,0
1034,0.040906320636471115,0,0.04090632436176141,0,0.04090632436176141,0,0.04090632125735283,0,0.040906320636471115,0,0.04090632225076358,0
1035,0.11518472310854122,0,0.14331739915845296,0,0.14331739915845296,0,0.09520221482186268,0,0.11518472322495654,0,0.1224412918944533,0
1036,0.09142365927497546,0,0.09142350886637966,0,0.09869136556517333,0,0.09142372539887826,0,0.09142364639167984,0,0.09287718109941731,0
1037,0.11518857185728848,0,0.09546809635745983,0,0.07955735764213993,0,0.11518872729114567,0,0.11518854384000103,0,0.104118259397607,0
1038,0.07879206941773494,0,0.9669649171022078,1,0.13114905931676427,0,0.07879392337054014,0,0.07879121322184801,0,0.26689823648581906,1
1039,0.08873335675646861,0,0.06394990952685475,0,1.020947481195132,1,0.08873753560086091,0,0.08873253564039867,0,0.270220163743943,1
1040,0.05932192069788774,0,0.13869346336772045,0,0.13869346336772045,0,0.05932192069788774,0,0.05932192069788774,0,0.09107053776582082,0
1041,0.04330474200348059,0,0.1433174016419798,0,0.1433174016419798,0,0.04330474076171716,0,0.04330474200348059,0,0.08330980561052759,0
1042,0.07872477391113837,0,0.13109002960845828,0,0.13109003209198514,0,0.07872477360069752,0,0.07872477235893409,0,0.09967087631424268,0
1043,0.059321909522016845,0,0.13869344256818295,0,0.13869344256818295,0,0.059321909522016845,0,0.05932190455496311,0,0.09107052174707254,0
1044,0.10557686529743175,0,0.8715297246041397,1,0.12592531694099307,0,0.10557686498699088,0,0.10557686514221132,0,0.26283712739435333,1
1045,0.11535789258778095,0,1.927847949322313,1,0.1310896632882456,0,0.11535789258778095,0,0.11535789258778095,0,0.48100225807478025,1
1046,0.037306184569994606,0,0.14331739279441535,0,0.14331739279441535,0,0.037306184569994606,0,0.037306184569994606,0,0.07971066785976291,0
1047,0.11535655769209067,0,0.11535669428606828,0,0.11535668931901455,0,0.11535651547213395,0,0.1153565663844347,0,0.11535660463074841,0
1048,0.10558024522227545,0,0.8179222773760557,1,0.7424588010956844,1,0.10558033649188776,0,0.10558019671589136,0,0.37542437138035895,1
1049,0.06245945580303669,0,3.017526966209213,1,2.5748445481682816,1,0.06245931672553221,0,0.06245949367682139,0,1.1559499561165771,1
1050,0.039370523765683174,0,0.035650126015146576,0,0.04566546529531479,0,0.039362446094552674,0,0.0393727570772171,0,0.03988426364958286,0
1051,0.19610425643622875,0,3.2110304846428335,1,0.13869547642146549,0,0.19610422663390636,1,0.19610428251326084,1,0.787607745329539,1
1052,0.12501799416107437,0,0.12501798872835934,0,0.12092149467207491,0,0.12501799454912543,0,0.12501799128949642,0,0.1241986926800261,0
1053,0.2793069180722038,1,0.279443196952343,0,0.2786516894896825,0,0.2699302503218253,1,0.27719304400185746,1,0.2769050197675824,1
1054,0.10406914091436192,0,0.13118242037793001,0,0.13118187601988515,0,0.10406951148373385,0,0.10406815811681251,0,0.11491422138254467,0
1055,0.055646575366457306,0,0.13629367606093487,0,0.1362651353701949,0,0.055666119481126465,0,0.05559654378642639,0,0.08789361001302799,0
1056,0.11780051708531876,0,0.11710839159786701,0,0.1263958070970451,0,0.11786867817863822,0,0.11760002700611949,0,0.1193546841929977,0
1057,0.10683799193551143,0,0.14660338514174023,0,0.14658638865997395,0,0.1004831904429011,0,0.11888099482651644,0,0.12387839020132865,0
1058,0.09142616825799148,0,0.13109322901194295,0,0.13109324034303427,0,0.09142627070347469,0,0.09142610896378756,0,0.1072930034560462,0
1059,0.03694405841330687,0,0.9759572213515639,1,0.7664778476270536,1,0.03694408449033896,0,0.03694406275947889,0,0.3706534549283485,1
1060,0.04023731251557668,0,0.9666394950666776,1,0.11123646524113913,0,0.04023731561998526,0,0.04023731251557668,0,0.23971758019179107,1
1061,0.04381402830282847,0,0.11123646524113913,0,0.11123646524113913,0,0.05161140486598015,0,0.04381402830282847,0,0.07234247839078307,0
1062,0.11220634864487995,0,0.13869487680494785,0,0.13869488254810372,0,0.11220638915741195,0,0.11220632458571345,0,0.1228017643482114,0
1063,0.09179788501933217,0,0.09179788470889132,0,0.07734942063689232,0,0.09179788501933217,0,0.09179788470889132,0,0.08890819201866787,0
1064,0.04381401650607586,0,0.11123646679334342,0,0.11123646679334342,0,0.08569463714957237,0,0.04381401650607586,0,0.07915912074968219,0
1065,0.059321911384661995,0,0.07234546806042393,0,0.7839472200721502,1,0.059321911384661995,0,0.059321911384661995,0,0.206851684457312,1
1066,0.08862694911658764,0,0.08499127766117454,0,0.8090793017763644,1,0.08862694911658764,0,0.08862694911658764,0,0.23199028535746039,1
1067,0.0762330461293459,0,0.1259253191140791,0,0.1259253191140791,0,0.12883964149902263,0,0.07553479758401711,0,0.10649162468810877,0
1068,0.10812847130000591,0,1.6524283797480166,1,0.12592532159760594,0,0.10812847130000591,0,0.10812847130000591,0,0.4205478230491281,1
1069,0.033997273072600365,1,0.019391185293594997,1,0.846999303981041,1,0.033997283627589546,0,0.033997273072600365,1,0.19367646380948525,1
1070,0.04936356097459793,0,0.0954484719162186,0,0.0338159870977203,1,0.04936356097459793,0,0.04936356097459793,0,0.05547102838754654,1
1071,0.13439463606725136,0,0.13869467051699758,0,0.1386946759497126,0,0.13173276791349053,0,0.12501937290653586,0,0.1337072246707976,0
1072,0.10034564859233797,0,0.14505495325041315,0,0.1112392961513251,0,0.10034578782506287,0,0.10034562814204644,0,0.1114662627922371,0
1073,0.08862694290777047,0,0.06361599080264568,0,0.4194971750645588,1,0.08862694290777047,0,0.08862694290777047,0,0.1497987989181032,1
1074,0.07921308216949303,0,0.13152064584816495,0,0.1315216456229488,0,0.07922780265410741,0,0.07920729617277782,0,0.10013809449349839,0
1075,0.11195045484540363,0,0.11195006989873946,0,0.11195008169549207,0,0.11195054223450522,0,0.1119504125478367,0,0.11195031224439542,0
1076,0.08089143317192793,0,0.11123741612148781,0,0.11123742419295013,0,0.08089146359513204,0,0.0808914196677506,0,0.0930298313498497,0
1077,0.11799855312953393,0,0.13869583467021585,0,0.1386958404133717,0,0.10962062166072428,0,0.09975463342076789,0,0.12095309665892273,0
1078,0.07877166320880254,0,0.07881443218017618,0,0.41857663247113425,1,0.07877294719219208,0,0.0787710656101505,0,0.1467413481324911,1
1079,0.13109449793895087,0,0.1310936730975906,0,0.13109367294237018,0,0.1310944709305962,0,0.13109440092618266,0,0.1310941431671381,0
1080,0.12502546329051256,0,0.12502412482475242,0,0.12502414135572812,0,0.1250254202944537,0,0.12502530558655658,0,0.12502489107040068,0
1081,0.10196057563492407,0,0.10195968785167982,0,0.09907853005764385,0,0.10196051311989625,0,0.1019604798251142,0,0.10138395729785163,0
1082,0.10195684359253694,0,0.14331796617868045,0,0.1433179669547826,0,0.10195684522235145,0,0.10195682512130588,0,0.11850128941393145,0
1083,0.13108968563998738,0,0.13108968595042825,0,0.13108968595042825,0,0.13108968563998738,0,0.13108968812351426,0,0.1310896862608691,0
1084,0.11220626924963047,0,0.11220607731956989,0,0.12195722696681817,0,0.1122063099949931,0,0.11220624340542902,0,0.11415642538728812,0
1085,0.117000367725268,0,0.11699986977813144,0,0.11905398697126657,0,0.11700047055880229,0,0.11700031153547268,0,0.11741100131378819,0
1086,0.07124081440269947,0,0.071240719097356,0,0.08297227090224624,0,0.07124083085606496,0,0.07124080788344145,0,0.07358708862836164,0
1087,0.04428903261820475,0,2.208973037855079,1,2.009883677586913,1,0.04428908166786035,0,0.044289011508226395,0,0.8703447682472566,1
1088,0.09729996346868575,0,0.13109360542148352,0,0.13109360666324696,0,0.09869453103359167,0,0.09142652805894613,0,0.10992164692919082,0
1089,0.059721906979878746,0,0.1433177605892221,0,0.14331776089966297,0,0.059721906358997025,0,0.05972189207871755,0,0.09316024538129568,0
1090,0.10398416582029313,0,0.10398288746364415,0,0.1146837119013071,0,0.10398471458271767,0,0.10398400852379079,0,0.10612389765835058,0
1091,0.09146671152363221,0,0.619188434133927,1,0.1311291983971993,0,0.09146840280542771,0,0.09146623018508156,0,0.20494379540905353,1
1092,0.14717324543744326,0,0.15165050389866033,0,0.1517239036038518,0,0.14837743792062005,0,0.146884694074591,0,0.1491619569870333,0
1093,0.1250223940393577,0,0.12502187568073472,0,0.13173523529743156,0,0.12502250440108278,0,0.12502232822589576,0,0.1263648675289005,0
1094,0.05972149005780617,0,1.0144469970061134,1,0.14331739419139922,0,0.05972149005780617,0,0.05972149005780617,0,0.26738577227418625,1
1095,0.05367866593102614,0,2.1795635850479207,1,1.8370303808090587,1,0.053678689524531364,0,0.05367866779367129,0,0.8355259978212416,1
1096,0.0652571925893426,0,0.13109003736947974,0,0.13109003255764642,0,0.0652571925893426,0,0.06525718203435342,0,0.09159032742803296,0
1097,0.1151847168803215,0,0.1151847168803215,0,0.1151847168803215,0,0.1151847168803215,0,0.1151847168803215,0,0.1151847168803215,0
1098,0.07496608287328854,0,0.13109066570177674,0,0.13109067004794875,0,0.06583437013129394,0,0.05045585768918196,0,0.09068752928869799,0
1099,0.12881505647480176,0,0.14331765371995667,0,0.1433176549617201,0,0.11460471828468144,0,0.12881505286107617,0,0.13177402726044724,0
1100,0.06530425045639277,0,0.06529933431496222,0,0.08786004176363349,0,0.06530553661286831,0,0.06530364478627841,0,0.06981456158682704,0
1101,0.06590522949894269,0,0.12690807056302825,0,0.12691043394928178,0,0.06591936200857162,0,0.06589982286095619,0,0.09030858377615611,0
1102,0.039542470748225846,0,0.039542444671193756,0,0.03870129492133856,0,0.03954248068233331,0,0.039542470748225846,0,0.03937423235426346,0
1103,0.050455003355940185,0,0.13108989285926023,0,0.13108988820264736,0,0.06681136507540941,0,0.0504550002515316,0,0.08598022994895775,0
1104,0.138693417267253,0,0.13869341742247343,0,0.13869341742247343,0,0.138693417267253,0,0.13869341742247343,0,0.13869341736038526,0
1105,0.04330472586055597,0,0.04330472586055597,0,0.030115943402051926,1,0.04330472586055597,0,0.04330472586055597,0,0.04066696936885516,1
1106,0.1122046586824581,0,0.24861819514383873,0,0.13869341928511858,0,0.11220465891528875,0,0.1122046586824581,0,0.14478511814183245,0
1107,0.08446670013169448,0,0.08446678705513477,0,0.08446677960455418,0,0.08446662190059821,0,0.08446669764816761,0,0.08446671726802986,0
1108,0.04090656402210394,0,0.040906532357136406,0,0.075330200449874,0,0.04090657209356626,0,0.04090655967593193,0,0.04779128571972251,0
1109,1.0733975501110156,1,1.2768200058490038,1,1.2262729213883479,1,1.0733975041657686,1,1.0733975395560265,1,1.1446571042140323,0
1110,0.7915292674054702,1,8.363876328648379,1,0.12594736382986108,0,0.7915290848662456,1,0.7915293779224157,1,2.1728822845344746,1
1111,0.04290542689462503,0,0.0429056528955698,0,0.03557572762171427,1,0.04290541013081869,0,0.04290546290576458,0,0.04143953608969848,1
1112,0.8851832256962856,1,0.1310931984335184,0,0.13109321892261505,0,0.9034376361717781,1,0.8851832343886296,1,0.5871981027225653,1
1113,0.04936397820711136,0,0.11123681091703475,0,0.11123680781262617,0,0.04936398069063822,0,0.04936396578947703,0,0.07411310868337752,0
1114,0.10397070333904897,0,0.13109054788947105,0,0.13109054928645492,0,0.1039707283101355,0,0.10397068576033537,0,0.11481864291708917,0
1115,0.06375848005215327,0,0.1310944485788544,0,0.13109445944428444,0,0.06375843100249767,0,0.06375850799183051,0,0.09069286541392406,0
1116,0.171550323565801,0,3.226966363067428,1,2.6507476035815976,1,0.1715502484391133,0,0.1715503136316935,0,1.278472970457127,1
1117,0.10397611832013354,0,0.1310952010874947,0,0.13109521505733332,0,0.1039762773240606,0,0.10397602831168722,0,0.11482376802014187,0
1118,0.10034244949929416,0,0.11123647843487561,0,0.11123647843487561,0,0.10034245252609253,0,0.10034244949929416,0,0.10470006167888642,0
1119,0.03146502313514551,1,0.12592774691681066,0,0.12592776104186973,0,0.0508785800387462,0,0.05367873546977838,0,0.07757556932047009,1
1120,0.03694326927264532,0,0.03694324257473151,0,0.05661593284457922,0,0.03694331459701061,0,0.03694328603645166,0,0.04087780906508366,0
1121,0.0402373131364584,0,0.11123686105323334,0,0.11123687393652897,0,0.03483992194135984,0,0.04023732741673788,0,0.06755765949686368,0
1122,0.07872565959890683,0,0.41857010560731095,1,0.13109077668438354,0,0.07872568909078836,0,0.07872564066201448,0,0.15716757432868084,1
1123,0.11518506521436696,0,0.5986873186969509,1,0.14331769268028438,0,0.11518507388730843,0,0.11518506094580516,0,0.21751204228494317,1
1124,0.04428824782371521,0,0.044288127372662224,0,0.0418690824881196,0,0.04428827886780103,0,0.04428822547197342,0,0.0438043924048543,0
1125,0.05082779874404272,0,0.1310910270549357,0,0.13109103000412384,0,0.05538388776282469,0,0.04556847798327605,0,0.0827924443098406,0
1126,0.05031368819375833,0,0.12593315603832403,0,0.12593318397800127,0,0.050313601891199745,0,0.05031376021603743,0,0.08056147806346417,0
1127,0.08089072800551851,0,0.08089066219205658,0,0.08089066343382001,0,0.08089073452477653,0,0.08089071434612076,0,0.08089070050045848,0
1128,0.04763290906945864,0,1.0090182455411802,1,0.11123646462025742,0,0.04763290906945864,0,0.04763290906945864,0,0.2526306874739628,1
1129,0.11220628267619759,0,0.13869482139125466,0,0.13869482620308796,0,0.11220632885427524,0,0.11220626148860902,0,0.1228017041226849,0
1130,0.04090661431352297,0,0.08999834147592385,0,1.7556472726476688,1,0.04090661741793156,0,0.04090661493440469,0,0.39367309215789037,1
1131,1.0015748559186857,1,0.12607269749666253,0,0.12607308477163315,0,0.9795439001172781,1,0.9312437816212574,1,0.6329016639851034,1
1132,0.08383853361010551,0,0.08380347117781639,0,0.08956102002412081,0,0.08384886446098487,0,0.08383454941213131,0,0.08497728773703178,0
1133,0.08442776588102181,0,0.08443189846972625,0,0.09204498243828614,0,0.08442668803036213,0,0.08442829363048077,0,0.08595192568997542,0
1134,0.14834441182514033,0,0.127876207853357,0,2.493261171039194,1,0.14834338116149107,0,0.14834489983816943,0,0.6132340143434704,1
1135,0.07100618941088517,0,0.10835862035552661,0,1.5213994135459263,1,0.07102028528849284,0,0.07100076973438263,0,0.3685570556670427,1
1136,0.04873474004367987,0,0.13125941436737776,0,0.13125987956300378,0,0.04873635868231455,0,0.04873681689302126,0,0.08174544190987945,0
1137,0.10085140525673826,0,0.09933579383262743,0,0.06124805368017405,0,0.10081229420999686,0,0.10080838777745764,0,0.09261118695139885,0
1138,0.1122397887132441,0,0.1387210867057244,0,0.13872116695468625,0,0.11223932840706159,0,0.11223901129172494,0,0.12283207641448828,0
1139,0.0835150418182214,0,0.12592529505491257,0,0.12592529505491257,0,0.07282001106068492,0,0.0835150418182214,0,0.09834013696139057,0
1140,0.03399728983640671,1,0.08218813128769398,0,0.06094969684878985,0,0.03399728983640671,0,0.03399728983640671,1,0.04902593952914079,1
1141,0.09142200866093238,0,0.3732331592279176,1,0.29612878632421297,0,0.09142200866093238,0,0.09142200866093238,0,0.18872559430698557,1
1142,0.10195615433622152,0,0.14331739279441535,0,0.14331739279441535,0,0.10195615433622152,0,0.10195615433622152,0,0.11850064971949906,0
1143,0.13113808864727616,0,0.1311330635411044,0,0.13113317405804992,0,0.13113939094667634,0,0.1311374680760006,0,0.1311362370538215,0
1144,0.10195804837470253,0,0.14331906956310073,0,0.143319085938856,0,0.10195812171635528,0,0.10195803436605881,0,0.11850247199181467,0
1145,0.05910736508667469,0,2.2554010475675264,1,0.12593353229264417,0,0.05910732721288999,0,0.05910732348759969,0,0.511731319129467,1
1146,0.059107317278782524,0,0.05910736322402954,0,0.05910737067461014,0,0.05910733838876089,0,0.05910734521845976,0,0.059107346956928576,0
1147,0.03706425490478674,0,0.037064205234249435,0,0.03706421392659346,1,0.037064257388313614,0,0.03706425242125988,0,0.03706423677504063,1
1148,0.03712142507235209,0,0.13136520500605306,0,0.1313658533617854,0,0.03712282950679461,0,0.03712058253586292,0,0.07481917909656963,0
1149,0.06376073757807414,0,1.7927551395259798,1,0.13108968377734223,0,0.06376073757807414,0,0.06376073757807414,0,0.42302540720750886,1
1150,0.07381210600336392,0,0.09359625447541475,0,0.6599100640354058,1,0.07381211003909509,0,0.0738121058481435,0,0.1949885280802846,1
1151,0.10397756978636608,0,0.1039768664826018,0,0.1096205923628683,0,0.10397786697528015,0,0.10397748501660924,0,0.10510607612474512,0
1152,0.07124010442445676,0,0.08150726122160752,0,0.6540719740247974,1,0.07124010473489761,0,0.07124010442445676,0,0.18985990976604322,1
1153,0.05045480094850063,0,0.13108968377734223,0,0.13108968377734223,0,0.05045480467379093,0,0.05045480094850063,0,0.08270875482509533,0
1154,0.080890287955602,0,0.11123646648290257,0,0.11123646648290257,0,0.08089028826604287,0,0.08089028780038159,0,0.09302875939756633,0
1155,0.04381402830282847,0,1.2641860705334693,1,0.11123646524113913,0,0.04381402830282847,0,0.04381402830282847,0,0.3013729241366188,1
1156,0.11022030366196607,0,0.13109153928235173,0,0.13109154207631946,0,0.11523173869742702,0,0.10484062387452771,0,0.1184951495185184,0
1157,0.03706428532799085,0,0.13109117823963365,0,0.13109118351712823,0,0.03740566223859787,0,0.03706429277857145,0,0.07474332042038441,0
1158,0.13869388463596502,0,0.13869386166334152,0,0.13869386119768023,0,0.1386938849464059,0,0.13869388898213705,0,0.13869387628510593,0
1159,0.037064199025432266,0,0.13109072499598065,0,0.1310907262377441,0,0.037064208959539734,0,0.03706420212984085,0,0.07467481226970751,0
1160,0.2409246644626061,0,0.2409809436649084,0,0.3625455405563116,1,0.2409066129475832,0,0.24093095399439335,0,0.2652577431251605,1
1161,0.059323606391747795,0,0.8057220601476729,1,0.13869503093883395,0,0.05932366785903772,0,0.05932358279824257,0,0.224477589627107,1
1162,0.07872560961792867,0,0.10192208151177813,0,1.0269375389131408,1,0.07872563414275646,0,0.07872559192279975,0,0.27300729122168077,1
1163,0.03694364552696546,0,0.13109260828544697,0,0.13109262955064574,0,0.03694365670283636,0,0.036943610136707626,0,0.07460323004052043,0
1164,0.10034303363257398,0,0.10258903412614018,0,0.14505364303477108,0,0.10034304775763303,0,0.10034302986847858,0,0.10973435768391937,0
1165,0.04333238179485003,0,0.043329225232203804,0,0.042614988361795746,0,0.043333146100242935,0,0.043332055831948914,0,0.043188359464208285,0
1166,0.08268185270329316,0,0.08305578492581844,0,0.08305234772463639,0,0.08271785142521064,0,0.08272006424764793,0,0.08284558020532132,0
1167,0.06926724314689636,0,0.07905541682460655,0,0.10385777444268267,0,0.0691810455173254,0,0.06918689484397571,0,0.07810967495509734,0
1168,0.07872445819278558,0,0.1310897363970677,0,0.1310897363970677,0,0.07872445850322644,0,0.07872445601969957,0,0.09967056910196939,0
1169,0.12881482199494107,0,0.1433174512349069,0,0.1433174510796865,0,0.10656189774939169,0,0.12881482292626364,0,0.130165288997038,0
1170,0.13109064707532525,0,0.13109054695814848,0,0.1310905486655732,0,0.13109067998205623,0,0.1310906388486425,0,0.13109061230594915,0
1171,0.090404862149929,0,0.09040478298751016,0,0.09588132185551028,0,0.09040487821524341,0,0.09040485384563605,0,0.09150013981076578,0
1172,0.07059202405313651,0,0.12592801125720143,0,0.12592801824212074,0,0.0705920768280824,0,0.07059204081694286,0,0.0927264342394968,0
1173,0.475412938122948,1,0.13869714566196004,0,0.13869715202599764,0,0.4713900703936815,1,0.4755211727072795,1,0.3399436957823733,1
1174,0.05028491901854674,0,2.703277772602936,1,2.294016880604128,1,0.05028351085881392,0,0.050285276025533676,0,1.0296296718219915,1
1175,0.050316592678427696,0,1.5686696030509968,1,0.1259280409043034,0,0.05031652313967546,0,0.050316608200470604,0,0.36910947359477475,1
1176,0.12851566386719546,0,0.13869911758229136,0,0.1386991417966783,0,0.12851555335024992,0,0.1285157259553671,0,0.13258904051035642,0
1177,0.11700476993185778,0,0.11988484455893438,0,0.24279148519660035,0,0.11700470714519422,0,0.11700458009727299,0,0.14273807738597194,0
1178,0.11699595185928047,0,0.11699595178167026,0,0.11699595178167026,0,0.11699595185928047,0,0.11699595185928047,0,0.11699595182823638,0
1179,0.05168111870686213,0,0.9550899579189718,1,0.11331596473852794,0,0.051780776431163154,0,0.051662372425198555,0,0.24470603804414473,1
1180,0.11337149612760793,0,0.14331739419139922,0,0.14331739419139922,0,0.10769409969604264,0,0.11518472481596594,0,0.124577021804483,0
1181,0.11518472471895318,0,0.09920423251848358,0,0.24340990209020674,0,0.11518472471895318,0,0.11518472530102979,0,0.13763366186952528,0
1182,0.06534329025695722,0,0.13115915826832256,0,0.13115935415650407,0,0.06534198547403018,0,0.06534140246609847,0,0.0916690381243825,0
1183,0.07470111548900604,0,0.14331794250756502,0,0.1433179440597693,0,0.07470112759619951,0,0.07470110151916742,0,0.10214784623434145,0
1184,0.12594806600827724,0,0.13869574991986156,0,0.13869576885675391,0,0.12261295854113996,0,0.13094046731324246,0,0.13137860212785504,0
1185,0.12501940038055182,0,0.23945994582027197,0,0.1386946838659545,0,0.12501943522753814,0,0.12501938501372933,0,0.15064257006160914,0
1186,0.037063981095949806,0,0.13108966359868646,0,0.13108966359868646,0,0.037063981095949806,0,0.037063981095949806,0,0.07467425409704447,0
1187,0.10195615433622152,0,0.10195615433622152,0,0.10195615433622152,0,0.10195615433622152,0,0.10195615433622152,0,0.10195615433622152,0
1188,0.11220468522515148,0,0.11331711849197745,0,0.11265367874875665,0,0.11220468561320256,0,0.1122046842938289,0,0.11251697047458342,0
1189,0.08089339267462492,0,0.11123881807240348,0,0.11123882924827437,0,0.08089334952334563,0,0.08089332251499097,0,0.09303154240672788,0
1190,0.10425924686326955,0,0.13131258683279157,0,0.1313131645632287,0,0.11495475315799315,0,0.10425290570128709,0,0.11721853142371401,0
1191,0.14064829016570002,0,0.3485597300653656,1,0.3179874795799454,1,0.14006048638839275,0,0.14012836451486996,0,0.21747687014285474,1
1192,0.050455876936515175,0,0.9880607902693251,1,0.13109067408367991,0,0.050455921019117035,0,0.05045585768918196,0,0.2541038239995639,1
1193,0.044288335368037224,0,1.3386395596899092,1,0.13869531018038592,0,0.04428838938474655,0,0.044288307428359985,0,0.32203998041028775,1
1194,0.03694318359096845,0,0.042971269538005195,0,0.7618499908906718,1,0.03694318359096845,0,0.03694317924479643,0,0.18313016137108207,1
1195,0.08638904317437361,0,0.12592612688119212,0,0.12592612129325667,0,0.0674629930096368,0,0.09901182151709993,0,0.10094322117511183,0
1196,0.11699695140123367,0,0.12304630803798015,0,0.23358809715136886,0,0.11699697778870662,0,0.11699693719856441,0,0.14152505431557075,0
1197,0.12501959510458013,0,0.1250194078311324,0,0.12501941171164313,0,0.12501964097221693,0,0.12501957818555334,0,0.12501952676102518,0
1198,0.1019565355964005,0,0.3726501559528212,1,0.3023736102816959,0,0.10195654537528753,0,0.10195653047412634,0,0.1961786755360663,1
1199,0.11123646632768214,0,0.11123646648290257,0,0.11123646648290257,0,0.11123646632768214,0,0.11123646632768214,0,0.11123646638977032,0
1200,0.043304732690254845,0,0.1433173994688938,0,0.1433173994688938,0,0.043304732690254845,0,0.043304732690254845,0,0.08330979940171043,0
1201,0.05045617123444875,0,1.620190661555777,1,1.444308208456884,1,0.0504562072455883,0,0.05045615074535211,0,0.6431734798476101,1
1202,0.10287754004821181,0,0.13869493485738835,0,0.13869494230796894,0,0.09942617946459602,0,0.1128507397370413,0,0.11850886728304129,0
1203,0.07553479758401711,0,1.069538652120779,1,0.1259253191140791,0,0.07553479758401711,0,0.07553479758401711,0,0.28441367279738183,1
1204,0.03694291909535726,0,0.05115220323204994,0,0.05234682373702526,0,0.03694292033712069,0,0.03694291909535726,0,0.042865557099382084,0
1205,0.0488293052961429,0,0.13108969029660025,0,0.13108969029660025,0,0.0488293052961429,0,0.0488293052961429,0,0.08173345929632583,0
1206,0.13108968812351426,0,0.13108968595042825,0,0.13108968595042825,0,0.13108968563998738,0,0.13108968595042825,0,0.13108968632295728,0
1207,0.11518472530102979,0,0.41478537760364514,1,0.14331739388095835,0,0.11518472471895318,0,0.11518472530102979,0,0.18073138936112323,1
1208,0.11460470066716273,0,0.14331739388095835,0,0.14331739388095835,0,0.11833770534334083,0,0.12881476241454948,0,0.12967839123739394,0
1209,0.07872440076122682,0,0.13108969060704112,0,0.13108969060704112,0,0.07872440076122682,0,0.07872440076122682,0,0.09967051669955254,0
1210,0.03694291909535726,0,0.13108968905483684,0,0.13108968905483684,0,0.07174863014370203,0,0.03694291909535726,0,0.08156276928881803,0
1211,0.08851619262713939,0,0.11123646679334342,0,0.11123646679334342,0,0.10414296563249081,0,0.09040426486171782,0,0.10110727134160698,0
1212,0.12783493846654892,0,0.14331739915845296,0,0.14331739915845296,0,0.12509447111127278,0,0.12881476505329678,0,0.1336757945896049,0
1213,0.09142337661857407,0,0.09142322512343526,0,0.09142322791740298,0,0.0914234109222889,0,0.09142336047564943,0,0.09142332021147012,0
1214,0.06761387859781583,0,0.14331789718319973,0,0.14331789718319973,0,0.06761387983957927,0,0.06761388604839642,0,0.09789548777043819,0
1215,0.05045879694322745,0,0.1310931515569488,0,0.1310931625775993,0,0.07442689244635403,0,0.0504587156077226,0,0.08750614382637042,0
1216,0.048827954257527985,0,1.8639932063718636,1,0.1310922655587395,0,0.04882794370253881,0,0.04882799523572127,0,0.4283138730252783,1
1217,0.09142332353318731,0,0.09142317296937108,0,0.09709351463243365,0,0.091423359233886,0,0.09142330630371968,0,0.09255733533451956,0
1218,0.10396969318389893,0,0.13108968579520783,0,0.13108968579520783,0,0.10396969318389893,0,0.10396969318389893,0,0.1148176902284225,0
1219,0.09040426028271516,0,0.11123646524113913,0,0.11123646524113913,0,0.09040426090359688,0,0.09040426028271516,0,0.09873714239026109,0
1220,0.03802207422753175,0,0.03802207422753175,0,0.057789627462625504,0,0.03802207422753175,0,0.03802207422753175,0,0.04197558487455051,0
1221,0.07872606751819451,0,0.07872587411353986,0,0.10192248527891934,0,0.07872610570242007,0,0.07872604082028072,0,0.0833653146866709,0
1222,0.0559669587140282,0,0.12865346344187856,0,0.1286597242578864,0,0.04334558608631293,0,0.07750588469207287,0,0.0868263234384358,0
1223,0.06851495491961639,0,0.1386959917532901,0,0.13869598926976323,0,0.06851490028202534,0,0.06851496857901414,0,0.09658736096074183,0
1224,0.09518377579903851,0,0.11123652391446133,0,0.11123652298313876,0,0.10278179857414216,0,0.10034250755173464,0,0.10415622576450308,0
1225,0.0597215477998058,0,0.1433174580646058,0,0.14331745713328323,0,0.0597215477998058,0,0.05972155028333267,0,0.09315991221616667,0
1226,0.13869341757769385,0,0.13869341757769385,0,0.13869341757769385,0,0.13869341757769385,0,0.13869341757769385,0,0.13869341757769385,0
1227,0.08862694244210918,0,0.1433173935705175,0,0.1433173935705175,0,0.08862694647784035,0,0.08862694244210918,0,0.11050312370061874,0
1228,0.10195615476307769,0,0.6700389710410187,1,0.14331739279441535,0,0.10195615476307769,0,0.10195615476307769,0,0.22384496562493342,1
1229,0.050456115355094276,0,0.13109089015051723,0,0.1310908867356678,0,0.0504561277727286,0,0.0504560936242342,0,0.08271002272764842,0
1230,0.10195661860052496,0,0.08171560141878824,0,0.08321993519590858,0,0.10195663063010822,0,0.10195661227529247,0,0.0941610796241245,0
1231,0.07124055021752913,0,0.11123683544186254,0,0.1112368394775937,0,0.07124055953075488,0,0.07124053997298081,0,0.0872390649281442,0
1232,0.07496226648800075,0,0.14331775166404745,0,0.14331775236253938,0,0.06504435596677165,0,0.07162624504417181,0,0.09965367430510622,0
1233,0.11518516560317948,0,0.11518511176109314,0,0.11518511049992715,0,0.11518517759395763,0,0.11518516104357938,0,0.11518514530034736,0
1234,0.03399748355150223,1,1.9781263604139288,1,0.14331789190570512,0,0.03399746802945932,0,0.033997459957997,1,0.4446873327717184,1
1235,0.09040426447366674,0,0.11123647191561759,0,0.11123647191561759,0,0.09040426486171782,0,0.09040426431844632,0,0.0987371474970132,0
1236,0.08862694787482421,0,0.14331739915845296,0,0.14331739915845296,0,0.08862694849570592,0,0.08862694787482421,0,0.11050312851245206,0
1237,0.12501798764181635,0,0.12501798733137548,0,0.12501798733137548,0,0.12501798678810397,0,0.1250179870209346,0,0.12501798722272117,0
1238,0.08089029152567188,0,0.08089028919736545,0,0.08611746155656874,0,0.08089029137045145,0,0.08089029137045145,0,0.0819357250041018,0
1239,0.06525681167840958,0,0.13108969060704112,0,0.13108969060704112,0,0.0652568203707536,0,0.06525681167840958,0,0.091589964988331,0
1240,0.1112466686560462,0,0.11124439188279212,0,0.11124442230599622,0,0.11124645072656374,0,0.11124642232122521,0,0.11124567117852471,0
1241,0.07124013329545657,0,0.11123649504346152,0,0.11123649566434324,0,0.07124013360589743,0,0.07124012988060713,0,0.08723867749795318,0
1242,0.06525792802373569,0,0.13109067594632506,0,0.1310906793611745,0,0.06525795968870322,0,0.06525791777918737,0,0.09159103215982518,0
1243,0.1003424438337485,0,0.11123646648290257,0,0.11123646648290257,0,0.09518370847217739,0,0.10034244189349313,0,0.10366830543304484,0
1244,0.1468858029693365,0,0.12592916889116168,0,0.12592917711784443,0,0.10587559454143047,0,0.12969047638277212,0,0.12686204398050904,0
1245,0.04171366306642691,0,0.07864322389165561,0,1.9337327447719872,1,0.04171368976434072,0,0.04171366368730863,0,0.4275033970363439,1
1246,0.053677928944428764,0,1.3132745957312484,1,0.12593134104584655,0,0.053677826498945556,0,0.05367790845533212,0,0.3200479201351602,1
1247,0.3561666514724493,1,0.1259306950184206,0,0.1259307024690012,0,0.35616652232905227,1,0.3561666775494814,1,0.26407224976768096,1
1248,0.09901681061213215,0,0.9226573429380854,1,0.8138116559324166,1,0.09901697545622785,0,0.09901672601699829,0,0.406703902191172,1
1249,0.07554011791944504,0,0.037469166641434036,0,0.7552863851500055,1,0.07554024768372376,0,0.07554003223776817,0,0.2038751899264753,1
1250,0.046856132025520005,0,2.8504944988526404,1,0.12593515341480574,0,0.04685599481066068,0,0.0468561432013909,0,0.6233995844610035,1
1251,0.0990111540692548,0,0.8427500990219414,1,0.7302668009263774,1,0.09901116105417411,0,0.09901115049918492,0,0.37401007311418655,1
1252,0.2785072469462951,1,0.2884755600243807,0,4.097116195131093,1,0.2785071612646182,1,0.27850728419919807,1,1.0442226895131168,1
1253,0.04341920589407285,0,0.1280907061882317,0,0.12809569792201123,0,0.07810124879082044,0,0.05319767817854881,0,0.08618090739473701,0
1254,0.046859294176101685,0,0.12592799433817467,0,0.1259279988395671,0,0.046859255681435265,0,0.046859300384918846,0,0.07848676868403952,0
1255,0.10397156650045265,0,0.115231171133928,0,0.4263834281203647,0,0.10397161397850141,0,0.1039715427129219,0,0.17070586448923372,0
1256,0.06549029300610225,0,0.1259282339985172,0,0.1259282405177752,0,0.06601460836827755,0,0.06549025016526382,0,0.0897703252111872,0
1257,0.11535678866008918,0,0.13109122992803654,0,0.13109123070413867,0,0.11535677624245484,0,0.11535682715475559,0,0.12165057053789496,0
1258,0.10571335050432633,0,0.12592739425599575,0,0.12592739798128605,0,0.14615026279352605,0,0.09901333227753639,0,0.12054634756253413,0
1259,0.43784277079006034,1,0.4378431172420581,1,0.437843111033241,0,0.43784275464713573,1,0.43784280059238273,1,0.43784291086097554,1
1260,0.20576010085642338,0,0.12593388852352896,0,0.12593391754974922,0,0.205759913350145,1,0.20576018281280994,1,0.1738296006185313,1
1261,0.2861932162195444,1,0.1310921316035092,0,0.13109213827798763,0,0.2889475114643574,1,0.29807122486333054,1,0.22707924448574582,1
1262,0.13895764698584875,0,0.13895792327821255,0,0.14183441052834192,0,0.13895759172737598,0,0.13895768485963345,0,0.13953305147588252,0
1263,0.1961041148751974,0,0.16637016646564007,0,2.933820592239499,1,0.19610407513876757,1,0.1961041335016489,1,0.7377006164441506,1
1264,0.14838076320787272,0,0.13109295287479958,0,0.13109297212213278,0,0.14838073340555033,0,0.1483807892849048,0,0.14146564217905205,0
1265,0.09901753005882104,0,0.1259310278110206,0,0.12593105295673013,0,0.0990177101145188,0,0.09901743646090229,0,0.10978295148039859,0
1266,0.0429061067601045,0,0.13869578127438822,0,0.13869579477856556,0,0.04290605957309405,0,0.04290614587565263,0,0.08122197765236099,0
1267,0.04682707041501999,0,0.12366980252166589,0,2.443152077185611,1,0.04682604099313418,0,0.046827418729662895,0,0.5414604819690187,1
1268,0.06525687283525865,0,0.09236391230175893,0,1.2364251371473074,1,0.06525688307980697,0,0.06525687345614035,0,0.30491193576405445,1
1269,0.07553479758401711,0,0.07427859554688136,0,1.2237042640335858,1,0.07553479758401711,0,0.07553479758401711,0,0.30491745046650365,1
1270,0.0380219587435325,0,0.14331781080303094,0,0.1433178117343535,0,0.07068965335687001,0,0.038021975507338844,0,0.08667384202902514,0
1271,0.10557687375694513,0,0.7424573986791074,1,0.1259253191140791,0,0.10557687391216557,0,0.10557687329128385,0,0.2370226677507162,1
1272,0.03706397923330466,0,1.2901982946010928,1,1.0473315003328025,1,0.03706397923330466,0,0.037063981095949806,0,0.48974434689929086,1
1273,0.038021910935640335,0,0.14331794188668331,0,0.14331794188668331,0,0.03802193452914556,0,0.038021922732392945,0,0.08014033039410909,0
1274,0.07381219851473968,0,0.13869350977862874,0,0.13869350294892988,0,0.07381219851473968,0,0.0738121960312128,0,0.09976472115765014,0
1275,0.07470050143698852,0,0.07470050019522508,0,0.05448698593924443,0,0.07470050143698852,0,0.07470050143698852,0,0.07065779808908701,0
1276,0.09142205258831382,0,0.55701790858681,1,0.48106958204880357,1,0.09142205258831382,0,0.09142205274353425,0,0.2624707297111551,1
1277,0.557251508658131,1,0.557251646493872,1,0.5572516030321518,1,0.5572515521198511,1,0.5572515098998944,1,0.55725156404078,0
1278,0.04428855081399282,0,0.062146229979892574,0,0.976742725353688,1,0.04428855267663797,0,0.04428852597872416,0,0.23435091696058713,1
1279,0.03399889667828878,1,1.9101198275263112,1,0.14332129697625837,0,0.03399887246390184,1,0.0339988749474287,1,0.4310875537184378,1
1280,0.08446613264580567,0,0.1310917188723882,0,0.13109172275289893,0,0.08446610035995643,0,0.08446615872283776,0,0.10311636667077742,0
1281,0.1039708939109308,0,0.10397076005271326,0,0.103970760324349,0,0.10397092823404819,0,0.10397088155150414,0,0.10397084481470906,0
1282,0.08976136210064094,0,0.15901118206481138,0,2.3329134171362966,1,0.08976136334240437,0,0.0897613645841678,0,0.5522417378456643,1
1283,0.09901372840007146,0,0.09901337698101997,0,0.09901338924343388,0,0.099013802750657,0,0.09901368850842118,0,0.0990135971767207,0
1284,0.045111765464146934,0,0.12592921468118826,0,0.12592923004801074,0,0.058115522687633835,0,0.06606524934371312,0,0.08423019644493857,0
1285,0.04429145095249017,0,0.13870102803533277,0,0.13870105690633258,0,0.044291542222102485,0,0.044291358441114426,0,0.08205528731147448,0
1286,0.059324560686945915,0,1.4499978222884238,1,0.13869589380919933,0,0.059324645747741066,0,0.05932454392313957,0,0.35333349329108993,1
1287,0.04882711234192053,0,0.13109398555631438,0,0.13109399129947027,0,0.04882706825931867,0,0.04882716697951158,0,0.08173386488730708,0
1288,0.06525798079868157,0,0.7664883045169214,1,0.6237733995852371,1,0.06525801153232653,0,0.06525797303766012,0,0.3172071338941654,1
1289,0.04685932273666064,0,0.12592791998758912,0,0.12592791796972355,0,0.04015492213269075,0,0.046859326461950936,0,0.077145881857723,0
1290,0.05730345783134302,0,0.13109090908740959,0,0.13109090380991498,0,0.0604589298988382,0,0.06628180419405301,0,0.08924520096431177,0
1291,0.0886273590537409,0,0.08862729898343484,0,0.08862730162218213,0,0.08862738062938054,0,0.08862735331058502,0,0.0886273387198647,0
1292,0.1250179554335773,0,0.13869341742247343,0,0.13869341742247343,0,0.12501795574401817,0,0.1250179554335773,0,0.13048814029122394,0
1293,0.0886269452360769,0,0.0886269452360769,0,0.0886269452360769,0,0.0886269452360769,0,0.0886269452360769,0,0.0886269452360769,0
1294,0.03399728983640671,1,0.14331739310485622,0,0.14331739310485622,0,0.03399728983640671,0,0.03399728983640671,1,0.07772533114378652,1
1295,0.07130416110157967,0,0.4427943278569728,1,0.11128387592422466,0,0.07130266632884741,0,0.07130264180401961,0,0.1535975346031288,1
1296,0.03954203799366951,0,1.7706370232626796,1,0.1387185271208485,0,0.039542062828938164,0,0.03954200632870197,0,0.40559633150696756,1
1297,0.12593115974838534,0,0.12593044666573405,0,0.125930470880121,0,0.12593130860477686,0,0.12593107763677835,0,0.12593089270715913,0
1298,0.08712891380613048,0,0.13869350294892988,0,0.13869350294892988,0,0.09951202487961079,0,0.08712890883907676,0,0.11023137068453556,0
1299,0.29807239832977456,1,0.13108969060704112,0,0.13108969340100884,0,0.29807239832977456,1,0.29807239832977456,1,0.23127931579947475,1
1300,0.5418331033239762,1,5.640986544312909,1,0.11123646679334342,0,0.5418331033239762,1,0.5418331033239762,1,1.4755444642156363,1
1301,0.42281954797605675,1,0.14331739760624865,0,0.14331739760624865,0,0.4598740382740895,1,0.42045778098205727,1,0.3179572324889402,1
1302,0.3716956954449415,1,0.4296995308250189,1,3.246765384062504,1,0.3716956954449415,1,0.3716956954449415,1,0.9583104002444696,0
1303,0.16143904936810335,0,0.13869346010809144,0,0.13869346010809144,0,0.16143904936810335,0,0.16143905806044737,0,0.1523408154025674,0
1304,0.09040426486171782,0,0.08141464724515875,0,0.09036255903386821,0,0.09040426509454846,0,0.09040426462888718,0,0.08859800017283607,0
1305,0.258384316538771,1,0.13108969060704112,0,0.13108969060704112,0,0.258384316538771,1,0.258384316538771,1,0.207466466166079,1
1306,0.12881476707116235,0,0.12881476505329678,0,0.12881476505329678,0,0.12881476707116235,0,0.12881476707116235,0,0.12881476626401614,0
1307,0.0990144864966472,0,0.12592836764330664,0,0.12592838999504843,0,0.09901458599294226,0,0.09901444194838405,0,0.1097800544152657,0
1308,0.06818261587371428,0,0.13377132282281914,0,0.133779251947999,0,0.06829304186006387,0,0.06815225134293239,0,0.09443569676950574,0
1309,0.09142210287973285,0,0.13108974074323973,0,0.13108974369242787,0,0.09142210350061457,0,0.09142210117230813,0,0.10728915839766465,0
1310,0.11220486442713688,0,0.11220485480347027,0,0.11220485356170684,0,0.11220486497040838,0,0.11220486163316916,0,0.1122048598791783,0
1311,0.11220468475949019,0,0.1369626789043347,0,0.6342490759367744,1,0.1122046858460332,0,0.11220468561320256,0,0.22156516221196698,1
1312,0.05932190145055453,0,0.13869344225774208,0,0.13869344225774208,0,0.09183353527138631,0,0.05932190145055453,0,0.09757284453759592,0
1313,0.07381211003909509,0,0.07381209932888548,0,0.09214515516456838,0,0.07381211003909509,0,0.07381210600336392,0,0.0774787161150016,0
1314,0.09975207864772528,0,0.13869359406332174,0,0.1386935906484723,0,0.09975208485654245,0,0.09975207779401292,0,0.11532868520201493,0
1315,0.06588198551132034,0,0.12592907544846335,0,0.12592909888674816,0,0.11827693476031224,0,0.08351915578047435,0,0.10390725007746368,0
1316,0.1482970534513394,0,0.13135659880936146,0,2.475932909641415,1,0.14829464939733347,0,0.14829815241197744,0,0.6104358727422853,1
1317,0.03954244156678518,0,0.138697092110912,0,0.13869711213434735,0,0.03954245336353779,0,0.039542458951473236,0,0.07920431162541111,0
1318,0.09975190988431375,0,0.0997519086425503,0,0.08892813138663769,0,0.09975191112607718,0,0.09975190976789843,0,0.09758715416149547,0
1319,0.0835172360142072,0,0.08351697027683258,0,0.0970001220703125,0,0.083517299965024,0,0.08351720124483109,0,0.08621376591424147,0
1320,0.04428823726872603,0,0.13869507828106484,0,0.1386950908539196,0,0.044288260862231255,0,0.04428822547197342,0,0.08205097854758303,0
1321,0.06525740182648103,0,0.065257351535062,0,0.0748200489518543,0,0.06525742821395397,0,0.06525740089515845,0,0.06716992628450195,0
1322,0.09040426082598667,0,0.09040426090359688,0,0.09040426090359688,0,0.0904042605155458,0,0.09040426082598667,0,0.09040426079494258,0
1323,0.08862694663306077,0,0.08862694663306077,0,0.08862694663306077,0,0.08862694663306077,0,0.08862694632261992,0,0.0886269465709726,0
1324,0.3809743964423736,1,0.13109233804667988,0,0.13109233370050788,0,0.38097439023355645,1,0.38097439892590046,1,0.28102157146980367,1
1325,0.19609945081174374,0,0.16204984548191229,0,0.16136096604168415,0,0.196099408591787,1,0.19609957622985044,1,0.1823418494313955,1
1326,0.15804529997209707,0,0.14331884100101888,0,0.1433188427860538,0,0.1580453012138605,0,0.15804530618091425,0,0.1521547182307889,0
1327,0.07553690609832604,0,0.1259284953897198,0,0.125928507031252,0,0.08389119990170002,0,0.07553686325748761,0,0.09736439433569709,0
1328,0.09911355884590496,0,0.13869489651794234,0,0.13869489775970578,0,0.1050445254271229,0,0.11015356937423348,0,0.11834028958498188,0
1329,0.13869434067358574,0,0.13869430450722575,0,0.13869430559376875,0,0.13869434331233302,0,0.13869434036314487,0,0.13869432689001163,0
1330,0.0491619079063336,0,1.9125724833769102,1,0.12778658187016845,0,0.049184057861566544,0,0.04918903795381387,0,0.43757881379375857,1
1331,0.10034276176399241,0,0.11123673377248149,0,0.11123673097851376,0,0.10034276878771682,0,0.10034275039409597,0,0.10470034913936008,0
1332,0.13108997077991566,0,0.13108995029081902,0,0.13108994408200184,0,0.13108997077991566,0,0.1310899704694748,0,0.1310899612804254,0
1333,0.11194731947034597,0,0.1119473169868191,0,0.1119473169868191,0,0.11194732055688898,0,0.11194731947034597,0,0.11194731869424382,0
1334,0.08233640280862649,0,0.11123646524113913,0,0.11123646524113913,0,0.09687105492533495,0,0.09040426129164796,0,0.09841692990157754,0
1335,0.07872440045078595,0,0.13108968595042825,0,0.13108968595042825,0,0.07872440045078595,0,0.07872440045078595,0,0.09967051465064286,0
1336,0.0488293052961429,0,1.3459329075800877,1,0.13108969029660025,0,0.0488293052961429,0,0.0488293052961429,0,0.3247021027530233,1
1337,0.11518475764508669,0,0.2434098944067955,0,0.14331742996970812,0,0.11518475772269691,0,0.11518475622870028,0,0.1464563191945975,0
1338,0.1549029702631136,0,0.1521452950934569,0,0.15205978881567717,0,0.15468850499019027,0,0.15458054716388384,0,0.15367542126526434,0
1339,0.08862694973746936,0,0.14331739791668952,0,0.14331739791668952,0,0.060844603925943375,0,0.08862694973746936,0,0.10494665984685222,0
1340,0.11220610533685733,0,0.1386947757564485,0,0.13869475821654,0,0.11220611108001322,0,0.11220608764172842,0,0.12280156760631751,0
1341,0.06525678311785062,0,0.07800063506389658,0,1.080743362661451,1,0.06525678311785062,0,0.06525678311785062,0,0.2709028694157799,1
1342,0.15008552062014738,0,0.15008552062014738,0,0.19919083826243877,0,0.15008552062014738,0,0.15008552062014738,0,0.15990658414860565,0
1343,0.04372405260801315,0,0.14331739279441535,0,0.14331739279441535,0,0.05147183562318484,0,0.04372405260801315,0,0.08511094528560838,0
1344,0.103971096551201,0,0.1310908904609581,0,0.1310908873565495,0,0.10397112957434729,0,0.10397107357857749,0,0.11481901550432667,0
1345,0.08713103303064902,0,0.6078602788038552,1,0.13869537987435857,0,0.08713109830083947,0,0.08713100687600672,0,0.20158975937714177,1
1346,0.04091148699323336,0,0.040910925095280014,0,0.040910941238204636,0,0.040911651526888214,0,0.0409113901356856,0,0.04091127899785836,0
1347,0.03694317303597927,0,0.7664770069532096,1,0.13109078149621686,0,0.036943178003033005,0,0.03694315440952778,0,0.2016794587795933,1
1348,0.09142310901855429,0,0.13109062115351358,0,0.13109062736233076,0,0.10662991778614621,0,0.09142309163386624,0,0.11033147339088223,0
1349,0.04936400428414345,0,0.6777904223805914,1,0.5000424803389857,1,0.04936402849853039,0,0.049364011734724045,0,0.265184989447395,1
1350,0.1250179820538809,0,0.12501798120016852,0,0.12501797801814973,0,0.1250179820538809,0,0.1250179820538809,0,0.1250179810759922,0
1351,0.09975191256186615,0,0.1386934470695754,0,0.1386934470695754,0,0.09975191543344408,0,0.09975191271708657,0,0.11532852697030953,0
1352,0.11123648231538634,0,0.11123648728244007,0,0.11123648790332179,0,0.1112364826258272,0,0.11123648231538634,0,0.11123648448847234,0
1353,0.1151847451304396,0,0.11518474410210426,0,0.11518474410210426,0,0.1151847451304396,0,0.11518474499462172,0,0.11518474469194188,0
1354,0.12501795457986495,0,0.12092145377149184,0,0.24096816467742124,0,0.12501795457986495,0,0.12501795457986495,0,0.1473886964377016,0
1355,0.10195615433622152,0,0.14331739279441535,0,0.14331739279441535,0,0.10195615433622152,0,0.10195615433622152,0,0.11850064971949906,0
1356,0.07948350603692234,0,0.1386952307075262,0,0.13869523800288638,0,0.054552863662441574,0,0.04428829811513424,0,0.09114302730498215,0
1357,0.0914232872116069,0,0.09142314068352182,0,0.09729653371808429,0,0.09142331421996157,0,0.09142326672251026,0,0.09259790851113697,0
1358,0.0998452965868637,0,0.09982644557021558,0,0.09982667013537139,0,0.09984383693275352,0,0.09984319509627919,0,0.09983708886429668,0
1359,0.09979696218700458,0,0.11018788620519142,0,0.10507897279846172,0,0.09979635333487143,0,0.09979595907498151,0,0.10293122672010213,0
1360,0.13108968812351426,0,0.13108968595042825,0,0.13108968595042825,0,0.13108968563998738,0,0.13108968595042825,0,0.13108968632295728,0
1361,0.11699595170406003,0,0.11699594922053318,0,0.11699594922053318,0,0.11699595240255196,0,0.11699595123839875,0,0.11699595075721543,0
1362,0.12603609931344786,0,0.12602367298677564,0,0.12602395160744587,0,0.12603946619977555,0,0.12603468168526888,0,0.12603157435854276,0
1363,0.08862750542660554,0,0.14331788445512453,0,0.14331787871196866,0,0.061046636275326215,0,0.08862749890734752,0,0.10498748075527449,0
1364,0.1169974139581124,0,0.13109094835817814,0,0.1310909523939093,0,0.11699744880509873,0,0.1169973957973222,0,0.12263483186252415,0
1365,0.10034563109123458,0,0.10034524047902475,0,0.11357405766223867,0,0.10034572915174067,0,0.10034559880538534,0,0.1029912514379248,0
1366,0.11858464412701626,0,0.12592775545393428,0,0.12592776104186973,0,0.1185847168477873,0,0.11858460586518049,0,0.12152189666715763,0
1367,0.07381207682192326,0,0.13869341928511858,0,0.13869341928511858,0,0.07381207682192326,0,0.07381207682192326,0,0.09976461380720139,0
1368,0.07381207340707381,0,0.08899472514167428,0,0.9054065762708584,1,0.0738120765114824,0,0.07381207340707381,0,0.24316750494763256,1
1369,0.11167843764026959,0,0.13869341928511858,0,0.13869341928511858,0,0.10520042424711089,0,0.12013223623701681,0,0.1228795873389269,0
1370,0.13869341742247343,0,0.13869341742247343,0,0.13869341742247343,0,0.13869341742247343,0,0.13869341742247343,0,0.13869341742247343,0
1371,0.059721481365462147,0,1.0678580473953236,1,0.14331739279441535,0,0.059721481365462147,0,0.059721481365462147,0,0.27806797685722506,1
1372,0.1003424352966249,0,0.10258851572871208,0,0.145053366276746,0,0.1003424352966249,0,0.1003424352966249,0,0.10973383757906656,0
1373,0.12592732487246394,0,0.12592708397035798,0,0.12592709002395472,0,0.12592740030959249,0,0.12592730407292643,0,0.1259272406498591,0
1374,0.07124049433817466,0,0.11123678421912093,0,0.1112367845295618,0,0.06647227937355638,0,0.07124049123376608,0,0.08628536673883597,0
1375,0.08713046042248607,0,0.087130275554955,0,0.08713028176377217,0,0.08713051040346424,0,0.08713044311540823,0,0.08713039425201716,0
1376,0.060716252153118454,0,0.14331837735759714,0,0.14331837991873422,0,0.039686182513833046,0,0.03730639380713304,0,0.08486911715008318,0
1377,0.06526108582814534,0,0.13109347550198436,0,0.13109348683307567,0,0.06526118144392967,0,0.06526101970424254,0,0.09159404986227551,0
1378,0.08713069201136629,0,0.1386950653977692,0,0.13869507455577454,0,0.08713074362215896,0,0.08713066671043634,0,0.10775644845950105,0
1379,0.049383085841933884,0,0.04938311626513799,0,0.08399085762600104,0,0.04938309577604135,0,0.04938310198485851,0,0.05630465149879456,0
1380,0.06525818817317486,0,0.6237734473931292,1,0.1310909055173397,0,0.06525821518152952,0,0.06525817668686311,0,0.19012778659040727,1
1381,0.0957527071198759,0,0.131090743932873,0,0.13109075091779232,0,0.09917456687738498,0,0.07872560961792867,0,0.10716687569317096,0
1382,0.07470087117205064,0,0.14331774041056633,0,0.1433177419627706,0,0.07470087551822265,0,0.07470086744676034,0,0.10214761930207412,0
1383,0.10195651712516944,0,0.8538027739462754,1,0.1433177089008192,0,0.10195652457575004,0,0.10195651371032,0,0.26059800765166685,1
1384,0.1054119107623895,0,0.12593007273972034,0,0.12593009090051055,0,0.09127294830977917,0,0.07259635611747702,0,0.1042282757659753,0
1385,0.1288150570956835,0,0.12881502805491132,0,0.12881502529974873,0,0.12881506744694585,0,0.12881505499535706,0,0.1288150465785293,0
1386,0.11699595170406003,0,0.11699594922053318,0,0.12234429984043042,0,0.11699595240255196,0,0.11699595123839875,0,0.11806562088119488,0
1387,0.057298852441211544,0,0.1112364661724617,0,0.1112364661724617,0,0.08150726292903225,0,0.07124010411401589,0,0.08650383036583661,0
1388,0.07872439982990424,0,1.0225736441401143,1,0.13108968595042825,0,0.07872440045078595,0,0.0787243979672591,0,0.2779673056676984,1
1389,0.10557686498699088,0,0.1055768645213296,0,0.1105492774125499,0,0.10557686498699088,0,0.10557686529743175,0,0.1065713474410586,0
1390,0.11699790585165222,0,0.11699768574908376,0,0.12234605631480615,0,0.11699795707439382,0,0.11699788155965507,0,0.1180674973099182,0
1391,0.09040482722533245,0,0.11123693680080275,0,0.11123693043676515,0,0.0904048429025958,0,0.09040481868820886,0,0.09873767121074101,0
1392,0.11518547288142145,0,0.11518538054466869,0,0.115185381747627,0,0.11518548770497243,0,0.11518546162794034,0,0.11518543690132599,0
1393,0.12783538519094387,0,0.14331778418272734,0,0.14331779535859823,0,0.12509491492528468,0,0.12881520444352645,0,0.1336762168202161,0
1394,0.1003424352966249,0,0.1003424352966249,0,0.1003424352966249,0,0.1003424352966249,0,0.1003424352966249,0,0.1003424352966249,0
1395,0.11535706805686156,0,0.13109088285515705,0,0.1310908862700065,0,0.11535706681509812,0,0.11535707674920559,0,0.12165059614926577,0
1396,0.09142217754075925,0,0.0914221671409905,0,0.0914221671409905,0,0.09142217862730224,0,0.09142217288414638,0,0.09142217266683778,0
1397,0.11699603994687398,0,0.11699603179780145,0,0.11699602861578266,0,0.11699603994687398,0,0.11699604095580678,0,0.11699603625262775,0
1398,0.12501842342317104,0,0.12501840627131364,0,0.1209219010003532,0,0.12501842652757963,0,0.1250184209396442,0,0.12419911563241234,0
1399,0.49834966969986755,1,0.16880642483010888,0,0.16881655001391968,0,0.48855686001479626,1,0.4985832888633013,1,0.3646225586843987,1
1400,0.08870126244922479,0,0.08868505526334047,0,0.08868520163620512,0,0.08869962704678376,0,0.08869956682125728,0,0.08869414264336228,0
1401,4.537682780375083,1,17.30079047071437,1,0.4977024303128322,1,4.537898820514481,1,4.5378109359492855,1,6.28237708757321,0
1402,0.04090680181980133,0,0.040906729797522225,0,0.0409067248304685,0,0.040906789402167,0,0.040906778226296105,0,0.04090676481525103,0
1403,0.09920662885997444,0,0.13876770110800862,0,0.13876791701962551,0,0.10513574924940865,0,0.11024398620550831,0,0.11842439648850511,0
1404,0.29807170790930587,1,3.278516719583422,1,0.1310910196043551,0,0.29807172156870365,1,0.29807170542577904,1,0.8607645748183133,1
1405,0.0712404918546478,0,0.1112367834430188,0,0.11123678173559408,0,0.07124049868434668,0,0.07124048471450806,0,0.08723900808642308,0
1406,1.2550284918397665,1,1.257294923067093,1,1.2604830836256344,1,1.2552484317372243,1,1.255252401654919,1,1.2566614663849274,0
1407,0.039572171246012054,0,0.9092067508026958,1,0.13120466781159243,0,0.03957280330359936,0,0.03957278902331988,0,0.23182583643744392,1
1408,0.04686051234602928,0,0.12592529505491257,0,0.12592529505491257,0,0.058902353048324585,0,0.04686051234602928,0,0.08089479357004166,0
1409,0.07143612671643496,0,0.12592529132962227,0,0.12592529132962227,0,0.0468109721938769,0,0.07553479572137196,0,0.08912649545818567,0
1410,0.1151847168803215,0,0.10072521182398002,0,0.34374014420124394,1,0.1151847168803215,0,0.1151847168803215,0,0.1580039013332377,1
1411,0.06548904068768024,0,0.12592529132962227,0,0.12592529132962227,0,0.06548904068768024,0,0.06548904068768024,0,0.08966354094445705,0
1412,0.09901095445578297,0,0.5959047377109528,1,0.12592529505491257,0,0.09901095445578297,0,0.09901095445578297,0,0.20377257922664285,1
1413,0.03399728983640671,1,0.03399728983640671,0,0.040259139612317085,0,0.03399728983640671,0,0.03399728983640671,1,0.03524965979158878,1
1414,0.13869379367679358,0,0.13869378017261624,0,0.13869377427423993,0,0.1386937958498796,0,0.13869379088282585,0,0.13869378697127105,0
1415,0.25838360997537774,1,0.25838367206354934,0,0.24153559965391955,0,0.25838358762363595,1,0.25838361866772175,1,0.25501401759684084,1
1416,0.053678667172789574,0,0.04992557875812054,0,0.11509888557096322,0,0.05367869262893995,0,0.053678671518961586,0,0.06521209912995497,0
1417,0.1715479139238596,0,0.1259319904881219,0,0.12593201640993357,0,0.17154781768719354,0,0.1715480008472999,0,0.1533015478712817,0
1418,0.09179991964871685,0,0.1259271406258146,0,0.1259271459033092,0,0.0798354148088644,0,0.09179989388212562,0,0.10305790297376612,0
1419,0.08446759295960267,0,0.08446759792665641,0,0.084467605377237,0,0.08446758923431237,0,0.08446759295960267,0,0.08446759569148223,0
1420,0.059721605852246284,0,1.4550026004823546,1,0.1433175241885086,0,0.059721606473128,0,0.059721617648998894,0,0.3554969909290473,1
1421,0.07381259339551131,0,0.07381256762892008,0,0.07381255847091477,0,0.07381259401639302,0,0.07381259029110272,0,0.07381258076056837,0
1422,0.06652167998254299,0,0.13109088968485594,0,0.1310908879774312,0,0.05146803272267183,0,0.0637601688504219,0,0.08878633184358477,0
1423,0.09142340440303087,0,0.0914232440603276,0,0.09142324902738135,0,0.09142343622321884,0,0.09142338080952565,0,0.09142334290469686,0
1424,0.09441244912644227,0,0.13894778660809,0,0.13894858056058487,0,0.09258696871499221,0,0.12832444968322912,0,0.1186440469386677,0
1425,0.0442873394737641,0,1.4414097894914448,1,1.242317889040957,1,0.04428733823200067,0,0.04428733761111895,0,0.5633179387698571,1
1426,0.6083115047464768,1,0.6171066239476204,1,0.6087766196578741,1,0.6089230645447969,1,0.6087651283790668,1,0.610376588255167,0
1427,0.11756174196489155,0,0.13108967756852508,0,0.13108967756852508,0,0.11987760771686833,0,0.11699594037296872,0,0.12332292903835576,0
1428,0.09114980604499578,0,0.1310907748217384,0,0.13109078087533513,0,0.1009764310826237,0,0.09142329528306921,0,0.10914621762155245,0
1429,0.13108968595042825,0,0.13108968579520783,0,0.13108968579520783,0,0.13108968595042825,0,0.13108968595042825,0,0.13108968588834008,0
1430,0.050454787289102875,0,0.13108968579520783,0,0.13108968579520783,0,0.05045479846497377,0,0.050454787289102875,0,0.08270874892671902,0
1431,0.07872550034274657,0,0.08923601343606909,0,0.08887724857777357,0,0.07872553293903668,0,0.07872548295805852,0,0.08285795565073688,0
1432,0.11220633257956554,0,0.13869485522930822,0,0.13869486190378666,0,0.11220637736065935,0,0.11220630626970281,0,0.12280174666860452,0
1433,0.1039697013135689,0,0.10396969857780884,0,0.10852617029255877,0,0.10396970271055277,0,0.10396970127476379,0,0.10488099483385063,0
1434,0.08862694942702849,0,0.14331739915845296,0,0.14331739915845296,0,0.08862694973746936,0,0.08862694942702849,0,0.11050312938168645,0
1435,0.08712884108535945,0,0.08712883867944281,0,0.09387655618290107,0,0.08712884387932718,0,0.08712883984359603,0,0.08847838393412531,0
1436,0.08712884108535945,0,0.5031084426057836,1,0.13869346010809144,0,0.08712884387932718,0,0.08712883984359603,0,0.18063768550443154,1
1437,0.1151847251652119,0,0.14331739915845296,0,0.14331739915845296,0,0.11518472590250894,0,0.11518472306973611,0,0.12643779449087258,0
1438,0.13869344598303238,0,0.1386934413264195,0,0.1386934413264195,0,0.13869344598303238,0,0.13869344598303238,0,0.13869344412038723,0
1439,0.12881476489807633,0,0.14331739388095835,0,0.14331739388095835,0,0.11460470004628102,0,0.12881476241454948,0,0.1317738030241647,0
1440,0.06525681850810845,0,0.13108969309056798,0,0.13108969309056798,0,0.06525681850810845,0,0.06525681850810845,0,0.09158996834109226,0
1441,0.10672729563278456,0,0.14331741041193405,0,0.14331741041193405,0,0.0967744625134704,0,0.11518473484708618,0,0.12106426276344184,0
1442,0.11518476121515657,0,0.2679147295032938,0,0.23102168211092552,0,0.11518476129276678,0,0.11518475915848587,0,0.16889813865612574,0
1443,0.09040425430672865,0,0.11123646430981655,0,0.11123646430981655,0,0.08233640131462987,0,0.09040425430672865,0,0.09712356770954406,0
1444,0.10195615542276452,0,0.10195615542276452,0,0.10195615542276452,0,0.10195615565559517,0,0.10195615542276452,0,0.10195615546933065,0
1445,0.08089075082292159,0,0.6144650891268005,1,0.11123684599685173,0,0.08089076743150751,0,0.08089074430366357,0,0.19367483953634898,1
1446,0.11699594906531274,0,0.13108968579520783,0,0.13108968579520783,0,0.11699595123839875,0,0.11699594922053318,0,0.12263344422293206,0
1447,0.11699594906531274,0,0.13108968579520783,0,0.13108968579520783,0,0.11699595170406003,0,0.11699594906531274,0,0.12263344428502024,0
1448,0.09975191112607718,0,0.13869344225774208,0,0.13869344225774208,0,0.09975190926343203,0,0.09975191050519545,0,0.11532852308203775,0
1449,0.07745105462769668,0,1.7744755344465375,1,0.12803934793919325,0,0.07748446116844813,0,0.07749207131564617,0,0.4269884938995044,1
1450,0.11699739377945662,0,0.11699721543118358,0,0.11699722808164854,0,0.11699742816078167,0,0.11699737468734384,0,0.11699732802808285,0
1451,0.05045598248640696,0,0.0504558136065801,0,0.05045583223303159,0,0.0504560067007939,0,0.050455955788493156,0,0.05045591816306114,0
1452,0.1122046976427858,0,0.11220469640102237,0,0.11220469640102237,0,0.11220469841888796,0,0.11220469740995516,0,0.11220469725473474,0
1453,0.08712884108535945,0,0.08712883867944281,0,0.08712883867944281,0,0.08712884387932718,0,0.08712883984359603,0,0.08712884043343366,0
1454,0.11699593486264348,0,0.11699593377610047,0,0.11699593377610047,0,0.11699593486264348,0,0.11699593486264348,0,0.11699593442802628,0
1455,0.09518370404839516,0,0.11123646508591871,0,0.11123646508591871,0,0.10278172457280259,0,0.10034243816820283,0,0.10415615939224761,0
1456,0.08862694244210918,0,0.08862694275255005,0,0.08862694275255005,0,0.08862694244210918,0,0.08862694244210918,0,0.08862694256628553,0
1457,0.1250179586932063,0,0.1250179580723246,0,0.12474128588413198,0,0.1250179586155961,0,0.1250179586932063,0,0.12496262399169307,0
1458,0.09975189409063508,0,0.09975188966685285,0,0.09975188966685285,0,0.09975189246082057,0,0.09975189409063508,0,0.09975189199515928,0
1459,0.03946739497284094,0,1.708879656624049,1,1.4330647620372474,1,0.03947090792159239,0,0.039470416183272995,0,0.6520706275478005,1
1460,0.11526962307592233,0,0.13120342154676715,0,0.1312037386621038,0,0.11527078660825889,0,0.11527150807281335,0,0.1216438155931731,0
1461,0.13109071040526032,0,0.13109059414515892,0,0.1310906020614008,0,0.13109073710317412,0,0.13109069767718515,0,0.13109066827843585,0
1462,0.03694322146475315,0,0.04637500767906507,0,0.05761943695445856,0,0.03694322146475315,0,0.036943208426237106,0,0.04296481919785341,0
1463,0.039597234999140106,0,0.039597515016794205,0,0.042434802278876305,0,0.03959717477361361,0,0.039597210784753166,0,0.04016478757063548,0
1464,0.42390077002346516,1,2.759314109260837,1,0.13110833801329136,0,0.42390053408841294,1,0.4239008321116368,1,0.8324249166995287,1
1465,0.06593073345720768,0,0.06583767694731553,0,0.08598877241214116,0,0.06592284205059211,0,0.06592035976548989,0,0.06992007692654927,0
1466,0.08941661768282454,0,0.11125018238089979,0,0.11125023546628654,0,0.08297899380947153,0,0.06842185355102022,0,0.09266357657810052,0
1467,0.13869344862177968,0,0.1386934470695754,0,0.1386934470695754,0,0.13869344862177968,0,0.1386934470695754,0,0.13869344769045713,0
1468,0.08712881322329243,0,0.13869341757769385,0,0.13869341757769385,0,0.08712881322329243,0,0.08712881322329243,0,0.10775465496505299,0
1469,0.054008262852827706,0,0.14331739279441535,0,0.14331739279441535,0,0.04542142401138941,0,0.059721481365462147,0,0.08915719076370199,0
1470,0.0738138093923529,0,0.07381360046565533,0,0.09359773217389981,0,0.07381385347495477,0,0.07381378347054124,0,0.07777055579548081,0
1471,0.22673549192647138,0,3.9243066685739905,1,0.14332175836898386,0,0.2267354472229878,0,0.22673554283877215,0,0.9495669817862412,1
1472,0.11699594922053318,0,0.13108968579520783,0,0.13108968579520783,0,0.11699594922053318,0,0.11699594922053318,0,0.12263344385040305,0
1473,0.10404704357885446,0,0.4522487963549793,1,0.4097316589516898,1,0.10404584545176476,0,0.10404535402388622,0,0.23482373967223488,1
1474,0.10403499857056886,0,0.10402236098889261,0,0.10402250910798709,0,0.10403405892429873,0,0.10403358290204778,0,0.10402950209875902,0
1475,0.11460548274529476,0,0.14332405772681037,0,0.14332406882507107,0,0.11834602197632194,0,0.12882307394465897,0,0.12968454104363142,0
1476,0.12882328696044473,0,0.14332405726114908,0,0.1433240744130065,0,0.1288231247017393,0,0.1288230801389242,0,0.13462352469505276,0
1477,0.1214203576867779,0,0.13869346429904303,0,0.13869346429904303,0,0.11510783146756391,0,0.11220470253222932,0,0.12522396405693142,0
1478,0.07470047504951556,0,0.1433173988480121,0,0.1433173988480121,0,0.07470047504951556,0,0.07470047504951556,0,0.10214724456891418,0
1479,0.11699594922053318,0,0.11699594642656545,0,0.11699594642656545,0,0.11699594906531274,0,0.11699594922053318,0,0.11699594807190199,0
1480,0.048829294120272,0,0.05347000993788242,0,1.8648540643043816,1,0.048829294120272,0,0.048829294120272,0,0.412962391320616,1
1481,0.1122046645032242,0,0.11331710071923833,0,0.11265365915217747,0,0.1122046645032242,0,0.11220466481366505,0,0.11251695073830585,0
1482,0.12501798019123575,0,0.1250179820538809,0,0.12092147589040299,0,0.12501798096733788,0,0.12501797972557446,0,0.1241986797656864,0
1483,0.1122046645032242,0,0.4504551623637478,1,0.415562660433352,1,0.1122046645032242,0,0.1122046645032242,0,0.2405263632613545,1
1484,0.0770134802442044,0,0.14331739279441535,0,0.14331739279441535,0,0.08007009699940681,0,0.10195615565559517,0,0.10913490369760741,0
1485,0.061046319315209985,0,0.14331739279441535,0,0.14331739279441535,0,0.06305480942440529,0,0.08862694275255005,0,0.09987257141619921,0
1486,0.10402228432940319,0,0.304975719191134,0,0.13113072964673242,0,0.10402151546441019,0,0.10402113930710281,0,0.14963427758775652,0
1487,0.0369491217037042,0,0.13111277374749383,0,0.13111283537000418,0,0.03694910307725271,0,0.036949013049403824,0,0.07461456938957176,0
1488,0.04936949536204338,0,0.968293444175894,1,0.7949666074321916,1,0.04936939850449562,0,0.04936936932305495,0,0.3822736629595359,1
1489,0.10034276444154482,0,0.09634089136185746,0,0.10258879923882584,0,0.10034276808922489,0,0.10034275345969945,0,0.09999159531823049,0
1490,0.12502658079999188,0,0.1250255883205682,0,0.12502560741268098,0,0.12502680990534523,0,0.12502645320879915,0,0.12502620792947708,0
1491,0.09901113901287317,0,0.8720068861730397,1,0.762816297976921,1,0.09901114429036777,0,0.09901113870243232,0,0.3863713212311268,1
1492,0.13869475666433573,0,0.1386946034617722,0,0.13869460330655178,0,0.13869479515900215,0,0.1386947405214111,0,0.1386946998226146,0
1493,0.08862732288738091,0,0.08862727259596188,0,0.08862727197508018,0,0.08862733375281096,0,0.08862731978297234,0,0.08862730419884125,0
1494,0.10397071637756501,0,0.10449690552195534,0,0.2424827927413086,0,0.10397073905915022,0,0.10397070007941996,0,0.13177837075587984,0
1495,0.12592543133844933,0,0.12592543258021274,0,0.1259254322697719,0,0.12592543195933104,0,0.12592543133844933,0,0.12592543189724287,0
1496,0.11858203269851704,0,0.11858202478227516,0,0.12233797608253856,0,0.11858203331939876,0,0.11858203068065147,0,0.1193332195126762,0
1497,0.07470052192608516,0,0.14331743400543928,0,0.14331743338455757,0,0.05448700316871206,0,0.07470052192608516,0,0.09810458288217586,0
1498,0.06525866501033306,0,0.13109132399161658,0,0.1310913315974176,0,0.06525871095558007,0,0.0652586327244838,0,0.09159173285588622,0
1499,0.050460011387864746,0,0.05045943707227707,0,0.05045944514373938,0,0.050460152328014374,0,0.05045995178321997,0,0.05045979954302311,0
1500,0.10034274907472233,0,0.1112367295815299,0,0.11123673051285247,0,0.10034276521764696,0,0.10034274775534868,0,0.10470034442842006,0
1501,0.13869512360543013,0,0.138694919180125,0,0.13869493082165718,0,0.13869518119220933,0,0.13869509814927974,0,0.13869505058974027,0
1502,0.07553730346262455,0,2.096020950935781,1,0.12592911534011364,0,0.07553737424314022,0,0.07553725441296895,0,0.4897123996789257,1
1503,0.08089029928669333,0,0.11123648293626805,0,0.11123648293626805,0,0.08089030099411805,0,0.08089030114933848,0,0.09302877346053719,0
1504,0.11699592904187739,0,0.16376219984764853,0,0.1534252028601865,0,0.11699592904187739,0,0.11699592904187739,0,0.13363503796669343,0
1505,0.07330755703151226,0,0.14331739279441535,0,0.14331739279441535,0,0.054710686672478914,0,0.07470047660171986,0,0.09787070117890835,0
1506,0.09975188892955582,0,0.09975188838628431,0,0.11799579284464319,0,0.09975188892955582,0,0.09975188892955582,0,0.10340066960391898,0
1507,0.059721480744580425,0,0.14331739294963577,0,0.14331739294963577,0,0.059721480744580425,0,0.059721480744580425,0,0.09315984562660258,0
1508,0.04290749443074068,0,0.05499649544556936,0,0.03567858226597309,1,0.04290749443074068,0,0.04290749443074068,0,0.0438795122007529,1
1509,0.10195615922566503,0,0.0829195320790556,0,0.09103089353690545,0,0.10195615887641907,0,0.10195615887641907,0,0.09596378051889284,0
1510,2.3090291215727725,1,0.1763365394435823,0,0.17644884747763476,0,2.3091588150709867,1,2.309161483620604,1,1.4560269614371162,1
1511,0.07530563573042552,0,0.06790890855093797,0,0.06775997454921405,0,0.0745546817779541,0,0.07452143790821235,0,0.0720101277033488,0
1512,0.06245809545119604,0,3.575588217160354,1,3.1329072946682572,1,0.0624579768627882,0,0.06245815195143223,0,1.3791739472188056,1
1513,1.4624944124370813,1,0.3945947624742985,1,0.39501145637283724,1,1.4629737101495266,1,1.426943718145291,1,1.0284036119158069,0
1514,0.08889233134686947,0,0.1435245747367541,0,0.14352487089733282,0,0.0888861653705438,0,0.08888660743832588,0,0.11074290995796521,0
1515,0.05932370387017727,0,1.2884024763479829,1,1.119976532800744,1,0.05932375540335973,0,0.05932367406785488,0,0.5172700284980238,1
1516,0.10397096424518774,0,0.6703672194853425,1,0.13109076333542666,0,0.10397099053564791,0,0.10397094736496608,0,0.22267417699331418,1
1517,0.08378505644698937,0,0.13189495215192437,0,0.13189713905255,0,0.09079977652678888,0,0.08379991911351681,0,0.1044353686583539,0
1518,0.05389608753224214,0,1.6439396266359836,1,1.3963596742444981,1,0.05395167258878549,0,0.05364796767632166,0,0.6403590057355661,1
1519,0.3072506232808034,1,0.3142613712698221,0,4.047850691092511,1,0.30747163854539394,1,0.307461766526103,1,1.0568592181429266,1
1520,0.10396969318389893,0,0.13108968579520783,0,0.13108968579520783,0,0.10396969318389893,0,0.10396969372717042,0,0.11481769033707678,0
1521,0.1119473163659374,0,0.11122272136465956,0,0.0856249329711621,0,0.11194731737487018,0,0.1119473163659374,0,0.10653792088851333,0
1522,0.11535530723631382,0,0.13109334760035077,0,0.13109335877622166,0,0.11535525135695934,0,0.11535534573098023,0,0.12165052214016517,0
1523,0.048827786619464554,0,1.704712457799663,1,0.13109269474322596,0,0.04882775309185187,0,0.048827835048238434,0,0.39645770546048886,1
1524,0.1119474299872915,0,0.11194741896664102,0,0.09833148777640115,0,0.11194743037534256,0,0.11194742602917056,0,0.10922423862696935,0
1525,0.10396975426313777,0,0.11511393562735368,0,0.11859182939709474,0,0.10396975472879906,0,0.10396975426313777,0,0.1091230056559046,0
1526,0.18741107902800044,0,0.17363574542105198,0,0.17349432688206434,0,0.18564470403362066,0,0.18610948331964514,0,0.18125906773687653,0
1527,0.0914239805812637,0,0.7417190757890543,1,0.13109135441482067,0,0.09142402932047844,0,0.0914239549698929,0,0.229416479015102,1
1528,0.039599129309256874,0,0.039599151040116944,0,0.039599151040116944,0,0.03959913675983747,0,0.03959913179278374,0,0.03959913998842239,0
1529,0.09901378971214096,0,0.09901344729587436,0,0.09901345862696569,0,0.09901387291029096,0,0.0990137488891681,0,0.09901366348688802,0
1530,0.06525831576436758,0,0.9891741302174827,1,0.1310910196043551,0,0.06525836139917374,0,0.06525829341262579,0,0.263208024079601,1
1531,0.09181837225332856,0,0.6624880928235749,1,0.5199232006755968,1,0.09181896240140001,0,0.0918181127247711,0,0.29157334817573427,1
1532,0.1288147641219742,0,0.15536625923899314,0,0.14331739388095835,0,0.12881476241454948,0,0.1288147641219742,0,0.13702558875568988,0
1533,0.07124010318269332,0,0.11123646524113913,0,0.11123646524113913,0,0.07124010442445676,0,0.07124010318269332,0,0.08723864825442433,0
1534,0.0649986279507478,0,0.11123646524113913,0,0.11123646524113913,0,0.06583169475197792,0,0.049363562216361366,0,0.08053336308027306,0
1535,0.09302571788430214,0,0.09824471746105701,0,0.06187303193534414,0,0.09300265461206436,0,0.09299667862554391,0,0.08782856010366231,0
1536,0.10557703285788496,0,0.37310869914169115,1,0.29366752738133073,0,0.10557703316832583,0,0.10557703122807045,0,0.19670146475546063,1
1537,0.07553484415014584,0,0.12592543366675576,0,0.12592543459807834,0,0.07553484415014584,0,0.07553485408425331,0,0.09569108212987582,0
1538,0.11981524107977748,0,0.11927689138489465,0,0.11927688797004521,0,0.11976046992155413,0,0.11976272985339165,0,0.11957844404193263,0
1539,0.11417007585987449,0,0.18825493628780046,0,0.18817358277738094,0,0.1264247187258055,0,0.11303783332308133,0,0.14601222939478856,0
1540,0.0736873485147953,0,0.8853556035707394,1,0.13797450065612793,0,0.07352503947913647,0,0.07354120661815007,0,0.24881673976778979,1
1541,0.10195689372873555,0,0.1017281524837017,0,0.10172222248123337,0,0.10193524389372517,0,0.10193116539934029,0,0.10185473559734722,0
1542,0.06525795596341293,0,0.08218128746375442,0,0.06987519313891728,0,0.06525797707339127,0,0.06525794633974631,0,0.06956607199584444,0
1543,0.07607105436424415,0,0.13108966390912732,0,0.13108966390912732,0,0.0684408141920964,0,0.07311044338469704,0,0.09596032795185845,0
1544,0.08862694275255005,0,0.08862694275255005,0,0.061046319315209985,0,0.08862694244210918,0,0.08862694275255005,0,0.08311081800299387,0
1545,0.11699739991066356,0,0.13109094323590398,0,0.13109094401200613,0,0.12234579616536696,0,0.11699737693804006,0,0.12370449205239613,0
1546,0.08089072986816366,0,0.0829612451295058,0,0.4049620903873195,1,0.08089074135447542,0,0.08089071651920676,0,0.14611910465173422,1
1547,0.11223005949674796,0,0.11222719971556216,0,0.11222727282438427,0,0.11223075271118432,0,0.1122297066807126,0,0.11222899828571826,0
1548,0.11858371544318895,0,0.10320467540683846,0,0.24354596948251128,0,0.11858376697637141,0,0.1185836885900547,0,0.14050036317979298,0
1549,0.0997570746500666,0,0.13869791493440667,0,0.13869794473672906,0,0.09975721101121356,0,0.09975700352030496,0,0.11533342977054417,0
1550,0.11337224929593503,0,0.14331804992010197,0,0.14331805465432504,0,0.10769487032666802,0,0.11518547249337037,0,0.1245777393380801,0
1551,0.3389603737741709,1,4.343486122476558,1,3.73365855573987,1,0.3389596858372291,1,0.33896068297326565,1,1.8188050841602188,0
1552,0.04882825600604216,0,0.1310918095211188,0,0.13109182240441442,0,0.04882819515963396,0,0.04882826594014963,0,0.08173366980627178,0
1553,0.042902632926901184,0,0.07552644486228625,0,2.27935397811234,1,0.042902532344063125,0,0.04290276144941648,0,0.49671766993900146,1
1554,0.1041127749485895,0,0.10408433918685962,0,0.1040846513545451,0,0.10411040826390187,0,0.1041096326468202,0,0.10410036128014326,0
1555,0.11699594922053318,0,0.11987761547788978,0,0.24279546085745096,0,0.11699594906531274,0,0.11699594922053318,0,0.14273218476834398,0
1556,0.09040426090359688,0,0.0904042583424598,0,0.09501053551988055,0,0.09040426129164796,0,0.09040426028271516,0,0.09132551526806007,0
1557,0.10034244142783184,0,0.09518370140964787,0,0.09824688111742337,0,0.10034244189349313,0,0.10034244142783184,0,0.0988915814552456,0
1558,0.05932380321125189,0,0.05932356106738249,0,0.10123106379372378,0,0.059323842326800026,0,0.059323772167166076,0,0.06770520851326485,0
1559,0.0959069337695837,0,0.14559857547283173,0,3.8481885875420025,1,0.09590695115427177,0,0.09590697598954041,0,0.8563016047856461,1
1560,0.10961778298951685,0,0.1386934481561184,0,0.1386934481561184,0,0.1084148579587539,0,0.11799580471900602,0,0.1226830683959027,0
1561,0.10662534413859248,0,1.1295065466935437,1,0.996460567538937,1,0.10718158849825461,0,0.10646529169753194,0,0.4892478677133719,1
1562,0.08089028764516115,0,0.5493364915406952,1,0.47615601782066125,1,0.08089028811082244,0,0.080890287955602,0,0.2536326746145884,1
1563,0.09516504521404083,0,0.1311247538154324,0,0.13112484896555543,0,0.10931677840805303,0,0.07876403909176588,0,0.10909909309896952,0
1564,0.11195973019736509,0,0.111958253934669,0,0.11195828722945105,0,0.11196007606728624,0,0.11195956155036886,0,0.11195918179582805,0
1565,0.13869341928511858,0,0.13869341928511858,0,0.13869341928511858,0,0.13869341742247343,0,0.13869341928511858,0,0.13869341891258954,0
1566,0.11699592904187739,0,0.13108966359868646,0,0.13108966359868646,0,0.11699592904187739,0,0.11699592904187739,0,0.12263342286460102,0
1567,0.059721481365462147,0,0.595584433603411,1,0.14331739279441535,0,0.059721481365462147,0,0.059721481365462147,0,0.18361325409884258,1
1568,0.03959908957282702,0,0.13109088952963552,0,0.13109088766699037,0,0.036291069040695824,0,0.039599105094869934,0,0.07553420818100373,0
1569,0.10034244212632377,0,0.10034244398896892,0,0.10034244398896892,0,0.10034244212632377,0,0.10034244429940979,0,0.10034244330599904,0
1570,0.11518472450552508,0,0.09520221249355625,0,0.10393699600050847,0,0.11518472458313529,0,0.11518472450552508,0,0.10893867641765005,0
1571,0.04169698432087898,0,0.072655172397693,0,2.387132822535932,1,0.04169752635061741,0,0.04169729103644689,0,0.5169759593283137,1
1572,0.08460747015972932,0,0.12680739210918546,0,0.12681057831893364,0,0.08458603111406167,0,0.08458159739772479,0,0.10147861381992698,0
1573,0.1310927780965964,0,0.1310924245044589,0,0.13109243645643195,0,0.13109285943210125,0,0.1310927354109784,0,0.1310926467801134,0
1574,0.11518517216124262,0,0.11107445391462534,0,0.42348896370579797,1,0.11518518306547776,0,0.11518516486588244,0,0.17602378754260523,1
1575,0.1389586441218853,0,0.12592757943396768,0,0.12592758781587085,0,0.13895860003928343,0,0.13895862735807896,0,0.13374620775381724,0
1576,0.08713062681878607,0,0.12002378376200795,0,1.0224511856213212,1,0.08713066934918363,0,0.08713059577470024,0,0.2807733722651998,1
1577,0.06161659505839149,0,0.11123681991981964,0,0.11123682069592178,0,0.09417397327100237,0,0.04731087122733394,0,0.08511501603449385,0
1578,0.040906588857372604,0,1.531434657673041,1,0.13869533346345028,0,0.040906595066189766,0,0.04090657395621141,0,0.35856994980325296,1
1579,0.1250179783285906,0,0.24096815070758262,0,0.23945936715851227,0,0.12501797801814973,0,0.1250179783285906,0,0.17109629050828518,0
1580,0.09045440571693082,0,0.09044297637107472,0,0.09504948602989316,0,0.09045322060895462,0,0.0904532178149869,0,0.09137066130836805,0
1581,0.13869484653696418,0,0.13869467424228787,0,0.13869467905412117,0,0.138694878667593,0,0.1386948241852224,0,0.13869478053723772,0
1582,0.057758137583732605,0,0.13109089139228067,0,0.1310908974458774,0,0.05888958058009545,0,0.03694320966800054,0,0.08315454333399733,0
1583,0.048159715409080185,0,0.06139476473132769,0,1.7050709317748745,1,0.04817389448483785,0,0.048174161463975906,0,0.3821946935728192,1
1584,0.11354293790645897,0,0.11720060789957643,0,0.32719611655920744,1,0.11351557665814956,0,0.11351448794205983,0,0.15699394539309047,1
1585,0.13108968595042825,0,0.13108968579520783,0,0.13108968579520783,0,0.13108968812351426,0,0.13108968595042825,0,0.1310896863229573,0
1586,0.10195615941969056,0,0.14331739419139922,0,0.14331739419139922,0,0.10195615945849568,0,0.10195615941969056,0,0.11850065333613505,0
1587,0.07083290008207162,0,0.12641652564828595,0,0.1264183313275377,0,0.07082898293932278,0,0.07082724571228027,0,0.09306479714189966,0
1588,0.06654563872143626,0,0.143377245326216,0,0.14337741094641387,0,0.0636207649173836,0,0.07023070527551074,0,0.09743035303739209,0
1589,0.12474298601349194,0,0.1386948972940445,0,0.13869490350286165,0,0.12092319371489187,0,0.12501962785609066,0,0.12961512167627615,0
1590,0.04091598031421503,0,0.1387568077382942,0,0.13875700704132518,0,0.04091626902421316,0,0.04091582509378592,0,0.0800523778423667,0
1591,0.13108968595042825,0,0.13108968579520783,0,0.13108968579520783,0,0.13108968595042825,0,0.13108968595042825,0,0.13108968588834008,0
1592,0.11699593160301447,0,0.13108967384323478,0,0.13108967384323478,0,0.12234428897500038,0,0.1169959317582349,0,0.12370310000454385,0
1593,0.14034330340412757,0,0.12592744966968894,0,0.12592744749660292,0,0.060977225502332054,0,0.09604330221191049,0,0.10984374565693238,0
1594,0.06761395931243896,0,0.06761401146650314,0,0.06761401022473972,0,0.06761395931243896,0,0.06761396303772926,0,0.06761398067077001,0
1595,0.043813932687044144,0,0.11123685763838391,0,0.11123686633072793,0,0.043813941379388176,0,0.04381391406059265,0,0.07078310241922736,0
1596,0.4239075438429912,1,0.13109107579415044,0,0.13109108184774718,0,0.42390752273301285,1,0.4239075438429912,1,0.30678095361217855,1
1597,0.07249759572247665,0,0.13869537459686399,0,0.1386953772356113,0,0.07054157368838787,0,0.09749743901193142,0,0.10358547205105424,0
1598,0.03954245646794637,0,0.03807353414595127,0,0.036952934227883816,1,0.039542426044742264,0,0.039542468885580696,0,0.038730763954420884,1
1599,0.14838207326829433,0,2.7723289245429137,1,2.3293769930799804,1,0.14838207078476748,0,0.14838206581771374,0,1.1093704254987338,1
1600,0.39043389074504375,1,0.39043405217429,1,0.3988306267807881,1,0.3904338510086139,1,0.39043393296500045,1,0.3921132707347472,0
1601,0.08360520439843337,0,0.07458057689170043,0,0.09786889639993508,0,0.08360437117516994,0,0.08360323123633862,0,0.08465245602031549,0
1602,0.11194960613890241,0,0.11194932429740827,0,0.11122473752281319,0,0.11194966768380255,0,0.11194957292173058,0,0.1118045817129314,0
1603,0.10034274488377075,0,0.1112367551929007,0,0.11123675457201898,0,0.10034275124780834,0,0.1003427451942116,0,0.10470035021814209,0
1604,0.11518505467878033,0,0.11518503698365141,0,0.11518503554786245,0,0.11518505535786971,0,0.11518505200122793,0,0.11518504691387836,0
1605,0.04146540847917398,0,0.058011981658637524,0,0.0633586688588063,0,0.04134011330703894,0,0.041352711617946625,0,0.04910577678432067,0
1606,0.10037828811133902,0,0.23510835513783,0,0.22872276379105946,0,0.10037743862873565,0,0.10037743827948968,0,0.15299285678969074,0
1607,0.06525699887424707,0,0.07181485882028937,0,0.6617372687906027,1,0.06525701470673084,0,0.06525700228909652,0,0.1858646286961933,1
1608,0.09590732989211877,0,0.14331740008977553,0,0.14331740008977553,0,0.09590733610093594,0,0.09590732989211877,0,0.11487135921294492,0
1609,0.3867435536036889,1,1.4436230019976695,1,1.5011432636529207,1,0.39537878474220634,1,0.38464479241520166,1,0.8223066792823375,0
1610,0.5536465576539437,1,0.718046243612965,1,0.7186034588764111,1,0.5588519216204683,1,0.5523696091646949,1,0.6203035581856965,0
1611,0.12508696682440737,0,0.12402440405761202,0,0.2389867052746316,0,0.12508587702177465,0,0.12508541159331799,0,0.14765387295434873,0
1612,0.0990113029256463,0,0.767255384940654,1,0.658064874044309,1,0.09901130789270003,0,0.0990113055643936,0,0.34447083507354054,1
1613,0.07470061847319205,0,0.07470061350613832,0,0.07470061319569747,0,0.07470062095671892,0,0.07470061164349318,0,0.07470061555504799,0
1614,0.11756174794087808,0,0.13108968579520783,0,0.13108968579520783,0,0.1198776182718575,0,0.11699594922053318,0,0.12332293740473688,0
1615,0.12234429984043042,0,0.13108968579520783,0,0.13108968579520783,0,0.11905003552480291,0,0.11699594922053318,0,0.12411393123523642,0
1616,0.07872551244994004,0,0.966947042538474,1,0.13109072002892694,0,0.07872551493346691,0,0.07872550717244546,0,0.2668428594246507,1
1617,0.13869897229596972,0,0.13869834411889315,0,0.13869836010659733,0,0.13869912937904397,0,0.13869889685884118,0,0.13869874055186907,0
1618,0.08712880530705054,0,0.5551746059209108,1,0.4535147373874982,1,0.08712880530705054,0,0.08712880530705054,0,0.2540151518459121,1
1619,0.034358191614349685,0,0.11123646493069828,0,0.11123646493069828,0,0.06419182568788528,0,0.049363563458124794,0,0.07407730212435128,0
1620,0.11195247845413785,0,0.22231861483305693,0,0.12592979287728667,0,0.11195261900623639,0,0.1119524046080187,0,0.1368211819557473,0
1621,0.053678058087825775,0,0.05367817543447018,0,0.05367820834120115,0,0.0536779910326004,0,0.053678047532836594,0,0.05367809608578682,0
1622,0.0370642983665069,0,0.03706426483889421,0,0.0814838173488776,0,0.03706428408622742,0,0.037064287190636,0,0.04594819036622842,0
1623,0.03959832961360613,0,1.0139328832738101,1,0.13109437748789787,0,0.039598312228918076,0,0.039598364382982254,0,0.2527644533974429,1
1624,0.03694321525593599,0,0.0481306086294353,0,1.1854621378394465,1,0.036943219602108,0,0.036943202217419945,0,0.2688844767088691,1
1625,0.06512247957289219,0,0.12593129836022854,0,0.12593131108830372,0,0.11151143970588843,0,0.05910749609271685,0,0.09752080496400595,0
1626,0.05367856410642465,0,0.053678637370467186,0,0.03431493975222111,1,0.053678530578811966,0,0.053678532441457115,0,0.04980584084987641,1
1627,0.03399759717285633,1,0.04054255038499832,0,2.293902817182243,1,0.033997612074017525,0,0.03399759655197462,1,0.48728763467321795,1
1628,0.08352598734200001,0,0.9565175357274711,1,0.12593524840970835,0,0.08352628846963246,0,0.08352582653363545,0,0.26660617729648944,1
1629,0.20575333324571451,0,0.12594534115244946,0,0.12594540991509953,0,0.20575299548606077,1,0.20575349343319735,1,0.17383011464650433,1
1630,0.11699593183584511,0,0.1172959942681094,0,0.15443902260934314,0,0.11699593183584511,0,0.11699592873143654,0,0.12454456185611584,0
1631,0.09296940360218287,0,0.1386934189746777,0,0.1386934189746777,0,0.09653886915960659,0,0.10587849305011332,0,0.11455472075225163,0
1632,0.11518471788925429,0,0.1433173935705175,0,0.1433173935705175,0,0.11518471788925429,0,0.11518471788925429,0,0.1264377881617596,0
1633,0.11220465798396617,0,0.24861819483339787,0,0.1386934189746777,0,0.11220465798396617,0,0.11220465798396617,0,0.1447851175519948,0
1634,0.113317119772546,0,0.13869344225774208,0,0.13869344225774208,0,0.10470873940115173,0,0.11220468561320256,0,0.12152348586047687,0
1635,0.09142202169944842,0,0.09142202464863658,0,0.09142202464863658,0,0.09142202557995915,0,0.09142202169944842,0,0.09142202365522582,0
1636,3.6841861067029336,1,0.7468118673811356,1,0.7470425100376209,1,3.7160468608296164,1,3.611269536583374,1,2.501071376306936,0
1637,0.908845815807581,1,0.9136545130362114,1,0.9323047908643881,1,0.9093618672341108,1,0.909268661091725,1,0.9146871296068033,0
1638,0.05045632521311442,0,0.05045614391565323,0,0.06014879420399666,0,0.050456358740727104,0,0.05045631589988867,0,0.052394787594676015,0
1639,0.0835182952384154,0,0.1259282405177752,0,0.12592824020733437,0,0.08351836601893108,0,0.0835182499140501,0,0.10048227837930121,0
1640,0.08713111568552752,0,0.1116804468135039,0,0.4811940042612453,1,0.08713116791720192,0,0.08713107734608154,0,0.170853562404712,1
1641,0.3359351238856713,1,4.094950230481724,1,3.4897434286152325,1,0.33599928580224514,1,0.3359989083061616,1,1.718525395418207,0
1642,0.10034449580901612,0,0.23511365901989242,0,0.22870233662736913,0,0.1003445628642415,0,0.10034447508708884,0,0.15296990588152162,0
1643,0.1288160015780401,0,0.14331848096723357,0,0.14331847739716372,0,0.12881603093410376,0,0.1288159848578895,0,0.13461699514688613,0
1644,0.13869344101597866,0,0.13869344225774208,0,0.13869344225774208,0,0.13869344101597866,0,0.13869344101597866,0,0.13869344151268403,0
1645,0.03954245708882809,0,0.13869587192311883,0,0.13869588185722628,0,0.03954245833059152,0,0.03954246391852697,0,0.07920382662365832,0
1646,0.08379634842276573,0,0.1838273578323424,0,0.18353045141945282,0,0.08370176516473293,0,0.08408662552634875,0,0.12378850967312852,0
1647,0.07124055549502373,0,1.0208113658397149,1,0.9157093411777169,1,0.07124055176973343,0,0.07124054711312056,0,0.43004847227906196,1
1648,0.040906320636471115,0,0.13869346010809144,0,0.13869346010809144,0,0.040906320636471115,0,0.040906320636471115,0,0.08002117642511923,0
1649,0.05972148881604274,0,0.05972148881604274,0,0.05972148881604274,0,0.05972148881604274,0,0.05972148881604274,0,0.05972148881604274,0
1650,0.05972149005780617,0,0.05221436793605486,0,0.02775451789299647,1,0.05972149005780617,0,0.05972149005780617,0,0.051826671200493966,1
1651,0.088610545033589,0,0.13869350217282772,0,0.13869350217282772,0,0.10804548875118296,0,0.05932198837399483,0,0.10667300530088446,0
1652,0.10557721097332735,0,0.08603136610084523,0,0.07611794482606153,0,0.10557721415534616,0,0.10557720685998599,0,0.09577618858311325,0
1653,0.0886271131845812,0,0.9162104583811015,1,0.820403006936734,1,0.08862711349502206,0,0.08862711473678549,0,0.4004989613468449,1
1654,0.04433621962865194,0,0.04491072831054529,0,0.04490452942748865,0,0.044394717241326966,0,0.04439552376667658,0,0.04458834367493788,0
1655,0.062453826889395714,0,0.06245529651641846,0,0.06245528037349383,0,0.062453826268514,0,0.06245402122537295,0,0.06245445025463899,0
1656,0.05972212987641493,0,0.028686583042144775,1,0.6709119648051759,1,0.05972215160727501,0,0.05972212118407091,0,0.17575299010301632,1
1657,0.1260879940042893,0,0.1433220187512537,0,0.1433220407149444,0,0.14847956039011478,0,0.1260880238066117,0,0.13745992753344277,0
1658,0.06527258362621069,0,0.07936757601176699,0,0.07483193495621283,0,0.06527242871622245,0,0.0652722604572773,0,0.07000335675353805,0
1659,0.6029110743353764,1,0.602911248182257,1,0.6029112506657839,1,0.6029110221813122,1,0.6029110879947742,1,0.6029111366719008,0
1660,0.037699706852436066,0,1.2886937192330759,1,1.047948492070039,1,0.03769425178567568,0,0.03768785484135151,0,0.4899448049565156,1
1661,0.07059587351977825,0,0.12593674178545675,0,0.1259367650685211,0,0.0705960455040137,0,0.07059582447012265,0,0.0927322500695785,0
1662,0.09216637765833487,0,0.13871850647653142,0,0.138718626772364,0,0.06479791652721663,0,0.0738390510280927,0,0.10164809569250792,0
1663,0.1137463681710263,0,2.6499045587455234,1,2.3540521009514728,1,0.11834711379682024,0,0.11267361091449857,0,1.0697447505158684,1
1664,0.11221128488735606,0,0.11221051445075621,0,0.11511366356474657,0,0.11221146013122052,0,0.11221119315208246,0,0.11279162323723238,0
1665,0.11699592904187739,0,0.5189154761222502,1,0.13108966359868646,0,0.11699592904187739,0,0.11699592904187739,0,0.2001985853693138,1
1666,0.08089028531685472,0,0.08089028531685472,0,0.06892382652343561,0,0.08089028531685472,0,0.08089028531685472,0,0.07849699355817089,0
1667,0.12501795426942408,0,0.12501795426942408,0,0.12474127889921267,0,0.12501795426942408,0,0.12501795426942408,0,0.12496261919538179,0
1668,0.12501795551118752,0,0.13869341928511858,0,0.13869341928511858,0,0.13439319965740046,0,0.12501795551118752,0,0.13236318985000256,0
1669,0.059721481365462147,0,0.804944024188444,1,0.14331739279441535,0,0.059721481365462147,0,0.059721481365462147,0,0.22548517221584916,1
1670,0.1174385289195925,0,0.13148573599755764,0,0.13148701408257088,0,0.11745528915586571,0,0.1174338908555607,0,0.1230600918022295,0
1671,0.03696030005812645,0,0.05893617061277231,0,1.2363522294908762,1,0.03696018954118093,0,0.03695995050172011,0,0.2812337680409352,1
1672,0.03959894677003225,0,0.033610875407854714,0,1.895699285902083,1,0.03959891262153784,0,0.03959894614915053,0,0.4096213933701316,1
1673,0.10558484649906556,0,0.13740000881565115,0,0.9226730288937688,1,0.10558506621358295,0,0.10558473691344261,0,0.2753655374671022,1
1674,0.04685940407216549,0,1.2288803192786872,1,0.12592776228363314,0,0.0468593705445528,0,0.04685939413805803,0,0.29907725006341934,1
1675,0.11220639148571838,0,0.116145226949205,0,0.32702142000198364,1,0.11220643820706755,0,0.11220637161750346,0,0.1559571696522956,1
1676,0.08383719141905506,0,0.13108977737526098,0,0.13108977706482014,0,0.09527517405028145,0,0.06525690946727991,0,0.1013097658753395,0
1677,0.11123646493069828,0,0.11123646493069828,0,0.11123646493069828,0,0.11123646493069828,0,0.11123646493069828,0,0.11123646493069828,0
1678,0.04882872166732947,0,0.13109080524494252,0,0.1310908099015554,0,0.04882869559029738,0,0.04882873656849066,0,0.0817335537945231,0
1679,0.1250193938612938,0,0.1250192259127895,0,0.1258528804561744,0,0.12501943026048443,0,0.12501937717509767,0,0.12518606153316797,0
1680,0.07124053221195936,0,1.159909025998786,1,0.11123682023026049,0,0.07124054959664743,0,0.07124052538226049,0,0.2969734906839828,1
1681,0.1185884236668547,0,0.12593104767923555,0,0.12593107127274075,0,0.118588614044711,0,0.11858834186568856,0,0.12152549970584611,0
1682,0.09011127706617117,0,0.14129822421818972,0,0.14131979178637266,0,0.09050007195522387,0,0.08998847721765439,0,0.11064356844872236,0
1683,0.1122065819411849,0,0.11220635500891755,0,0.11331879149656743,0,0.11220662648944806,0,0.11220655175081144,0,0.11242898133738588,0
1684,0.06641973586132129,0,0.08321901860957344,0,0.0709235571945707,0,0.0664561598872145,0,0.06640631891787052,0,0.07068495809411009,0
1685,0.10397292140017574,0,0.2247781869955361,0,0.13109245632464686,0,0.10397300194017589,0,0.10397287863694753,0,0.13355788905949642,0
1686,0.08506282605230808,0,0.09560054889880121,0,0.10223130043596029,0,0.08772665448486805,0,0.08427725763370593,0,0.09097971750112871,0
1687,0.09040467479887108,0,0.09040461798819403,0,0.09040462054933111,0,0.09040468620757262,0,0.0904046695989867,0,0.09040465382859111,0
1688,0.05352424023052057,0,0.05354193908472856,0,0.07970468637843926,0,0.05351913534104824,0,0.053525552774469055,0,0.05876311076184114,0
1689,0.05826387678583463,0,0.12592901724080244,0,0.12592902624358734,0,0.10188299603760242,0,0.059107628340522446,0,0.09422250892966987,0
1690,0.04428829004367193,0,1.1862456140418847,1,0.13869523101796707,0,0.04428831860423088,0,0.044288297494252525,0,0.29156115024040136,1
1691,0.04090630573530992,0,0.13869341757769385,0,0.13869341757769385,0,0.07880933831135432,0,0.04090630573530992,0,0.08760175698747237,0
1692,0.09040425422911842,0,0.11123646493069828,0,0.11123646493069828,0,0.09040425422911842,0,0.09040425422911842,0,0.09873713850975036,0
1693,0.12186724234682818,0,0.1259274099332591,0,0.12592743678639332,0,0.11604240424154948,0,0.10557926562614739,0,0.11906875178683549,0
1694,0.10557910225664575,0,0.10557882386880617,0,0.1218667800227801,0,0.10557916620746255,0,0.10557907354086637,0,0.1088365891793122,0
1695,0.05045628982285658,0,0.13109103279809156,0,0.13109103760992488,0,0.07311193489780028,0,0.05045625691612562,0,0.08724131040895977,0
1696,0.07872607527921598,0,0.08427500088388722,0,0.4977191612124443,1,0.07872611625740926,0,0.07872605323791504,0,0.16363448137417436,1
1697,0.09142340905964375,0,0.4522657518585523,1,0.37631834484636784,1,0.09142344476034243,0,0.09142338903620839,0,0.2205708679122229,1
1698,0.07997702589879434,0,0.14331651665270329,0,0.14329495187848806,0,0.0797109470392267,0,0.07973597757518291,0,0.10520708380887907,0
1699,0.07767643220722675,0,0.8684258724873265,1,0.7358329597239693,1,0.07759521637732784,0,0.07759911892935634,0,0.36742591994504137,1
1700,0.09901301081602772,0,0.557752408242474,1,0.4485626394550006,1,0.0990130666953822,0,0.0990129834972322,0,0.26067082174122336,1
1701,0.0787257133051753,0,0.5570012711298963,1,0.4476701373544832,1,0.07872574869543314,0,0.07872569933533669,0,0.24816971396406493,1
1702,0.06525917475422223,0,0.9478881151104966,1,0.8042338710899154,1,0.0652592492600282,0,0.06525912942985694,0,0.38957990792890385,1
1703,0.0369438286870718,0,1.1318780394891899,1,0.131093375540028,0,0.03694384234646956,0,0.03694378025829792,0,0.27476057326421144,1
1704,0.040906526148319244,0,0.07024600263684988,0,0.05650532431900501,0,0.04090657209356626,0,0.04090655967593193,0,0.04989419697473447,0
1705,0.11858181267355879,0,0.12592529878020287,0,0.12592529878020287,0,0.1249198829755187,0,0.11858181313922007,0,0.12278682126974065,0
1706,0.1003424352966249,0,0.22870092536322773,0,0.11123646430981655,0,0.1003424352966249,0,0.1003424352966249,0,0.12819293911258378,0
1707,0.11122726272636403,0,0.12592922616750002,0,0.12592924650137624,0,0.10036971817802016,0,0.11195178873216112,0,0.1150814484610843,0
1708,0.07554084869722526,0,0.07554011419415474,0,0.19011399863908687,0,0.07554099708795547,0,0.0755407443890969,0,0.09845534060150386,0
1709,0.11699774287020166,0,0.13109122992803654,0,0.13109123380854726,0,0.11699778252902131,0,0.11699771888864537,0,0.12263514160489045,0
1710,0.09901095445578297,0,0.12592529505491257,0,0.12592529505491257,0,0.0990109546110034,0,0.09901095445578297,0,0.10977669072647889,0
1711,0.06548904130856197,0,1.9733564003060262,1,0.12592529878020287,0,0.06548904130856197,0,0.06548904130856197,0,0.45914976460238294,1
1712,0.0886269452360769,0,1.2999927892815322,1,1.2041852718684822,1,0.0886269452360769,0,0.0886269452360769,0,0.554011779371649,1
1713,0.0990109546110034,0,0.557752380768458,1,0.44856169261038303,1,0.0990109546110034,0,0.0990109546110034,0,0.2606693874423702,1
1714,0.07553479758401711,0,0.07553479758401711,0,0.0773593676276505,0,0.07553479758401711,0,0.07553479758401711,0,0.0758997115927438,0
1715,0.0904042577991883,0,0.4048042305900405,1,0.11123646384415527,0,0.0904042577991883,0,0.0904042577991883,0,0.15745069356635213,1
1716,0.06525678684314092,0,0.06525678684314092,0,0.06525678684314092,0,0.06525678684314092,0,0.06525678684314092,0,0.06525678684314092,0
1717,0.06090101599693298,0,0.9683104425203055,1,0.8283625941257924,1,0.06090101599693298,0,0.06090101599693298,0,0.39587521692737937,1
1718,0.11224786141732086,0,0.11223933089058846,0,0.11514256180574496,0,0.11224726381866883,0,0.11224689842977871,0,0.11282478327242036,0
1719,0.11888971137038122,0,0.13143887328139195,0,0.2709954750413696,0,0.11877135870357354,0,0.11877242821113516,0,0.15177356932157032,0
1720,0.09034516072521608,0,0.14473531356391808,0,0.14473150041885674,0,0.08573963011925419,0,0.0903156449397405,0,0.1111734499533971,0
1721,0.08847260335460305,0,0.1387939207876722,0,0.13878990927090248,0,0.10267136331337194,0,0.08829865511506796,0,0.11140529036832354,0
1722,0.11699611390940845,0,0.15342527845253548,0,0.13108982921888432,0,0.1169961141422391,0,0.11699611305569609,0,0.1271006897557527,0
1723,0.118582020746544,0,0.1509639440725247,0,0.12592548038810492,0,0.11858201958239079,0,0.1185820132959634,0,0.12652709561710557,0
1724,0.1310906953488787,0,0.13109057893355688,0,0.13109058576325575,0,0.13109073027347526,0,0.13109068448344866,0,0.13109065496052305,0
1725,0.08713049868432184,0,0.13869490381330252,0,0.13869490505506596,0,0.08713054152516027,0,0.08713046507909894,0,0.1077562628313899,0
1726,0.11707829621930917,0,0.12311194487847388,0,0.23360454849898815,0,0.11707702597292761,0,0.11707648875502248,0,0.14158966086494426,0
1727,0.10402713731552164,0,0.11026419247112547,0,0.45225730817765,1,0.10402630810858682,0,0.10402588730600353,0,0.17492016667577748,1
1728,0.09187692667668064,0,0.09186123637482524,0,0.0918614453015228,0,0.09187594475224614,0,0.09187512487793963,0,0.0918701355966429,0
1729,0.08089306748782595,0,0.0902880613381664,0,0.36358446821880835,1,0.08089303861682613,0,0.08089300602053602,0,0.1393103283364326,1
1730,0.10557683658165236,0,0.10557683658165236,0,0.10557683658165236,0,0.10557683658165236,0,0.10557683658165236,0,0.10557683658165236,0
1731,0.06525678311785062,0,0.06525678311785062,0,0.07181468078245719,0,0.06525678311785062,0,0.06525678311785062,0,0.06656836265077193,0
1732,0.0390476311246554,0,0.9481303251037995,1,0.13472059338043132,0,0.03896975455184778,0,0.03897478990256786,0,0.23996861881266035,1
1733,0.09323629348849256,0,0.143676254277428,0,0.14367142536987862,0,0.09312609854775171,0,0.09312791664463778,0,0.11336759766563773,0
1734,0.07531726049880187,0,0.4462574324570596,1,0.1398971644230187,0,0.0752863590605557,0,0.07528429540495078,0,0.16240850236887733,1
1735,0.09040425849768023,0,0.25884841514440876,0,0.21463505652112266,0,0.09040425849768023,0,0.09040425950661302,0,0.14893924963350097,0
1736,0.1748321889899671,0,0.1663013356543767,0,0.16597405867651105,0,0.17422391284101954,0,0.1737991045617188,0,0.17102612014471863,0
1737,0.043707871809601784,0,0.04371146857738495,0,0.05330131575465202,0,0.04370821577807268,0,0.043708244959513344,0,0.04562742337584495,0
1738,0.11225516818619023,0,0.1387329880769054,0,0.13873312203213573,0,0.11225441094332685,0,0.11225403375768413,0,0.12284594459924847,0
1739,0.09969564634957351,0,0.12684478719408313,0,0.12684814492240548,0,0.08366210102879752,0,0.10673982424971958,0,0.10875810074891583,0
1740,0.13224836563070616,0,0.21689060578743616,0,1.9194438013558586,1,0.13239374508460364,0,0.13240252683560053,0,0.506675808938841,1
1741,0.11195030789046238,0,0.11194993644797553,0,0.11122535238973796,0,0.11195038519023608,0,0.11195026458396266,0,0.11180524930047493,0
1742,0.12881515387562104,0,0.12881509729292398,0,0.12881509806902613,0,0.12881515984675693,0,0.12881514984474052,0,0.12881513178581372,0
1743,0.06040304775039355,0,0.1433173935705175,0,0.1433173935705175,0,0.04867394578953584,0,0.07470048156877358,0,0.09408245244994759,0
1744,0.08089065831154585,0,0.549336426348115,1,0.47615625996453065,1,0.0808906708844006,0,0.0808906511714061,0,0.2536329333359996,1
1745,0.10396996227791533,0,0.13108993119870624,0,0.1310899299569428,0,0.11194959535108258,0,0.10396995831979439,0,0.11641387542088828,0
1746,0.1250193998372803,0,0.12501923382903138,0,0.12501923522601524,0,0.12501943561558923,0,0.12501938190932074,0,0.12501933728344738,0
1747,0.11194979744808127,0,0.11194949189666659,0,0.15132348155020736,0,0.11194986493016283,0,0.11194976543386777,0,0.11982448025179718,0
1748,0.11699595240255196,0,0.15443901640052596,0,0.13108968595042825,0,0.11699595240255196,0,0.11699595170406003,0,0.12730331177202364,0
1749,0.13109066151082516,0,0.1310905576683581,0,0.13109056605026126,0,0.13109068556999168,0,0.1310906441261371,0,0.13109062298511467,0
1750,0.10035923356190324,0,0.10035546430541824,0,0.10035550392543276,0,0.10035885664789627,0,0.10035882944551607,0,0.10035757757723332,0
1751,0.1323857094782094,0,0.1321296418706576,0,0.1321306050134202,0,0.1323601664043963,0,0.1323600768422087,0,0.13227323992177845,0
1752,0.1186505388468504,0,0.24354673270136118,0,0.2345383558422327,0,0.11865260452032089,0,0.11864965711720288,0,0.1668075778055936,0
1753,0.09041140717454255,0,0.7065868026111275,1,0.6682581258161614,1,0.09041161936086912,0,0.09041132514054577,0,0.32921585602064923,1
1754,0.11518507179183264,0,0.598687322732682,1,0.14331770494269827,0,0.11518507937823112,0,0.11518506956053898,0,0.21751204968119658,1
1755,0.1250179805792868,0,0.13173131792185208,0,0.16698781959712505,0,0.12501798088972768,0,0.1250179805792868,0,0.1347546159134557,0
1756,0.13869344800089797,0,0.13869344303384423,0,0.13869344303384423,0,0.1386934470695754,0,0.13869344800089797,0,0.13869344582781198,0
1757,0.11220468592364341,0,0.11220468475949019,0,0.11331711988896132,0,0.11220468631169449,0,0.11220468522515148,0,0.1124271724217882,0
1758,0.07124010442445676,0,0.07124010473489761,0,0.05729885213077068,0,0.07124010318269332,0,0.07124010473489761,0,0.0684518538415432,0
1759,0.1122117160897081,0,0.11221089652584244,0,0.11221092151633154,0,0.11221190095723917,0,0.11221161550687005,0,0.11221141011919826,0
1760,0.03954229379693667,0,0.03825769014656544,0,0.04346108312408129,0,0.039542347813645996,0,0.039542375753323235,0,0.04006915812691052,0
1761,0.11699693161062896,0,0.11699681620423992,0,0.11699682155934472,0,0.11699695877420406,0,0.11699691717512906,0,0.11699688906470933,0
1762,0.11223693056187282,0,0.11223063862416893,0,0.10473471914883703,0,0.11223651883968462,0,0.11223621740161131,0,0.11073500491523494,0
1763,0.1185866790668418,0,0.12592952667425075,0,0.12592954079930982,0,0.1185868075893571,0,0.11858660223272939,0,0.12152383127249777,0
1764,0.11518507609919955,0,0.11518503306433558,0,0.10672722904322048,0,0.1151850867123964,0,0.1151850720634684,0,0.11349349939652406,0
1765,0.5105773837616047,1,5.046046840026975,1,0.34231756379206973,1,0.5111388719330231,1,0.5110585807512203,1,1.3842278480529786,0
1766,0.13439322356134653,0,0.13869344101597866,0,0.13869344101597866,0,0.13173131450700262,0,0.12501798120016852,0,0.133705880260095,0
1767,0.1278349367591242,0,0.14331739388095835,0,0.14331739388095835,0,0.12509446420396367,0,0.12881476489807633,0,0.13367579072461616,0
1768,0.1458500837907195,0,0.1487334379926324,0,0.14873951921860376,0,0.09207434797038634,0,0.1016069360387822,0,0.12740086500222486,0
1769,0.20130300025145212,1,0.31859265640378,0,0.31791034899652004,1,0.17989895679056644,0,0.19480889414747557,1,0.24250277131795878,1
1770,0.10633800796737584,0,0.1271548530397316,0,0.1271591424010694,0,0.15286300245982906,0,0.11351149866823107,0,0.12540530090724739,0
1771,0.07922634327163298,0,0.08963132991145055,0,0.08927272818982601,0,0.07921698006490867,0,0.0792153946434458,0,0.0833125552162528,0
1772,0.04585913072029749,0,0.1330065776904424,0,0.13302875279138485,0,0.04596248206992944,0,0.0459605548530817,0,0.08076349962502717,0
1773,0.06265516268710296,0,0.13319307565689087,0,0.13319821826492748,0,0.054625254124403,0,0.06267876115938027,0,0.08927009437854092,0
1774,0.045895504454771675,0,0.13628312572836876,0,0.1362904431298375,0,0.04596624088784059,0,0.045954009518027306,0,0.08207786474376916,0
1775,0.0652579190209508,0,0.1310906664778789,0,0.1310906782746315,0,0.06525794292489688,0,0.0652579019467036,0,0.09159102172901235,0
1776,0.19610425643622875,0,3.6058224313892424,1,3.106278986980518,1,0.19610423284272352,1,0.19610428251326084,1,1.460082838032395,1
1777,0.4755217315008243,1,0.13869582566743097,0,0.1386958360671997,0,0.4981344932069381,1,0.47552174019316834,1,0.3453139253271123,1
1778,0.08446670261522134,0,0.08446680071453254,0,0.08446679823100567,0,0.08446662065883477,0,0.08446669764816761,0,0.08446672397355239,0
1779,0.037064271668593086,0,1.6553822647159298,1,1.4127324611569445,1,0.03706425055861473,0,0.03706425676743189,0,0.6358615009735028,1
1780,0.049364072581132255,0,0.0550600066781044,0,0.7738445152062923,1,0.0493640856196483,0,0.04936406140526136,0,0.19539934829808775,1
1781,0.1169964277651161,0,0.5289468097810944,1,0.5188261459891995,1,0.11699642916209996,0,0.11699641806383927,0,0.27975244615226985,1
1782,0.1288151850506741,0,0.12600747930506864,0,0.23069381535363695,0,0.1288151857103609,0,0.12881517717323732,0,0.1486293685185956,0
1783,0.03632650586465994,0,0.12930173178513846,0,0.12931312636161843,0,0.06980294858415921,0,0.05280467992027601,0,0.08350979850317039,0
1784,0.09180087052906553,0,0.09180049986268084,0,0.07735208716864388,0,0.0918009568316241,0,0.0918008261360228,0,0.08891104810560743,0
1785,0.03694291909535726,0,0.036942919716238976,0,0.036942919716238976,1,0.03694291909535726,0,0.03694291909535726,0,0.036942919343709954,1
1786,0.03802197736998399,0,0.038021997238198914,0,0.038021997859080635,0,0.03802196867763996,0,0.03802196557323138,0,0.03802198134362698,0
1787,0.10397576602796714,0,0.3216327619738877,0,0.13109456421807408,0,0.10397574548066284,0,0.1039756433844256,0,0.15293089621700345,0
1788,0.10396967989314969,0,0.10396967989314969,0,0.10396967989314969,0,0.10396967989314969,0,0.10396967989314969,0,0.10396967989314969,0
1789,0.07381431122000019,0,0.07381404455130298,0,0.08489582501351833,0,0.07381435825179021,0,0.07381426837916176,0,0.07603056148315471,0
1790,0.13108968595042825,0,0.13108968579520783,0,0.13108968579520783,0,0.13108968595042825,0,0.13108968579520783,0,0.13108968585729602,0
1791,0.22050158369044462,0,0.16019033826887608,0,0.1602758439257741,0,0.2210109153141578,0,0.2209388061116139,1,0.1965834974621733,1
1792,0.11858181267355879,0,0.1249198829755187,0,0.1079521473729983,0,0.11858181267355879,0,0.11858181267355879,0,0.11772349367383868,0
1793,0.10195615433622152,0,0.3813856580139448,1,0.14331739279441535,0,0.10195615433622152,0,0.10195615433622152,0,0.16611430276340494,1
1794,0.13108968595042825,0,0.13108968579520783,0,0.13108968579520783,0,0.13108968812351426,0,0.13108968595042825,0,0.1310896863229573,0
1795,0.11858183549096186,0,0.11858183362831672,0,0.11858183362831672,0,0.11858183549096186,0,0.11858183455963929,0,0.11858183455963929,0
1796,0.07381210305417578,0,1.0578005155548453,1,0.13869344101597866,0,0.07381210305417578,0,0.07381210305417578,0,0.2835860531466703,1
1797,0.1039696936107551,0,0.13108968595042825,0,0.13108968595042825,0,0.10396969333911936,0,0.10396969260182232,0,0.11481769029051066,0
1798,0.12234859261661768,0,0.13109340254838267,0,0.13109341015418371,0,0.11905444265964131,0,0.11700017649369936,0,0.12411800489450493,0
1799,0.0835544615983963,0,0.12596117689584693,0,0.12596128322184086,0,0.08355560277899106,0,0.08355394067863624,0,0.10051729303474229,0
1800,0.1039696794662935,0,0.1310896632882456,0,0.1310896632882456,0,0.1039696794662935,0,0.1039696794662935,0,0.11481767299507432,0
1801,0.07872438927491505,0,0.08840598197033007,0,0.7665049137237171,1,0.07872438927491505,0,0.07872438927491505,0,0.21821681270375842,1
1802,0.07381207340707381,0,1.5109696636597316,1,1.3786451083918412,1,0.07381207340707381,0,0.07381207340707381,0,0.6222101984545588,1
1803,0.10195615476307769,0,0.14331739279441535,0,0.14331739279441535,0,0.10195615476307769,0,0.10195615476307769,0,0.11850064997561276,0
1804,0.09142313851043582,0,0.09114951345448692,0,0.10553400063266356,0,0.09142317529767752,0,0.09142312842110793,0,0.09419059126327435,0
1805,0.10397070972248912,0,0.13109055208042264,0,0.13109056170408925,0,0.10483952524373308,0,0.10397069499595091,0,0.114992408749337,0
1806,0.13876388190935054,0,0.1387495631352067,0,0.13874974412222704,0,0.13876272132620215,0,0.13876227956886092,0,0.13875763801236946,0
1807,0.11123942948567371,0,0.1112387888909628,0,0.11123880006683369,0,0.1112393718988945,0,0.11123936243044834,0,0.1112391505545626,0
1808,0.050230529780189194,0,0.1118979046586901,0,0.11189854602950315,0,0.05020787628988425,0,0.05021202750504017,0,0.07488937685266137,0
1809,0.06369937645892303,0,0.14230238335827985,0,0.1423075245693326,0,0.06360468703011672,0,0.06360986145834129,0,0.0951047665749987,0
1810,0.06849490323414405,0,0.6243644681138297,1,0.13366352394223213,0,0.06842642556875944,0,0.06843046098947525,0,0.19267595636968812,1
1811,0.0751735083758831,0,0.14369316476707658,0,0.1436934800197681,0,0.07516237224141757,0,0.0751635894800226,0,0.10257722297683358,0
1812,0.07553875943024953,0,0.07553816090027492,0,0.07861673862983783,0,0.07553879295786221,0,0.07553869547943275,0,0.07615422947953145,0
1813,0.03706442192196846,0,1.5981526585916679,1,0.13109171747540435,0,0.03706443620224794,0,0.03706443371872107,0,0.3680875335820019,1
1814,0.050311279793580375,0,0.050312345226605736,0,0.05031232660015424,0,0.050311228881279625,0,0.05031134250263373,0,0.050311704600850736,0
1815,0.03694330217937628,0,0.13109133346006274,0,0.1310913326839606,0,0.036943323289354645,0,0.0369433102508386,0,0.07460252037271856,0
1816,0.10961565251151721,0,0.1310915796396633,0,0.13109158476193747,0,0.10852846142370254,0,0.10397192612678434,0,0.11685984089272097,0
1817,0.04090659072001775,0,0.13869536574929953,0,0.1386953714924554,0,0.04090660313765208,0,0.04090659444530805,0,0.08002210510894656,0
1818,0.04171365685760975,0,1.0480785520436864,1,0.1386961123595635,0,0.041713658099373184,0,0.041713677967588104,0,0.2623831314655642,1
1819,0.24145884749790034,0,0.1259306256348888,0,0.12593064596876502,0,0.2414587556074063,0,0.24145885494848093,0,0.19524754593148827,0
1820,0.10777538064091156,0,0.11314733865826081,0,0.3223825474269688,0,0.10769601261320834,0,0.1077018473491383,0,0.15174062533769758,0
1821,0.1324660899117589,0,0.13869344225774208,0,0.13869344225774208,0,0.11240224967089792,0,0.11793352120245497,0,0.12803774906011917,0
1822,0.07381412666290998,0,0.09573294914055926,0,0.09977106874187787,0,0.07381417214249571,0,0.07381409717102845,0,0.08338928277177424,0
1823,0.11867463363644977,0,0.13869482139125466,0,0.13869482760007182,0,0.1297434128355235,0,0.09975348556569467,0,0.12511223620579887,0
1824,0.12501948761443296,0,0.13869474859287342,0,0.13869474781677127,0,0.1250195225390295,0,0.12501946456419924,0,0.13048959422546128,0
1825,0.09859144563476245,0,0.12921242070539543,0,0.11902357602957636,0,0.10010219179093838,0,0.09816640584419171,0,0.10901920800097287,0
1826,0.08712883107364178,0,0.08712882595136762,0,0.09296943185230096,0,0.08712883107364178,0,0.08712883153930306,0,0.08829695029805104,0
1827,0.11518472489357616,0,0.10672730339380603,0,0.11107406674273079,0,0.11518472481596594,0,0.11518472471895318,0,0.11267110891300643,0
1828,0.07470047970612843,0,0.07470047877480586,0,0.060403051475683846,0,0.07470047970612843,0,0.07470047970612843,0,0.07184099387377499,0
1829,0.13880848217134675,0,0.12157446960918605,0,0.11110641811198245,0,0.13833709969185293,0,0.13840899181862673,0,0.12964709228059898,0
1830,0.11756286366532247,0,0.13109065763031444,0,0.13109065825119615,0,0.11987874765569966,0,0.11699704833639164,0,0.12332399510778487,0
1831,0.11195187949730705,0,0.12592925286541382,0,0.12592926373084387,0,0.11195200313037883,0,0.11195181620617707,0,0.11754284308602411,0
1832,0.11220633599441499,0,0.1386948574023942,0,0.13869486236944795,0,0.11220638147400071,0,0.11220631271135062,0,0.1228017499903217,0
1833,0.09975367446895689,0,0.09975346010954429,0,0.1101534718181938,0,0.09975372064703454,0,0.0997536468397205,0,0.10183359477669,0
1834,0.08712883852422237,0,0.12002225072743992,0,1.0224518695225318,1,0.08712883867944281,0,0.08712883867944281,0,0.280772127226616,1
1835,0.06228825387855371,0,0.12592915631830692,0,0.12592916330322623,0,0.04477968066930771,0,0.06549066801865895,0,0.0848833844376107,0
1836,0.05972196782628695,0,0.05429548552880684,0,0.9851664789797118,1,0.05972197589774927,0,0.05972195354600748,0,0.24372557235571243,1
1837,0.044288275142510734,0,0.13869516598060727,0,0.13869517172376314,0,0.08481879470249017,0,0.044288257136940956,0,0.09015713293726245,0
1838,0.11858385941013694,0,0.10320480462784569,0,0.24354595939318338,0,0.11858391505666077,0,0.11858383022869627,0,0.1405004737433046,0
1839,0.07553633550802867,0,0.10693107716118296,0,1.9349011209172506,1,0.07553636531035106,0,0.07553632495303948,0,0.4536882447699705,1
1840,0.09975357279957582,0,0.13869487245877585,0,0.13869488953302303,0,0.0997536201418067,0,0.09975354621807735,0,0.11533010023025177,0
1841,0.047627462384601436,0,0.1310910639973978,0,0.13109106632570425,0,0.05270680536826452,0,0.042621307695905365,0,0.08102754115437467,0
1842,0.03694421239197254,0,0.03694410746296247,0,0.0702132061123848,0,0.036944241573413215,0,0.03694420556227366,0,0.043597994620601335,0
1843,0.07872579867641132,0,0.9221859198684493,1,0.8130708232832452,1,0.07872583437711,0,0.07872578501701355,0,0.39428683224444583,1
1844,0.11699700402095914,0,0.11756268919756015,0,0.12304637641257916,0,0.11699703925599654,0,0.11699699051678181,0,0.11832001988077537,0
1845,0.05436417832970619,0,0.051215859750906624,0,2.3837931531015784,1,0.05436417584617933,0,0.05436418578028679,0,0.5196203105617314,1
1846,0.13108968812351426,0,0.13108968579520783,0,0.13108968579520783,0,0.13108968563998738,0,0.13108968812351426,0,0.13108968669548632,0
1847,0.10381047885554533,0,0.11123646555158,0,0.11123646555158,0,0.11357124037264536,0,0.1003424406517297,0,0.10803941819661608,0
1848,0.1288147604742941,0,0.1433173898452272,0,0.1433173898452272,0,0.1288147604742941,0,0.1288147604742941,0,0.13461581222266733,0
1849,0.09040426090359688,0,0.0904042583424598,0,0.09501053559749077,0,0.09040426160208881,0,0.09040426028271516,0,0.09132551534567028,0
1850,0.10034243816820283,0,0.11123646508591871,0,0.11123646508591871,0,0.10034243816820283,0,0.10034243816820283,0,0.1047000489352892,0
1851,0.13869962468743324,0,0.13869889515141645,0,0.1386989114495615,0,0.13869977928698063,0,0.1386995359013478,0,0.1386993492953479,0
1852,0.09142200866093238,0,1.2012335324349503,1,1.1255011563189328,1,0.09142200866093238,0,0.09142200866093238,0,0.5202001429473361,1
1853,0.08712880530705054,0,0.09653886915960659,0,0.6078599511335293,1,0.08712880530705054,0,0.08712880530705054,0,0.1931570472428575,1
1854,0.09142200866093238,0,0.13108966235692301,0,0.13108966235692301,0,0.09142200866093238,0,0.09142200881615281,0,0.10728907017037273,0
1855,0.08588024415075779,0,0.12783028992513815,0,0.12783710658550262,0,0.0993036488071084,0,0.08582455602784951,0,0.10533516909927129,0
1856,0.11699747449407975,0,0.15443923867618045,0,0.13109101727604866,0,0.11699751384245853,0,0.11699745493630569,0,0.1273045398450146,0
1857,0.06851492760082085,0,2.581646080284069,1,0.1386959725059569,0,0.06851490152378877,0,0.06851499093075593,0,0.5851773745690784,1
1858,0.07059363275766373,0,0.04966364490489165,0,0.07995717475811641,0,0.07059370043377082,0,0.07059359177947044,0,0.06828034892678261,0
1859,0.09901433143143852,0,0.13972213972980776,0,1.0274092600060005,1,0.09901442363237341,0,0.0990142822265625,0,0.29283488740523655,1
1860,0.06245894047121207,0,0.0624593161046505,0,0.0624593161046505,0,0.06245881939927737,0,0.06245893302063147,0,0.06245906502008438,0
1861,0.08351948484778404,0,0.061870956948647894,0,0.07325601732979219,0,0.08351960095266502,0,0.08351944014430046,0,0.07713710004463792,0
1862,0.11155869136564434,0,0.1386934470695754,0,0.1386934470695754,0,0.12396237424885233,0,0.09975191104846697,0,0.1225319741604229,0
1863,0.1123723762575537,0,0.112337751314044,0,0.1310707317509999,0,0.11236939385222892,0,0.11236858267026643,0,0.1161037671690186,0
1864,0.07381208334118128,0,0.13869341804335514,0,0.13869341804335514,0,0.07381208334118128,0,0.07381208334118128,0,0.09976461722205082,0
1865,0.043304735173781715,0,1.181672035638864,1,0.981047333140547,1,0.043304735173781715,0,0.043304735173781715,0,0.45852671486015123,1
1866,0.12092145609979828,0,0.13869341804335514,0,0.13869341804335514,0,0.12396940278510253,0,0.12474128774677713,0,0.12940379654367765,0
1867,0.11200623400509357,0,0.11199950539351751,0,0.11127508940019955,0,0.11200797945881884,0,0.11200547055341303,0,0.11185885576220848,0
1868,0.07381262816488743,0,0.09299231165399154,0,0.5127492169849575,1,0.07381265237927437,0,0.07381261885166168,0,0.1654358856069545,1
1869,0.07553747047980626,0,1.081625211207817,1,0.1259293989278376,0,0.07553756299118201,0,0.0755374301224947,0,0.2868334147458275,1
1870,0.125018268590793,0,0.12501824468684694,0,0.12501824460923672,0,0.12501828465610743,0,0.12501826998777688,0,0.1250182625061522,0
1871,0.11699705865855019,0,0.11699694030297299,0,0.11699694309694071,0,0.11699709148767094,0,0.11699704686179757,0,0.11699701608158648,0
1872,0.10278209116465102,0,0.11123677055972318,0,0.11123676962840061,0,0.09824724565260112,0,0.09518405849424501,0,0.1037373870999242,0
1873,0.12727863783948123,0,0.1326208608224988,0,0.1326445828502377,0,0.12006990619314213,0,0.12707549372377494,0,0.12793789628582697,0
1874,0.12883902472579697,0,0.23868732278545698,0,0.1433363074902445,0,0.12883850493623564,0,0.12883847460034303,0,0.15370792690761542,0
1875,0.05972455410907666,0,1.8237178326429178,1,1.6611441036996741,1,0.059724525858958565,0,0.05972449326266845,0,0.7328071019146591,1
1876,0.12504864623770118,0,0.12094608189848562,0,0.2409604291121165,0,0.12504824072433016,0,0.1250479684676975,0,0.1474102732880662,0
1877,0.07477931802471478,0,0.14337977153869966,0,0.14337994220356146,0,0.07477759631971519,0,0.0747775159155329,0,0.10221882880044479,0
1878,0.11123674060218036,0,0.11123670350449781,0,0.11123670179707308,0,0.11123674944974482,0,0.11123674044695993,0,0.11123672716009121,0
1879,0.08089031620572011,0,1.1233880741056055,1,0.11123648728244007,0,0.08089031542961796,0,0.08089031620572011,0,0.29545910184582075,1
1880,0.0747005082666874,0,0.15326859064710638,0,0.05694997690928479,0,0.0747005082666874,0,0.0747005082666874,0,0.08686401847129067,0
1881,0.2009413696359843,1,0.24627040574947992,0,0.24557664804160595,0,0.20095000377235314,1,0.19962669435578087,1,0.21867302431104085,1
1882,0.09978121418195467,0,0.7389787027301887,1,0.6681845961138606,1,0.09978085263477017,0,0.09978057071566582,0,0.34130118727528796,1
1883,0.1961041335016489,0,0.13869570599248013,0,0.13869571794445315,0,0.19610410494108996,1,0.1961041558533907,1,0.17314076364661257,1
1884,0.09117937708894412,0,0.0910307695157826,0,0.09749790215088676,0,0.09116302873007953,0,0.09116471473438044,0,0.09240715844401469,0
1885,0.08634965618451436,0,0.4490625150501728,1,0.13714703700194755,0,0.08620006466905276,0,0.0862151103404661,0,0.1689948766492307,1
1886,0.1259253234602511,0,0.12592532159760594,0,0.12592532159760594,0,0.12592532687510052,0,0.1259253234602511,0,0.12592532339816292,0
1887,0.09040426486171782,0,0.09501053971083213,0,0.4446010193011413,0,0.09040426532737911,0,0.09040426486171782,0,0.16216487081255765,0
1888,0.09040425570371251,0,0.30005272330405813,0,0.1112364639993757,0,0.09040425492761035,0,0.09040425570371251,0,0.13650039072769385,0
1889,0.1003424411950012,0,0.2288746873382479,0,0.11123646679334342,0,0.1003424411950012,0,0.10034244057411949,0,0.12822769541914264,0
1890,0.11518472504879658,0,0.44849165179766715,1,0.4147853816393763,1,0.11518472654279321,0,0.11518472504879658,0,0.24176624201548597,1
1891,0.11343969082615028,0,0.41121963535745937,1,0.12707834970206022,0,0.11341028963215649,0,0.11340440805846204,0,0.1757104747152577,1
1892,0.07502681016921997,0,0.13980710180476308,0,0.13980986395229897,0,0.09696484093243878,0,0.07501187874004245,0,0.10532409911975264,0
1893,0.08444670277337234,0,0.08444895284871261,0,0.08399890611569087,0,0.08444614273806413,0,0.08444697844485442,0,0.08435753658413887,0
1894,0.093561800972869,0,0.13274017628282309,0,0.13274178576345244,0,0.10404122537390019,0,0.09351952653378248,0,0.11132090298536546,0
1895,0.03954341386755308,0,1.5119872344657779,1,0.13132481059680381,0,0.039544797192017235,0,0.0395446897794803,0,0.35238898918032646,1
1896,0.09901122655719519,0,0.47784419637173414,1,0.36501938694467145,1,0.09901122950638334,0,0.09901122547065218,0,0.22797945297012726,1
1897,0.0787246289352576,0,0.13108989922329783,0,0.13108989984417954,0,0.08923526449749868,0,0.07872462769349416,0,0.10177286403874557,0
1898,0.09901135756323735,0,0.06539884283362578,0,0.7006563278846443,1,0.09901135771845777,0,0.09901135259618361,0,0.21261784771922976,1
1899,0.11858213778274755,0,0.163637763975809,0,0.15096402478714785,0,0.11858213917973141,0,0.11858213266047339,0,0.13406963967718183,0
1900,0.09901153047879536,0,0.09901150455698371,0,0.09901150176301599,0,0.09901153125489752,0,0.09901152566696207,0,0.09901151874413093,0
1901,0.07557011457780997,0,0.07556613037983577,0,0.0291979822019736,1,0.0755711526920398,0,0.07556965512533982,0,0.06629500699539978,1
1902,0.4544254696617524,1,0.13208961548904577,0,0.13209184274698296,0,0.45327332864205044,1,0.4673030593742927,1,0.32783666318282484,1
1903,0.14184247834297517,0,0.3185151567061742,0,0.31891340017318726,0,0.169713546638377,0,0.14074105536565185,0,0.2179451274452731,0
1904,0.33874564804136753,1,0.37695606984198093,1,2.97078095174705,1,0.33873840731879074,1,0.33874844821790856,1,0.8727939050334197,0
1905,0.10557706149605413,0,0.10557703813537955,0,0.1105494523459735,0,0.1055770715077718,0,0.1055770565290004,0,0.10657153600283586,0
1906,0.09142308309674263,0,0.878903370971481,1,0.13109059057508907,0,0.09142311258862416,0,0.0914230733178556,0,0.2568526461099585,1
1907,0.03694318110744158,0,1.0807314786749582,1,0.13109082697580257,0,0.03694318359096845,0,0.03694317924479643,0,0.2645303699187935,1
1908,0.09901833829159538,0,0.12593147282799086,0,0.1259314937827488,0,0.09901840860644977,0,0.09901820231849949,0,0.10978358316545686,0
1909,0.0914233395208915,0,0.11279302781137328,0,0.9222020121912161,1,0.09142336808145046,0,0.09142331701392929,0,0.2618530129237721,1
1910,0.07381445510933797,0,0.07381416934852798,0,0.11940513093334933,0,0.0738145038485527,0,0.07381441770121455,0,0.0829325353881965,0
1911,0.1386934189746777,0,0.1386934189746777,0,0.1386934189746777,0,0.1386934189746777,0,0.1386934189746777,0,0.1386934189746777,0
1912,0.13906993716955185,0,0.13899295156200728,0,0.1389935539724926,0,0.139062717401733,0,0.1390618230216205,0,0.13903619662548106,0
1913,0.10043408508257319,0,0.22875671205110848,0,0.11130593724859257,0,0.10043185235311587,0,0.10043199469024937,0,0.12827211628512789,0
1914,0.08713069201136629,0,0.1386950653977692,0,0.13869507471099496,0,0.0938784439349547,0,0.0871306659343342,0,0.10910598839788388,0
1915,0.07872548171629508,0,0.8119735126383603,1,0.1310906383829812,0,0.07872552269448836,0,0.07872547240306933,0,0.23584812556703882,1
1916,0.10396969178691506,0,0.2247770025084416,0,0.13108968548476696,0,0.10396969178691506,0,0.10396969159288953,0,0.13355515263198564,0
1917,0.1288147598534124,0,0.1288147598534124,0,0.12509445877124867,0,0.12881475736988554,0,0.1288147598534124,0,0.1280706991402743,0
1918,0.13109072903171182,0,0.13109062751755118,0,0.13109062829365334,0,0.13109075604006648,0,0.13109072235723337,0,0.13109069264804324,0
1919,0.11699696793220937,0,0.13109057070687413,0,0.13109057381128272,0,0.11699698702432215,0,0.11699694666701059,0,0.12263440922833979,0
1920,0.11194729184110959,0,0.23652025808890662,0,0.12592529132962227,0,0.11194729184110959,0,0.11194729106500745,0,0.1396574848331511,0
1921,0.09142200835049152,0,0.09142200835049152,0,0.10195121850119904,0,0.09142200835049152,0,0.09142200835049152,0,0.09352785038063302,0
1922,0.08357205102220178,0,0.1310896632882456,0,0.1310896632882456,0,0.08840598197033007,0,0.07872438927491505,0,0.10257634976878763,0
1923,0.12501795457986495,0,0.1669878282894691,0,0.16022640963395438,0,0.12501795457986495,0,0.12501795457986495,0,0.14045362033260367,0
1924,0.11194729106500745,0,0.11194729106500745,0,0.11122269874128203,0,0.11194729184110959,0,0.11194729106500745,0,0.1118023727554828,0
1925,0.1032051289609323,0,0.1259271406258146,0,0.12592714667941132,0,0.10153416497632861,0,0.11156643523524205,0,0.11363200329554576,0
1926,0.03694316744804382,0,0.03694317924479643,0,0.0369431854536136,1,0.036943177382151283,0,0.03694315751393636,0,0.0369431734085083,1
1927,0.11858386763681968,0,0.11858361229921381,0,0.1539936806075275,0,0.11858392716385424,0,0.11858383341071506,0,0.12566578422362606,0
1928,0.05367834617694219,0,0.12592922523617744,0,0.12592924774313966,0,0.053678328171372414,0,0.05367836604515711,0,0.08257870267455777,0
1929,0.22008123683432737,0,0.13109863766779503,0,0.13109866747011742,0,0.21551321260631084,0,0.2200812976807356,1,0.18357461045185725,1
1930,0.09901391559590896,0,0.21246488283698758,0,1.9940970696819325,1,0.0990139973970751,0,0.09901387787734468,0,0.5007207486778498,1
1931,0.09902277169749141,0,0.0728917031083256,0,0.8054106145476302,1,0.09902310883626342,0,0.09902260933692257,0,0.23507416150532667,1
1932,0.08105489239096642,0,0.13109073772405586,0,0.13109074579551816,0,0.07290375822534163,0,0.08839407159636418,0,0.10090684114644925,0
1933,0.09975377237424254,0,0.09975354800311227,0,0.09911352780181915,0,0.09975382041496535,0,0.09975374051524948,0,0.09962568182187775,0
1934,0.1872834675014019,0,0.18003182765096426,0,0.1797236374889811,0,0.18683482334017754,0,0.18633796274662018,0,0.184042343745629,0
1935,0.07873340013126533,0,0.09918071671078603,0,0.9221820555006465,1,0.07873334021617968,0,0.07873321572939555,0,0.25151254565765463,1
1936,0.11987915510932605,0,0.13109112593034902,0,0.13109111522013941,0,0.1230469675307783,0,0.11756328120827675,0,0.1245343289997739,0
1937,0.26638419336328906,1,0.27041424810886383,0,0.2696149007727702,0,0.26614342878262204,0,0.264548282759885,1,0.26742101075748603,1
1938,0.1039698773723406,0,0.13108985126018524,0,0.1310898478453358,0,0.1039698794290113,0,0.10396987403510138,0,0.11481786598839486,0
1939,0.13109057645003,0,0.1310904724523425,0,0.13109046826139092,0,0.1310906014405191,0,0.13109056853378812,0,0.13109053742761412,0
1940,0.13108967756852508,0,0.13108967943117023,0,0.13108967943117023,0,0.13108967803418636,0,0.13108967756852508,0,0.1310896784067154,0
1941,0.09544518124312162,0,0.12878761906176805,0,0.12879723651955524,0,0.07780324248597026,0,0.0953603374461333,0,0.10523872335130968,0
1942,0.10496565509432305,0,0.4266107852260272,1,0.13196303431565562,0,0.10499663736360769,0,0.10495409747818485,0,0.17469804189555965,1
1943,0.05978588045885166,0,1.544678420216466,1,1.382129929959774,1,0.05978780115644137,0,0.05978521052747965,0,0.6212334484638025,1
1944,0.09915082098450512,0,0.13872743708391985,0,0.13872754542777935,0,0.10508269785592954,0,0.1101900973978142,0,0.11837571974998962,0
1945,0.08672180523475011,0,0.13392892014235258,0,0.13393458987896642,0,0.09165951935574412,0,0.08186790812760592,0,0.10562254854788382,0
1946,0.10642606291609506,0,0.1444344116995732,0,0.14446108508855104,0,0.10695629318555196,0,0.10626880661584437,0,0.12170933190112312,0
1947,0.11858184371764462,0,0.15096384395534793,0,0.1259253203558425,0,0.11858184371764462,0,0.11858184371764462,0,0.12652693909282484,0
1948,0.03694292406241099,0,0.048130123410373926,0,1.1854628431610763,1,0.03694292282064756,0,0.03694292406241099,0,0.26888434750338397,1
1949,0.05045480094850063,0,0.13108968563998738,0,0.13108968563998738,0,0.06681120116263628,0,0.05045480094850063,0,0.08598003486792247,0
1950,0.0914220263560613,0,0.13108968563998738,0,0.13108968563998738,0,0.10195123406204705,0,0.0914220263560613,0,0.10939493161082887,0
1951,0.049363563458124794,0,0.062289452801148094,0,0.9682944215989361,1,0.049363563458124794,0,0.049363563458124794,0,0.23573491295489174,1
1952,0.11123646586202085,0,0.11123646105018754,0,0.11123646105018754,0,0.11123646167106926,0,0.11123646089496712,0,0.11123646210568645,0
1953,0.06549829989671707,0,0.06549738782147567,0,0.06549745673934619,0,0.06549869850277901,0,0.06549814095099767,0,0.06549799678226312,0
1954,0.07470088638365269,0,0.048326913733035326,0,1.1256974001880735,1,0.07470089104026556,0,0.0747008773808678,0,0.279625393745179,1
1955,0.12881485545949545,0,0.1288148364110384,0,0.12881483904978572,0,0.12881485934000617,0,0.1288148551878597,0,0.12881484908963708,0
1956,0.04171368417640527,0,0.04171371397872766,0,0.04171372080842654,0,0.04171369597315788,0,0.04171365934113661,0,0.04171369485557079,0
1957,0.13534575483451286,0,0.12592743709683418,0,0.1259274392699202,0,0.07427855550001065,0,0.08841086504980922,0,0.10997801035021744,0
1958,0.08899984927847981,0,0.13874979053313533,0,0.13874997105449438,0,0.10485918427972744,0,0.10363410661617915,0,0.11499858035240322,0
1959,0.1250199310015887,0,0.12501969056514403,0,0.12501969227256873,0,0.12501998261238137,0,0.12501990779613456,0,0.12501984084956347,0
1960,0.10404021587843697,0,0.22480021774147949,0,0.1311445434888204,0,0.10403910904036213,0,0.10403866869940732,0,0.1336125509697013,0
1961,0.12491991471809645,0,0.1259253153887888,0,0.1259253153887888,0,0.12233780471918483,0,0.11858184798620641,0,0.12353803964021304,0
1962,0.11774028822158773,0,0.13175863648454347,0,0.13176017394289374,0,0.11776826111599803,0,0.11773273341047268,0,0.12335201863509912,0
1963,0.10396975403030713,0,0.10396975018860151,0,0.1102182074682787,0,0.1039697549228246,0,0.10396975348703563,0,0.1052194440194095,0
1964,0.11699595185928047,0,0.15443900988126794,0,0.13108968563998738,0,0.11699595216972132,0,0.11699595185928047,0,0.1273033102819075,0
1965,0.05932191262642542,0,0.05932191386818886,0,0.05932191386818886,0,0.05932191262642542,0,0.05932191821436087,0,0.059321914240717886,0
1966,0.07872439331064622,0,0.1310896722910305,0,0.1310896722910305,0,0.0787243942419688,0,0.07872439331064622,0,0.09967050508906446,0
1967,0.08363079085635643,0,0.14331739450184008,0,0.14331739450184008,0,0.08321953038102947,0,0.08171519935907175,0,0.10704006192002757,0
1968,0.11699593183584511,0,0.13108966359868646,0,0.13108966359868646,0,0.11699593183584511,0,0.11699593183584511,0,0.12263342454098165,0
1969,0.11220628345229973,0,0.4504547060156862,1,0.41556331623966497,1,0.11220632831100374,0,0.11220626102294773,0,0.2405273790083205,1
1970,0.11699597079617281,0,0.11699597164988518,0,0.11699597149466474,0,0.11699596839025617,0,0.11699597234837711,0,0.11699597093587119,0
1971,0.11858186878574391,0,0.12592534441500902,0,0.12592534348368645,0,0.11858186894096434,0,0.11858186855291326,0,0.12151925883566339,0
1972,0.08712887337120871,0,0.13869348571946225,0,0.13869348571946225,0,0.08712887337120871,0,0.0871288743801415,0,0.10775471851229668,0
1973,0.09040427161380649,0,0.09040426788851619,0,0.09040426788851619,0,0.09040427207946777,0,0.09040426998399198,0,0.09040426989085973,0
1974,0.10483850168141846,0,0.13108969355622926,0,0.13108969355622926,0,0.11021816032007337,0,0.10396970321501915,0,0.1162411504657939,0
1975,0.09975196545322736,0,0.5916659549499551,1,0.13869348649556437,0,0.09975196599649887,0,0.09975196785914402,0,0.20592306815087796,1
1976,0.11485940194688737,0,0.14120897060881057,0,0.14119477414836487,0,0.11487036019874115,0,0.11483273771591485,0,0.12539324892374376,0
1977,0.08666051679756492,0,0.1433173994688938,0,0.1433173994688938,0,0.0930515182747816,0,0.11518472559206809,0,0.11630631192044043,0
1978,0.1310897363970677,0,0.1310897342239817,0,0.1310897342239817,0,0.13108973546574512,0,0.13108973608662686,0,0.13108973527948062,0
1979,0.05910787358880043,0,0.12592532687510052,0,0.12592532687510052,0,0.05910787358880043,0,0.05910787358880043,0,0.08583485490332046,0
1980,0.06413785911475618,0,0.1259253271855414,0,0.1259253271855414,0,0.07057977095246315,0,0.04698092304170132,0,0.08670984149600068,0
1981,0.12592758052051067,0,0.12592730034763613,0,0.12592730593557158,0,0.1259276467996339,0,0.12592755475391945,0,0.12592747767145435,0
1982,0.09142323024570942,0,0.7417189949192107,1,0.13109071692451835,0,0.09142326097935438,0,0.09142321379234393,0,0.22941588337222735,1
1983,0.07381400528053443,0,0.13869513757526875,0,0.1386951495272418,0,0.1050066362755994,0,0.07381397299468517,0,0.10600498033066592,0
1984,0.10397077644787107,0,0.22477741166949272,0,0.13109062736233076,0,0.10397080502783258,0,0.1039707589467677,0,0.13355607589085897,0
1985,0.0373064074665308,0,0.06490469848116238,0,0.06514878508945306,0,0.03730643726885319,0,0.03730643602708975,0,0.04839455286661783,0
1986,0.10751488474973787,0,0.13172316908215484,0,0.1317246175991992,0,0.09790007816627622,0,0.09223112013811867,0,0.11221877394709737,0
1987,0.11520408161838229,0,0.09678964246995747,0,0.44848831921505433,1,0.11520368539883445,0,0.11520363865808274,0,0.17817787347206224,1
1988,0.12885751669333936,0,0.1433506999940922,0,0.1433507772938659,0,0.12885658830055036,0,0.12885657113414103,0,0.13465443068319777,0
1989,0.11544677013686548,0,0.1153946346603334,0,0.09548570790017645,0,0.11544124244634683,0,0.11544153202945988,0,0.11144197743463642,0
1990,0.10396969397940363,0,0.13108968563998738,0,0.13108968563998738,0,0.10396969467789556,0,0.10396969397940363,0,0.11481769078333552,0
1991,0.12592918518930674,0,0.1259287029194335,0,0.12592872294286886,0,0.12592930036286512,0,0.12592912170415124,0,0.12592900662372508,0
1992,0.3809741058697303,1,0.39458090004821617,1,2.5349267961767814,1,0.38097402391334373,1,0.3809741095950206,1,0.8144859871206185,0
1993,0.036943226431806885,0,0.661725550579528,1,0.1310910366786023,0,0.036943260580301285,0,0.036943222085634865,0,0.18072925927117467,1
1994,0.7425583135336637,1,0.7497440309574207,1,0.7892531597365936,1,0.7425582886983951,1,0.7425583073248466,1,0.753334420050184,0
1995,0.38097423252960044,1,2.220672244671732,1,0.13109270157292485,0,0.3809742300460736,1,0.3809742784748475,1,0.6989375374590356,1
1996,0.13786220519493023,0,0.1368131355072061,0,0.13679965709646544,0,0.1377620929852128,0,0.13775530581672987,0,0.1373984793201089,0
1997,0.04372380053003629,0,0.07004121628900369,0,0.05414933773378531,0,0.043723770727713905,0,0.043723806738853455,0,0.051072386403878525,0
1998,0.12268928554840386,0,0.12177629450646539,0,0.1281257797187815,0,0.12259590726656218,0,0.12259637354873121,0,0.12355672811778881,0
1999,0.06525797458986442,0,0.07935584879790743,0,0.07482095466305812,0,0.06525800315042336,0,0.06525795999914408,0,0.06999014824007947,0
2000,0.11194987637766947,0,0.12592751843233904,0,0.1259275327126185,0,0.11194994490748893,0,0.11194983993967374,0,0.11754094247395794,0
2001,0.10397103894501925,0,0.11010676350754996,0,0.321631814353168,0,0.10397107113385573,0,0.10397102157973374,0,0.1487303419038653,0
2002,0.12501964097221693,0,0.12474277382716537,0,0.12397088948637247,0,0.12501968808161715,0,0.1250196188533058,0,0.12475452224413555,0
2003,0.03733587761720022,0,0.11123683388965826,0,0.11123684102979799,0,0.06676526181399822,0,0.04936398503681024,0,0.07518775987749297,0
2004,0.12592728606735668,0,0.1259270329028368,0,0.1259270392668744,0,0.12592732782165209,0,0.12592726744090518,0,0.12592719069992503,0
2005,0.0652579814195633,0,0.13109072654818496,0,0.13109073027347526,0,0.08267283299937844,0,0.06525797427942355,0,0.0950740491040051,0
2006,0.11858371885803838,0,0.16363808993871012,0,0.15096493515496454,0,0.11858376635548969,0,0.11858369076314072,0,0.1340708402140687,0
2007,0.13890628765026727,0,0.1388620821138223,0,0.1388625648493568,0,0.13890233434115848,0,0.13890149366731444,0,0.13888695252438385,0
2008,0.1250580403332909,0,0.130154985236004,0,0.16058205518250665,0,0.12505744490772486,0,0.12505714036524296,0,0.1331819332049539,0
2009,0.10397152365961422,0,0.4263834129087627,1,0.13109124964103103,0,0.10397157251524429,0,0.1039715005705754,0,0.17387785185904553,1
2010,0.09501128147045772,0,0.11123709108990927,0,0.11123709776438773,0,0.0862487379539137,0,0.08255886721114318,0,0.09725861509796233,0
2011,0.12486798975927134,0,0.1308037261478603,0,0.13081012635181347,0,0.12472491067213316,0,0.12473584548570216,0,0.1271885196833561,0
2012,0.10919409367488697,0,0.10839280911022797,0,0.10088298217548679,0,0.10911230492638424,0,0.10911233375857894,0,0.10733890472911298,0
2013,0.1362251415848732,0,0.13545030945291123,0,0.135439809722205,0,0.13615276633451381,0,0.1361445877701044,0,0.13588252297292153,0
2014,0.12483663779372971,0,0.13876829637835422,0,0.13876851772268614,0,0.12101513628537457,0,0.12511122312086323,0,0.12969996226020156,0
2015,0.09042837812254827,0,0.11125442253736158,0,0.11125447795105477,0,0.09042784703585009,0,0.09042780838596325,0,0.0987585868065556,0
2016,0.09042332864676912,0,0.600044866790995,1,0.11125073201643924,0,0.0904229167693605,0,0.09042287672248979,0,0.19651294418921075,1
2017,0.10034280138400693,0,0.10357346121842663,0,0.154113001578177,0,0.10034281100767355,0,0.10034279610651235,0,0.1117429742589593,0
2018,0.06306517791623871,0,0.14332553565812609,0,0.14332556010534367,0,0.07224810418362419,0,0.061051678067694105,0,0.09660321118620536,0
2019,0.12672587427853918,0,0.11212338926270604,0,0.34843606129288673,1,0.12640151885959008,0,0.12643976422259584,0,0.16802532158326358,1
2020,0.10557701772389312,0,0.12592546036466956,0,0.1259254578811427,0,0.08603119753145923,0,0.10557701570602755,0,0.10980722984143843,0
2021,0.09975205121251444,0,0.13869356721018752,0,0.13869356721018752,0,0.11015206901356578,0,0.09975204927225907,0,0.11740866078374287,0
2022,0.04882848138610522,0,2.632417520818611,1,2.3230007609042027,1,0.048828475177288055,0,0.04882848386963209,0,1.0203807444311677,1
2023,0.08089036742846172,0,0.9160760128094504,1,0.8443573029556622,1,0.08089037053287029,0,0.08089036711802085,0,0.4006208841688931,1
2024,0.11699615884572268,0,0.11756195989437401,0,0.12304562675611426,0,0.11699615884572268,0,0.11699616016509633,0,0.11831921290140598,0
2025,0.04330481092135111,0,0.043304809679587684,0,0.0433048103004694,0,0.04330481216311455,0,0.04330481092135111,0,0.04330481079717477,0
2026,0.11331729509402066,0,0.1386936029108862,0,0.13869360306610665,0,0.10470891972848524,0,0.11220486442713688,0,0.12152365704532712,0
2027,0.1250184529926628,0,0.24096802404771248,0,0.23945956211537123,0,0.12501845493291816,0,0.12501843847955266,0,0.17109658651364346,0
2028,0.09975201135966927,0,0.13869352623199424,0,0.13869352576633295,0,0.09975201438646764,0,0.09975201267904292,0,0.1153286180847014,0
2029,0.10034248162992299,0,0.09824691976731022,0,0.2288747011528661,0,0.10034248186275363,0,0.10034248069860041,0,0.12562981302229065,0
2030,0.10915647586807609,0,0.10779803851619363,0,0.1215231407744189,0,0.10927297252540787,0,0.1087783589027822,0,0.11130579731737573,0
2031,0.0784557315831383,0,0.07643937133252621,0,0.07622190626959006,0,0.07846657000482082,0,0.07804587452361982,0,0.07752589074273905,0
2032,0.10195639139662187,0,0.14331761204327145,0,0.14331760831798115,0,0.08291954892047215,0,0.10195638790416221,0,0.11469350971650176,0
2033,0.10400864188947405,0,0.1311201425269246,0,0.13112022277588645,0,0.10400813951855525,0,0.10400780946171533,0,0.11485299123451113,0
2034,0.1059547873834769,0,0.12621865483621755,0,0.1262197446388503,0,0.10594808721604447,0,0.10594584792852402,0,0.11405742440062264,0
2035,0.1250194200935463,0,0.13869469814623395,0,0.13869470482071242,0,0.12501946130457023,0,0.12501940076860288,0,0.13048953702673313,0
2036,0.11194969558467467,0,0.12592737500866255,0,0.12592738308012486,0,0.12393981288187206,0,0.11194966593757272,0,0.11993878649858139,0
2037,0.12501958889576295,0,0.13869484777872762,0,0.13869484731306633,0,0.1343948778618748,0,0.12501956600074968,0,0.13236474557003627,0
2038,0.1310905716381967,0,0.13109046701962748,0,0.13109046717484793,0,0.1310905907303095,0,0.13109056372195482,0,0.13109053205698729,0
2039,0.11699707006725173,0,0.15443916463603577,0,0.13109065716465315,0,0.11699709707560639,0,0.11699705912421147,0,0.12730420961355168,0
2040,0.10921479914880668,0,0.07431137119419873,0,0.4040134195238352,1,0.10936802992364392,0,0.10917765649113183,0,0.16121705525632327,1
2041,0.046857357025146484,0,0.046857777362068496,0,0.05634447497626146,0,0.04685727382699648,0,0.04685740110774835,0,0.04875485685964426,0
2042,0.07059529796242714,0,1.1861973780517776,1,0.9434771829595169,1,0.07059543021023273,0,0.07059524580836296,0,0.46829210699846346,1
2043,0.09901446057483554,0,0.09901403806482752,0,0.09901404334232211,0,0.09901455106834571,0,0.09901441680267453,0,0.09901430197060108,0
2044,0.12592531880363822,0,0.12592531756187478,0,0.12592531756187478,0,0.12592531942451993,0,0.12592531880363822,0,0.12592531843110916,0
2045,0.1278349367591242,0,0.14331739388095835,0,0.14331739388095835,0,0.12509446389352283,0,0.12881476241454948,0,0.13367579016582265,0
2046,0.1259277678715686,0,0.1259274558785061,0,0.1259274729527533,0,0.12592783430591226,0,0.1259277310843269,0,0.12592765241861342,0
2047,0.10321489162743092,0,0.12593568209558725,0,0.12593571407099566,0,0.10154419132353117,0,0.11157610694256921,0,0.11364131721202284,0
2048,0.11858415580354631,0,0.12592732720077038,0,0.1259273374453187,0,0.11858422472141683,0,0.11858412957129379,0,0.1215214349484692,0
2049,0.08712881236958007,0,0.08712881283524136,0,0.1222464731739213,0,0.08712881236958007,0,0.08712881236958007,0,0.09415234462358059,0
2050,0.09975192657050987,0,0.10504282219335437,0,0.5198163112315038,1,0.09975192699736606,0,0.09975192649289966,0,0.18482298269712677,1
2051,0.07872440076122682,0,0.07872440200299025,0,0.08686993016938989,0,0.07872440138210852,0,0.07872440076122682,0,0.08035350701538846,0
2052,0.12691748157764474,0,0.12670394700641432,0,0.12670678164189061,0,0.12689825178434452,0,0.12689398834481835,0,0.12682409007102252,0
2053,0.11518807689814518,0,0.13114782252038518,0,0.13114796858280897,0,0.12014077797842522,0,0.1040430164624316,0,0.12033353248843923,0
2054,0.12359463120810688,0,0.1224799423944205,0,0.12248988395246367,0,0.12347914084481697,0,0.12348261809286971,0,0.12310524329853556,0
2055,0.11980330299896498,0,0.12686832078422108,0,0.12687153850371638,0,0.11977781906413536,0,0.11977463991691668,0,0.1226191242535909,0
2056,0.09142200881615281,0,0.0975975347100757,0,0.4522664371567468,1,0.09142200881615281,0,0.09142200897137324,0,0.16482599969410028,1
2057,0.044287326435248055,0,0.13869341757769385,0,0.13869341757769385,0,0.044287326435248055,0,0.044287326435248055,0,0.08204976289222639,0
2058,0.11220466209730755,0,0.11220466015705217,0,0.11510778722974162,0,0.11220466209730755,0,0.11220466015705217,0,0.11278528634769222,0
2059,0.059721481365462147,0,0.14331739279441535,0,0.14331739279441535,0,0.059721481365462147,0,0.059721481365462147,0,0.09315984593704343,0
2060,0.07470047660171986,0,0.14331739279441535,0,0.14331739279441535,0,0.05375960818491876,0,0.07470047660171986,0,0.09795906939543783,0
2061,0.039599351584911346,0,0.13108966359868646,0,0.13108966359868646,0,0.039599351584911346,0,0.039599351584911346,0,0.07619547639042139,0
2062,0.1185835402769347,0,0.12592691648751497,0,0.12592690670862794,0,0.11858354679619272,0,0.1185835173043112,0,0.12152088551471629,0
2063,0.11762669550565381,0,0.23372733981038132,0,0.1315808854997158,0,0.1176143647947659,0,0.1176132377392302,0,0.14363250466994942,0
2064,0.14526568601528803,0,0.14441741537302732,0,0.14439863649507365,0,0.14519688487052917,0,0.14516814425587654,0,0.14488935340195894,0
2065,0.1156745594732153,0,0.09550195994476478,0,0.07994884003225404,0,0.1156653374588738,0,0.11566557100741193,0,0.10449125358330398,0
2066,0.1696534606938561,0,0.16143214252466956,0,0.2292699304719766,0,0.1694311210885644,0,0.1690881016353766,0,0.17977495128288865,0
2067,0.11858445856099327,0,0.12592759309336543,0,0.12592760007828474,0,0.11858452972956002,0,0.11858442115286986,0,0.12152172052301466,0
2068,0.13109084001431862,0,0.13109070947393775,0,0.13109070978437862,0,0.13109086748833457,0,0.13109082138786712,0,0.13109078962976733,0
2069,0.09142323862761259,0,0.10553408553823829,0,0.6191784039450189,1,0.09142327200000484,0,0.0914232237264514,0,0.19979644476746522,1
2070,0.09142979777728517,0,0.13109591774021587,0,0.13109594102328023,0,0.09142977713296811,0,0.09142964923133452,0,0.10729621658101678,0
2071,0.11123646524113913,0,0.11123646524113913,0,0.11123646524113913,0,0.11123646648290257,0,0.11123646524113913,0,0.11123646548949181,0
2072,0.08666051644831896,0,0.14331739388095835,0,0.14331739388095835,0,0.09305151676138242,0,0.11518472533983488,0,0.1163063092622906,0
2073,0.10558122768998146,0,0.07101592083927244,0,0.4031106539381047,1,0.10558135233198603,0,0.10558117856271565,0,0.15817406667241204,1
2074,0.10557962791062891,0,0.12592771680404743,0,0.1259277236337463,0,0.09850591246504337,0,0.10557959065772593,0,0.1123041142942384,0
2075,0.10397156265874703,0,0.10818277518653001,0,0.26849719587092596,0,0.10397161236808945,0,0.10397153947269544,0,0.13771893711139757,0
2076,0.10414799300876136,0,0.13124714139848948,0,0.13124769926071167,0,0.10415474616456777,0,0.10414610791485757,0,0.11498873754947758,0
2077,0.09142939389372866,0,0.09142873467256625,0,0.0914287658718725,0,0.09142967173829675,0,0.09142931271344423,0,0.09142917577798168,0
2078,0.11859754170291126,0,0.1636408312867085,0,0.15097300879036388,0,0.11859798004540305,0,0.1185973306807379,0,0.1340813385012249,0
2079,0.0511588662241896,0,0.13109698643287024,0,0.13109700490410128,0,0.05840852422018846,0,0.05393593851476908,0,0.08513946405922374,0
2080,0.11858592034938435,0,0.2270233165472746,0,0.1259288820438087,0,0.11858602457990249,0,0.11858585337176919,0,0.14174199937842785,0
2081,0.11195068107917905,0,0.1003680041952369,0,0.3482814496383071,1,0.1119507714562739,0,0.11195063094298045,0,0.15690030746239544,1
2082,0.09040425438433886,0,0.09040425430672865,0,0.09040425430672865,0,0.09040425415150821,0,0.09040425438433886,0,0.09040425430672865,0
2083,0.11858579966550072,0,0.23450815537944436,0,0.1259287705955406,0,0.11858591119137903,0,0.11858575503962736,0,0.1432388783742984,0
2084,0.07059296344717343,0,1.0528320879675448,1,0.1259301557826499,0,0.07059304726620515,0,0.07059294047454993,0,0.27810823898762466,1
2085,0.16946920713720223,0,0.22755089992036423,0,0.22735619017233452,0,0.17989049588019648,0,0.16773139984191707,0,0.1943996385904029,0
2086,0.11518496569866936,0,0.6838220672216266,1,0.1433176192610214,0,0.11518496779414515,0,0.11518496232262503,0,0.23453891645961752,1
2087,0.12727232774098715,0,0.1269847253958384,0,0.1269886220494906,0,0.12724732778345546,0,0.12724050103376308,0,0.12714670080070695,0
2088,0.11529270379105583,0,0.14340106576370695,0,0.14340120018459857,0,0.10670547187328339,0,0.11529035136724512,0,0.12481815859597796,0
2089,0.117076053051278,0,0.11706026915150385,0,0.12240890149647991,0,0.11707476115164657,0,0.11707429029047489,0,0.11813885502827666,0
2090,0.09159500089784463,0,0.09773547258616115,0,0.4521913155913353,1,0.09159206117813785,0,0.09159119954953591,0,0.16494100996060296,1
2091,0.13108969355622926,0,0.13108969278012714,0,0.13108969278012714,0,0.13108969355622926,0,0.13108969355622926,0,0.1310896932457884,0
2092,0.11859634192660451,0,0.11859461564260225,0,0.1032158073503524,0,0.11859674286097288,0,0.11859613905350368,0,0.11551992936680715,0
2093,0.0416023222108682,0,0.14099573514734706,0,0.1410016481143733,0,0.041558852419257164,0,0.04161810502409935,0,0.08135533258318901,0
2094,0.13959527978052697,0,0.13649711726854244,0,0.13652046769857407,0,0.13926284573972225,0,0.139296921590964,0,0.13823452641566594,0
2095,0.08089028857648373,0,0.0755683019136389,0,0.6880829392466694,1,0.0808902895078063,0,0.08089028811082244,0,0.20126442147108414,1
2096,0.1122046735836193,0,0.23157822092374167,0,0.13869344256818295,0,0.11220467443733166,0,0.1122046735836193,0,0.14137713701929897,0
2097,0.1288903912063688,0,0.14337679324671626,0,0.14337685448117554,0,0.10656893144672115,0,0.12888877609414826,0,0.13022034929502602,0
2098,0.12142193111746262,0,0.13869482014949122,0,0.13869482666874924,0,0.1151094522792846,0,0.11220626079011708,0,0.12522545820102096,0
2099,0.11194969795178622,0,0.12592738633975387,0,0.12592738245924315,0,0.12393981272665162,0,0.11194966830468427,0,0.11993878955642383,0
2100,0.12889054581076684,0,0.12887491777170604,0,0.12789528987680873,0,0.1288889234274393,0,0.128888929830282,0,0.1286877213434006,0
2101,0.03399732708930969,1,0.03399733453989029,0,0.05398534300426642,0,0.03399732708930969,0,0.033997327710191406,1,0.037994931886593496,1
2102,0.11518484429689124,0,0.14331751704836884,0,0.14331752286913493,0,0.11518484336556867,0,0.11518484617893894,0,0.1264379147517805,0
2103,0.1259272488144537,0,0.12592700434227785,0,0.12592700822278857,0,0.125927297398448,0,0.1259272190121313,0,0.1259271555580199,0
2104,0.10397075419314206,0,0.1039706349450474,0,0.10397064064939816,0,0.10397078304473932,0,0.10397074074717239,0,0.10397071071589985,0
2105,0.03694316744804382,0,0.056615576768914856,0,0.061741555109620094,0,0.03694315875569979,0,0.036943179865678154,0,0.045837327589591345,0
2106,0.050455931574106216,0,0.05045579684277376,0,0.06448393563429515,0,0.050455949579675995,0,0.05045590673883756,0,0.05326150407393774,0
2107,0.1119485516489173,0,0.12592647317796946,0,0.12592646790047488,0,0.11194855630553018,0,0.11194853958052893,0,0.11753971772268415,0
2108,0.10557764008020361,0,0.12592604709789157,0,0.12592604476958513,0,0.10557764132196705,0,0.10557762696407735,0,0.11371700004674494,0
2109,0.09190080609793465,0,0.09180290112271905,0,0.09180382778868079,0,0.0918916870529453,0,0.09189044016723831,0,0.09185793244590362,0
2110,0.12501958307499686,0,0.13869484576086202,0,0.1386948460713029,0,0.12501962234576544,0,0.12501956398288408,0,0.13048969224716225,0
2111,0.12732654130862406,0,0.14820769522339106,0,0.14820828568190336,0,0.12666003755293787,0,0.12677668232936412,0,0.1354358484192441,0
2112,0.19723463151603937,0,0.17893224706252417,0,0.1652609674880902,0,0.19514299308260283,0,0.1956440683764716,1,0.18644298150514566,1
2113,0.10064392602847268,0,0.11147080338560045,0,0.11147072515450418,0,0.09663561863514285,0,0.10063781305992354,0,0.10417177725272875,0
2114,0.07993574813008308,0,1.3053720503424604,1,1.1969804239148896,1,0.07991172994176547,0,0.07990973846366008,0,0.5484219381585718,1
2115,0.05110683167974154,0,0.7999996479290227,1,0.13162603648379445,0,0.051094582925240196,0,0.051092641428112984,0,0.21698394808918237,1
2116,0.1180469438744088,0,0.11751404482250412,0,0.11747432872653008,0,0.118026673172911,0,0.11795854941010475,0,0.11780410800129175,0
2117,0.0660518320898215,0,0.12228282230595748,0,1.5915187279849003,1,0.06627816644807656,0,0.06641742587089539,0,0.3825097949399302,1
2118,0.11858222105850776,0,0.1636377889662981,0,0.15096407709643245,0,0.11858222152416904,0,0.11858221469447017,0,0.1340697046679755,0
2119,0.11699621006846428,0,0.11699619710755844,0,0.11987786057094733,0,0.11699621255199115,0,0.11699620611034334,0,0.11757253728186093,0
2120,0.1310907220467925,0,0.1310906088910997,0,0.131090614789476,0,0.13109074269110957,0,0.13109069146836796,0,0.13109067597736915,0
2121,0.10036987659987062,0,0.11125718142526846,0,0.11125725732805829,0,0.10036926200458159,0,0.10036923080527534,0,0.10472456163261086,0
2122,0.13108969510843357,0,0.13108969402189055,0,0.13108969402189055,0,0.13108969510843357,0,0.13108969510843357,0,0.13108969467381637,0
2123,0.12592823865513006,0,0.12592789235835275,0,0.12592789297923446,0,0.12592831207439303,0,0.12592820714538297,0,0.12592810864249865,0
2124,0.11699739145115018,0,0.1310909305078288,0,0.1310909348540008,0,0.11699742063259085,0,0.1169973782574137,0,0.12263481114059686,0
2125,0.09833357944929351,0,0.1259272200986743,0,0.12592722522094846,0,0.08457973118250568,0,0.11194948145809273,0,0.10934344748190292,0
2126,0.11858668232647081,0,0.5162139305224022,1,0.12592954328283668,0,0.11858681550559898,0,0.11858661961741745,0,0.19958071825094523,1
2127,0.13109799909094969,0,0.13109710176164904,0,0.13109711837023497,0,0.13109822555755576,0,0.13109789323061705,0,0.1310976676022013,0
2128,0.09909138192112248,0,0.1259960156554977,0,0.1259962092153728,0,0.09909377573058009,0,0.09909034489343564,0,0.10985354548320174,0
2129,0.11203936188636969,0,0.10044658799112464,0,0.34828246974696714,1,0.11204214009921998,0,0.11203818182305743,0,0.1569697483093478,1
2130,0.12501804196896651,0,0.12501803234529993,0,0.12501803296618164,0,0.12501804367639124,0,0.12501804088242352,0,0.12501803836785258,0
2131,0.12501939292997122,0,0.14877140133952102,0,0.529513279752185,1,0.1250194291739414,0,0.12501937593333423,0,0.2106685758257906,1
2132,0.13173131978449723,0,0.1386934487770001,0,0.1386934487770001,0,0.13012290198821574,0,0.13439322755827257,0,0.13472686937699713,0
2133,0.13869344101597866,0,0.13869344225774208,0,0.13869344225774208,0,0.13869344520693025,0,0.13869344101597866,0,0.13869344235087436,0
2134,0.1310906296906372,0,0.13109051855280995,0,0.13109051513796052,0,0.13109065716465315,0,0.13109061463425556,0,0.1310905870360633,0
2135,0.11194970276361953,0,0.1259273855636517,0,0.12592738292490444,0,0.11122517408027004,0,0.11194966939122726,0,0.11739586294473459,0
2136,0.12186739395838231,0,0.12592755537480116,0,0.12592757074162364,0,0.11604255177856733,0,0.10557941067963839,0,0.11906889650660255,0
2137,0.11721155738147597,0,0.24270107736811042,0,0.23365335166454315,0,0.11720775774059196,0,0.11720681795850396,0,0.1655961124226451,0
2138,0.12883291699593732,0,0.1433315260025362,0,0.14333156294499835,0,0.12883253642939962,0,0.12883250560359252,0,0.13463220959529282,0
2139,0.1310909311287105,0,0.13109078258275986,0,0.13109079515561461,0,0.13109097086514035,0,0.1310909160723289,0,0.13109087916091083,0
2140,0.1169970992486924,0,0.1310906793611745,0,0.13109068060293794,0,0.11756292831463118,0,0.11699708946980536,0,0.12274769539944827,0
2141,0.13108969060704112,0,0.13108969029660025,0,0.13108969060704112,0,0.13108969340100884,0,0.13108969060704112,0,0.1310896911037465,0
2142,0.07553479758401711,0,0.08375288095946114,0,1.27904158939297,1,0.07553479882578056,0,0.07553479758401711,0,0.3178797728692492,1
2143,0.07553479758401711,0,0.09127270709723234,0,1.7122380589134991,1,0.07553479758401711,0,0.07553479758401711,0,0.40602303175255655,1
2144,0.10195123778733735,0,0.13108969060704112,0,0.13108969060704112,0,0.09759755977817501,0,0.0914220296156903,0,0.11063004167905699,0
2145,0.09142203085745375,0,0.10226270866890748,0,0.5144266444258392,1,0.09142203039179246,0,0.0914220296156903,0,0.17819108879193662,1
2146,0.1185871643635134,0,0.2345087726910909,0,0.12592996020490924,0,0.11858731415122747,0,0.11858709583369394,0,0.14324006144888698,0
2147,0.1169972460096081,0,0.12234545483564337,0,0.11729717502991359,0,0.11699728023571272,0,0.11699722738315661,0,0.11812687669880688,0
2148,0.1310898537437121,0,0.13108983915299177,0,0.1310898376007875,0,0.1310898532780508,0,0.13108984846621752,0,0.13108984644835192,0
2149,0.12837761865618327,0,0.13342506842066845,0,0.1334429526080688,0,0.1281440999203672,0,0.12816157308407128,0,0.1303102625378718,0
2150,0.10539225518004969,0,0.13217864139005542,0,0.1321808441231648,0,0.10536332606958847,0,0.10536232877833147,0,0.11609547910823796,0
2151,0.1259274180047214,0,0.12592715801050267,0,0.1259271684102714,0,0.12592745882769427,0,0.12592738028615713,0,0.12592731670786939,0
2152,0.03959912185867628,0,0.13109076969946423,0,0.13109077451129755,0,0.03959913675983747,0,0.03959913489719232,0,0.07619578754529358,0
2153,0.108126912266016,0,0.10812709294259548,0,0.0887038999547561,0,0.10812688805162907,0,0.10812692220012347,0,0.10424234308302402,0
2154,0.0914231773155431,0,0.9222020930610597,1,0.8464704942889512,1,0.0914232040134569,0,0.0914231613278389,0,0.40858842600136996,1
2155,0.11220627763153364,0,0.11240318363221984,0,0.6889183147189518,1,0.11220632078281294,0,0.11220625908269237,0,0.22758807116964214,1
2156,0.05045592660705248,0,0.06800045073032379,0,0.05423469531039397,0,0.05045594399174055,0,0.050455894942084946,0,0.05472058231631914,0
2157,0.10557899934550126,0,0.12592717617129287,0,0.12592717710261545,0,0.10557906042474012,0,0.10557897357891004,0,0.11371827732461195,0
2158,0.037064287190636,0,0.1310910826238493,0,0.13109108246862888,0,0.03706429526209831,0,0.037064287811517715,0,0.07467500707134604,0
2159,0.07872440076122682,0,0.8431534188178679,1,0.7328813748123745,1,0.07872440138210852,0,0.07872440076122682,0,0.36244159930696085,1
2160,0.09142203070223331,0,0.09142202977091074,0,0.09868988369513924,0,0.09142202930524945,0,0.09142203039179246,0,0.09287560077306505,0
2161,0.12592529132962227,0,0.12592529132962227,0,0.12592529132962227,0,0.12592529132962227,0,0.12592529132962227,0,0.12592529132962227,0
2162,0.11858180149768789,0,0.11858180056636532,0,0.11858180056636532,0,0.11858180149768789,0,0.11858180056636532,0,0.11858180093889434,0
2163,0.08862694275255005,0,0.08862694275255005,0,0.08862694275255005,0,0.08862694275255005,0,0.08862694275255005,0,0.08862694275255005,0
2164,0.03399728983640671,1,1.7054134235562135,1,1.4714050448965281,1,0.03399728983640671,0,0.03399728983640671,1,0.6557620675923923,1
2165,0.13109075200433531,0,0.13109063000107804,0,0.13109064024562636,0,0.1310907818066577,0,0.13109073772405586,0,0.13109070835635067,0
2166,0.07872765728582938,0,0.0932088429108262,0,0.08427640718097489,0,0.07872774141530196,0,0.07872761941204469,0,0.08273365364099543,0
2167,0.10397071135230362,0,0.1310905576683581,0,0.13109056605026126,0,0.10397073477118586,0,0.10397069526758666,0,0.1148186530219391,0
2168,0.11699595620545249,0,0.16376219022398195,0,0.15342521372561654,0,0.11699595643828313,0,0.11699595806809764,0,0.13363505493228633,0
2169,0.1259253021950523,0,0.1259253021950523,0,0.1259253021950523,0,0.1259253021950523,0,0.1259253021950523,0,0.1259253021950523,0
2170,0.05045478045940399,0,0.05423376274605592,0,0.6738060425656537,1,0.05045478045940399,0,0.05045478045940399,0,0.17588082933798432,1
2171,0.10557683704731365,0,0.07101206205940495,0,0.4031095914542675,1,0.10557683696970344,0,0.10557683704731365,0,0.15817043291560065,1
2172,0.0990109546110034,0,0.07416120520792902,0,0.07288335023137431,0,0.0990109546110034,0,0.09901095445578297,0,0.08881548382341861,0
2173,0.12501795574401817,0,0.12501795574401817,0,0.13173128990456462,0,0.12501795574401817,0,0.12501795574401817,0,0.12636062257612746,0
2174,0.07872438989579678,0,0.1019209887405547,0,1.0269382144324481,1,0.07872438989579678,0,0.07872438989579678,0,0.27300647457207866,1
2175,0.09179784342025717,0,1.257119977536301,1,0.1259253021950523,0,0.09179784435157974,0,0.09179784342025717,0,0.3316877621846894,1
2176,0.05045478045940399,0,0.05045478045940399,0,0.05045478045940399,0,0.05045478045940399,0,0.05045478045940399,0,0.05045478045940399,0
2177,0.08089028531685472,0,0.6880829375392447,1,0.11123646493069828,0,0.08089028531685472,0,0.08089028531685472,0,0.2083980516841014,1
2178,0.11858498188667,0,0.1259280446295937,0,0.12592804990708828,0,0.11858506609375279,0,0.11858493501010041,0,0.12152221550544104,0
2179,0.11123646167106926,0,0.11123646105018754,0,0.11123646105018754,0,0.11123646167106926,0,0.11123646586202085,0,0.11123646226090689,0
2180,0.13869344101597866,0,0.13869344225774208,0,0.13869344225774208,0,0.13869344101597866,0,0.1386934413264195,0,0.1386934415747722,0
2181,0.1288147641219742,0,0.14331739388095835,0,0.14331739388095835,0,0.12881476241454948,0,0.1288147641219742,0,0.13461581568408293,0
2182,0.12592736150448522,0,0.12592709685365358,0,0.1259271102026105,0,0.1259274217300117,0,0.12592732269937792,0,0.12592726259802778,0
2183,0.1250195004977286,0,0.5224717647458116,1,0.13869476380447546,0,0.125019535732766,0,0.12501947209239006,0,0.2072450073746343,1
2184,0.11858180242901047,0,0.11858180211856961,0,0.11156434752047062,0,0.11858180242901047,0,0.11858180242901047,0,0.11717831138521433,0
2185,0.11858180056636532,0,0.10153200897426966,0,0.2270223225156466,0,0.11858180056636532,0,0.11858180056636532,0,0.13685994663780246,0
2186,0.13114264390120903,0,0.13113235759859285,0,0.13113248084361354,0,0.13114186484987536,0,0.1311414858015875,0,0.13113816659897565,0
2187,0.1288213971759736,0,0.09095012939845522,0,0.5204509765220185,1,0.12882126716916295,0,0.12882124043244403,0,0.19957300213961088,1
2188,0.13869396535058817,0,0.13869394470627108,0,0.13869394532715282,0,0.13869397093852362,0,0.13869395836566886,0,0.13869395693764092,0
2189,0.12506279768422246,0,0.12506117431136468,0,0.12506091423953572,0,0.12506297191915414,0,0.12506232464996478,0,0.12506203656084836,0
2190,0.11699593183584511,0,0.11699592873143654,0,0.11905002139974385,0,0.11699593183584511,0,0.11699593183584511,0,0.11740674912774315,0
2191,0.1003424352966249,0,0.11123646430981655,0,0.11123646430981655,0,0.09634060855023563,0,0.1003424352966249,0,0.1038996815526237,0
2192,0.059321883444984756,0,0.08792327934255202,0,0.07680942459652822,0,0.059321883444984756,0,0.059321883444984756,0,0.06853967085480689,0
2193,0.11220466357190162,0,0.11220466349429141,0,0.11220466349429141,0,0.11220466357190162,0,0.11220466357190162,0,0.11220466354085754,0
2194,0.11858190510732432,0,0.22702234781657657,0,0.12592539144679904,0,0.11858190510732432,0,0.11858190433122218,0,0.14173869076184928,0
2195,0.13108969340100884,0,0.13108969060704112,0,0.13108969060704112,0,0.13108969278012714,0,0.13108969060704112,0,0.13108969160045186,0
2196,0.11220469578014065,0,0.11220469539208959,0,0.11220469376227508,0,0.1122046976427858,0,0.11220469578014065,0,0.11220469567148636,0
2197,0.12881476707116235,0,0.12783493908743063,0,0.11992284170507143,0,0.12881476505329678,0,0.12881476707116235,0,0.1268404159976247,0
2198,0.10587852630609025,0,0.13869345048442483,0,0.13869345048442483,0,0.09296944209684928,0,0.08712883852422237,0,0.1126727415792023,0
2199,0.11858186164560418,0,0.14847662718966603,0,0.1259253278064231,0,0.11858186086950202,0,0.1185818618008246,0,0.12602950786240402,0
2200,0.08712883852422237,0,0.08712883867944281,0,0.09296943588803212,0,0.08712883867944281,0,0.08712883852422237,0,0.0882969580590725,0
2201,0.0914220296156903,0,0.13108969029660025,0,0.13108969029660025,0,0.10737219988368452,0,0.0914220296156903,0,0.11047912794165313,0
2202,0.09179789961005251,0,0.09179789495343964,0,0.07421512513731916,0,0.09179789712652564,0,0.09179789805784822,0,0.08828134297703703,0
2203,0.042180973726014294,0,0.11123646710378428,0,0.11123646710378428,0,0.07430074270814657,0,0.06090101879090071,0,0.07997113388652602,0
2204,0.11699595806809764,0,0.13108969060704112,0,0.13108969060704112,0,0.11699595620545249,0,0.11699595806809764,0,0.122633450711146,0
2205,0.13109068184470138,0,0.13109057381128272,0,0.13109057241429886,0,0.1310907038860023,0,0.13109066678831974,0,0.131090639748921,0
2206,0.08233679586555809,0,0.11123678623698652,0,0.11123679120404024,0,0.09687145974021405,0,0.09040464910989006,0,0.09841729643133779,0
2207,0.10557984956540167,0,0.12592790694907308,0,0.12592792138457298,0,0.10557993276355167,0,0.10557981044985354,0,0.11371908422249058,0
2208,0.09180046198889613,0,0.1259276058214406,0,0.125927631277591,0,0.0918005305963258,0,0.09180043218657374,0,0.10545133237416544,0
2209,0.0370642381409804,0,1.2901976215653121,1,1.047331773986419,1,0.037064245591561,0,0.0370642306903998,0,0.4897444219949344,1
2210,0.11716303951106966,0,0.11742965651986499,0,0.1544596104261776,0,0.11716016273324688,0,0.11715936715093751,0,0.12467436726825934,0
2211,0.1310908446709315,0,0.13109071475143233,0,0.13109071413055062,0,0.13109087198972702,0,0.13109082340573272,0,0.13109079378967484,0
2212,0.12846309381226698,0,0.12790501241882643,0,0.12791039996470013,0,0.12840652760739127,0,0.1284056599251926,0,0.12821813874567548,0
2213,0.15476268467803797,0,0.1517787758881847,0,0.15170054944852987,0,0.15451143557826677,0,0.1544315212716659,0,0.15343699337293704,0
2214,0.13108966359868646,0,0.13108966359868646,0,0.13108966359868646,0,0.13108966359868646,0,0.13108966359868646,0,0.13108966359868646,0
2215,0.07124010163048904,0,0.1112364639993757,0,0.1112364639993757,0,0.07124010100960732,0,0.07124010163048904,0,0.08723864645386736,0
2216,0.08862694275255005,0,0.08862694275255005,0,0.06385268643498421,0,0.08862694275255005,0,0.08862694275255005,0,0.08367209148903688,0
2217,0.09142201021313667,0,0.09142200866093238,0,0.09142200866093238,0,0.09142201021313667,0,0.09142201021313667,0,0.09142200959225495,0
2218,0.04023731251557668,0,0.04023731437822183,0,0.05133706952134768,0,0.04023731251557668,0,0.04023731251557668,0,0.042457264289259916,0
2219,0.11518471730717768,0,0.11518471746239811,0,0.11518471746239811,0,0.11518471730717768,0,0.11518471730717768,0,0.11518471736926586,0
2220,0.12594365452726683,0,0.12594148609787226,0,0.1259415429085493,0,0.12594416101152697,0,0.1259433968613545,0,0.12594284828131397,0
2221,0.42040329923232395,1,0.7650158908218145,1,0.7654734347015619,1,0.42571995174512267,1,0.4194508028837542,1,0.5592126758769154,0
2222,0.11703059806798895,0,0.1170269629607598,0,0.11702704507236679,0,0.11703151580877602,0,0.11703015367190044,0,0.1170292551163584,0
2223,0.08095255556205909,0,0.06945168413221836,0,1.777519531858464,1,0.08083701319992542,0,0.08099132093290488,0,0.41795042113711434,1
2224,0.1943301276769489,0,0.26992939164241153,0,0.2703478292872508,0,0.19926696464729807,1,0.19313403529425463,1,0.22540166970963277,1
2225,0.07872552952418725,0,0.13109066290780902,0,0.13109066632265845,0,0.07872555994739135,0,0.07872551338126262,0,0.09967158641666174,0
2226,0.10486818198114634,0,0.10245215869508684,0,0.06437594734597951,0,0.10473319158578913,0,0.10473606813078125,0,0.09623310954775662,0
2227,0.12592745277409753,0,0.12592719091723362,0,0.12592720023045936,0,0.1259275145518283,0,0.12592742840449014,0,0.12592735737562177,0
2228,0.10034244189349313,0,0.11123646524113913,0,0.11123646524113913,0,0.10034244189349313,0,0.10034244189349313,0,0.10470005123255152,0
2229,0.12501941667869687,0,0.13869469054043293,0,0.1386946978357931,0,0.12501945967475572,0,0.12501939929400882,0,0.1304895328047375,0
2230,0.12501944353183111,0,0.12501926572682956,0,0.12501926976256073,0,0.1250194824921588,0,0.12501941691152751,0,0.12501937568498153,0
2231,0.0997541535180062,0,0.13869537133723497,0,0.1386953772356113,0,0.09975421044509858,0,0.0997541241037349,0,0.11533064732793719,0
2232,0.12587649460571507,0,0.15471226380517086,0,0.1315368595533073,0,0.1257138877020528,0,0.12570796604268253,0,0.13270949434178572,0
2233,0.49812726738552254,1,0.49557815305888653,1,0.5237073147048553,1,0.4981273928036292,1,0.498127489661177,1,0.5027335235228142,0
2234,0.1260838092615207,0,0.12608540492753187,0,0.1771469476322333,0,0.12608394213020802,0,0.12608402905364832,0,0.13629682660102843,0
2235,0.12592736150448522,0,0.12592710461467505,0,0.1259271027520299,0,0.12592742141957083,0,0.1259273214576145,0,0.1259272623496751,0
2236,0.11858406670702,0,0.12233974388800561,0,0.16363814705982804,0,0.11858412561317284,0,0.11858404008671641,0,0.12834602467094858,0
2237,0.07986162486486137,0,0.14331853886445364,0,0.14331854041665792,0,0.0910323045682162,0,0.08291965398044947,0,0.10809013253892771,0
2238,0.13166096930702528,0,0.13164231460541487,0,0.1316392122146984,0,0.13166314968839288,0,0.13165541039779782,0,0.13165221124266585,0
2239,0.1278323649118344,0,0.12741524198402962,0,0.12742048796887198,0,0.12779294963305196,0,0.12778748370086154,0,0.1276497056397299,0
2240,0.2638717455168565,1,0.24911037211616835,0,0.24852253744999567,0,0.26283063801626366,0,0.26196698533991974,1,0.2572604556878408,1
2241,0.08052138254667322,0,2.9816817616422973,1,0.27605531675120193,0,0.07928785930077235,0,0.0796304838731885,0,0.6994353608228266,1
2242,0.13108969510843357,0,0.1310896947979927,0,0.1310896947979927,0,0.13108969510843357,0,0.13108969510843357,0,0.13108969498425724,0
2243,0.04428734133640925,0,0.04428734940787157,0,0.06741851195693016,0,0.044287351270516716,0,0.04428734940787157,0,0.04891358067591985,0
2244,0.12881476691594193,0,0.15966988067763546,0,0.14331739791668952,0,0.12881476660550106,0,0.12881476691594193,0,0.13788631580634197,0
2245,0.049383330469330154,0,0.11123647176039715,0,0.11123647176039715,0,0.049383330469330154,0,0.049383330469330154,0,0.07412458698575694,0
2246,0.037306308125456177,0,0.037306263421972595,0,0.03730626776814461,1,0.03730627583960692,0,0.0373062789440155,0,0.03730627881983916,1
2247,0.047630272805690765,0,0.037457446878155075,0,0.03190035310884317,1,0.04763031688829263,0,0.04763036469618479,0,0.04244975087543329,1
2248,0.09587929025292397,0,1.618669490640362,1,0.14334783035640916,0,0.09587979068358739,0,0.09587990927199523,0,0.4099312622410555,1
2249,0.12592732052629194,0,0.1259270808659494,0,0.1259270884717504,0,0.12592739751562476,0,0.12592730158939958,0,0.12592723779380322,0
2250,0.11756177991628647,0,0.13108971264834204,0,0.13108971264834204,0,0.119877639071395,0,0.11699597490951419,0,0.12332296383877595,0
2251,0.12745152801896134,0,0.12711713385457793,0,0.12712079643582305,0,0.12741852815573415,0,0.12741628708317876,0,0.12730485470965505,0
2252,0.13869496000309786,0,0.1386947821204861,0,0.1386947863114377,0,0.138695004551361,0,0.1386949329947432,0,0.13869489319622516,0
2253,0.11220664270998289,0,0.13869513229777417,0,0.13869514626761278,0,0.112206696649082,0,0.11220661601206909,0,0.12280204678730418,0
2254,0.13870749964068332,0,0.13870598562061787,0,0.13870600936934352,0,0.13870791733885804,0,0.13870731787756085,0,0.13870694596941271,0
2255,0.10558079462498426,0,0.09806232263023655,0,0.4530169541637103,1,0.10558090599564214,0,0.10558074278136094,0,0.17356434403918686,1
2256,0.12928409253557524,0,0.12854220516358814,0,0.12854911231746277,0,0.1292081855547925,0,0.129208509499828,0,0.1289584210142493,0
2257,0.12592723546549678,0,0.12592699999610582,0,0.1259270031005144,0,0.1259272901030878,0,0.12592721435551843,0,0.12592714860414464,0
2258,0.09901300941904385,0,0.08638996991794556,0,0.06540027520774554,0,0.09901306514317791,0,0.0990129850494365,0,0.08976586094746988,0
2259,0.0442883986979723,0,0.13869538608317575,0,0.13869539570684233,0,0.04428842725853125,0,0.04428837075829506,0,0.08205119570096334,0
2260,0.1169969611801207,0,0.13109056480849782,0,0.13109057287996015,0,0.11699697988418241,0,0.1169969462013493,0,0.12263440499082208,0
2261,0.21873182337731123,0,0.20255786273628473,0,0.2022455856204033,0,0.21715482541670403,0,0.21706882522751889,1,0.21155178447564443,1
2262,0.7448786925524473,1,0.14244149656345448,0,0.14245297107845545,0,0.7449015906701485,1,0.7449063379317522,1,0.5039162177592516,1
2263,0.04684095084667206,0,0.12596554573004445,0,0.1259656782882909,0,0.04684107874830564,0,0.04684134883185228,0,0.07849092048903306,0
2264,0.06374126238127549,0,0.06374494669338067,0,0.05235908615092436,0,0.06374150949219863,0,0.06374169078965981,0,0.06146569910148779,0
2265,0.14001772343181074,0,0.11915987768831353,0,0.11907298071309924,0,0.1376646362671939,0,0.1382630643590043,0,0.13083565649188433,0
2266,0.04606805928051472,0,0.045657796785235405,0,0.045660886292656265,0,0.04602318319181601,0,0.0460226039091746,0,0.0458865058918794,0
2267,0.14833615409831205,0,0.14834492094814777,0,0.14834485265115896,0,0.1483367538700501,0,0.14833717855314413,0,0.14833997202416258,0
2268,0.06207343749701977,0,1.3129680235870183,1,0.13430366634080806,0,0.06211299076676369,0,0.062108114982644715,0,0.3267132466348509,1
2269,0.12622501887381077,0,0.1261625688833495,0,0.12616344230870405,0,0.12622001596416035,0,0.12621797171110907,0,0.12619780354822674,0
2270,0.15789651048059264,0,0.5292277972524365,1,0.5351921102652947,1,0.15695348242297769,0,0.15713655265669027,0,0.30728129061559833,1
2271,0.12592887164403996,0,0.12592843578507504,0,0.12592845720549425,0,0.1259289652419587,0,0.12592882414658865,0,0.12592871080463133,0
2272,0.09901462262496352,0,0.06540168561817457,0,0.700657123234123,1,0.09901472833007574,0,0.09901458133632939,0,0.21262054822873325,1
2273,0.09142341511324048,0,0.13109088223427534,0,0.13109088921919465,0,0.0914234487960736,0,0.09142339353760083,0,0.10729040578007698,0
2274,0.118587196416532,0,0.23450879286974669,0,0.12592999497428536,0,0.11858734348788857,0,0.1185871313791722,0,0.14324009182552494,0
2275,0.0860350231717651,0,0.12592876128231487,0,0.12592877183730403,0,0.06967524093730997,0,0.10558079516825576,0,0.10262971847938995,0
2276,0.12592726200819016,0,0.12592700868844986,0,0.12592701458682617,0,0.12592729910587272,0,0.1259272238239646,0,0.1259271616426607,0
2277,0.10195615922566503,0,0.6162841505526254,1,0.14331739388095835,0,0.10195615941969056,0,0.10195615887641907,0,0.21309400439107168,1
2278,0.09975361602846533,0,0.11474007480622579,0,0.3366621721846362,1,0.09975366131402552,0,0.0997535871186604,0,0.15013262229040264,1
2279,0.11699702365634342,0,0.11699690157547593,0,0.11905098985880613,0,0.11699705035425723,0,0.11699700409856935,0,0.11740779390869041,0
2280,0.11194942115495603,0,0.12592713488265872,0,0.1259271406258146,0,0.11194947761638711,0,0.11194939038250595,0,0.11754051293246448,0
2281,0.10195615922566503,0,0.08171520246348034,0,0.08321953169070184,0,0.10195615941969056,0,0.10195615887641907,0,0.09416064233519136,0
2282,0.08713046523431937,0,0.08713028098767002,0,0.08713028378163774,0,0.08713051692272226,0,0.08713044753919046,0,0.08713039889310797,0
2283,0.11976468194431315,0,0.13870562333613634,0,0.13870564755052328,0,0.1147535879087324,0,0.12669549114070833,0,0.1277250063760827,0
2284,0.11699595123839875,0,0.1198776182718575,0,0.24279546085745096,0,0.11699595170406003,0,0.11699594906531274,0,0.14273218622741599,0
2285,0.11858183455963929,0,0.11156436917372048,0,0.10153203152003698,0,0.11858183207611243,0,0.11858183455963929,0,0.1137683803778297,0
2286,0.1365798208862543,0,0.13576358711967865,0,0.135751785710454,0,0.13650413447370133,0,0.1364945120488604,0,0.13621876804778973,0
2287,0.11699913054083784,0,0.11699862630727391,0,0.11756443713481228,0,0.11699913123932977,0,0.11699907373016079,0,0.11711207979048292,0
2288,0.13149324245750904,0,0.13141105246419707,0,0.13141178293153644,0,0.13148553188269338,0,0.1314845665668448,0,0.13145723526055614,0
2289,0.13108973670750856,0,0.1310897304986914,0,0.1310897304986914,0,0.13108973608662686,0,0.13108973608662686,0,0.13108973397562904,0
2290,0.060901060700416565,0,0.07371060457080603,0,0.7588074484374374,1,0.060901060700416565,0,0.060901060700416565,0,0.20304424702189863,1
2291,0.08089030797903736,0,0.08089030735815565,0,0.06892384305441131,0,0.08089030891035993,0,0.08089030906558037,0,0.07849701527350891,0
2292,0.10195618666087587,0,0.14331742081170282,0,0.14331742081170282,0,0.10195618619521458,0,0.10195618514747669,0,0.11850067992539455,0
2293,0.11220481692968558,0,0.1151079386472702,0,0.34570360121627647,1,0.11220481778339793,0,0.11220481483420978,0,0.159485197882168,1
2294,0.11123646493069828,0,0.11123646493069828,0,0.11123646493069828,0,0.11123646493069828,0,0.11123646493069828,0,0.11123646493069828,0
2295,0.13869344101597866,0,0.13869344225774208,0,0.13869344225774208,0,0.13869344520693025,0,0.13869344101597866,0,0.13869344235087436,0
2296,0.059329173838098846,0,0.5962212852512797,1,0.1386997646962603,0,0.059329179426034294,0,0.05932901365061601,0,0.18258168337245786,1
2297,0.1290502017363906,0,0.12835891094679633,0,0.1283671031706035,0,0.12898276497920355,0,0.12897733583425483,0,0.12874726333344977,0
2298,0.11763440592524906,0,0.16361591468254724,0,0.15363590698689222,0,0.11762211518362164,0,0.1176206049664567,0,0.13402578954895336,0
2299,0.10397999042955537,0,0.13109782819325724,0,0.13109785908212265,0,0.10397990214793633,0,0.10397978167748079,0,0.11482707230607048,0
2300,0.08714432657385866,0,0.6599221273014942,1,0.5582721765773991,1,0.08714421093463898,0,0.08714399230666459,0,0.29592536673881115,1
2301,0.0886312968408068,0,0.6622414137236774,1,0.14332088246010244,0,0.08863124437630177,0,0.08863120122502248,0,0.21429120772518218,1
2302,0.06527427087227504,0,0.08219437363247077,0,0.06988841791947682,0,0.06527411006391048,0,0.06527391231308381,0,0.0695810169602434,0
2303,0.13181442130977908,0,0.13166749322166046,0,0.13166850851848722,0,0.13180013994375864,0,0.13179932984833917,0,0.13174997856840492,0
2304,0.10034386961100002,0,0.09518484538421035,0,0.09824802315173049,0,0.10034384826819102,0,0.10034383503564943,0,0.09889288429015626,0
2305,0.1315238995787998,0,0.13143607741221786,0,0.1314367752832671,0,0.1315155366125206,0,0.13151472760364413,0,0.13148540329808991,0
2306,0.11698008406286438,0,0.4126546170252065,1,0.12978622938195863,0,0.11686407440962891,0,0.11686887772521004,0,0.17863077652097367,1
2307,0.11124218247520427,0,0.1112409324850887,0,0.11124095250852406,0,0.11124207506266733,0,0.11124205534967284,0,0.11124163957623143,0
2308,0.12594852161904177,0,0.12594411537672082,0,0.12594418041408062,0,0.1259483164176345,0,0.1259480247584482,0,0.12594663171718518,0
2309,0.13110820235063633,0,0.13110469716290632,0,0.13110473239794374,0,0.13110797215873995,0,0.13110780452067652,0,0.13110668171818057,0
2310,0.09040468923437099,0,0.09040463110432029,0,0.0825585057027638,0,0.09040470180722575,0,0.09040468543147047,0,0.08883544265603026,0
2311,0.12592536552498737,0,0.1259253667667508,0,0.1259253704920411,0,0.12592536583542824,0,0.12592536490410566,0,0.12592536670466264,0
2312,0.07124011560032766,0,0.7588234525950005,1,0.6522593048866838,1,0.07124011715253194,0,0.07124011560032766,0,0.32496062116697433,1
2313,0.04372405260801315,0,1.37120594495597,1,0.14331740303896368,0,0.04372405260801315,0,0.04372405260801315,0,0.32913910116379463,1
2314,0.11858186032623053,0,0.12592532314981023,0,0.12592532066628337,0,0.11858186133516331,0,0.11858186032623053,0,0.1215192451607436,0
2315,0.09142207183564703,0,0.1310897239794334,0,0.1310897239794334,0,0.09142207261174917,0,0.09142207090432446,0,0.10728913266211748,0
2316,0.08862695842981339,0,0.08862695811937253,0,0.06646859707931678,0,0.08862695842981339,0,0.08862695874025424,0,0.08419528615971407,0
2317,0.1310907220467925,0,0.1310906088910997,0,0.13109061447903514,0,0.13109074300155044,0,0.13109068976094326,0,0.13109067563588422,0
2318,0.11195256048813462,0,0.7131865027671059,1,0.6711078085936606,1,0.11195270294168343,0,0.1119524840420733,0,0.3440304117665316,1
2319,0.08089067585145433,0,0.06840414615968864,0,0.08296120275432865,0,0.08089068128416936,0,0.08089067072918017,0,0.07880747535576424,0
2320,0.11699705206168194,0,0.11729699986365934,0,0.15443916354949275,0,0.1169970811655124,0,0.11699703731574118,0,0.12454546679121752,0
2321,0.12501960069251558,0,0.13869485119357705,0,0.13869485476364693,0,0.12501964516316852,0,0.1250195820660641,0,0.13048970677579447,0
2322,0.13110515925412378,0,0.1311034900136292,0,0.13110354465122023,0,0.13110556298245987,0,0.1311049588645498,0,0.13110454315319658,0
2323,0.12881595461415904,0,0.12881581367886005,0,0.12783598950287947,0,0.12881598951935302,0,0.12881594256032258,0,0.12861993797511484,0
2324,0.12592738323534527,0,0.1259271406258146,0,0.12592714605852962,0,0.1259274462548395,0,0.12592736212536693,0,0.12592729565997918,0
2325,0.10557976698813339,0,0.12592782685533166,0,0.12592783523723483,0,0.10557984312375386,0,0.10557972686365247,0,0.11371899981362124,0
2326,0.08885100681800395,0,0.12592788180336356,0,0.12592789142703018,0,0.14129763861031583,0,0.09180072462186217,0,0.11476102865611515,0
2327,0.10397082650645946,0,0.11467146640643477,0,0.10449700682268788,0,0.10397085370883967,0,0.10397080916057651,0,0.10621619252099965,0
2328,0.13530311857660612,0,0.13454169935236374,0,0.13453867534796396,0,0.13522598395744959,0,0.13522902503609657,0,0.13496770045409598,0
2329,0.13108968595042825,0,0.13108968579520783,0,0.13108968579520783,0,0.13108968595042825,0,0.13108968579520783,0,0.13108968585729602,0
2330,0.1310899080708623,0,0.13108990046506128,0,0.13108989922329783,0,0.13108990900218487,0,0.13108990558733544,0,0.13108990446974836,0
2331,0.07872455846518278,0,0.09917348242985706,0,0.9221865980265042,1,0.07872455846518278,0,0.07872455629209678,0,0.25150675073576473,1
2332,0.13869341757769385,0,0.13869341757769385,0,0.13869341757769385,0,0.13869341757769385,0,0.13869341757769385,0,0.13869341757769385,0
2333,0.11123953193115692,0,0.11123886867426336,0,0.11123887177867194,0,0.11123946037453909,0,0.11123944655992091,0,0.11123923586371043,0
2334,0.1387698583615323,0,0.13875431955481568,0,0.13875449231515327,0,0.13876860092083612,0,0.13876814364145199,0,0.13876308295875786,0
2335,0.0886338627897203,0,0.14332288037985563,0,0.14332290490468344,0,0.08863375646372636,0,0.0886337108289202,0,0.11050942307338119,0
2336,0.10557894695860644,0,0.0641316029553612,0,0.6882329940175017,1,0.1055789974052459,0,0.10557891537124912,0,0.2138202913415929,1
2337,0.12881506515744454,0,0.12783519939209023,0,0.11992309591732919,0,0.12881507120619062,0,0.12881505887101716,0,0.12684069810881435,0
2338,0.12609159387648106,0,0.14331781452832124,0,0.1433178139074395,0,0.12609155910710493,0,0.1260915963600079,0,0.1329820755558709,0
2339,0.1259325733408332,0,0.1259314282797277,0,0.12593144100780287,0,0.12593264055127898,0,0.12593243348722657,0,0.12593210333337385,0
2340,0.07872793792436521,0,0.07872739030669133,0,0.088408967324843,0,0.07872795034199953,0,0.0787278621767958,0,0.08066402161493898,0
2341,0.036943638076384865,0,0.03694356605410576,0,0.03694356977939606,1,0.03694363683462143,0,0.03694361075758934,0,0.03694360430041949,1
2342,0.09321161452680826,0,0.1310943403902153,0,0.13109435016910234,0,0.08573484638084967,0,0.07872998435050249,0,0.10397302716349562,0
2343,0.09142427022258441,0,0.09744381081933777,0,0.40967561878884834,1,0.0914242947474122,0,0.09142423607409,0,0.15627844613045455,1
2344,0.07623986154794693,0,0.1259350304802259,0,0.1259350481753548,0,0.12884636968374252,0,0.07554141928752263,0,0.10649954583495855,0
2345,0.049364494159817696,0,0.05201578512787819,0,0.07751128395708899,0,0.04936449912687143,0,0.04936449167629083,0,0.05552411080958943,0
2346,0.09902073023840785,0,0.12593344816317162,0,0.12593348075946173,0,0.09902080365767081,0,0.09902055856461327,0,0.10978580427666504,0
2347,0.07872792147099972,0,0.13109262023742,0,0.131092622410506,0,0.08923855827500422,0,0.0787278562784195,0,0.1017759157344699,0
2348,0.10558194977541764,0,0.11055367292525868,0,0.07101649298177411,0,0.10558204624491434,0,0.10558186805186172,0,0.0996632059958453,0
2349,0.08434220403432846,0,0.11123692314140499,0,0.11123692609059314,0,0.05696536973118782,0,0.06308765212694804,0,0.0853738150248925,0
2350,0.06549448768297832,0,0.06549358243743579,0,0.06549360168476899,0,0.06549449885884921,0,0.06549438089132309,0,0.06549411031107108,0
2351,0.10397393075982109,0,0.1310931279634436,0,0.1310931323096156,0,0.103973938326817,0,0.10397385078249499,0,0.11482159602843847,0
2352,0.12592529971152544,0,0.12592529971152544,0,0.12592529971152544,0,0.12592529971152544,0,0.12592529878020287,0,0.12592529952526094,0
2353,0.11518471878177176,0,0.09920423139313546,0,0.24340990146932504,0,0.11518471889818709,0,0.11518471878177176,0,0.13763365786483822,0
2354,0.09040425873051088,0,0.11123645530703168,0,0.11123645530703168,0,0.09040425873051088,0,0.09040425873051088,0,0.09873713736111919,0
2355,0.10195615495710324,0,0.14331739294963577,0,0.14331739294963577,0,0.09265235214358351,0,0.10195615495710324,0,0.11663988959141232,0
2356,0.1310906686509649,0,0.1310905598414441,0,0.1310905714829763,0,0.1310906851043304,0,0.1310906483170887,0,0.1310906266793609,0
2357,0.07872555156548817,0,0.7072220312741896,1,0.13109068479388952,0,0.07872558012604713,0,0.07872553790609042,0,0.21489787713314099,1
2358,0.08351728382209937,0,0.09025033454721172,0,0.041772854048758745,0,0.08351735025644302,0,0.08351725029448669,0,0.07651501459379992,0
2359,0.09907537225323419,0,0.1433177134798219,0,0.1433177134798219,0,0.09054323922221859,0,0.10195652321757127,0,0.11564211233053356,0
2360,0.09975350698611389,0,0.1101533245916168,0,0.10504421203707655,0,0.09975354660612841,0,0.09975348556569467,0,0.10289161515732606,0
2361,0.12592543133844933,0,0.12592543195933104,0,0.1259254300966859,0,0.12592543133844933,0,0.12592543195933104,0,0.12592543133844933,0
2362,0.04330476062993208,0,0.04330476062993208,0,0.04330476062993208,0,0.04330476062993208,0,0.04330476062993208,0,0.04330476062993208,0
2363,0.12594552244991064,0,0.1386935766786337,0,0.1386935766786337,0,0.1226103506439055,0,0.13093797175679356,0,0.1313761996415754,0
2364,0.12592755211517215,0,0.12592728156596422,0,0.12592728156596422,0,0.12592761544510722,0,0.12592751951888204,0,0.12592745004221798,0
2365,0.11858483613468707,0,0.10320565740888317,0,0.2435459648258984,0,0.1185849114942054,0,0.11858478708503147,0,0.1405012313897411,0
2366,0.10195695205281179,0,0.14331808810432753,0,0.1433180874058356,0,0.10195697467618932,0,0.10195694444701076,0,0.118501409337235,0
2367,0.11699699408685167,0,0.12234523038690288,0,0.11729694499323766,0,0.11699701240286231,0,0.11699697584845126,0,0.11812663154366114,0
2368,0.1310908462231358,0,0.13109071599319577,0,0.13109071661407748,0,0.13109088223427534,0,0.1310908324085176,0,0.1310907986946404,0
2369,0.13108969309056798,0,0.13108969060704112,0,0.13108969060704112,0,0.1310896937114497,0,0.13108969278012714,0,0.13108969215924543,0
2370,0.11699595620545249,0,0.11905004491563886,0,0.16376219022398195,0,0.11699595643828313,0,0.11699595806809764,0,0.12676002117029078,0
2371,0.13869493640959263,0,0.13869475992396474,0,0.1386947650462389,0,0.13869498002653322,0,0.13869490955645838,0,0.13869487019255758,0
2372,0.03727210375169913,0,0.13222307075435916,0,0.1322266908052067,0,0.037287905191381775,0,0.037266917526721954,0,0.07525533760587375,0
2373,0.1315091660556694,0,0.13142371581246456,0,0.13142445807655653,0,0.13150112594788274,0,0.1315001517844697,0,0.1314717235354086,0
2374,0.11859694363859792,0,0.11854509815263252,0,0.12141451534504692,0,0.11860308377072215,0,0.11858147871680558,0,0.11914822392476103,0
2375,0.12643914793928465,0,0.12206298706587404,0,0.2406108834159871,0,0.126411950836579,0,0.12641094679323336,0,0.14838718321019165,0
2376,0.09500758803915232,0,0.12592814241846403,0,0.12592813900361458,0,0.05708508523336301,0,0.1084284371851633,0,0.10247547837595146,0
2377,0.5551833088199297,1,0.1387122202043732,0,0.13871227592850724,0,0.519820210368683,1,0.1050658489887913,0,0.2914987728620569,1
2378,0.07470100341985624,0,0.04580596244583527,0,0.05509076608965794,0,0.0747010229776303,0,0.07470100590338309,0,0.06499995216727257,0
2379,0.09040460479445755,0,0.33984944635691744,1,0.3000529499258846,0,0.09040461488378544,0,0.09040460021545489,0,0.1822232432353,1
2380,0.0904042599722743,0,0.08276425239940484,0,0.6838606283223877,1,0.09040426043793559,0,0.0904042599722743,0,0.20756753222085536,1
2381,0.10034244189349313,0,0.10278173256665468,0,0.2351140253401051,0,0.1003424438337485,0,0.10034244189349313,0,0.1277846171054989,0
2382,0.09040463203564286,0,0.08141496692163248,0,0.09036287638203551,0,0.09040464041754603,0,0.09040462761186063,0,0.0885983486737435,0
2383,0.10034244142783184,0,0.09518370140964787,0,0.09824688111742337,0,0.10034244142783184,0,0.1003424406517297,0,0.09889158120689293,0
2384,0.09634061196508507,0,0.11123646524113913,0,0.11123646524113913,0,0.10357315752965708,0,0.10034244189349313,0,0.10454582837410271,0
2385,0.07470047970612843,0,0.14331739388095835,0,0.14331739388095835,0,0.07470047970612843,0,0.07470047970612843,0,0.10214724537606039,0
2386,0.09975360527945061,0,0.09975340205710381,0,0.10961928792918722,0,0.09975364916802694,0,0.09975357865914702,0,0.1017267046185831,0
2387,0.07148961008836825,0,0.05575986377273997,0,0.07543058600276709,0,0.0715003985290726,0,0.07148757980515559,0,0.0691336076396207,0
2388,0.07508025721957286,0,0.07504660915583372,0,0.07504722724358241,0,0.07509516024341185,0,0.07507735987504323,0,0.07506932274748881,0
2389,0.0504576601088047,0,0.7785582294066747,1,0.1310923253186047,0,0.05045773151020209,0,0.050457632169127464,0,0.21220471570268273,1
2390,0.051322405536969505,0,0.13190082600340247,0,0.1319026678490142,0,0.05134924128651619,0,0.05131230875849724,0,0.08355748988687992,0
2391,0.034279692297180496,0,0.04115933800737063,0,1.3166637258448948,1,0.0342877476165692,0,0.034276136507590614,1,0.29213332805472114,1
2392,0.037309649089972176,0,0.03730945351223151,0,0.045657372723023094,0,0.037309705590208374,0,0.037309582034746804,0,0.03897915259003639,0
2393,0.03127002095182737,1,0.030935337767004967,1,0.062403902411460876,0,0.03143610246479511,1,0.03119981785615285,1,0.03744903629024824,1
2394,0.09689169066647689,0,0.1471205328901609,0,0.1471404048303763,0,0.11048453898789982,0,0.05165530058244864,0,0.11065849359147248,0
2395,0.13601055834442377,0,0.12763672824560976,0,0.12785074112859243,0,0.13956994920348129,0,0.1349663690974315,0,0.13320686920390776,0
2396,0.11255725325706105,0,0.7080920608714223,1,0.6761739587721726,1,0.11257127649150789,0,0.11255331127904356,0,0.3443895721342415,1
2397,0.07381420380746324,0,0.07381395529955626,0,0.09214657816725473,0,0.07381425021837155,0,0.07381418300792575,0,0.07748063410011431,0
2398,0.07470051757991314,0,0.14331742841750383,0,0.14331742841750383,0,0.07470052378873031,0,0.07470051789035399,0,0.10214728321880102,0
2399,0.12501797801814973,0,0.1386934413264195,0,0.1386934413264195,0,0.12585162619749704,0,0.12501797708682716,0,0.13065489279106257,0
2400,0.12881476241454948,0,0.12509446498006582,0,0.1631792534608394,0,0.12881476489807633,0,0.12881476241454948,0,0.1349436016336161,0
2401,0.11518472530102979,0,0.23102167427229384,0,0.14331739388095835,0,0.11518472471895318,0,0.11518472530102979,0,0.14397864869485297,0
2402,0.04763223541279634,0,0.05349017803867658,0,1.2825003298154722,1,0.04763225714365641,0,0.04763226521511873,0,0.2957774531251441,1
2403,0.059721906358997025,0,0.059721825954814754,0,0.035929618403315544,1,0.05972190946340561,0,0.059721892699599266,0,0.05496343057602644,1
2404,0.07957545543710391,0,0.13109071040526032,0,0.13109071599319577,0,0.09069141450648506,0,0.07872556770841281,0,0.10223477281009156,0
2405,0.0676138736307621,0,1.3039252812353272,1,0.14331791534398994,0,0.06761386493841808,0,0.0676138810813427,0,0.330016963245968,1
2406,0.10195615503471345,0,0.07125564517142872,0,0.0620273364863048,0,0.10195615495710324,0,0.10195615503471345,0,0.08783028933685273,0
2407,0.080890285782516,0,0.11123646493069828,0,0.11123646493069828,0,0.080890285782516,0,0.080890285782516,0,0.09302875744178891,0
2408,0.052265921607613564,0,0.11123646384415527,0,0.11123646384415527,0,0.07604875260343154,0,0.060901016307373844,0,0.08233772364134588,0
2409,0.04870887100696564,0,0.14335369900800288,0,0.14335376924524704,0,0.0239379337678353,1,0.0433428001900514,0,0.08053941464362044,1
2410,0.059743824725349746,0,0.14333787226739028,0,0.14333793505405387,0,0.05974445243676504,0,0.05974358723809322,0,0.09318153434433044,0
2411,0.11518471885938197,0,0.11518471885938197,0,0.11518471885938197,0,0.11518471885938197,0,0.11518471885938197,0,0.11518471885938197,0
2412,0.08255813239763181,0,0.11123646601724128,0,0.11123646601724128,0,0.09501053614076227,0,0.0904042599722743,0,0.09808917210903019,0
2413,0.13507535201885426,0,0.4215392243737976,1,0.42200816608965397,1,0.13774738445257148,0,0.13427752132217088,0,0.25012952965140967,1
2414,0.12881558927862594,0,0.14331811713054776,0,0.14331812240804234,0,0.12783578503876925,0,0.12881557190363915,0,0.13442063715192487,0
2415,0.10852721228729934,0,0.1310905758291483,0,0.13109057815745473,0,0.11010664282366633,0,0.10961442013892035,0,0.1180858858472978,0
2416,0.09041260974481702,0,0.7065864167331407,1,0.6682588396749148,1,0.09041286841966212,0,0.09041251661255956,0,0.32921665023701885,1
2417,0.07124061323702335,0,0.0712405489757657,0,0.06280093546956778,0,0.0712406321739157,0,0.0712406076490879,0,0.06955266750107209,0
2418,0.10057320531147222,0,0.10052478891642143,0,0.09536585704578708,0,0.10056787822395563,0,0.10056839192596574,0,0.09952002428472043,0
2419,0.11123676543744902,0,0.11123672011308372,0,0.11123672011308372,0,0.11123676450612645,0,0.11123676140171786,0,0.11123674631429217,0
2420,0.22870134601059058,0,0.11123692252052327,0,0.11123692546971142,0,0.11123700571867327,0,0.22887486785960695,0,0.1582574135158211,0
2421,0.05770838431393107,0,0.14331811115456125,0,0.14331811022323868,0,0.05228669770682851,0,0.059382933812836804,0,0.09120284744227927,0
2422,0.07124799521019061,0,0.11124306878385444,0,0.11124308073582749,0,0.07124822990347941,0,0.0712479017674923,0,0.08724605528016885,0
2423,0.10034244142783184,0,0.10357315209694207,0,0.1541129273828119,0,0.10034244189349313,0,0.10034244142783184,0,0.11174268084578216,0
2424,0.11518472533983488,0,0.23102167427229384,0,0.14331739388095835,0,0.11518472530102979,0,0.11518472533983488,0,0.14397864882679035,0
2425,0.1386966546997428,0,0.1386962733231485,0,0.1386962921048204,0,0.13869673991575837,0,0.13869661620507637,0,0.13869651524970927,0
2426,0.10278477803027879,0,0.111239054473117,0,0.11123906285502017,0,0.09824999825408061,0,0.09518670690401147,0,0.1037399201033016,0
2427,0.07872765262921651,0,0.13109249901026487,0,0.1310925140666465,0,0.0787277224784096,0,0.0787276066839695,0,0.0996735989737014,0
2428,0.06308699585497379,0,0.11123783925237755,0,0.11123784468509257,0,0.06308698405822118,0,0.06308700330555439,0,0.0823473334312439,0
2429,0.12881486023252364,0,0.14331748972957334,0,0.1433174853834013,0,0.12881486185263688,0,0.1288148579042172,0,0.1346159110204705,0
2430,0.07381382786358397,0,0.08969692784982423,0,1.0578007469885051,1,0.07381389243528247,0,0.07381380628794432,0,0.273787840285028,1
2431,0.34856448136270046,1,0.32554463607569534,0,3.9890005053021014,1,0.34857646686335403,1,0.34857949676613015,1,1.0720531172739962,1
2432,0.04334071526924769,0,0.051737694069743156,0,1.7173187761412312,1,0.043339996909101806,0,0.04333985969424248,0,0.37981540841671324,1
2433,0.10034247293757896,0,0.11123650202838083,0,0.11123650202838083,0,0.09634064518225689,0,0.10034247348085046,0,0.10389971913148958,0
2434,0.07470048498362303,0,0.14331741568942866,0,0.14331741568942866,0,0.07470049026111762,0,0.07470048498362303,0,0.1021472583214442,0
2435,0.12474411493167281,0,0.13869587844237685,0,0.1386958945853015,0,0.12092435914867868,0,0.1250207448222985,0,0.1296161983860657,0
2436,0.10397112014470622,0,0.10397096042288467,0,0.11467173222141962,0,0.10397115322606017,0,0.10397110095558067,0,0.10611121339413028,0
2437,0.4493159346360092,1,0.7406115786482891,1,0.7411257196217775,1,0.45295708211294067,1,0.4484535119263455,1,0.5664927653890725,0
2438,0.034362807869911194,0,0.11124109748440485,0,0.1112411111438026,0,0.06419717706739902,0,0.049368761479854584,0,0.07408219100907446,0
2439,0.09983984256784122,0,0.11807345979226132,0,0.10849314788356423,0,0.09984238697992016,0,0.09983865288086236,0,0.10521749802088984,0
2440,0.10195652461455514,0,0.5115326191298664,1,0.14331770649490258,0,0.10195653579042603,0,0.10195652015196781,0,0.1921439812363436,1
2441,0.11518623107500996,0,0.10393831913825125,0,0.318737297396486,0,0.11518627350839476,0,0.11518621937527011,0,0.1536468680986824,0
2442,0.13869491188476482,0,0.13869474145273367,0,0.1386947437810401,0,0.13869495891655484,0,0.1386948966731628,0,0.13869485054165126,0
2443,0.10034246440045536,0,0.2288746798876673,0,0.11123647859009604,0,0.10034246447806557,0,0.10034246362435321,0,0.1282277101961275,0
2444,0.11518474514984216,0,0.10769411358827104,0,0.2679147361777723,0,0.11518474540207535,0,0.11518474394688383,0,0.14423261685296893,0
2445,0.07124010473489761,0,0.11123646648290257,0,0.11123646648290257,0,0.07124010473489761,0,0.07124010473489761,0,0.0872386494340996,0
2446,0.07470047970612843,0,0.06716044899076223,0,0.8971229269324491,1,0.07470047970612843,0,0.07470047970612843,0,0.2376769630083193,1
2447,0.09040462644770741,0,0.09687137072129796,0,0.2588484971007953,0,0.09040463622659445,0,0.09040462241197626,0,0.12538675058167428,0
2448,0.13869341757769385,0,0.13869341757769385,0,0.13869341757769385,0,0.13869341757769385,0,0.13869341757769385,0,0.13869341757769385,0
2449,0.09040426788851619,0,0.0904042658706506,0,0.09040426509454846,0,0.09040426750046511,0,0.09040426757807533,0,0.09040426678645114,0
2450,0.04330481340487798,0,0.04330481526752313,0,0.04330481526752313,0,0.04330481713016828,0,0.04330480471253395,0,0.0433048131565253,0
2451,0.060147832768658795,0,0.13108966235692301,0,0.13108966235692301,0,0.06235575986405214,0,0.06661437638103962,0,0.09025945874551931,0
2452,0.07381207340707381,0,0.1386934189746777,0,0.1386934189746777,0,0.07381207340707381,0,0.07381207340707381,0,0.09976461163411536,0
2453,0.04330473020672798,0,0.6667928316164762,1,0.1433173951227218,0,0.04330473020672798,0,0.04330473020672798,0,0.18800488347187638,1
2454,0.11125157920954128,0,0.11125097804081936,0,0.11125088133849204,0,0.11125163602021833,0,0.1112514048969994,0,0.11125129590121408,0
2455,0.09749745763838291,0,0.09749759547412395,0,0.10807603473464648,0,0.0974974154184262,0,0.09749751227597396,0,0.0996132031083107,0
2456,0.05765672136719028,0,0.14331776400407156,0,0.14331776338318983,0,0.07229617641617854,0,0.05576247116550803,0,0.09447017926722764,0
2457,0.12851832372446856,0,1.6907909872631233,1,0.138695382202665,0,0.1285182765374581,0,0.1285183634608984,0,0.4430082666377227,1
2458,0.03954245150089264,0,0.06104621353248755,0,0.03103597400089105,1,0.03954245708882809,0,0.0395424651602904,0,0.042141912256677946,1
2459,0.11888484718898933,0,2.6479251484852284,1,0.11124277433070044,0,0.11888463733096917,0,0.11888488816718261,0,0.6231644591006139,1
2460,0.10195717366877943,0,0.9162263787196329,1,0.8538029314174006,1,0.10195720219053328,0,0.10195716412272304,0,0.41518017002381385,1
2461,0.08712884108535945,0,0.09942443323476861,0,0.5031084426057836,1,0.08712884387932718,0,0.08712884061969817,0,0.1727838802849874,1
2462,0.10195616310617577,0,0.3813856600318104,1,0.14331739915845296,0,0.10195616291215022,0,0.10195616357183705,0,0.16611430975608527,1
2463,0.10195616310617577,0,0.5908886550460011,1,0.14331739915845296,0,0.10195616306737065,0,0.10195616357183705,0,0.2080149087899675,1
2464,0.12501857577202222,0,0.1386939676788946,0,0.1386939687654376,0,0.12501859214777747,0,0.1250185666140169,0,0.13048873419562976,0
2465,0.11288891724931698,0,0.13155902759172022,0,0.12323536238788317,0,0.11291630496270955,0,0.11288109639038642,0,0.11869614171640328,0
2466,0.11123646648290257,0,0.11123646524113913,0,0.11123646524113913,0,0.11123646648290257,0,0.11123646648290257,0,0.11123646598619719,0
2467,0.04428824782371521,0,0.044288127372662224,0,0.08330560910205047,0,0.04428827886780103,0,0.04428822733461857,0,0.05209169810016949,0
2468,0.08089067786931992,0,0.08089062323172887,0,0.08089062478393316,0,0.08089068237071236,0,0.0808906697978576,0,0.08089065561071038,0
2469,0.22259143957247338,0,0.21302553142110506,0,0.21323064559449753,0,0.2270718508710464,0,0.22151720182349285,1,0.21948733385652303,1
2470,0.03826674446463585,0,0.13872824485103288,0,0.13872835288445154,0,0.04314111856122812,0,0.03954196535050869,0,0.07968128522237142,0
2471,0.04171726976831754,0,0.04994536191225052,0,1.1285165681814153,1,0.04192797280848026,0,0.04164625455935796,0,0.2607506854459643,1
2472,0.09785258133585255,0,0.13681405254950127,0,0.1368253572533528,0,0.09809162265931566,0,0.09778767948349316,0,0.11347425865630308,0
2473,0.2894214602808158,1,0.2787610860541463,0,0.2919710191587607,0,0.29609749528268975,1,0.2882360139240821,1,0.28889741494009896,1
2474,0.10195659869350493,0,0.0798834510302792,0,0.6579785182451209,1,0.10195661033503711,0,0.10195659236827244,0,0.2087463541344429,1
2475,0.09142202169944842,0,0.13108968579520783,0,0.13108968579520783,0,0.09142202169944842,0,0.09142202402775486,0,0.10728908780341347,0
2476,0.09975191112607718,0,0.09975190895299117,0,0.1273487669726213,0,0.09975190934104224,0,0.09975191050519545,0,0.10527128137958545,0
2477,0.12501797801814973,0,0.23945936715851227,0,0.13869344225774208,0,0.12501797801814973,0,0.1250179783285906,0,0.15064134875622887,0
2478,0.0712556413685282,0,0.14331739388095835,0,0.14331739388095835,0,0.0766057822232445,0,0.10195615887641907,0,0.1072904740460217,0
2479,0.10195615922566503,0,0.4484756197004269,1,0.38138565599607926,1,0.10195615941969056,0,0.10195615887641907,0,0.22714595064365617,1
2480,0.09975870671526839,0,0.0997580624728774,0,0.09975809087821592,0,0.09975897703164567,0,0.09975862250818561,0,0.0997584919212386,0
2481,0.08862694259732962,0,0.05938213256498178,0,0.052286017686128616,0,0.08862694321821134,0,0.08862694259732962,0,0.07550979573279619,0
2482,0.11196177763243516,0,0.08459016866981983,0,0.45303310562546056,1,0.11196218163240701,0,0.111961582597966,0,0.1747017632316177,1
2483,0.09040475745374958,0,0.42166997655294836,1,0.11123687890358269,0,0.09040476940572262,0,0.09040474961511791,0,0.16082422638622423,1
2484,0.11123675270937383,0,0.11123670738500853,0,0.11123670971331497,0,0.11123676202259958,0,0.11123674432747066,0,0.1112367352315535,0
2485,0.11518507609919955,0,0.14331770835754773,0,0.14331770742622515,0,0.11518508708104491,0,0.1151850720634684,0,0.12643813020549716,0
2486,0.11220468561320256,0,0.13869344225774208,0,0.13869344225774208,0,0.11220468468187998,0,0.11220468522515148,0,0.12280018800714362,0
2487,0.1288147641219742,0,0.1288147652085172,0,0.1183377035583059,0,0.12881476241454948,0,0.1288147641219742,0,0.1267193518850642,0
2488,0.1288147641219742,0,0.23868207253205279,0,0.14331739388095835,0,0.12881476241454948,0,0.1288147641219742,0,0.1536887514143018,0
2489,0.13869345048442483,0,0.13869345063964525,0,0.13869345063964525,0,0.1386934503292044,0,0.13869345048442483,0,0.1386934505154689,0
2490,0.11518472481596594,0,0.1433173951227218,0,0.1433173951227218,0,0.11518472559206809,0,0.11518472481596594,0,0.12643779309388872,0
2491,0.1039708112560523,0,0.13109064335003495,0,0.13109064552312097,0,0.10397083580028266,0,0.10397079412359744,0,0.11481874601061766,0
2492,0.11123646648290257,0,0.11123646524113913,0,0.11123646524113913,0,0.11123646648290257,0,0.11123646524113913,0,0.11123646573784451,0
2493,0.11756760347634554,0,0.13160255163287124,0,0.13160351073990265,0,0.11758808760593335,0,0.11756168259307742,0,0.12318468720962605,0
2494,0.11037150399837022,0,1.0153793313850958,1,0.9758679109315077,1,0.11060950897323589,0,0.11030681653452727,0,0.4645070143645473,1
2495,0.10409211576916277,0,0.13119596413647136,0,0.13119622707987824,0,0.10409558882626395,0,0.10409060390278076,0,0.11493409994291141,0
2496,0.10034538867572944,0,0.15411358862183988,0,0.14328507683239877,0,0.10034547408577055,0,0.10034535468245546,0,0.11968697657963882,0
2497,0.37305032326063764,1,0.5215008426457644,1,0.5223381916681925,1,0.3804610997904092,1,0.371236299436229,1,0.43371735136024653,0
2498,0.12228761939331889,0,0.16275955457240343,0,0.16283845715224743,0,0.12376922539745767,0,0.12188428423057,0,0.1387078281491995,0
2499,0.19609769123295942,0,0.13870608139162263,0,0.13870612671598792,0,0.19609748758375645,1,0.19609779429932436,1,0.17314103624473015,1
2500,0.09975192657050987,0,0.13869346010809144,0,0.13869346010809144,0,0.09975192699736606,0,0.09975192649289966,0,0.1153285400553917,0
2501,0.08233692021652435,0,0.11123689597782989,0,0.11123690606715779,0,0.09687158740901698,0,0.09040477072509627,0,0.09841741607912505,0
2502,0.09979592116239171,0,0.1387318566751977,0,0.13873196191464862,0,0.11019687292476495,0,0.09979531064163893,0,0.1174503846637284,0
2503,0.10195782761244725,0,0.1019576236916085,0,0.08363226296690603,0,0.10195787130699803,0,0.10195780824869871,0,0.0982926787653317,0
2504,0.11518716183491051,0,0.2679143642696242,0,0.23102260241284966,0,0.11518722345742087,0,0.11518713393403839,0,0.16889969718176873,0
2505,0.4396336846984923,1,0.4061588956974447,1,1.4921304527670145,1,0.4456674677785486,1,0.4381400720837216,1,0.6443461146050443,0
2506,0.0898292176425457,0,0.08920967547843854,0,0.08922234425942104,0,0.09005928412079811,0,0.08975917473435402,0,0.08961593924711149,0
2507,0.2563501540571451,1,0.24403472927709421,0,0.24496282078325748,0,0.2562735906491677,0,0.2563715459158023,1,0.25159856813649334,1
2508,0.07553479447960854,0,0.07553479447960854,0,0.09300711456065376,0,0.07553479447960854,0,0.07553479447960854,0,0.07902925849581757,0
2509,0.1019565104894961,0,0.38138575370733935,1,0.14331770641729236,0,0.10195652263549466,0,0.10195650505678107,0,0.16611459966128073,1
2510,0.11232464128018667,0,0.12427400626863043,0,0.09126033614544819,0,0.11233683419413865,0,0.11232003204834957,0,0.1105031699873507,0
2511,0.13108968563998738,0,0.13108968563998738,0,0.13108968812351426,0,0.13108968563998738,0,0.13108968563998738,0,0.13108968613669275,0
2512,0.10387665778398514,0,0.16152626617501178,0,0.1615896619235476,0,0.10328565553451578,0,0.11383920756634325,0,0.1288234897966807,0
2513,0.09142422660564382,0,0.1310915135157605,0,0.1310915183275938,0,0.10195345262764022,0,0.09142419214670856,0,0.10939698064466938,0
2514,0.12881512777918638,0,0.12881507488782518,0,0.11460471401611964,0,0.12881513044703752,0,0.12881512285093777,0,0.12597303399622128,0
2515,0.07872548885643482,0,0.09069117391481996,0,0.8712558654757837,1,0.0787255261093378,0,0.07872547581791878,0,0.239624706034859,1
2516,0.059721924675007663,0,0.14331778899456063,0,0.1433177903139343,0,0.057749378494918346,0,0.05972192591677109,0,0.09276576167903841,0
2517,0.09040426082598667,0,0.09495047146144013,0,0.2330970106801639,0,0.09040426082598667,0,0.09040426129164796,0,0.11985205301704505,0
2518,0.047631409019231796,0,0.040267943094174065,0,1.9110084869122754,1,0.04763133699695269,0,0.047631394738952317,0,0.4188341141523172,1
2519,0.11220628826413304,0,0.10471014558182408,0,0.4504547032217185,1,0.11220633040647954,0,0.11220626490345846,0,0.17835674647552271,1
2520,0.10465096870514874,0,0.22503206490849456,0,0.13168625999242067,0,0.10467181158795331,0,0.1046429782290943,0,0.13413681668462232,0
2521,0.09040425935139258,0,0.09036255561901878,0,0.31691832894769806,1,0.0904042599722743,0,0.09040426020510495,0,0.13569873281909772,1
2522,0.1122046858460332,0,0.13869344225774208,0,0.13869344225774208,0,0.11220468413860847,0,0.11220468437143911,0,0.12280018777431301,0
2523,0.13175150084619722,0,0.131690907292068,0,0.13169221052279076,0,0.1317726606503129,0,0.13174398507302007,0,0.1317302528768778,0
2524,0.1151897237286903,0,0.11518927545209105,0,0.11518928303848952,0,0.11518991967507948,0,0.11518968439971407,0,0.11518957725881289,0
2525,0.1250179820538809,0,0.13869344303384423,0,0.13869344256818295,0,0.1250179820538809,0,0.1250179820538809,0,0.130488166352734,0
2526,0.12881476489807633,0,0.5204508505606403,1,0.14331739388095835,0,0.12881476489807633,0,0.12881476489807633,0,0.21004250782716555,1
2527,1.0807433527273436,1,0.13108968377734223,0,0.13108968377734223,0,1.0047683720476925,1,0.08394484563420217,0,0.4863271875927846,1
2528,0.13109060997764269,0,0.13109049759805202,0,0.13109050194422403,0,0.1310906292249759,0,0.13109058824678263,0,0.13109056539833547,0
2529,0.11220661267482986,0,0.11220638062028836,0,0.11220638737237702,0,0.11220666226775695,0,0.11220658372621983,0,0.1122065253322944,0
2530,0.06218533404171467,0,0.11123767828879257,0,0.11123768837812047,0,0.03741379485776027,0,0.04023729326824347,0,0.07246235776692629,0
2531,0.12501818182257315,0,0.16057460010051727,0,0.13869362386564413,0,0.12501819043730697,0,0.12501817553614578,0,0.13486455435243747,0
2532,0.0395993497222662,0,0.07189226523041725,0,1.6166678850228589,1,0.039599347238739334,0,0.0395993497222662,0,0.36147163938730953,1
2533,0.07872439734637737,0,0.07872439672549565,0,0.09320595751826961,0,0.07872439734637737,0,0.07872439734637737,0,0.08162070925657947,0
2534,0.080998660530895,0,0.11132993867310385,0,0.11133013875223696,0,0.08100330953796704,0,0.08099777887885769,0,0.09313196527461211,0
2535,0.1151884298111933,0,0.14332070504315197,0,0.14332072343677282,0,0.11518857740641882,0,0.11518839948500197,0,0.12644136703650777,0
2536,0.2057555721451839,0,0.1259415989431242,0,0.12594164504359165,0,0.2057552964737018,1,0.20575563547511896,1,0.17382994961614412,1
2537,0.2175873157878717,0,0.1311067440547049,0,0.1311067819284896,0,0.20654215291142464,1,0.18334617651998997,0,0.17393783424049616,1
2538,0.10950562939979136,0,0.1310920096002519,0,0.1310920170508325,0,0.12052736850455403,0,0.09142464678734541,0,0.11672833426855504,0
2539,0.03399923195441564,1,0.143322649722298,0,0.14332266516673067,0,0.03399929217994213,1,0.033999202152093254,1,0.07772860823509595,1
2540,0.073812587497135,0,0.13869386989002427,0,0.13869387051090598,0,0.07381260643402736,0,0.0738125800465544,0,0.0997651028757294,0
2541,0.07124101339528958,0,0.07124091653774182,0,0.08488231742133696,0,0.07124105220039685,0,0.0712409969419241,0,0.07396925929933787,0
2542,0.07872499525547028,0,0.13109021416554847,0,0.13109021835650006,0,0.07872502474735181,0,0.07872498563180368,0,0.09967108763133486,0
2543,0.06526365596801043,0,0.5857640292185048,1,0.1310959200685223,0,0.06526389718055725,0,0.06526357245941956,0,0.18253021497900287,1
2544,0.12549317550535002,0,0.12135592774332811,0,0.2408316886673371,0,0.12551183331136903,0,0.12548788784382245,0,0.14773610261424136,0
2545,0.1288154387875693,0,0.11992344917962328,0,0.1553663023902724,0,0.12881547226667558,0,0.1288154370461901,0,0.13234721993406612,0
2546,0.11220069070501874,0,0.3059757848580678,0,0.1261475896462798,0,0.11220872289656351,0,0.11219755036290735,0,0.15374606769376745,0
2547,0.28296297260870534,1,0.26848059985786676,0,0.2687940097724398,0,0.2892972944925229,1,0.28134195941189927,1,0.2781753672286868,1
2548,0.11861417543453474,0,0.12595417692015567,0,0.12595430885752043,0,0.11861553656247754,0,0.1186138337943703,0,0.12155040631381175,0
2549,0.09143430041149259,0,0.13110047035540143,0,0.13110053647930422,0,0.09143477243681748,0,0.09143416630104184,0,0.10730084919681152,0
2550,0.12881505538340812,0,0.1288150289862339,0,0.1288150285205726,0,0.12881506279518362,0,0.1288150514640923,0,0.12881504542989813,0
2551,0.09040541007804374,0,0.11123742046765983,0,0.11123742186464369,0,0.09040544251911342,0,0.09040539626342554,0,0.09873821823857724,0
2552,0.1259701531380415,0,0.12596134453391036,0,0.12596145908658704,0,0.12596964199716845,0,0.12596914560223618,0,0.1259663488715887,0
2553,0.09169341631544133,0,0.317294894096752,0,0.11225836770609021,0,0.0916697580832988,0,0.09167077330251534,0,0.14091744190081953,0
2554,0.09189570990080635,0,0.7294629031481842,1,0.12601302191615105,0,0.09189867492144306,0,0.09189445323621233,0,0.22623295262455936,1
2555,0.08713834158455332,0,1.028265621047467,1,0.13870181422680616,0,0.08713858264187972,0,0.08713819420275588,0,0.2856765107406924,1
2556,0.271202548717459,1,0.25856241521735984,0,0.25884820024172467,0,0.27714035225411254,1,0.26978635353346664,1,0.2671079739928245,1
2557,0.11220632613791774,0,0.3457031901925802,1,0.31081182649359107,1,0.11220636626239866,0,0.11220630347573508,0,0.19862680251244458,1
2558,0.08712886025508244,0,0.13869348199417195,0,0.13869348199417195,0,0.08712886149684589,0,0.08712886025508244,0,0.10775470919907093,0
2559,0.09142249620830019,0,0.2961289688634376,0,0.1310900954219202,0,0.09142250816027324,0,0.09142248627419274,0,0.14029731098562476,0
2560,0.08090018682802717,0,0.08089895111819108,0,0.06971142146115501,0,0.08090047957375646,0,0.08090007475887735,0,0.07866222274800141,0
2561,0.11699594922053318,0,0.12234429937476914,0,0.11729601390349369,0,0.11699594906531274,0,0.11699594922053318,0,0.11812563215692837,0
2562,0.11123646384415527,0,0.11123646384415527,0,0.11123646384415527,0,0.11123646384415527,0,0.11123646384415527,0,0.11123646384415527,0
2563,0.09040460510489841,0,0.1112367514676104,0,0.11123675829730928,0,0.09040461426290373,0,0.09040460153482854,0,0.09873746613351007,0
2564,0.12501811243904135,0,0.5224715173244476,1,0.1386935665893058,0,0.12501812035528323,0,0.12501811305992305,0,0.20724388595360024,1
2565,0.09520222436791907,0,0.14331741724163294,0,0.14331741724163294,0,0.1007252408307977,0,0.11518474633339792,0,0.11954940920307613,0
2566,0.0402373056858778,0,0.05882355943322182,0,1.4397694275248796,1,0.04023729699353377,0,0.0402373094111681,0,0.3238609798097362,1
2567,2.8710024095295616,1,0.11123689240776002,0,0.11123689240776002,0,2.698047669682031,1,0.071860962236921,0,1.1726769652528068,1
2568,0.08752227885027726,0,0.1390448254533112,0,0.1390457721427083,0,0.08753487467765808,0,0.08751724458610018,0,0.108132999142011,0
2569,0.08573074693170686,0,0.13109104443962374,0,0.13109105049322048,0,0.08427511279781659,0,0.09320749652882417,0,0.10507909023823836,0
2570,0.10195659388167162,0,0.40678109880536795,1,0.14331776415929198,0,0.10195660796792556,0,0.10195659116531412,0,0.17119373119591424,1
2571,0.080890287955602,0,0.11123646648290257,0,0.11123646648290257,0,0.06840381507451336,0,0.08089028780038159,0,0.09053146475926042,0
2572,0.09142202589040001,0,0.09142202557995915,0,0.10204891658698519,0,0.09142202589040001,0,0.09142202511429787,0,0.09354740381240843,0
2573,0.09538465148458879,0,0.09505651084085305,0,0.10558543115621433,0,0.0955343246459961,0,0.09534354725231727,0,0.0973808930759939,0
2574,0.09901332249864936,0,0.12592736476411423,0,0.12592737283557653,0,0.09901338210329413,0,0.09901328322788079,0,0.10977894508590302,0
2575,0.11123703195092578,0,0.11123697436414659,0,0.11123697964164118,0,0.11123705414744715,0,0.11123703272702794,0,0.11123701456623773,0
2576,0.11220652319025248,0,0.24861856922507286,0,0.1386950360611081,0,0.1122065723175183,0,0.11220649571623653,0,0.14478663930203767,0
2577,0.10034299890200298,0,0.1112369360247006,0,0.11123693152330816,0,0.10034301977915068,0,0.10034299420658499,0,0.10470057608714947,0
2578,0.10034303297288716,0,0.10034295299556106,0,0.09634111844934523,0,0.10034303825038175,0,0.10034302416412781,0,0.0995426333664606,0
2579,0.11123681743629277,0,0.11123676497178774,0,0.11123676761053503,0,0.11123681650497019,0,0.11123680051726599,0,0.11123679340817035,0
2580,0.1259253203558425,0,0.12592531942451993,0,0.12592531942451993,0,0.1259253203558425,0,0.1259253203558425,0,0.12592531998331347,0
2581,0.12881570579096055,0,0.1288155928826503,0,0.12783576978836209,0,0.128815730199373,0,0.1288156938923445,0,0.1286196985107381,0
2582,0.11223415413405746,0,0.13871905828515688,0,0.138719134653608,0,0.12145055081540097,0,0.11223374171337734,0,0.12467132792032012,0
2583,0.0904042599722743,0,0.11123646648290257,0,0.11123646648290257,0,0.08233640242057542,0,0.09040425966183345,0,0.09712357100409767,0
2584,0.09142202402775486,0,0.5144266408557693,1,0.13108968579520783,0,0.09142202402775486,0,0.09142202402775486,0,0.18395647974684837,1
2585,0.07872439548373222,0,0.13108967943117023,0,0.13108967943117023,0,0.07872439703593652,0,0.07872439548373222,0,0.09967050937314828,0
2586,0.04763291652003924,0,0.04763291652003924,0,0.053490795815984406,0,0.04763291341563066,0,0.04763291652003924,0,0.04880449175834656,0
2587,0.09975191003953417,0,0.0997519086425503,0,0.11974954279139638,0,0.09975191081563632,0,0.09975190976789843,0,0.10375143641140312,0
2588,0.07215741649270058,0,0.0930274265507857,0,1.387443736506005,1,0.0738765203083555,0,0.0716615617275238,0,0.33963333231707415,1
2589,0.11257778177969158,0,0.4503490401742359,1,0.4157201307825744,1,0.11259261122904718,0,0.11257361512010296,0,0.24076263581713037,1
2590,0.0904042599722743,0,0.11123646648290257,0,0.11123646648290257,0,0.09040426074837644,0,0.0904042599722743,0,0.09873714273174604,0
2591,0.07872564593950908,0,0.07872550344715516,0,0.09149897362415989,0,0.07872567015389602,0,0.07872562824438016,0,0.08128028428182008,0
2592,0.11123646648290257,0,0.11123646524113913,0,0.11123646524113913,0,0.11123646648290257,0,0.1112364661724617,0,0.11123646592410903,0
2593,0.1003424401084582,0,0.11123647176039715,0,0.11123647176039715,0,0.10034244057411949,0,0.10034244243676464,0,0.10470005332802731,0
2594,0.05932364488641421,0,0.7839474853438636,1,0.1386950323358178,0,0.059323705111940704,0,0.05932360142469406,0,0.22012269382054606,1
2595,0.07124058219293754,0,0.07124051513771217,0,0.07124052010476589,0,0.0712406017507116,0,0.0712405809511741,0,0.07124056002746025,0
2596,0.12881505647480176,0,0.14331765371995667,0,0.1433176543408384,0,0.12881506457536793,0,0.12881505286107617,0,0.1346160963944082,0
2597,0.13369205857937536,0,0.12593393695230284,0,0.1259339644263188,0,0.09118043289830287,0,0.08305708893264334,0,0.11195949635778864,0
2598,0.12501939479261637,0,0.13012414565309882,0,0.16057484628011784,0,0.12501943026048443,0,0.125019371509552,0,0.1331514376991739,0
2599,0.03959835693240166,0,0.1310944271584352,0,0.13109445199370384,0,0.035855219389001526,0,0.039598376179734864,0,0.07544816633065543,0
2600,0.46960233928014833,1,0.7599882151310643,1,0.8301718449220061,1,0.4776377414042751,1,0.4676300125817458,1,0.601006030663848,0
2601,0.34858378721401095,1,0.5344469671448072,1,0.5351252189526955,1,0.3552382670653363,1,0.3469215021468699,1,0.4240631485047439,0
2602,0.13108781100406,0,0.2627675123512745,0,0.26307074663539726,0,0.13456035048390427,0,0.1301048087577025,0,0.1843182458464677,0
2603,0.03229998735090097,1,0.03632434085011482,0,0.056744356329242386,0,0.030616717413067818,1,0.03281860674420992,1,0.037760801737507184,1
2604,0.13869489558661977,0,0.13869472360238433,0,0.13869472670679292,0,0.13869492942467332,0,0.13869487447664142,0,0.13869482995942234,0
2605,0.12592534379412731,0,0.1259253383614123,0,0.1259253383614123,0,0.12592534457022944,0,0.12592534301802516,0,0.1259253416210413,0
2606,0.11220478945566963,0,0.43177270392576855,1,0.13869352266192436,0,0.1122047941122825,0,0.11220478728258361,0,0.18141611948764574,1
2607,0.13108969309056798,0,0.13108969060704112,0,0.13108969060704112,0,0.1310896937114497,0,0.13108969278012714,0,0.13108969215924543,0
2608,0.08862694942702849,0,0.06635920773260295,0,0.079510105929027,0,0.08862694942702849,0,0.08862694942702849,0,0.08235003238854308,0
2609,0.08862732288738091,0,0.1433177264407277,0,0.14331772519896427,0,0.08862732537090778,0,0.08862731667856376,0,0.11050348331530888,0
2610,0.10034243964279692,0,0.10034243886669476,0,0.09518370303946237,0,0.1003424401084582,0,0.10034243933235605,0,0.09931069219795366,0
2611,0.07470047473907471,0,0.07470047939568758,0,0.07470047939568758,0,0.07470047411819299,0,0.07470047473907471,0,0.0747004764775435,0
2612,0.10409649834036827,0,0.1311997870604197,0,0.13120007033770284,0,0.10974376854331543,0,0.10409493802580982,0,0.1160670124615232,0
2613,0.09975471661891788,0,0.6599413435906172,1,0.5916670865068833,1,0.09975478413980454,0,0.09975467307958752,0,0.31017452078716207,1
2614,0.10396969397940363,0,0.42638300312682986,1,0.13108968563998738,0,0.10396969467789556,0,0.10396969386298831,0,0.17387635425742093,1
2615,0.11123646648290257,0,0.11123646524113913,0,0.11123646524113913,0,0.11123646648290257,0,0.11123646648290257,0,0.11123646598619719,0
2616,0.07381414109840989,0,0.5911523674925169,1,0.13869525647411743,0,0.07381418735409777,0,0.07381411036476493,0,0.19025801255678138,1
2617,0.12501950662893555,0,0.1386947639596959,0,0.13869476333881417,0,0.1343947908608243,0,0.12501948256976902,0,0.1323646614716078,0
2618,0.08713058653908472,0,0.13869498033697406,0,0.13869498313094178,0,0.08713063582157095,0,0.08713056286796927,0,0.10775634973930814,0
2619,0.06840419412280123,0,0.11123677925206721,0,0.11123678375345965,0,0.08939852425828576,0,0.08089066684866945,0,0.09223338964705666,0
2620,0.05230360385030508,0,0.14331777021288872,0,0.14331777083377042,0,0.027293375382820766,1,0.04330512384573618,0,0.08190752882510424,1
2621,0.138693753319482,0,0.1386937270872295,0,0.1386937345378101,0,0.1386937697728475,0,0.13869374680022398,0,0.1386937463035186,0
2622,0.11518476206886892,0,0.11518475849879906,0,0.11518475849879906,0,0.11518476080770294,0,0.11518475993458803,0,0.11518475996175159,0
2623,0.10195723525248468,0,0.08131827646866441,0,0.3314536081937452,1,0.10195727894703548,0,0.10195722706460704,0,0.14372872518530735,1
2624,0.13108971326922378,0,0.13108969697107872,0,0.13108969697107872,0,0.13108971202746034,0,0.1310897129587829,0,0.1310897064395249,0
2625,0.10396969318389893,0,0.1039696919809406,0,0.12006679961147408,0,0.10396969318389893,0,0.10396969310628872,0,0.10718911421330024,0
2626,0.12881508268765174,0,0.14331768763562044,0,0.14331768918782473,0,0.12881509152066428,0,0.12881508238206152,0,0.13461612668276454,0
2627,0.12881508268765174,0,0.14331768732517958,0,0.14331768934304515,0,0.12881509698733376,0,0.12881508234325642,0,0.1346161277372933,0
2628,0.07639838755130768,0,0.07377033618589242,0,0.0738499853760004,0,0.07760966569185257,0,0.07609740520517032,0,0.07554515600204467,0
2629,0.10396969397940363,0,0.13108968563998738,0,0.13108968563998738,0,0.10396969467789556,0,0.10396969397940363,0,0.11481769078333552,0
2630,0.04330592726667722,0,0.043305778255065284,0,0.030021843189994495,1,0.04330595458547274,0,0.04330592788755894,0,0.040649086236953735,1
2631,0.06090101817001899,0,0.11123646601724128,0,0.11123646601724128,0,0.06312926920751731,0,0.06090101817001899,0,0.08148084751640758,0
2632,0.07381210460638006,0,0.07381210274373491,0,0.07494033966213465,0,0.07381210600336392,0,0.07381210460638006,0,0.07403775152439872,0
2633,0.1250179820538809,0,0.1386934438099464,0,0.1386934438099464,0,0.12474130978807807,0,0.1250179820538809,0,0.13043283230314653,0
2634,0.048828654612104096,0,0.13109091746931276,0,0.1310909305078288,0,0.04882864902416865,0,0.04882869745294253,0,0.08173356981327137,0
2635,0.0692148578624862,0,0.13109076286976537,0,0.13109076224888364,0,0.061997066562374435,0,0.050455959513783455,0,0.0887698818114586,0
2636,0.06090101817001899,0,0.11123646524113913,0,0.11123646524113913,0,0.06090101817001899,0,0.06090101817001899,0,0.08103519699846704,0
2637,0.10400992629971977,0,0.30497489574675757,0,0.131126937456429,0,0.10401006927713752,0,0.10400951971920828,0,0.14962626969985043,0
2638,0.1310906073388954,0,0.13109049759805202,0,0.13109050132334232,0,0.1310906281384329,0,0.13109058824678263,0,0.13109056452910106,0
2639,0.1386934844776988,0,0.13869348059718808,0,0.13869348059718808,0,0.13869348354637623,0,0.1386934844776988,0,0.13869348273923002,0
2640,0.1169969105006506,0,0.12304627385068063,0,0.23358807417874536,0,0.11699693300761282,0,0.11699689816062649,0,0.14152501793966318,0
2641,0.07381714942554633,0,0.07381654453153412,0,0.11017673105622332,0,0.07381729253878196,0,0.07381707212577264,0,0.08108895793557166,0
2642,0.13869492073232928,0,0.13869474859287342,0,0.13869474781677127,0,0.13869497536992034,0,0.13869489558661977,0,0.13869485761970282,0
2643,0.12881507070172424,0,0.11992311367066577,0,0.15536628228922686,0,0.12881507892355634,0,0.1288150694599608,0,0.13234692300902678,0
2644,0.11701070936396718,0,0.15343072280908623,0,0.13110258632029095,0,0.11701108841225505,0,0.11701050905200343,0,0.12711312319152054,0
2645,0.13869341757769385,0,0.13869341757769385,0,0.13869341757769385,0,0.13869341757769385,0,0.13869341757769385,0,0.13869341757769385,0
2646,0.12881475973214643,0,0.12881475973214643,0,0.1278349308607479,0,0.12881475973214643,0,0.12881475973214643,0,0.1286187939578667,0
2647,0.1250179820538809,0,0.13869344598303238,0,0.13869344598303238,0,0.12501798127777874,0,0.1250179820538809,0,0.13048816747032105,0
2648,0.11518472489357616,0,0.09520221098015706,0,0.10393699483635525,0,0.11518472481596594,0,0.11518472471895318,0,0.10893867604900151,0
2649,0.11123712089223166,0,0.11123704793862998,0,0.11123705290568371,0,0.11123715302286048,0,0.11123712120267253,0,0.11123709919241567,0
2650,0.10505509593834479,0,0.11010213487315923,0,0.4454547955344121,1,0.10556034472150107,0,0.10491745034232736,0,0.1742179642819489,1
2651,0.1387099732334415,0,0.13870855250085393,0,0.1387085976699988,0,0.13871062578012547,0,0.13870979271208247,0,0.13870950837930046,0
2652,0.11699696211144328,0,0.11699684197083116,0,0.11756264977157116,0,0.11699697988418241,0,0.11699694721028209,0,0.117110076189662,0
2653,0.12851787793139616,0,1.802551180900385,1,0.13869603024795651,0,0.12851784067849317,0,0.12851792387664318,0,0.4653601707269748,1
2654,0.08862735858807962,0,0.06337464212750395,0,0.7627140146990617,1,0.0886273809398214,0,0.08862735346580546,0,0.21839414996405443,1
2655,0.08862735843285918,0,0.06354548456147313,0,0.49482474103569984,1,0.08862738062938054,0,0.08862735346580546,0,0.16485046362504363,1
2656,0.11123760828437905,0,0.1112374640846004,0,0.11123746377415955,0,0.11123763653449714,0,0.1112375882609437,0,0.11123755218771596,0
2657,0.1027817230982085,0,0.11123646430981655,0,0.11123646430981655,0,0.09824687948760887,0,0.09518369555007666,0,0.10373704535110542,0
2658,0.12881475973214643,0,0.14331739279441535,0,0.14331739279441535,0,0.12881475973214643,0,0.12881475973214643,0,0.134615812957054,0
2659,0.10034274954038362,0,0.11123672461447616,0,0.11123673051285247,0,0.10034276514003675,0,0.10034274969560404,0,0.10470034390067062,0
2660,0.11460471843990187,0,0.14331765403039753,0,0.14331765371995667,0,0.11833800763512652,0,0.12881505263309614,0,0.12967861729169575,0
2661,0.1055788640708973,0,0.11604165689398845,0,0.3731090724468231,1,0.1055789168458432,0,0.10557883977890015,0,0.16117747000729044,1
2662,0.0998026281207179,0,0.11804145062342286,0,0.10846094298176467,0,0.09980466278890769,0,0.09980204107705504,0,0.10518234511837363,0
2663,0.08863575508197148,0,0.08863490168005228,0,0.08407989012387891,0,0.08863610479359825,0,0.08863568212836981,0,0.08772446676157414,0
2664,0.1288151346379891,0,0.1288151000480866,0,0.12881509876751807,0,0.12881515085367332,0,0.12881513634541383,0,0.1288151241305362,0
2665,0.11699607075812916,0,0.11905014542086671,0,0.163762162749966,0,0.11699607386253774,0,0.11699606788655122,0,0.12676010413561017,0
2666,0.12881477880000602,0,0.12881477988654902,0,0.12881477988654902,0,0.12881478128353288,0,0.12881477880000602,0,0.12881477973132857,0
2667,0.11220468592364341,0,0.11265368146511416,0,0.43177268576497835,0,0.11220468600125362,0,0.11220468522515148,0,0.1762080848760282,0
2668,0.03959913179278374,0,2.251648862225314,1,0.13109077140688896,0,0.03959913489719232,0,0.03959914048512777,0,0.5003074081614615,1
2669,0.12042582042825718,0,0.8231149284789959,1,0.14530716029306254,0,0.1212365454606091,0,0.12019656016491354,0,0.26605620296516763,1
2670,0.11123712787715097,0,0.11123703288224836,0,0.11123703381357093,0,0.11123714169176917,0,0.11123711064768334,0,0.11123708938248456,0
2671,0.07124051824212074,0,1.0694509521902849,1,0.11123680781262617,0,0.07124053252240022,0,0.07124051389594872,0,0.27888186493267614,1
2672,0.04936399062474569,0,0.09544846384475629,0,0.03381619323045015,1,0.049364009872078896,0,0.0493639912456274,0,0.05547132976353168,1
2673,0.1387056278375288,0,0.1387042279044787,0,0.13870427198708057,0,0.13870596031968793,0,0.13870545073101917,0,0.13870510775595904,0
2674,0.10397078514021511,0,0.12168662444067498,0,0.7127151400782168,1,0.10397081340973575,0,0.1039707696181722,0,0.22926282653740296,1
2675,0.13869344101597866,0,0.13869344225774208,0,0.13869344225774208,0,0.13869344101597866,0,0.13869344101597866,0,0.13869344151268403,0
2676,0.11123678856529295,0,0.11123675270937383,0,0.11123675984951358,0,0.11123680812306702,0,0.11123679229058325,0,0.11123678030756615,0
2677,0.11744170046101014,0,0.12028536029780905,0,0.2425724289690455,0,0.11745857082617779,0,0.11743707504744332,0,0.14303902712029715,0
2678,0.07877799092481534,0,0.07877244086315234,0,0.0939377645845525,0,0.07877945775787036,0,0.07877732037256162,0,0.08180899490059043,0
2679,0.09901373942072193,0,1.02331334973375,1,0.12592773837968707,0,0.09901381221910317,0,0.09901369626944263,0,0.28925646720454096,1
2680,0.13872162501017252,0,0.13871903143202266,0,0.1387191441220542,0,0.13872274802997708,0,0.13872129966815314,0,0.13872076965247593,0
2681,0.03518976146976153,0,0.1595439058728516,0,0.15960398269817233,0,0.039872667752206326,0,0.04193537930647532,0,0.08722913941989342,0
2682,0.11123704250591497,0,0.1112369866265605,0,0.11123698600567877,0,0.11123708255278568,0,0.11123704281635582,0,0.11123702810145915,0
2683,0.13869344303384423,0,0.13869344225774208,0,0.13869344225774208,0,0.13869344598303238,0,0.13869344101597866,0,0.13869344290966787,0
2684,0.09709463679852585,0,0.13109163846820593,0,0.1310916516619424,0,0.09191941788109641,0,0.10669441003119573,0,0.11157835096819327,0
2685,0.1035737309527273,0,0.11123695496159296,0,0.11123695977342625,0,0.10258911053339641,0,0.09634118682394426,0,0.10499558860901743,0
2686,0.09975399655134727,0,0.12396423029713333,0,0.9177155836174885,1,0.099754081456922,0,0.09975397171607862,0,0.26818837272779394,1
2687,0.08712883666157722,0,0.10911559589051952,0,0.09875230972344677,0,0.08712883821378152,0,0.08712883666157722,0,0.09385088343018046,0
2688,0.12670836589920023,0,0.13721285356829563,0,0.4317507945622007,0,0.12679261225275695,0,0.12648852169513702,0,0.18979062959551812,0
2689,0.09180217344934742,0,0.1259291285338501,0,0.125929137536635,0,0.09180230041965842,0,0.09180211912219723,0,0.10545297181233763,0
2690,0.10401999806830038,0,0.13113319408148527,0,0.13113331655040383,0,0.10402136396927138,0,0.10401936288690194,0,0.11486544711127256,0
2691,0.060901034623384476,0,0.11123647222605844,0,0.11123647222605844,0,0.06090103524426619,0,0.060901034623384476,0,0.08103520978863041,0
2692,0.08351851999759674,0,0.10254170978441834,0,0.03789112251251936,0,0.08351863796512286,0,0.08351848026116689,0,0.07819769410416484,0
2693,0.09114970631587009,0,0.13109069891894856,0,0.13109070233379802,0,0.10097632646405448,0,0.09142319376890858,0,0.10914612556031593,0
2694,0.1250179820538809,0,0.13869344598303238,0,0.1386934466039141,0,0.12585162705120942,0,0.1250179820538809,0,0.13065489674918357,0
2695,0.08862694228688876,0,0.07223792762185137,0,0.59957630179512,1,0.08862694259732962,0,0.08862694228688876,0,0.1875390113176157,1
2696,0.0788026386871934,0,0.36751051324730116,1,0.13115967887764177,0,0.07880559905121724,0,0.07880180670569341,0,0.14701604731380938,1
2697,0.10557908999423186,0,0.1055788144779702,0,0.1055788182032605,0,0.10557915045258899,0,0.10557905538007617,0,0.10557898570162554,0
2698,0.14507477540367594,0,0.16144009120762348,0,0.16151647735387087,0,0.1515700016558791,0,0.14465976261999458,0,0.1528522216482088,0
2699,0.10374166537076235,0,0.09934278251603246,0,0.10557936869251232,0,0.10370920808054507,0,0.10369180763761203,0,0.10321296645949285,0
2700,0.03694576149185499,0,0.13110132981091738,0,0.1311013571297129,0,0.03694584655265013,0,0.03694573293129603,0,0.0746080055832863,0
2701,0.12068232230376452,0,0.1428965098845462,0,1.0835598836032052,1,0.1222298334275062,0,0.12026104334897052,0,0.3179259185135986,1
2702,0.11222743231337517,0,0.12144093331880867,0,0.11616442329250276,0,0.11222834454383701,0,0.11222716401486348,0,0.11485765949667741,0
2703,0.07382045391326149,0,0.13870092077801624,0,0.1387009605144461,0,0.07382068488125999,0,0.07382035177821915,0,0.0997726743730406,0
2704,0.13869341757769385,0,0.13869341757769385,0,0.13869341757769385,0,0.13869341757769385,0,0.13869341757769385,0,0.13869341757769385,0
2705,0.12881476198284267,0,0.11833769750470917,0,0.23900465706052879,0,0.12881476198284267,0,0.12881476198284267,0,0.1487573281027532,0
2706,0.10034243560706575,0,0.09518370098279168,0,0.09824688197113574,0,0.10034243576228619,0,0.10034243560706575,0,0.09889157798606901,0
2707,0.11518471746239811,0,0.3187375283644845,0,0.14331739310485622,0,0.11518471730717768,0,0.11518471746239811,0,0.16152181474026292,0
2708,0.13784276942412058,0,0.13673966005444527,0,0.13676143499712148,0,0.13830820160607496,0,0.13771792656431595,0,0.13747399852921563,0
2709,0.11699711252003908,0,0.11699698640344043,0,0.11905108081797759,0,0.11699714806551735,0,0.11699710281876226,0,0.11740788612514734,0
2710,0.10195662954356521,0,0.08171561519460131,0,0.0832199467792331,0,0.10195664397906512,0,0.10195662469292681,0,0.09416109203787831,0
2711,0.13869344101597866,0,0.13869344225774208,0,0.13869344225774208,0,0.13869344101597866,0,0.1386934413264195,0,0.1386934415747722,0
2712,0.1288147641219742,0,0.14331739388095835,0,0.14331739388095835,0,0.11460470066716273,0,0.1288147641219742,0,0.1317738033346056,0
2713,0.0744726350530982,0,0.5251490301452577,1,0.13929651149859032,0,0.07449357165023685,0,0.07446412291998665,0,0.17757517425343394,1
2714,0.1039717088569887,0,0.686108483777692,1,0.13109141029417515,0,0.10397175625742723,0,0.10397167944271739,0,0.2258230077258001,1
2715,0.07179524501164754,0,0.1286991285160184,0,0.12870547253017625,0,0.0731883115756015,0,0.07178002533813317,0,0.09483363659431536,0
2716,0.11123646648290257,0,0.1112364661724617,0,0.1112364661724617,0,0.11123646648290257,0,0.11123646648290257,0,0.11123646635872622,0
2717,0.05759870649004976,0,0.1433173951227218,0,0.1433173951227218,0,0.04980594268999994,0,0.0646932750629882,0,0.09174654289769629,0
2718,0.09142322139814496,0,0.13109070947393775,0,0.13109071211268505,0,0.09142324980348349,0,0.09142320246125261,0,0.10729021904990077,0
2719,0.14632922154851258,0,0.24805103118220964,0,0.16746677365154028,0,0.14594210614450276,0,0.1457640266356369,0,0.17071063183248042,0
2720,0.10195653000846505,0,0.14331771658423045,0,0.14331772248260677,0,0.10195654343503217,0,0.10195652678764115,0,0.11850100785959512,0
2721,0.11123646648290257,0,0.11123646524113913,0,0.11123646524113913,0,0.11123646648290257,0,0.11123646524113913,0,0.11123646573784451,0
2722,0.11220801121089607,0,0.13869639377420148,0,0.13869639982779822,0,0.12142379038656752,0,0.11220797496692587,0,0.12464651403327784,0
2723,0.06394141353666782,0,0.1881904685869813,0,0.188349355943501,0,0.06270471587777138,0,0.06429413830240567,0,0.11349601844946544,0
2724,0.10034275179107983,0,0.11123672399359445,0,0.11123672523535788,0,0.09518401825334877,0,0.10034275008365512,0,0.10366859387140721,0
2725,0.114604718129461,0,0.14331765403039753,0,0.1433176543408384,0,0.11833800794556737,0,0.12881505356441872,0,0.1296786176021366,0
2726,0.10034244398896892,0,0.11123646167106926,0,0.11123646167106926,0,0.0951837059110403,0,0.10034244398896892,0,0.10366830344622333,0
2727,0.10195720987394452,0,0.10195707987683515,0,0.10195708348571013,0,0.10195723633902769,0,0.10195719551605482,0,0.10195716101831447,0
2728,0.13108968595042825,0,0.13108968579520783,0,0.13108968579520783,0,0.13108968595042825,0,0.13108968595042825,0,0.13108968588834008,0
2729,0.12592532252892852,0,0.1259253191140791,0,0.1259253191140791,0,0.12592532066628337,0,0.12592532252892852,0,0.12592532079045973,0
2730,0.12501798733137548,0,0.16022642437989512,0,0.13869345048442483,0,0.12501798655527332,0,0.12501798445979753,0,0.13479476664215323,0
2731,0.11220469593536109,0,0.13869345374405384,0,0.13869345374405384,0,0.11220469578014065,0,0.11220469655624281,0,0.12280019915197045,0
2732,0.09901494703566034,0,0.8720069408106307,1,0.7628180564691623,1,0.09901505336165428,0,0.09901488681013386,0,0.38637397689744835,1
2733,0.12881512479119314,0,0.12600739548603693,0,0.23069383529946208,0,0.1288151245486612,0,0.12881511944093896,0,0.14862931991325845,0
2734,0.12881512044987176,0,0.1288150750042405,0,0.12881507329681577,0,0.1288151214054475,0,0.12881511374143884,0,0.12881510077956287,0
2735,0.10455069929594174,0,0.10449522357278813,0,0.10449644659335415,0,0.10456836939556524,0,0.10454385358995448,0,0.10453091848952074,0
2736,0.1387334793495635,0,0.1387298332216839,0,0.13872997105742493,0,0.13873508867497245,0,0.13873301058386764,0,0.13873227657750248,0
2737,0.11518512018180142,0,0.11518508190056309,0,0.10769445647019893,0,0.11518514290219173,0,0.11518511917286862,0,0.11368698412552476,0
2738,0.1055791979500403,0,0.10557891133551796,0,0.09495339441734056,0,0.10557926267695923,0,0.10557916403437655,0,0.10345398608284691,0
2739,0.11701716273091733,0,0.11701530932138364,0,0.11701539244192342,0,0.11701797142935295,0,0.1170169316076984,0,0.11701655350625514,0
2740,0.12012850500953694,0,0.12043521107019235,0,0.12593933751729006,0,0.12024077656678855,0,0.12009600837094088,0,0.12136796770694976,0
2741,0.11123648014230032,0,0.11123647859009604,0,0.11123647827965517,0,0.11123647827965517,0,0.11123647952141862,0,0.11123647896262505,0
2742,0.11699595178167026,0,0.24279546039178967,0,0.2336144867974023,0,0.11699595178167026,0,0.11699595240255196,0,0.1654795606310169,0
2743,0.10195616900455207,0,0.4861371696460992,1,0.1433174025733024,0,0.10195616869411121,0,0.10195616822844993,0,0.18706461562930293,1
2744,0.1250179820538809,0,0.13869344256818295,0,0.13869344256818295,0,0.1250179820538809,0,0.1250179810449481,0,0.13048816605781516,0
2745,0.11220468592364341,0,0.13869344303384423,0,0.13869344303384423,0,0.12142033809019874,0,0.11220468522515148,0,0.12464331906133641,0
2746,0.11518472559206809,0,0.42348903316694003,1,0.14331739419139922,0,0.11518472559206809,0,0.11518472481596594,0,0.18247212067168828,1
2747,0.05045693926513195,0,0.05045668842891852,0,0.0719728193556269,0,0.050456984589497246,0,0.05045690946280956,0,0.05476006822039683,0
2748,0.1250179789494723,0,0.23897753578300276,0,0.1386934470695754,0,0.12501798019123575,0,0.12501797972557446,0,0.15054498434377214,0
2749,0.09040425415150821,0,0.11123646430981655,0,0.11123646430981655,0,0.08233640131462987,0,0.09040425430672865,0,0.09712356767849997,0
2750,0.1151847168803215,0,0.14331739279441535,0,0.14331739279441535,0,0.11518471734598279,0,0.1151847168803215,0,0.1264377873390913,0
2751,0.11859912743481497,0,0.23451432616760334,0,0.12594043106461564,0,0.1185996187850833,0,0.11859890647853415,0,0.14325048198613027,0
2752,0.13109066849574447,0,0.13109056542937955,0,0.13109057225907841,0,0.13109068417300782,0,0.13109065545722842,0,0.13109062916288775,0
2753,0.11699594922053318,0,0.11987761547788978,0,0.24279546085745096,0,0.11699594906531274,0,0.11699594922053318,0,0.14273218476834398,0
2754,0.07381210522726178,0,0.07381210771078865,0,0.11940316669642925,0,0.07381210771078865,0,0.07381210522726178,0,0.08293031851450602,0
2755,0.09975655536012103,0,0.13869746339817843,0,0.13869747488449016,0,0.09975667829470088,0,0.09975648911980291,0,0.11533293221145868,0
2756,0.11699649582927425,0,0.11699644351998965,0,0.11699644561546545,0,0.11699650863495965,0,0.1169964842653523,0,0.11699647557300825,0
2757,0.10034244189349313,0,0.1112364661724617,0,0.1112364661724617,0,0.10034244189349313,0,0.10034244189349313,0,0.10470005160508056,0
2758,0.09901098317156236,0,0.10842525974536936,0,0.05708176374901086,0,0.0990109861207505,0,0.09901098317156236,0,0.0925079951916511,0
2759,0.13888587430119514,0,0.13771658732245365,0,0.13774901597450176,0,0.13943223872532448,0,0.13875556706140438,0,0.13850785667697588,0
2760,0.1133746817164744,0,0.1433201706968248,0,0.143320168601349,0,0.10769736584431182,0,0.11518786865053698,0,0.1245800511018994,0
2761,0.1259275465272367,0,0.12592727007965246,0,0.12592728047942123,0,0.12592761435856423,0,0.12592751362050572,0,0.12592744501307607,0
2762,0.0904046439876159,0,0.09040459097983937,0,0.0958811294597884,0,0.09040465632764001,0,0.09040464165930946,0,0.09149993248283862,0
2763,0.0904046439876159,0,0.09040459214399259,0,0.10414329555351287,0,0.09040465632764001,0,0.09040464165930946,0,0.09315236593441416,0
2764,0.10397117788670585,0,0.26849731678764027,0,0.22477755773191652,0,0.10397121562467267,0,0.10397115947368245,0,0.16103768550092354,0
2765,0.11194732055688898,0,0.12592531787231565,0,0.12592531787231565,0,0.11194732210909326,0,0.1119473200912277,0,0.11753851970036824,0
2766,0.059721486953397594,0,0.14331739388095835,0,0.14331739388095835,0,0.059721486953397594,0,0.059721486953397594,0,0.09315984972442189,0
2767,0.09150087414309382,0,0.6191959533219537,1,0.1311581345895926,0,0.09150305374835928,0,0.0914998867859443,0,0.20497158051778874,1
2768,0.11123698119384547,0,0.11123691972655554,0,0.11123691320729752,0,0.1112369866265605,0,0.11123697948642075,0,0.11123695604813597,0
2769,0.131092783374091,0,0.13109242481489977,0,0.13109243925039968,0,0.13109285725901523,0,0.13109274099891385,0,0.1310926491394639,0
2770,0.11220676323864609,0,0.13869523319105306,0,0.1386952375372251,0,0.11220682222240914,0,0.11220673382437478,0,0.12280215800274163,0
2771,0.1288151009454547,0,0.12600737037913254,0,0.23069383863670131,0,0.12881511192730008,0,0.12881509357248433,0,0.14862930309221462,0
2772,0.10559163809133072,0,0.12593813318138322,0,0.12593816127628088,0,0.10559205423730116,0,0.10559143521822989,0,0.11373028440090518,0
2773,0.11194927206573387,0,0.6332791838794947,1,0.5875641636860868,1,0.11194932387055208,0,0.11194924478574346,0,0.31133823765752217,1
2774,0.11221370166943719,0,0.3270224784500897,0,0.13870126536736885,0,0.11221394047606736,0,0.11221357120666653,0,0.16047299143392593,0
2775,0.11858186700070898,0,0.11156440114912887,0,0.10153205770378311,0,0.11858186948423584,0,0.11858186700070898,0,0.11376841246771315,0
2776,0.12881476474285591,0,0.14331740008977553,0,0.14331740008977553,0,0.12881476474285591,0,0.1288147652085172,0,0.13461581897475602,0
2777,0.11123713967390358,0,0.11123706423677504,0,0.1112370645472159,0,0.11123715488550563,0,0.11123713191288213,0,0.11123711105125644,0
2778,0.06525847502052784,0,0.7285249922424555,1,0.13109115418046713,0,0.0652585132047534,0,0.06525844273467858,0,0.21107831547657646,1
2779,0.11518511758185923,0,0.14331773559873304,0,0.14331773792703947,0,0.0952024357393384,0,0.11518511185810591,0,0.12244162774101522,0
2780,0.0990134955694278,0,0.09901318217938145,0,0.08050913581003745,0,0.09901356495295961,0,0.0990134603343904,0,0.09531256776923934,0
2781,0.11699704554242392,0,0.23361470069115362,0,0.13109063993518552,0,0.11699706432409585,0,0.11699703033082187,0,0.14313929616473614,0
2782,0.05046952826281389,0,0.050467933217684426,0,0.059577931029101215,0,0.050469898929198585,0,0.05046932647625605,0,0.05229092358301084,0
2783,0.06405132139722507,0,1.0721776395415266,1,0.886948576507469,1,0.06486150622367859,0,0.063823817918698,0,0.43037257231771947,1
2784,0.08601840934716165,0,0.13134607952088118,0,0.13134668612231812,0,0.08457183589537938,0,0.09349137994771202,0,0.10535487816669047,0
2785,0.09182635492955644,0,0.14131514877468968,0,1.1321404046999912,1,0.0918271872214973,0,0.09182597588126858,0,0.30978701430140065,1
2786,0.044288428500294685,0,0.044288291285435356,0,0.07530500615636508,0,0.044288430362939835,0,0.0442884216705958,0,0.05049171559512615,0
2787,0.03694429310659567,0,1.7251636129803956,1,0.13109535134087005,0,0.03694432104627291,0,0.036944287518660225,0,0.39341837319855893,1
2788,0.043813191975156464,0,0.028546490085621674,1,1.3689386471329879,1,0.04381315968930721,0,0.04381321743130684,0,0.30578494126287603,1
2789,0.04429278274377187,0,0.13870347881068787,0,0.13870352118586501,0,0.04429290381570657,0,0.04429268588622411,0,0.08205707448845108,0
2790,0.09180337516590953,0,0.12593017689262828,0,0.12593019800260663,0,0.09540018982564409,0,0.09180329724525411,0,0.10617344742640852,0
2791,0.12501949615155658,0,0.13173264497891068,0,0.1669876480785509,0,0.1250195293687284,0,0.12501947946536043,0,0.1347557596086214,0
2792,0.07872549413392942,0,0.13109064614400268,0,0.13109064924841127,0,0.07872553324947755,0,0.07872547954320908,0,0.099671560463806,0
2793,0.059102301175395645,0,0.12601462611928582,0,0.12601487524807453,0,0.05910210435589155,0,0.05910232228537401,0,0.0858672458368043,0
2794,0.11195363042255242,0,0.125930771852533,0,0.12593079963698983,0,0.11122920938457052,0,0.11195354291703552,0,0.11739959084273628,0
2795,0.08089031015212338,0,0.08939814986661077,0,0.4445849775802344,0,0.08089031170432766,0,0.0808903103073438,0,0.15533081192212803,0
2796,0.07124014260868232,0,0.05729888410617908,0,0.07064875991394122,0,0.07124014291912317,0,0.07124014167735974,0,0.0683336142450571,0
2797,0.11699616156208019,0,0.13108987640589476,0,0.1310898776476582,0,0.11756196850910783,0,0.1169961584576716,0,0.12274680851648252,0
2798,0.07470048094789188,0,0.07470048094789188,0,0.07470048094789188,0,0.07470047504951556,0,0.07470048094789188,0,0.07470047976821662,0
2799,0.11986164019132654,0,0.1331594929409524,0,0.13316338307534656,0,0.12225832619393866,0,0.1192742323813339,0,0.1255434149565796,0
2800,0.12881509051173148,0,0.1250947448424995,0,0.16317920355747143,0,0.12881510273048966,0,0.12881508456969945,0,0.1349438452423783,0
2801,0.09901812641570966,0,0.1259315561813613,0,0.12593158908809224,0,0.09901832851270835,0,0.09901802971338232,0,0.10978352598225076,0
2802,0.10040247917640954,0,0.13927570901190242,0,0.13927778399859866,0,0.10042852365101378,0,0.1003950322822978,0,0.11595590562404445,0
2803,0.1250194969276587,0,0.12501930988704166,0,0.12092281404572229,0,0.12501953123137355,0,0.12501947946536043,0,0.12420012631143133,0
2804,0.13110060446585217,0,0.13109943720822534,0,0.13109944916019836,0,0.13110088743269444,0,0.13110046150783697,0,0.13110016795496143,0
2805,0.11518536164658144,0,0.1433179428180059,0,0.1433179493372639,0,0.1151853758492507,0,0.11518534924834967,0,0.12643839577989033,0
2806,0.12881592022798335,0,0.14331839800191423,0,0.14331840653903782,0,0.12881595214518407,0,0.128815907354389,0,0.1346169168537017,0
2807,0.11699605903898676,0,0.11699604576764007,0,0.11699604576764007,0,0.11699606571346521,0,0.11699605608979861,0,0.11699605447550614,0
2808,0.12592531942451993,0,0.12592531787231565,0,0.12592531787231565,0,0.12592531942451993,0,0.12592531880363822,0,0.12592531867946186,0
2809,0.12881476489807633,0,0.11833770417918761,0,0.2390046603201578,0,0.12881476489807633,0,0.12881476489807633,0,0.14875733183871487,0
2810,0.10501313597584765,0,0.13130149229740104,0,0.13131354888901114,0,0.10523165389895439,0,0.10494633701940377,0,0.11556123361612361,0
2811,0.1101418665687864,0,0.13155107029403248,0,0.13155214302241802,0,0.10906978479276101,0,0.10449203616008162,0,0.11736138016761592,0
2812,0.13869473912442723,0,0.13869458623230457,0,0.1386945949246486,0,0.13869477218637863,0,0.13869472360238433,0,0.13869468321402867,0
2813,0.10195652116090059,0,0.08291955752550469,0,0.09103121080746253,0,0.1019565308233723,0,0.10195651918184012,0,0.09596406789981604,0
2814,0.11518548731692135,0,0.11518539309812088,0,0.11518539707564439,0,0.11518550701051329,0,0.11518547761564453,0,0.11518545242336889,0
2815,0.10034316258194546,0,0.11123708193190396,0,0.11123708565719426,0,0.10034318342028807,0,0.10034315062997241,0,0.10470073284426085,0
2816,0.10557910225664575,0,0.10557882371358573,0,0.10557883287159105,0,0.10557916620746255,0,0.10557907354086637,0,0.10557899971803028,0
2817,0.09069132067573567,0,0.131090658561637,0,0.13109065406024456,0,0.09375127001355092,0,0.07957541228582461,0,0.10523986311939856,0
2818,0.08351718199749787,0,1.1862293402664363,1,1.010272273949037,1,0.08351725401977698,0,0.0835171490907669,0,0.489410639864703,1
2819,0.08351717392603557,0,0.8007692922838032,1,0.12592722304786244,0,0.08351722235480945,0,0.08351713170607884,0,0.2354496086637179,1
2820,0.11858659307472408,0,0.1259294506162405,0,0.12592946970835328,0,0.11156925861723721,0,0.11858653866996367,0,0.12012026213730376,0
2821,0.11700080195441842,0,0.13109390065073967,0,0.1310939222263793,0,0.12342268830010046,0,0.11700074281543493,0,0.12392241118941456,0
2822,0.041713579868276916,0,0.138698546991994,0,0.13869856608410677,0,0.041713589802384377,0,0.041713605324427284,0,0.08050757761423787,0
2823,0.040237318724393845,0,1.1492655279580504,1,0.9395962794466565,1,0.04023731375734011,0,0.040237326795856156,0,0.4419147533364593,1
2824,0.08361676894128323,0,0.9565575127489865,1,0.12601848350216946,0,0.08361983920137088,0,0.08361545950174332,0,0.2666856127791107,1
2825,0.10983907539048232,0,0.1363091248398026,0,0.13632070925086737,0,0.11005940653558355,0,0.10977953742258251,0,0.12046157068786367,0
2826,0.0652806693688035,0,0.06527816038578749,0,0.06527821657558282,0,0.06528131477534771,0,0.06528037848571937,0,0.06527974791824817,0
2827,0.12593936066453656,0,0.12593770089248815,0,0.12593773410966,0,0.12593975461398563,0,0.12593916912252703,0,0.12593874388063947,0
2828,0.12505487515591085,0,0.23947465574989715,0,0.1387260852692028,0,0.12505599716678262,0,0.12505439505912364,0,0.15067320168018342,0
2829,0.06525798079868157,0,0.06525786221027374,0,0.06525786283115546,0,0.0652580177411437,0,0.06525797365854184,0,0.06525793944795927,0
2830,0.13869344101597866,0,0.13869344225774208,0,0.13869344225774208,0,0.13869344256818295,0,0.13869344101597866,0,0.13869344182312487,0
2831,0.0787343814348181,0,0.09321478397275011,0,0.08428238844498992,0,0.07873463413367669,0,0.07873423956334591,0,0.08274008550991616,0
2832,0.1259289540660878,0,0.12592850361640254,0,0.125928514637053,0,0.1259290442491571,0,0.12592890113592148,0,0.12592878354092438,0
2833,0.0990492538549006,0,0.12595889065414667,0,0.1259589958935976,0,0.09905035654082894,0,0.0990487386782964,0,0.10981324712435406,0
2834,0.10195789140804361,0,0.14331889408640563,0,0.14331889734603465,0,0.10195793137730409,0,0.10195787072492142,0,0.1185022969885419,0
2835,0.09181981487199664,0,0.12594482054313025,0,0.12594486524661383,0,0.09182043202842276,0,0.09181950381025672,0,0.10546988730008404,0
2836,0.05364862270653248,0,0.13109157684569558,0,0.13109157731135687,0,0.048053180488447346,0,0.03694338289399942,0,0.08016566804920634,0
2837,0.11518512190862869,0,0.34374007551620406,1,0.3100339661662777,1,0.11518513197855403,0,0.11518511880422011,0,0.1998658828747769,1
2838,0.07553661552568276,0,0.9767103454408547,1,0.7673700739008685,1,0.07553667140503724,0,0.07553658882776897,0,0.3941380590200424,1
2839,0.10557688601935904,0,0.1259253278064231,0,0.1259253278064231,0,0.10557688601935904,0,0.10557688594174881,0,0.11371626271866261,0
2840,0.07872553604344527,0,0.098874449574699,0,0.08884338394273072,0,0.07872556491444509,0,0.0787255239362518,0,0.08477889168231438,0
2841,0.11195378350870062,0,0.6001904397271574,1,0.12593106909965476,0,0.11195405390268813,0,0.11195371408636372,0,0.21239661206491292,1
2842,0.09518401018188645,0,0.11123672399359445,0,0.11123672461447616,0,0.10278204909991473,0,0.10034274860906105,0,0.10415645129978657,0
2843,0.11858533563402791,0,0.11156745549912254,0,0.10153510092641227,0,0.11858544172719121,0,0.11858529651847978,0,0.11377172606104675,0
2844,0.099013299215585,0,0.09901300848772128,0,0.09901301392043631,0,0.0990133611485362,0,0.09901326072091858,0,0.09901318869863948,0
2845,0.08089029012868802,0,0.37140450479152304,1,0.11123646089496712,0,0.08089029012868802,0,0.08089029028390844,0,0.14506236724555494,1
2846,0.12881476551895807,0,0.15966987695234516,0,0.14331739419139922,0,0.12881476551895807,0,0.12881476489807633,0,0.13788631341594737,0
2847,0.11216409135765086,0,0.08488857319268088,0,0.41987024325256544,0,0.11217087945745637,0,0.1121613859043767,0,0.16825103463294605,0
2848,0.09904660563915968,0,0.09904247475787997,0,0.05564513662829995,0,0.09904764049376051,0,0.09904613361383478,0,0.09036559822658699,0
2849,0.037177705516417824,0,0.06645390950143337,0,0.060502624760071434,0,0.03718051128089428,0,0.037176067009568214,0,0.04769816361367703,0
2850,0.128815568042531,0,0.23900449896852174,0,0.23868227090376118,0,0.12881559040397406,0,0.12881555357792726,0,0.17282669637934306,0
2851,0.06090142919371525,0,0.497228097403422,1,0.11123681045137346,0,0.060901449682811894,0,0.060901433850328125,0,0.15823384411633012,1
2852,0.05972190325458845,0,0.14331776493539414,0,0.14331776897112528,0,0.059721908221642174,0,0.0597219013919433,0,0.09316024935493868,0
2853,0.09040507899286847,0,0.25884860404767096,0,0.2146355555548022,0,0.09040510219832261,0,0.09040506952442229,0,0.14893988206361733,0
2854,0.11651975040634473,0,0.14331952280675372,0,0.1433195332841327,0,0.08826850478847821,0,0.08162140287458897,0,0.11460974283205964,0
2855,0.12464765637802581,0,0.12409571534954011,0,0.13045435414339104,0,0.12490321889830132,0,0.12458637488695483,0,0.12573746393124263,0
2856,0.03706449083983898,0,1.1641484267699223,1,0.13109214262415966,0,0.037064507603645325,0,0.03706450139482816,0,0.28128681384647886,1
2857,0.05045717085401217,0,0.06569989273945491,0,0.06865430809557438,0,0.050457220524549484,0,0.05045713484287262,0,0.057145145411292717,0
2858,0.08089111574615042,0,0.08939884804810087,0,0.44458484222802025,0,0.08089114135752122,0,0.08089111093431711,0,0.15533141166282197,0
2859,0.07872586324810982,0,0.13109094401200613,0,0.1310909492895007,0,0.07872589367131393,0,0.07872583499799173,0,0.09967189704378447,0
2860,0.1250200141997387,0,0.1250197651485602,0,0.12501977174542844,0,0.1250200690701604,0,0.1250199853287389,0,0.12501992109852533,0
2861,0.07974411360919476,0,0.1386981657706201,0,0.13869817880913615,0,0.09283001907169819,0,0.08571030137439568,0,0.10713615572700899,0
2862,0.12501993495970964,0,0.1669875835068524,0,0.16022730572149158,0,0.12501999557328722,0,0.12501991578998664,0,0.1404549471102655,0
2863,0.12881510548565225,0,0.14331769935476282,0,0.14331770447703698,0,0.1288151192566147,0,0.12881510128985005,0,0.13461614597278337,0
2864,0.09142327200000484,0,0.6617688251038393,1,0.5858213170431554,1,0.09142330133666594,0,0.0914232541496555,0,0.3043719939266642,1
2865,0.07872658347090085,0,0.3674813887725274,1,0.13109158584848046,0,0.07872664276510477,0,0.0787265511850516,0,0.146950550408413,1
2866,0.11195883282925934,0,0.22232230473309755,0,0.12593530646214882,0,0.11195915401913226,0,0.11195867640587191,0,0.13682685488990196,0
2867,0.12593181182940802,0,0.12593103401983777,0,0.12593106708178917,0,0.12593200523406267,0,0.12593172506118813,0,0.12593152864525714,0
2868,0.13108969510843357,0,0.1310896954188744,0,0.1310896954188744,0,0.13108969510843357,0,0.13108969340100884,0,0.13108969489112496,0
2869,0.10397580314505224,0,0.120072253785717,0,0.6336805384295682,1,0.10397595623120044,0,0.10397572151850909,0,0.2131360546220094,1
2870,0.11194942387131353,0,0.3058590954169631,0,0.1259271459033092,0,0.11194948052677016,0,0.11194939418540646,0,0.15352690798075247,0
2871,0.10558424843475223,0,0.10558335940974455,0,0.10558337927795947,0,0.10558445037653048,0,0.10558414412662387,0,0.10558391632512212,0
2872,0.0808910698009034,0,0.4761565364121149,1,0.11123711483863492,0,0.08089109029000004,0,0.08089105567584436,0,0.16601337340349953,1
2873,0.12881505647480176,0,0.12881502576541,0,0.12881502712358875,0,0.12881506360524023,0,0.12881505286107617,0,0.12881504516602338,0
2874,0.12551087816245854,0,0.12482897603573899,0,0.10943712526932359,0,0.1257631138432771,0,0.12543362868018448,0,0.12219474439819655,0
2875,0.0871336127165705,0,0.08713305555284023,0,0.08713307580910623,0,0.0871337428689003,0,0.08713353890925646,0,0.08713340517133475,0
2876,0.11123646648290257,0,0.11123646524113913,0,0.11123646524113913,0,0.11123646648290257,0,0.1112364661724617,0,0.11123646592410903,0
2877,0.13869473850354552,0,0.13869458514576158,0,0.13869458654274544,0,0.13869476737454534,0,0.13869472282628217,0,0.13869468007857602,0
2878,0.11123674246482551,0,0.11123670055530965,0,0.1112367013314118,0,0.11123675488245983,0,0.11123673998129864,0,0.11123672784306109,0
2879,0.11699846123034756,0,0.13370779211012027,0,0.518915926416715,1,0.11699852362896006,0,0.11699843197129667,0,0.2007238270714879,1
2880,0.11858380259945989,0,0.12592702514181534,0,0.12592702886710563,0,0.118583856538559,0,0.11858377784180145,0,0.12152109819774826,0
2881,0.1259283640732368,0,0.12592799123376608,0,0.12592799495905638,0,0.12592843594029546,0,0.1259283171966672,0,0.12592822068060439,0
2882,0.10397070128237829,0,0.13109054587160548,0,0.13109054804469147,0,0.10397072699076186,0,0.10397068579914048,0,0.11481864159771553,0
2883,0.2683737880239884,1,0.12592757757132253,0,0.12592759123072028,0,0.2365213236771524,0,0.09092597298634549,0,0.16953525069790581,1
2884,0.13115060360481343,0,0.13114433425168195,0,0.1311444859020412,0,0.13115227331096926,0,0.13114983526368937,0,0.13114830646663905,0
2885,0.12501965455400446,0,0.12474278174340725,0,0.12397089973092079,0,0.1250196948337058,0,0.12501963002917668,0,0.12475453217824299,0
2886,0.11197373336957146,0,0.11197064417259146,0,0.10477620729943737,0,0.1119744887885948,0,0.11197338195051998,0,0.11053369111614302,0
2887,0.05045598248640696,0,0.883309313406547,1,0.13109076100712022,0,0.05045600545903047,0,0.050455961376428604,0,0.2331536047471066,1
2888,0.10397110607785483,0,0.10397094785002992,0,0.10483974231950317,0,0.10397113830549642,0,0.10397108364850283,0,0.10414480364027742,0
2889,0.08351713977754116,0,0.9565136721357703,1,0.12592721109588942,0,0.0835172093162934,0,0.08351709507405758,0,0.2665984654799104,1
2890,0.03948866513868173,0,0.039492435132463775,0,0.0622788400699695,0,0.039488219345609345,0,0.039489910627404846,0,0.044047614062825834,0
2891,0.05932636931538582,0,0.8057231730781496,1,0.1386973924624423,0,0.0593264140188694,0,0.05932628487547239,0,0.2244799267500639,1
2892,0.1278377426788211,0,0.14331961617184183,0,0.14331961958669126,0,0.12509722245158628,0,0.12881751131499186,0,0.13367834244078647,0
2893,0.13109118677675724,0,0.13109101929391423,0,0.13109102053567767,0,0.13109122992803654,0,0.13109116473545632,0,0.1310911242539684,0
2894,0.06525791871050994,0,0.13109066570177674,0,0.13109067222103477,0,0.06525795068591833,0,0.06525790132582188,0,0.09159102172901233,0
2895,0.1310915012533466,0,0.13109129682804146,0,0.1310912979145845,0,0.13109153416007757,0,0.13109147533153495,0,0.131091421097517,0
2896,0.11858373360397916,0,0.15096493903547525,0,0.125926962432762,0,0.11858377830746274,0,0.11858370395687719,0,0.12652862346731125,0
2897,0.06245991153021654,0,0.062460256119569145,0,0.06246021141608556,0,0.062459804117679596,0,0.06245990904668967,0,0.06246001844604811,0
2898,0.09749632142484188,0,0.1386968263735374,0,0.13869683894639215,0,0.0974962196002404,0,0.09749636861185233,0,0.11397651499137282,0
2899,0.11330507330906887,0,0.1125474140571896,0,0.11753784725442529,0,0.11358713110287984,0,0.11321927704072247,0,0.1140393485528572,0
2900,0.11756616807542741,0,0.13109352020546794,0,0.13109352408597866,0,0.11988212804620464,0,0.11700031091459095,0,0.12332713026553392,0
2901,0.1288154799840413,0,0.14331801957450807,0,0.14331801941928765,0,0.12881550213205628,0,0.12881546920107212,0,0.13461649806219309,0
2902,0.11699691228568554,0,0.13109051544840136,0,0.13109051855280995,0,0.11699694045819342,0,0.11699690095459421,0,0.1226343575399369,0
2903,0.12592808281381926,0,0.12592774645114937,0,0.12592775048688054,0,0.1259281661671897,0,0.12592805145929256,0,0.1259279594756663,0
2904,0.11699595178167026,0,0.11699594906531274,0,0.11905003552480291,0,0.11699595178167026,0,0.11699595178167026,0,0.11740676798702529,0
2905,0.1288151278179915,0,0.1433177089008192,0,0.14331770734861493,0,0.12881513106791923,0,0.12881512312742416,0,0.1346161596525538,0
2906,0.07879629203428824,0,0.7072382055533429,1,0.13115278258919716,0,0.0787982689216733,0,0.0787953936184446,0,0.21495618854338927,1
2907,0.0904042599722743,0,0.4048042322974652,1,0.11123646648290257,0,0.0904042599722743,0,0.09040425966183345,0,0.15745069567734996,1
2908,0.12592780108874044,0,0.12592748909567794,0,0.12592749685669938,0,0.12592786566043893,0,0.1259277656984826,0,0.12592768368000787,0
2909,0.0914447793426613,0,0.09144236116359632,0,0.09711267900032301,0,0.09144537321602304,0,0.09144448287164171,0,0.09257793511884907,0
2910,0.10558460676111281,0,0.4031114644991855,1,0.12593203829601407,0,0.10558481592064102,0,0.10558449795159201,0,0.1691594846857091,1
2911,0.11700525453003745,0,0.13109779404476285,0,0.13109781530996165,0,0.11700549838133156,0,0.11700513105218609,0,0.12264229866365592,0
2912,0.10557991374904911,0,0.9226738510963818,1,0.8472101724085709,1,0.10557999562782545,0,0.10557986648442845,0,0.4173247598732511,1
2913,0.12502755395447215,0,0.12502643753153583,0,0.1317398271833857,0,0.1250278054891775,0,0.12502741681722304,0,0.12636980819515883,0
2914,0.11199438327457756,0,0.08461892717362691,0,0.45303346185634535,1,0.11199575868279983,0,0.11199376507041355,0,0.17472725921155266,1
2915,0.11194930536051591,0,0.11194906170324732,0,0.12393911702868839,0,0.11194936116226017,0,0.11194927602385481,0,0.11434722425571334,0
2916,0.11859434812019269,0,0.10796316453100492,0,0.1484809385923048,0,0.11859469131256144,0,0.11859417861948411,0,0.1224454642351096,0
2917,0.13109061385815343,0,0.13109050566951433,0,0.1310905128096541,0,0.13109063652033606,0,0.13109060640757284,0,0.13109057505304617,0
2918,0.12289236369542778,0,0.13638009844968715,0,0.13639022006342807,0,0.1231032876142611,0,0.12283098169912894,0,0.1283193903043866,0
2919,0.10396984797747184,0,0.26849764585494995,0,0.22477705994000038,0,0.10396985240125407,0,0.10396984475664794,0,0.16103685018606484,0
2920,0.12881518303765915,0,0.14331776563388607,0,0.1433177605892221,0,0.12881519098300487,0,0.12881517609154494,0,0.1346162152670634,0
2921,0.11346934793982655,0,0.13882851833477616,0,0.1388288385545214,0,0.10486619578053553,0,0.11235539382323623,0,0.12166965888657919,0
2922,0.13109708903357387,0,0.1310962725741168,0,0.13109628669917583,0,0.13109727033103505,0,0.1310969932625691,0,0.13109678238009412,0
2923,0.13109262815366188,0,0.1310923038981855,0,0.13109230684737364,0,0.13109269877895713,0,0.1310925893485546,0,0.13109250540534653,0
2924,0.11233228840865195,0,0.13880609829599658,0,0.1388063859194517,0,0.11233648890629411,0,0.11233068630099297,0,0.12292238956627746,0
2925,0.1019627726636827,0,0.1433231666839371,0,0.14332318003289402,0,0.1019629486836493,0,0.10196269827429205,0,0.11850695326769103,0
2926,0.09179993920649092,0,0.08543148310855031,0,0.057531135622411966,0,0.09179999291275938,0,0.09179990040138364,0,0.08367249025031924,0
2927,0.06375944490234058,0,2.0022589288031063,1,0.1310924564798673,0,0.063759404545029,0,0.06375944924851258,0,0.4649259367957712,1
2928,0.03694350520769755,0,1.3949644470897813,1,1.1854832445581753,1,0.03694351141651472,0,0.036943490927418075,0,0.5382556398399174,1
2929,0.10397085427151372,0,0.13109067439412078,0,0.13109067749852935,0,0.10397088259924203,0,0.10397083894349635,0,0.11481878554138045,0
2930,0.1310915833649536,0,0.13109136062363783,0,0.13109137552479902,0,0.13109163381159306,0,0.1310915444046259,0,0.13109149954592186,0
2931,0.12592727628846964,0,0.1259270254522562,0,0.12592702684924006,0,0.1259273081086576,0,0.12592724229519567,0,0.12592717579876384,0
2932,0.1151902851027747,0,0.11518978059757501,0,0.11518979185105611,0,0.11519049705627064,0,0.11519023810978979,0,0.11519011854349323,0
2933,0.13869344520693025,0,0.13869344225774208,0,0.13869344225774208,0,0.13869344598303238,0,0.13869344101597866,0,0.13869344334428507,0
2934,0.11194971370665978,0,0.11194941968036194,0,0.11194942651006083,0,0.11194977959773193,0,0.11194968239093821,0,0.11194960437715054,0
2935,0.13109082961454988,0,0.13109070047115287,0,0.13109070574864745,0,0.1310908628317217,0,0.1310908126955231,0,0.13109078227231902,0
2936,0.11194740934297442,0,0.12592540634796023,0,0.12592540634796023,0,0.11194741151606043,0,0.11194740779077013,0,0.11753860826914508,0
2937,0.11195286933798343,0,0.6332792588509619,1,0.587566108442843,1,0.11195302110475798,0,0.11195279277550678,0,0.3113408101024106,1
2938,0.10034343782657136,0,0.10034329832221071,0,0.09634147894879182,0,0.10034346025592338,0,0.10034341912250966,0,0.09954301889520138,0
2939,0.13869473912442723,0,0.13869458623230457,0,0.1386945949246486,0,0.13869477218637863,0,0.13869472360238433,0,0.13869468321402867,0
2940,0.1388473785482347,0,0.13881559064611793,0,0.13881593166540065,0,0.13884456331531206,0,0.1388439484871924,0,0.13883348253245154,0
2941,0.11860839331833024,0,0.12594654830172658,0,0.12594662994767228,0,0.11860817794998486,0,0.11860781287153561,0,0.12154351247784992,0
2942,0.10396969333911936,0,0.13108968579520783,0,0.13108968579520783,0,0.10961338202469051,0,0.10396969318389893,0,0.11594642802762489,0
2943,0.32163150468841195,1,0.13108968579520783,0,0.13108968579520783,0,0.30496628442779183,1,0.34753094784294564,1,0.247261621709913,1
2944,0.12504264805465937,0,0.13014531201527765,0,0.16057979005078474,0,0.12504364325044057,0,0.1250423629923413,0,0.13317075127270073,0
2945,0.08351956928769748,0,1.2404127367772162,1,0.1259294063784182,0,0.0835196649034818,0,0.0835194829851389,0,0.3233801720663905,1
2946,0.10034275299403816,0,0.11123673144417505,0,0.1112367333068202,0,0.09518403113664438,0,0.10034275268359731,0,0.10366860031305503,0
2947,0.10034275023887555,0,0.096340886860465,0,0.10258879815228283,0,0.10034276614896953,0,0.10034275117019813,0,0.09999159051415821,0
2948,0.125019480396683,0,0.12092279456555843,0,0.24096774014954767,0,0.12501952160770693,0,0.12501946122696003,0,0.14738979958929121,0
2949,0.1003424352966249,0,0.1003424352966249,0,0.09634060761891305,0,0.1003424352966249,0,0.1003424352966249,0,0.09954206976108253,0
2950,0.11806988553144038,0,0.1208541428980728,0,0.24226144002750516,0,0.11810547827432553,0,0.11805800775376459,0,0.1434697908970217,0
2951,0.13109068758785725,0,0.1310905769156913,0,0.13109057893355688,0,0.13109072406465808,0,0.13109068355212608,0,0.1310906502107779,0
2952,0.111949622631073,0,0.1119493421477576,0,0.1003670907036091,0,0.11194968417597313,0,0.11194958964673181,0,0.10963306586102892,0
2953,0.10557900322601199,0,0.10557874486160775,0,0.10557874967344105,0,0.10557906787532072,0,0.10557897629526754,0,0.10557890838632981,0
2954,0.10558114689774811,0,0.10558062434817354,0,0.10558063769713044,0,0.10558126556376617,0,0.10558108977663021,0,0.1055809528566897,0
2955,0.11123674168872337,0,0.11123669962398708,0,0.11123670055530965,0,0.11123675239893298,0,0.1112367376529922,0,0.11123672638398907,0
2956,0.11700342401551704,0,0.11905670713167638,0,0.16376030072569847,0,0.11700361307399969,0,0.11700331900889675,0,0.12676547279115766,0
2957,0.1386948685782651,0,0.1386946978357931,0,0.1386947037341694,0,0.1386948968283832,0,0.13869484591608247,0,0.13869480257853867,0
2958,0.11700141530794402,0,0.11905490393595149,0,0.1637608171440661,0,0.11700154468417168,0,0.11700133932754397,0,0.12676400407993543,0
2959,0.11699701372223596,0,0.12234525677437584,0,0.1172969692076246,0,0.11699704523198307,0,0.1169969941644619,0,0.11812665582013626,0
2960,0.13109064862752953,0,0.13109054788947105,0,0.13109054928645492,0,0.13109068370734653,0,0.1310906495588521,0,0.13109061581393083,0
2961,0.13110266408572593,0,0.13110125499467054,0,0.13110129830117026,0,0.13110298508157334,0,0.13110247813165188,0,0.1311021361189584,0
2962,0.1185912957880646,0,0.5121474750339985,1,0.12593358351538578,0,0.11859156556117038,0,0.11859117021473746,0,0.19877101802267133,1
2963,0.12593330598125854,0,0.12593234423547983,0,0.12593237248559794,0,0.12593352142721415,0,0.12593319996570548,0,0.1259329488190512,0
2964,0.09142228867858648,0,0.3732330856534342,1,0.2961288884592553,0,0.09142229535306494,0,0.0914222844876349,0,0.18872576852639517,1
2965,0.13108968563998738,0,0.13108968812351426,0,0.13108968812351426,0,0.13108968563998738,0,0.13108968563998738,0,0.13108968663339812,0
2966,0.11858399569367369,0,0.12492178745257358,0,0.10795405662308137,0,0.11858404660597444,0,0.11858396069146693,0,0.11772556941335402,0
2967,0.13872203649953008,0,0.13871634534249702,0,0.13871641705433527,0,0.13872161662826935,0,0.13872140040621161,0,0.13871956318616865,0
2968,0.11195304209832102,0,0.11195235047489405,0,0.08458251009384792,0,0.11195320139328639,0,0.11195296712685376,0,0.10647881423744063,0
2969,0.0914231746767958,0,0.10669317878394698,0,0.09191809121208887,0,0.09142319702853759,0,0.09142315667122602,0,0.09457615967451904,0
2970,0.1169969174079597,0,0.16376194776967168,0,0.15342557647575936,0,0.1169969387507687,0,0.11699690584403773,0,0.13363565724963944,0
2971,0.11860503178710739,0,0.1259439275600016,0,0.1259439871646464,0,0.11860486205356817,0,0.11860452856247623,0,0.12154046742555998,0
2972,0.10397081649474178,0,0.10397068236488849,0,0.13687482941895723,0,0.10397083952557296,0,0.10397079817873116,0,0.11055159319657833,0
2973,0.08603443189834555,0,0.12592824517438808,0,0.125928266129146,0,0.06967462533308814,0,0.10558020703804989,0,0.10262915511460353,0
2974,0.09180141442144911,0,0.09180098135645191,0,0.08543281288196643,0,0.0918015028970937,0,0.09180136133606236,0,0.09052761457860471,0
2975,0.11699693355088432,0,0.12234518102680643,0,0.11729689842710893,0,0.11699696063684921,0,0.11699692144369085,0,0.11812657901706795,0
2976,0.11220667957483481,0,0.11265543398136894,0,0.43177297385409474,0,0.11220673033191512,0,0.11220664783225705,0,0.17620969311489415,0
2977,0.09142392609889309,0,0.5144270546734333,1,0.1310912996220092,0,0.09142396117871006,0,0.09142389769355456,0,0.18395802785332002,1
2978,0.11699618476753433,0,0.116996166917185,0,0.11699616955593228,0,0.11699619408076008,0,0.11699618414665262,0,0.11699617989361286,0
2979,0.1122046858460332,0,0.31081116385757923,0,0.1386934413264195,0,0.11220468545798212,0,0.1122046858460332,0,0.15722373246680946,0
2980,0.13109209404016534,0,0.13109181867912412,0,0.13109182271485528,0,0.13109216125061116,0,0.1310920612886548,0,0.13109199159468216,0
2981,0.1250267686167111,0,0.5254744278887907,1,0.1387011387074987,0,0.12502701037252942,0,0.12502665204616883,0,0.20785119952633976,1
2982,0.1259285310904185,0,0.12592814102148017,0,0.12592814428110918,0,0.12592862344657382,0,0.12592848716303706,0,0.12592838540052376,0
2983,0.12881513215446225,0,0.1288150827992164,0,0.1288150863692863,0,0.1288151415452982,0,0.1288151259844502,0,0.12881511377054267,0
2984,0.11864232877269387,0,0.1259734664733211,0,0.12597362867866954,0,0.11864170688204467,0,0.11864097920867304,0,0.12157442200308044,0
2985,0.13109572092071176,0,0.13109506495917836,0,0.13109507442762455,0,0.13109586651747426,0,0.13109563725690046,0,0.13109547281637787,0
2986,0.09142340222994487,0,0.0914232440603276,0,0.09142324747517705,0,0.09142343482623498,0,0.09142338143040736,0,0.09142334200441837,0
2987,0.0974921565502882,0,0.05589721662302812,0,2.5583527917042375,1,0.09749211929738522,0,0.09749224844078223,0,0.5813453065231442,1
2988,0.12188381107989699,0,0.12594086537137628,0,0.1259409235790372,0,0.1160589399902771,0,0.10559553738373022,0,0.11908401548086356,0
2989,0.046853807444373764,0,0.04732407753666242,0,1.5003878969388704,1,0.04685379254321257,0,0.046853927274545036,0,0.33765470034753287,1
2990,0.0787262748926878,0,0.4476702315732837,1,0.1310912996220092,0,0.07872631400823593,0,0.07872625129918258,0,0.16298807427907983,1
2991,0.04428829438984394,0,0.04428817704319954,0,0.04428817145526409,0,0.04428830184042454,0,0.04428826831281185,0,0.04428824260830879,0
2992,0.10397120995912701,0,0.10397103743162006,0,0.10397104332999636,0,0.10397124612548699,0,0.10397118948943292,0,0.10397114526713266,0
2993,0.1386951251576344,0,0.13869492104277015,0,0.13869492957989374,0,0.13869518072654805,0,0.1386950993910432,0,0.1386950511795779,0
2994,0.1386934417920808,0,0.1386934481561184,0,0.1386934481561184,0,0.1386934417920808,0,0.1386934417920808,0,0.13869344433769581,0
2995,0.09975190821569413,0,0.45043911086395383,1,0.38216295015687746,1,0.09975190821569413,0,0.09975190612021834,0,0.22637155671448758,1
2996,0.11195478010146569,0,0.12593177209297815,0,0.12593180406838655,0,0.11195498887294282,0,0.11195467703510076,0,0.11754560443417479,0
2997,0.05932458117604256,0,0.9626902136951685,1,0.1386959853892525,0,0.05932469479739666,0,0.05932455509901047,0,0.2558720060313741,1
2998,0.1119521497360741,0,0.12592949687192836,0,0.12592950044199824,0,0.11195228202268481,0,0.11195208337934066,0,0.11754310249040525,0
2999,0.12593462131917477,0,0.12593351226920882,0,0.12593354020888606,0,0.1259348837969204,0,0.12593450754260024,0,0.12593421302735805,0
3000,0.11255203870435555,0,0.4157082065939903,1,0.13900441117584705,0,0.11256595266362031,0,0.11254804744385183,0,0.17847573131633304,1
3001,0.1386947394348681,0,0.13869458514576158,0,0.13869458654274544,0,0.13869476737454534,0,0.13869472282628217,0,0.13869468026484053,0
3002,0.11858544840166967,0,0.11858500253098707,0,0.11858502224398156,0,0.11858554425028463,0,0.11858539461779098,0,0.11858528240894277,0
3003,0.11775688586446147,0,0.13176916570713124,0,0.13177051534876227,0,0.11778278322890401,0,0.11774866407116254,0,0.12336560284408431,0
3004,0.07760546666880448,0,0.09914725658018142,0,0.09005361209468295,0,0.07775695389136672,0,0.07756235202153523,0,0.08442512825131415,0
3005,0.14661698943624893,0,0.14444628482063612,0,0.14440316148102283,0,0.1464198703567187,0,0.14638849968711534,0,0.14565496115634838,0
3006,0.11195712493887792,0,0.11123136039047192,0,0.08563356485683471,0,0.11195739638060331,0,0.11195699428208172,0,0.10654728816977392,0
3007,0.06840383013089497,0,0.11123648169450462,0,0.1112364826258272,0,0.08939814707264304,0,0.08089030565073092,0,0.09223304943492014,0
3008,0.1386949112638831,0,0.13869474160795411,0,0.13869474238405624,0,0.1386949570539097,0,0.13869489651794234,0,0.13869484976554908,0
3009,0.1259253153887888,0,0.12592531942451993,0,0.12592531942451993,0,0.1259253153887888,0,0.1259253153887888,0,0.12592531700308124,0
3010,0.09156709614520271,0,0.13121761940419674,0,0.13121807218218842,0,0.09157259156927466,0,0.09156555030494928,0,0.10742818592116236,0
3011,0.11699708085507154,0,0.1169969510131826,0,0.1169969520221154,0,0.11699710421574612,0,0.11699705796005826,0,0.11699702921323478,0
3012,0.1310911246885856,0,0.13109095580875874,0,0.13109095860272646,0,0.13109115588789186,0,0.1310911069934567,0,0.13109106039628388,0
3013,0.11699699346596996,0,0.15443915873765945,0,0.13109059057508907,0,0.11699702598464985,0,0.11699698267815013,0,0.12730415028830372,0
3014,0.1119593158364296,0,0.12593570072203875,0,0.12593573921670517,0,0.11123506519167374,0,0.11195915467881908,0,0.11740499512913327,0
3015,0.11858603575577338,0,0.12592896927768985,0,0.12592897393430272,0,0.11858615628443658,0,0.1185859819718947,0,0.12152322344481944,0
3016,0.11756237759254873,0,0.11808159629193445,0,0.12356940280490865,0,0.11758374135630827,0,0.1175565655188014,0,0.1188707367129003,0
3017,0.10961456461033474,0,0.13109068479388952,0,0.1310906851043304,0,0.10852737034050126,0,0.10397085516403119,0,0.11685883200261742,0
3018,0.11195009034903099,0,0.11194974766112864,0,0.12393980744915704,0,0.11195016795924555,0,0.11195005115587264,0,0.11434797291488699,0
3019,0.12593995857362947,0,0.12593823174635568,0,0.12593825704728565,0,0.12594037285695472,0,0.1259397560109695,0,0.125939315247039,0
3020,0.12592718874414763,0,0.12592694954946637,0,0.12592694737638035,0,0.12592722879101834,0,0.12592714497198662,0,0.12592709188659987,0
3021,0.12234469642862678,0,0.13109002743537226,0,0.13109002712493142,0,0.11905044041729222,0,0.11699633734921615,0,0.12411430575108776,0
3022,0.10034492677853753,0,0.10259076048775266,0,0.14505458708542088,0,0.10034503617013495,0,0.10034490772522986,0,0.10973604364941517,0
3023,0.12595965263123313,0,0.12595567029590407,0,0.12595575132096806,0,0.1259606385913988,0,0.1259592017158866,0,0.12595818291107813,0
3024,0.11195149734461059,0,0.12592891743406653,0,0.12592893311132988,0,0.11195161224653323,0,0.11195144072795908,0,0.11754248017289985,0
3025,0.13108966359868646,0,0.13108966359868646,0,0.13108966359868646,0,0.13108966359868646,0,0.13108966359868646,0,0.13108966359868646,0
3026,0.12501795574401817,0,0.13173129029261568,0,0.16698783185953894,0,0.12501795574401817,0,0.12501795574401817,0,0.13475459787684183,0
3027,0.08862694151078661,0,0.06635920827587445,0,0.07951009490837653,0,0.08862694151078661,0,0.08862694151078661,0,0.08235002554332216,0
3028,0.128814759576926,0,0.12783492992942533,0,0.11992282971429329,0,0.128814759576926,0,0.128814759576926,0,0.12684040767489932,0
3029,0.09142200866093238,0,0.5144266459780434,1,0.13108966359868646,0,0.09142200866093238,0,0.09142200866093238,0,0.18395646711190544,1
3030,0.10195615476307769,0,0.08321952914411668,0,0.40678115693541866,1,0.10195615476307769,0,0.10195615476307769,0,0.15917383007375369,1
3031,0.11699592873143654,0,0.23361447996770343,0,0.13108966359868646,0,0.11699593183584511,0,0.11699592873143654,0,0.1431383865730216,0
3032,0.12594144605100155,0,0.12593954149633646,0,0.12593958573415875,0,0.12594189758722982,0,0.1259412324676911,0,0.12594074066728353,0
3033,0.1185838533565402,0,0.12592706612000862,0,0.12592707046618065,0,0.11858390993438661,0,0.11858382960781455,0,0.12152114589698612,0
3034,0.13869483737895885,0,0.1386946702065567,0,0.1386946759497126,0,0.13869487199311456,0,0.13869482077037296,0,0.13869477525974314,0
3035,0.10278217517770827,0,0.11123684165067971,0,0.11123684568641086,0,0.0982473372714594,0,0.09518414177000523,0,0.10373746831125268,0
3036,0.11195135826710612,0,0.085628460549439,0,0.31506693828850985,1,0.11195146824078013,0,0.1119512994773686,0,0.14730990496464075,1
3037,0.13109063062195978,0,0.1310905284869174,0,0.13109052771081528,0,0.131090657475094,0,0.13109062239527702,0,0.1310905933380127,0
3038,0.12592770283420882,0,0.12592739891260862,0,0.1259274041901032,0,0.12592776725068688,0,0.12592767272144556,0,0.12592758918181063,0
3039,0.2180355011175076,0,0.11123699593978624,0,0.11123700447690983,0,0.21803547876576582,0,0.21803549863398075,1,0.17531609578679003,1
3040,0.0652579739689827,0,0.06525784730911255,0,0.08218130795285106,0,0.06525800035645564,0,0.06525795875738065,0,0.06864261766895652,0
3041,0.1259287732342879,0,0.12592834746465087,0,0.1259283539839089,0,0.12592886512478194,0,0.12592872775470218,0,0.12592861351246637,0
3042,0.07872557950516541,0,0.07872544818868239,0,0.10192205413477495,0,0.07872560744484265,0,0.07872556646664937,0,0.08336485114802294,0
3043,0.11860053792285423,0,0.15097474741439024,0,0.12594166894753775,0,0.11860107094980776,0,0.11860028677619994,0,0.12654366240215797,0
3044,0.07493980290989082,0,0.6533593673569461,1,0.5502338499451677,1,0.07495389009515445,0,0.07489898304144542,0,0.28567717866972087,1
3045,0.11699703553070624,0,0.12304638890782371,0,0.23358810025577745,0,0.11699705889138083,0,0.11699702714880307,0,0.14152512214689825,0
3046,0.13869485383232436,0,0.13869468417639533,0,0.1386946875912448,0,0.13869488410030803,0,0.13869483349844813,0,0.13869478863974413,0
3047,0.13869491716225943,0,0.13869474238405624,0,0.13869474859287342,0,0.13869496528059244,0,0.1386948966731628,0,0.1386948540185889,0
3048,0.12592790399988493,0,0.12592757570867738,0,0.12592759123072028,0,0.12592797183121243,0,0.12592786503955722,0,0.12592778156201045,0
3049,0.10195653086217742,0,0.5115326137747616,1,0.14331772279304764,0,0.10195654056345423,0,0.1019565276413535,0,0.19214398712695888,1
3050,0.1259272020931045,0,0.12592696150143942,0,0.12592697143554688,0,0.12592725719635686,0,0.12592717135945955,0,0.12592711271718143,0
3051,0.1250179820538809,0,0.13869344256818295,0,0.13869344256818295,0,0.13439322173750648,0,0.1250179810449481,0,0.13236321399454026,0
3052,0.10672730401468773,0,0.14331739419139922,0,0.14331739419139922,0,0.09677445618823792,0,0.11518472468014807,0,0.12106425465317443,0
3053,0.12764708309744796,0,0.12747070038070282,0,0.12747434371461472,0,0.12770663279419145,0,0.12762708542868495,0,0.1275851690831284,0
3054,0.11699595185928047,0,0.11699594906531274,0,0.11699594906531274,0,0.11699595139361918,0,0.11699595178167026,0,0.11699595063303907,0
3055,0.1288158471773689,0,0.15967029139089087,0,0.1433183424330006,0,0.12881587402080186,0,0.12881583088892512,0,0.13788723718219748,0
3056,0.13108966359868646,0,0.13108966359868646,0,0.13108966359868646,0,0.13108966359868646,0,0.13108966359868646,0,0.13108966359868646,0
3057,0.13870767007271448,0,0.1387061613301436,0,0.13870620106657347,0,0.13870810500035682,0,0.13870748644694686,0,0.13870712478334704,0
3058,0.11699698221248885,0,0.2336146937062343,0,0.13109057815745473,0,0.11699700728058815,0,0.11699696839787066,0,0.14313924595092736,0
3059,0.13109058995420733,0,0.1310904847147564,0,0.13109048378343383,0,0.13109061711778244,0,0.1310905790887773,0,0.13109055093179148,0
3060,0.13109901687130332,0,0.131098006075869,0,0.13109802858283123,0,0.13109926646575332,0,0.13109889098753533,0,0.13109864179665845,0
3061,0.12592847971245646,0,0.12592809973284602,0,0.12592810190593204,0,0.12592856865376234,0,0.12592843919992447,0,0.12592833784098428,0
3062,0.1151855352606314,0,0.14331806792567173,0,0.14331807134052119,0,0.11518553269949432,0,0.11518552030126254,0,0.1264385455055162,0
3063,0.12592870012546578,0,0.12592829205095768,0,0.1259283027611673,0,0.12592879620691141,0,0.12592865790550908,0,0.12592854981000226,0
3064,0.12619470339268446,0,0.1261653631615142,0,0.12616599692652622,0,0.12620325339958072,0,0.12619137484580278,0,0.12618413834522166,0
3065,0.10557707771658897,0,0.06681324681267142,0,0.766778238893797,1,0.10557708633132279,0,0.10557707554350297,0,0.23006454505957669,1
3066,0.1259293194549779,0,0.12592883702988425,0,0.12592884618788958,0,0.1259294383538266,0,0.1259292745962739,0,0.12592914312457043,0
3067,0.1250194280873984,0,0.13869470451027155,0,0.13869470839078227,0,0.12501947217000028,0,0.12501940744308135,0,0.13048954412030678,0
3068,0.11699692749728759,0,0.23361468082293868,0,0.13109053873146573,0,0.1169969552817444,0,0.11699691220807533,0,0.14313920290830234,0
3069,0.13109061463425556,0,0.13109050504863262,0,0.13109051218877235,0,0.13109063683077693,0,0.13109060547625026,0,0.13109057483573755,0
3070,0.11123676093605657,0,0.11123671421470742,0,0.11123671995786329,0,0.11123677211192746,0,0.11123675907341142,0,0.11123674525879323,0
3071,0.12593001561860243,0,0.12592944564918676,0,0.12592947017401457,0,0.12593013793230057,0,0.12592995104690394,0,0.12592980408420165,0
3072,0.11220623199672748,0,0.13869477265203992,0,0.13869478413835168,0,0.11220627188837777,0,0.11220621080913891,0,0.12280165429692716,0
3073,0.1119503777299542,0,0.13109058886766434,0,0.13109059305861592,0,0.12168674299027771,0,0.10397074066956218,0,0.11995780866321486,0
3074,0.131090948668619,0,0.13109080120921135,0,0.13109080803891024,0,0.1310909817305704,0,0.13109092833474278,0,0.13109089359641077,0
3075,0.10396968057223906,0,0.13108966359868646,0,0.13108966359868646,0,0.1096133734487618,0,0.10396968057223906,0,0.11594641235812257,0
3076,0.08171519664271425,0,0.14331739310485622,0,0.14331739310485622,0,0.08363078713106613,0,0.10195615476307769,0,0.1107873849493141,0
3077,0.12501795636489987,0,0.12092145703112085,0,0.24096816824749112,0,0.12501795636489987,0,0.12501795636489987,0,0.1473886988746623,0
3078,0.1003424352966249,0,0.1003424352966249,0,0.1003424352966249,0,0.1003424352966249,0,0.1003424352966249,0,0.1003424352966249,0
3079,0.13109061975652972,0,0.13109050753215948,0,0.13109051700060567,0,0.13109063093240061,0,0.13109060827021798,0,0.1310905766983827,0
3080,0.12592893885448575,0,0.1259284938375155,0,0.12592850578948855,0,0.1259290260883669,0,0.12592888980483016,0,0.12592877087493737,0
3081,0.1259275396975378,0,0.12592726092164716,0,0.12592727101097503,0,0.12592759542167187,0,0.12592749732236067,0,0.12592743287483849,0
3082,0.12592539082591733,0,0.12592538027092814,0,0.12592538027092814,0,0.12592539517208934,0,0.12592539051547647,0,0.1259253874110679,0
3083,0.11923757079057395,0,0.1255065257816265,0,0.10853860022810598,0,0.11925914084228377,0,0.11922965897247195,0,0.11835429932301245,0
3084,0.1310924420443674,0,0.13109213983019194,0,0.1310921429346005,0,0.13109251375620565,0,0.1310924063436687,0,0.13109232898180684,0
3085,0.13109301899870238,0,0.1310926480218768,0,0.13109265066062412,0,0.1310931039042771,0,0.13109298019359508,0,0.1310928803558151,0
3086,0.13869490288197994,0,0.13869473415737352,0,0.13869474114229283,0,0.1386949384274582,0,0.1386948935687542,0,0.13869484203557175,0
3087,0.13109210956220826,0,0.13109183823689818,0,0.13109184304873148,0,0.1310921780144175,0,0.13109208332995573,0,0.13109201043844224,0
3088,0.11123681712585191,0,0.11123676559266944,0,0.11123676838663717,0,0.11123681805717449,0,0.11123679958594342,0,0.1112367937496553,0
3089,0.13109061261639,0,0.13109050132334232,0,0.13109050846348205,0,0.13109063729643822,0,0.13109060827021798,0,0.1310905735939741,0
3090,0.12593002415572604,0,0.12592946334431568,0,0.12592947001879415,0,0.12593014320979515,0,0.12592996253321567,0,0.12592981265236933,0
3091,0.13108966235692301,0,0.13108966235692301,0,0.13108966235692301,0,0.13108966359868646,0,0.13108966235692301,0,0.13108966260527571,0
3092,0.1151847168803215,0,0.14331739279441535,0,0.14331739279441535,0,0.1151847168803215,0,0.1151847168803215,0,0.12643778724595905,0
3093,0.12592806620523334,0,0.12592773232609034,0,0.1259277332574129,0,0.12592813232913613,0,0.1259280201047659,0,0.12592793684452772,0
3094,0.12592531942451993,0,0.1259253181827565,0,0.1259253181827565,0,0.12592531942451993,0,0.12592531942451993,0,0.12592531892781456,0
3095,0.12502684746868908,0,0.12502525056091449,0,0.12502527438725033,0,0.1250268074994286,0,0.1250266666368892,0,0.12502616931063434,0
3096,0.13869921257719398,0,0.13869853659222522,0,0.13869855490823588,0,0.13869935693219304,0,0.13869912658507624,0,0.13869895751898487,0
3097,0.13109064738576612,0,0.13109053873146573,0,0.13109054261197647,0,0.13109066678831974,0,0.13109063310548663,0,0.13109060572460293,0
3098,0.1259271314678093,0,0.12592690096547207,0,0.1259269050012032,0,0.12592718796804547,0,0.12592711501444379,0,0.12592704808339478,0
3099,0.13109065017973384,0,0.13109054788947105,0,0.13109054928645492,0,0.13109068432822824,0,0.1310906495588521,0,0.13109061624854804,0
3100,0.1801211709777514,0,0.17530363518744707,0,0.1754009754707416,0,0.182346165801088,0,0.17957712771991888,0,0.1785498150313894,0
3101,0.08712914919791122,0,0.1386937351586918,0,0.13869373857354125,0,0.08712917255858581,0,0.08712914795614779,0,0.10775498868897557,0
3102,0.1288155314832693,0,0.23069376746813455,0,0.14331809307138124,0,0.12881554857206842,0,0.1288155274814926,0,0.15209169361526922,0
3103,0.13869518600404263,0,0.1386949708685279,0,0.13869497800866762,0,0.13869522387782732,0,0.13869516365230083,0,0.13869510448227323,0
3104,0.1310905896437665,0,0.13109047819549838,0,0.1310904847147564,0,0.13109061401337385,0,0.13109057551870743,0,0.1310905484172205,0
3105,0.12592760163048902,0,0.12592731028174362,0,0.1259273203710715,0,0.12592766418432197,0,0.1259275614283979,0,0.1259274915792048,0
3106,0.11858406181757648,0,0.12492185520629089,0,0.10795412445440888,0,0.11858412235354383,0,0.11858403480922182,0,0.11772563972820838,0
3107,0.11220470594707876,0,0.1122047034635519,0,0.11220470338594168,0,0.1122047077321137,0,0.11220470563663791,0,0.11220470523306478,0
3108,0.09142203691105048,0,0.13108969355622926,0,0.13108969355622926,0,0.09142203768715262,0,0.09142203660060962,0,0.10728909966225426,0
3109,0.05115650842587153,0,0.13108969355622926,0,0.13108969355622926,0,0.05840201613803705,0,0.05393060234685739,0,0.0851337028046449,0
3110,0.10396970437917237,0,0.3049662848934531,0,0.1310896926249067,0,0.10396970527168985,0,0.10396970457319792,0,0.14959301834848399,0
3111,0.0886269452360769,0,0.063374280774345,0,0.7627140930077682,1,0.0886269452360769,0,0.0886269452360769,0,0.21839384189806874,1
3112,0.12592844432219863,0,0.1259280489757657,0,0.1259280606172979,0,0.12592852612336478,0,0.12592838580409685,0,0.12592829316854476,0
3113,0.11123680051726599,0,0.11123675239893298,0,0.11123675301981469,0,0.1112368112274756,0,0.11123679166970153,0,0.11123678176663816,0
3114,0.1259292041261991,0,0.125928720459342,0,0.12592873179043332,0,0.12592930983131131,0,0.12592914436633387,0,0.12592902211472393,0
3115,0.12592746084555984,0,0.12592720240354538,0,0.12592720861236253,0,0.12592752277851105,0,0.12592743492374817,0,0.1259273659127454,0
3116,0.12592531942451993,0,0.1259253181827565,0,0.1259253181827565,0,0.1259253153887888,0,0.12592531942451993,0,0.12592531812066834,0
3117,0.13869486888870597,0,0.13869470031931996,0,0.1386947032685081,0,0.1386948994671305,0,0.13869484591608247,0,0.1386948035719494,0
3118,0.1259283572435379,0,0.12592805285627642,0,0.12592806977530321,0,0.12592847971245646,0,0.1259283220085005,0,0.1259282563192149,0
3119,0.13869481378545365,0,0.13869464009379348,0,0.13869465002790093,0,0.13869484762350717,0,0.13869479515900215,0,0.1386947493379315,0
3120,0.12592738137270013,0,0.1259271406258146,0,0.1259271459033092,0,0.12592744190866748,0,0.12592736212536693,0,0.12592729438717165,0
3121,0.1310905716381967,0,0.13109046701962748,0,0.13109046717484793,0,0.1310905907303095,0,0.1310905609279871,0,0.13109053149819375,0
3122,0.12783527521726987,0,0.143317685307314,0,0.1433176933011661,0,0.12509480751274774,0,0.1288150883386455,0,0.13367610993542864,0
3123,0.040238333866000175,0,0.035958544040719666,0,1.1761773480878521,1,0.04023824321726958,0,0.0402383953332901,0,0.26657017290902635,1
3124,0.05936932501693567,0,0.05936010119815668,0,0.08795245457440615,0,0.05936874759693941,0,0.05936828441917896,0,0.06508378256112338,0
3125,0.13109655817970634,0,0.13109580613672733,0,0.13109581203510365,0,0.13109673839062452,0,0.1310964518537124,0,0.13109627331917487,0
3126,0.07470897554109494,0,0.045777338867386184,0,0.76269657133768,1,0.07470885012298822,0,0.0747087961062789,0,0.2065201063950856,1
3127,0.13869528736298284,0,0.13869506943350038,0,0.13869506601865092,0,0.13869533517087498,0,0.13869526066506901,0,0.13869520373021563,0
3128,0.12602959604312977,0,0.12601786510397991,0,0.12601812897870937,0,0.12603274608651796,0,0.12602823910613856,0,0.12602531506369513,0
3129,0.12592743119845787,0,0.125927175860852,0,0.12592718300099173,0,0.12592748273164034,0,0.12592739906782904,0,0.1259273343719542,0
3130,0.09975989539331447,0,0.0997584923170507,0,0.0997585153284793,0,0.09975986485369503,0,0.09975973272230476,0,0.09975930012296885,0
3131,0.10397120675770566,0,0.11859310193297763,0,0.6069593826929728,1,0.10397124403001119,0,0.10397118688949074,0,0.20749322446063162,1
3132,0.11123674013651907,0,0.11123670148663223,0,0.11123670334927738,0,0.11123674215438466,0,0.11123674619011581,0,0.11123672666338584,0
3133,0.24374855992694697,0,0.23739998849729696,0,0.23701656392465034,0,0.24175229078779617,0,0.2417096123099327,0,0.24032540308932462,0
3134,0.10559544169033568,0,0.13740799304408333,0,0.9226714860027035,1,0.1055953458417207,0,0.10559504812893768,0,0.27537306294155617,1
3135,0.12502286559902132,0,0.1247453554533422,0,0.12397347949445248,0,0.12502286086479822,0,0.12502276703404883,0,0.1247574656891326,0
3136,0.12592718936502934,0,0.12592694892858466,0,0.1259269507912298,0,0.1259272323610882,0,0.1259271465241909,0,0.1259270935940246,0
3137,0.1169974550139159,0,0.13109098514541984,0,0.13109099570040902,0,0.11699750577099621,0,0.11699744678723316,0,0.12263487768359482,0
3138,0.11858608340844512,0,0.12592900171875954,0,0.12592901444683471,0,0.11858620129836102,0,0.1185860267529885,0,0.12152326552507778,0
3139,0.25166134163737297,1,0.23152381647378206,0,0.23117615592976412,0,0.2496342578281959,0,0.2496521919965744,1,0.2427295527731379,1
3140,0.03979187893370787,0,0.12609377829357982,0,0.1260943952947855,0,0.07331790045524637,0,0.06203354196622968,0,0.08546629898870985,0
3141,0.17591960146091878,0,0.7677418819318215,1,0.692081680521369,1,0.17452466169682643,0,0.17464758572168648,0,0.3969830822665244,1
3142,0.13109082961454988,0,0.13109069985027114,0,0.13109070543820658,0,0.1310908584855497,0,0.13109080555538336,0,0.1310907797887921,0
3143,0.13110771651069322,0,0.1311043525735537,0,0.1311043966561556,0,0.13110750556613007,0,0.13110733311623335,0,0.13110626088455318,0
3144,0.11221729471193005,0,0.1387035227380693,0,0.13870354369282722,0,0.11221720173489302,0,0.11221702975065757,0,0.12281171852567543,0
3145,0.12592764400566617,0,0.12592736848940453,0,0.12592737625042597,0,0.12592771354441842,0,0.1259276008543869,0,0.1259275406288604,0
3146,0.13869473959008852,0,0.138694584214439,0,0.13869458700840673,0,0.13869477109983563,0,0.13869472251584133,0,0.13869468088572226,0
3147,0.12593364669010043,0,0.12593282278006276,0,0.1259328555315733,0,0.12593399112423262,0,0.12593355930099884,0,0.1259333750853936,0
3148,0.11706904981595774,0,0.1173616338831683,0,0.1544494197393457,0,0.11707107714998226,0,0.11706813743027548,0,0.1246038636037459,0
3149,0.12592925426239768,0,0.12592870385075608,0,0.12592870943869153,0,0.1259293135566016,0,0.12592920071134964,0,0.1259290363639593,0
3150,0.13109088689088821,0,0.13109075464308262,0,0.1310907625593245,0,0.13109091452012459,0,0.13109087649111947,0,0.13109083902090787,0
3151,0.12592933730532727,0,0.12592885394891104,0,0.12592886947095394,0,0.12592945418631038,0,0.12592928453038135,0,0.12592915988837677,0
3152,0.11078131548129022,0,0.1261283609395226,0,0.12612888605023423,0,0.09829806808071832,0,0.1058058908674866,0,0.1134285042838504,0
3153,0.11122726784863819,0,0.12592923315241933,0,0.12592924619093537,0,0.10036971973022446,0,0.11195179424248636,0,0.11508145223294072,0
3154,0.09142358306174476,0,0.09869125937499727,0,0.5570171855700513,1,0.09142362341905634,0,0.09142356583227713,0,0.18599584345162537,1
3155,0.13869503187015653,0,0.13869484063858786,0,0.13869484886527061,0,0.13869506244858107,0,0.13869500129173198,0,0.1386949570228656,0
3156,0.1262926886168619,0,0.12625303445383906,0,0.12625387109195194,0,0.12630449809754887,0,0.1262881870691975,0,0.12627845586587988,0
3157,0.1115131201998641,0,0.11146491525384288,0,0.11146443655403952,0,0.11150814383290708,0,0.1115080170178165,0,0.11149172657169401,0
3158,0.1186762716776381,0,0.5121657595348855,1,0.12600054452195764,0,0.11867520174322028,0,0.11867414174290995,0,0.19883838384412228,1
3159,0.08099202734107773,0,0.08842108010624845,0,0.5493177480529994,1,0.08099629466111462,0,0.08099118092407782,0,0.1761436662171036,1
3160,0.11704680587475498,0,0.13112971528122822,0,0.1311298212967813,0,0.12346716205744694,0,0.11704569573824604,0,0.12396384004969149,0
3161,0.12595798478772244,0,0.12595419896145663,0,0.12595428992062807,0,0.12595893333976468,0,0.12595757050439715,0,0.12595659550279378,0
3162,0.1311229116593798,0,0.13111941500877342,0,0.13111950534706315,0,0.13112380603949228,0,0.13112248511364064,0,0.13112162463366986,0
3163,0.1261388324201107,0,0.12609479327996573,0,0.1260954082633058,0,0.1261354636711379,0,0.12613383991022906,0,0.12611966750894985,0
3164,0.13869503450890383,0,0.13869484777872762,0,0.13869484731306633,0,0.13869506617387137,0,0.1386950146406889,0,0.1386949620830516,0
3165,0.11702729489964743,0,0.11702130828052759,0,0.11702136904932559,0,0.11702686819868784,0,0.1170266130939126,0,0.1170246907044202,0
3166,0.12592742840449014,0,0.12592717492952943,0,0.12592718144878745,0,0.12592748055855432,0,0.12592739596342048,0,0.12592733226095637,0
3167,0.13869539399941763,0,0.1386951575987041,0,0.13869516427318254,0,0.13869543063143888,0,0.13869536543885866,0,0.13869530238832034,0
3168,0.12881512936049452,0,0.1596700279818227,0,0.14331771751555303,0,0.12881514022592455,0,0.1288151283224579,0,0.13788662868125054,0
3169,0.12592729165529212,0,0.1259270329028368,0,0.12592704190562168,0,0.12592733154694238,0,0.1259272665095826,0,0.12592719290405513,0
3170,0.138695292485257,0,0.1386950626038015,0,0.1386950663290918,0,0.13869534324233732,0,0.13869527137527862,0,0.13869520720715325,0
3171,0.11702436131114761,0,0.13111218561728796,0,0.1311122487920026,0,0.11702399980276823,0,0.1170237495098263,0,0.12265930900660653,0
3172,0.09145358841245373,0,0.13111439223090807,0,0.13111444795504212,0,0.09145319539432724,0,0.09145291366924842,0,0.10731770753239592,0
3173,0.12594370683655143,0,0.12594030564650893,0,0.12594035236785808,0,0.12594359973445535,0,0.12594330093512932,0,0.12594225310410062,0
3174,0.1386948648529748,0,0.13869469799101353,0,0.1386947031132877,0,0.13869489760448536,0,0.1386948482443889,0,0.13869480236123005,0
3175,0.12592718036224446,0,0.12592694628983736,0,0.12592694768682122,0,0.12592722413440546,0,0.1259271496285995,0,0.12592708962038163,0
3176,0.13117795391008258,0,0.13116037954265872,0,0.1311605554074049,0,0.13117645618816218,0,0.1311760088428855,0,0.13117027077823878,0
3177,0.17508828453719616,0,0.1112370730843395,0,0.11123708084536095,0,0.15342254005372524,0,0.15008507606883845,0,0.14021401091789204,0
3178,0.1831837985664606,1,0.20222286072870096,0,0.19644505716860294,0,0.18318389045695463,0,0.18318392025927702,0,0.18964390543599924,1
3179,0.03472937953968843,0,0.11123646430981655,0,0.11123646430981655,0,0.06496603445460399,0,0.05502465864022573,0,0.07543860025083024,0
3180,0.1151847168803215,0,0.6776993829601755,1,0.14331739279441535,0,0.1151847168803215,0,0.1151847168803215,0,0.2333141852791111,1
3181,0.08862693995858233,0,0.8090792982062945,1,0.14331739279441535,0,0.08862693995858233,0,0.08862693995858233,0,0.2436555021752914,1
3182,0.08089028655861814,0,0.11123646493069828,0,0.11123646493069828,0,0.08089028655861814,0,0.08089028655861814,0,0.09302875790745019,0
3183,0.12881476128435074,0,0.12881476128435074,0,0.11833769688382745,0,0.12881476128435074,0,0.12881476128435074,0,0.1267193484042461,0
3184,0.07124108790109555,0,0.07124091871082783,0,0.07124091777950525,0,0.07124109286814928,0,0.07124107517302036,0,0.07124101848651966,0
3185,0.0738120765114824,0,0.11571905164358516,0,1.1271873566632469,1,0.07381207682192326,0,0.0738120765114824,0,0.29286852763034404,1
3186,0.10034244189349313,0,0.11123646648290257,0,0.11123646648290257,0,0.10034244189349313,0,0.10034244189349313,0,0.10470005172925692,0
3187,0.11518472471895318,0,0.14331739419139922,0,0.14331739419139922,0,0.11518472481596594,0,0.11518472468014807,0,0.12643779251957313,0
3188,0.26321063252786797,1,2.7749503856369606,1,0.14331827335990965,0,0.2632106188684702,0,0.2632106461872657,1,0.7415801113160948,1
3189,0.08089795134340723,0,0.08296687916542093,0,0.40496405749581754,1,0.08089781009281675,0,0.0808977740816772,0,0.14612489443582793,1
3190,0.10034244189349313,0,0.11123646524113913,0,0.11123646524113913,0,0.10034244189349313,0,0.10034244189349313,0,0.10470005123255152,0
3191,0.08862694663306077,0,0.08862694663306077,0,0.0610463204793632,0,0.08862694663306077,0,0.08862694663306077,0,0.08311082140232126,0
3192,0.0914220407915612,0,0.09709237647863726,0,0.37323315255343914,1,0.09142203939457734,0,0.09142204048112035,0,0.14891832993986706,1
3193,0.05972149036824703,0,0.05972149036824703,0,0.0336580720419685,1,0.05972149036824703,0,0.05972149036824703,0,0.05450880670299132,1
3194,0.16143186328311762,0,0.13870362068216005,0,0.13870364225779971,0,0.16941402480006218,0,0.16143208059171835,0,0.1539370463229716,0
3195,0.03954240990181764,0,0.03954240990181764,0,0.03954240803917249,0,0.039542398105065026,0,0.03954238258302212,0,0.03954240170617898,0
3196,0.03399747982621193,1,0.1433179530625542,0,0.1433179572535058,0,0.033997477342685066,0,0.033997478584448494,1,0.0777256692138811,1
3197,0.0485240388661623,0,0.14331807498820126,0,0.14331807397926846,0,0.030400521432360012,1,0.033997547502319016,1,0.07991165135366221,1
3198,0.10034286743029952,0,0.10034281135691951,0,0.10034281263748805,0,0.10034288182699432,0,0.10034286583929013,0,0.10034284781819831,0
3199,0.1614367930839459,0,2.4405241960970065,1,1.9716464451824625,1,0.1614367670069138,0,0.16143683902919292,0,0.9792962080799044,1
3200,0.08488218796749909,0,0.1112370229481409,0,0.11123702061983447,0,0.08121748237560193,0,0.07124077528715134,0,0.09196289783964555,0
3201,0.06395832138756911,0,0.14331863805030784,0,0.14331864736353359,0,0.03916826471686363,0,0.0373064341644446,0,0.08541406113654376,0
3202,0.04936356035371622,0,0.04936356097459793,0,0.04936356097459793,0,0.04936356035371622,0,0.04936356035371622,0,0.04936356060206891,0
3203,0.060901016307373844,0,0.060901016307373844,0,0.060901016307373844,0,0.060901016307373844,0,0.060901016307373844,0,0.060901016307373844,0
3204,0.09501088010923316,0,0.1112367514676104,0,0.11123675239893298,0,0.08624832693021744,0,0.08255847155426939,0,0.09725823649205267,0
3205,0.10195651770724605,0,0.1433177061068515,0,0.1433177089008192,0,0.10195652554587771,0,0.10195651270138721,0,0.11850099419243634,0
3206,0.09040425748874743,0,0.09036254948781182,0,0.3169183269298325,1,0.0904042577991883,0,0.09040425748874743,0,0.1356987298388655,1
3207,0.12881475973214643,0,0.2306938844267279,0,0.14331739294963577,0,0.12881475973214643,0,0.12881475973214643,0,0.15209111131456057,0
3208,0.07470047473907471,0,0.05081541479254762,0,0.9722010743959496,1,0.07470047473907471,0,0.07470047473907471,0,0.24942358268114426,1
3209,0.10034244189349313,0,0.1003424406517297,0,0.10357315201933186,0,0.10034244189349313,0,0.10034244189349313,0,0.10098858367030819,0
3210,0.12501798019123575,0,0.24096814900015792,0,0.239459371039023,0,0.12501798096733788,0,0.1250179789494723,0,0.17109629202944537,0
3211,0.07470499506841104,0,0.07470445955793063,0,0.06769883492961526,0,0.07470512576401234,0,0.07470494229346514,0,0.07330367152268688,0
3212,0.1250179944715152,0,0.24096814884493747,0,0.23945937398821115,0,0.12501799423868457,0,0.12501799423868457,0,0.17109630115640656,0
3213,0.11518472644578044,0,0.3437401443564643,1,0.31003387295641005,1,0.11518472695024684,0,0.11518472586370383,0,0.19986563931452112,1
3214,0.13869344598303238,0,0.13869344225774208,0,0.13869344225774208,0,0.13869344598303238,0,0.13869344303384423,0,0.13869344390307864,0
3215,0.05932396277785301,0,0.09049248214190204,0,0.08382604853250086,0,0.05932402362426122,0,0.059323942909638085,0,0.07045809199723105,0
3216,0.0610465561815848,0,0.14331778542449078,0,0.14331779535859823,0,0.06305526910970609,0,0.08862738807996114,0,0.0998729588308682,0
3217,0.04023728892207146,0,0.03117979442079862,1,1.280894100588436,1,0.04023729513088862,0,0.040237282713254295,0,0.2865571523550898,1
3218,0.1250179810449481,0,0.1250179783285906,0,0.12501797856142124,0,0.1250179820538809,0,0.12501798120016852,0,0.1250179802378019,0
3219,0.08712885327016313,0,1.1272033456092079,1,1.0282625180358689,1,0.08712884954487284,0,0.087128853580604,0,0.4833704840081433,1
3220,0.07124010318269332,0,0.11123646167106926,0,0.11123646167106926,0,0.07124010659754276,0,0.07124010318269332,0,0.08723864726101357,0
3221,0.07124010535577933,0,0.07124010318269332,0,0.08297166073073943,0,0.07124010473489761,0,0.07124010442445676,0,0.0735864156857133,0
3222,0.07470047970612843,0,0.07470047970612843,0,0.05755164877822002,0,0.07470047970612843,0,0.07470047970612843,0,0.07127071352054674,0
3223,0.11699654053275783,0,0.1310902152520915,0,0.13109021416554847,0,0.11699656606651843,0,0.11699653300456703,0,0.12263401380429666,0
3224,0.09040426711241405,0,0.11123646710378428,0,0.11123646710378428,0,0.08233640692196786,0,0.09040426602587104,0,0.09712357485356429,0
3225,0.12881476598461936,0,0.16317925004598996,0,0.1596698819193989,0,0.12881476598461936,0,0.12881476598461936,0,0.14185868598384938,0
3226,0.1003424438337485,0,0.11123646648290257,0,0.11123646648290257,0,0.1003424438337485,0,0.1003424438337485,0,0.10470005289341014,0
3227,0.11518472481596594,0,0.10393699483635525,0,0.3187375266570598,0,0.11518472559206809,0,0.11518472481596594,0,0.153645739343483,0
3228,0.0871307624814411,0,0.09654058325880517,0,0.6078602320825061,1,0.08713080765058596,0,0.08713073236867785,0,0.19315862356840324,1
3229,0.08089105707282822,0,0.37140499559851986,1,0.11123708022447924,0,0.08089106421296795,0,0.08089105070879062,0,0.14506304956351718,1
3230,0.11221562003872047,0,0.11615265867051978,0,0.32702265586704016,1,0.11221555042235802,0,0.11221539155424883,0,0.15596437531057744,1
3231,0.09142320711786549,0,1.2012328727481265,1,1.1255013084349532,1,0.09142324126635988,0,0.09142319485545158,0,0.5202007648845514,1
3232,0.12501943786628544,0,0.1605748562142253,0,0.13869472267106175,0,0.12501948272498944,0,0.12501941714435816,0,0.13486558332418402,0
3233,0.10195652985324462,0,0.1019564838691925,0,0.07988338940776885,0,0.10195654056345423,0,0.10195652364442746,0,0.09754189346761752,0
3234,0.06375974602997303,0,0.06375984164575736,0,0.05146322647730509,0,0.06375970381001632,0,0.06375977396965027,0,0.06130045838654041,0
3235,0.04285277364154657,0,0.042863644659519196,0,0.09485041939963897,0,0.04285357457896074,0,0.042853995536764465,0,0.05325488156328599,0
3236,0.08862775331363082,0,0.06305550535519917,0,0.6579624484293163,1,0.08862776029855013,0,0.08862774446606636,0,0.19738024237255253,1
3237,0.11858183595662315,0,0.12592531787231565,0,0.12592531787231565,0,0.11858183626706402,0,0.11858183626706402,0,0.12151922884707649,0
3238,0.10072522204912578,0,0.14331739419139922,0,0.14331739419139922,0,0.10393699545723696,0,0.09520221105776727,0,0.11729984338938568,0
3239,0.11518472481596594,0,0.11518472510700424,0,0.11518472510700424,0,0.11518472481596594,0,0.11518472489357616,0,0.1151847249479033,0
3240,0.10034244243676464,0,0.22887468175031245,0,0.11123647176039715,0,0.10034244057411949,0,0.10034244212632377,0,0.1282276957295835,0
3241,0.13869345374405384,0,0.13869344800089797,0,0.13869344800089797,0,0.13869345389927426,0,0.13869344862177968,0,0.13869345045338075,0
3242,0.11888971365988255,0,2.0681662762071937,1,1.6292269550419103,1,0.11888971365988255,0,0.11888971365988255,0,0.8108124744457503,1
3243,0.07872440417607625,0,0.0787244038656354,0,0.0787244038656354,0,0.07872440262387197,0,0.07872440417607625,0,0.07872440374145905,0
3244,0.11220633801228057,0,0.11220613816597809,0,0.10471019773588826,0,0.11220638162922114,0,0.11220631255613019,0,0.11070707361989965,0
3245,0.08862741058692336,0,0.08862735020617644,0,0.06305522945088644,0,0.08862741477787495,0,0.08862740236024062,0,0.08351296147642037,0
3246,0.04763277433812618,0,1.1427269085155178,1,0.11123692252052327,0,0.047632763783137,0,0.04763277371724447,0,0.27937242857490974,1
3247,0.05932378272215525,0,0.13869516644626856,0,0.1386951718789836,0,0.05932383922239145,0,0.05932375540335973,0,0.09107234313463171,0
3248,0.1386948140958945,0,0.13869463078056773,0,0.1386946397833526,0,0.13869484700262547,0,0.13869478786364198,0,0.13869474390521647,0
3249,0.10034244142783184,0,0.11123646524113913,0,0.11123646524113913,0,0.10034244189349313,0,0.10034244142783184,0,0.10470005104628702,0
3250,0.08862732288738091,0,0.1433177264407277,0,0.1433177264407277,0,0.0886273334423701,0,0.08862731978297234,0,0.11050348579883576,0
3251,0.0373061994711558,0,0.03730620009203752,0,0.03730620009203752,1,0.037306190778811775,0,0.0373061994711558,0,0.037306197981039686,1
3252,0.1387056871317327,0,0.13870430427292982,0,0.13870433097084364,0,0.13870602225263914,0,0.1387055084730188,0,0.13870517062023283,0
3253,0.03694362255434195,0,0.13109244654575983,0,0.13109245337545872,0,0.03694360703229904,0,0.036943601444363594,0,0.07460314619044463,0
3254,0.12881540024924712,0,0.12881528553649937,0,0.12881528805883136,0,0.12881540024924712,0,0.12881538691969277,0,0.12881535220270354,0
3255,0.04429465470214685,0,0.07550606476919104,0,0.0662235040217638,0,0.044294642905394234,0,0.044294493893782295,0,0.05492267205845565,0
3256,0.07470103198041518,0,0.1433178768493235,0,0.14331788088505468,0,0.07470105060686667,0,0.07470102452983458,0,0.10214777297029891,0
3257,0.036943210288882256,0,0.1310909348540008,0,0.13109094075237712,0,0.036943226431806885,0,0.036943187937140465,0,0.0746023000528415,0
3258,0.07470087986439466,0,1.2755371688399464,1,0.14331776175337532,0,0.07470088917762041,0,0.07470087613910437,0,0.32859151515488827,1
3259,0.04428895687063535,0,1.3366570360958576,1,1.1375674990316231,1,0.044288999711473785,0,0.0442889171342055,0,0.521418281768759,1
3260,0.08713081254002948,0,0.09654063968143116,0,0.6078602434135973,1,0.08713086834177375,0,0.08713078529884417,0,0.1931586698551352,1
3261,0.06525802084555228,0,0.5857626898214221,1,0.1310907630249858,0,0.06525806213418643,0,0.06525801153232653,0,0.18252550947169463,1
3262,0.11220628228814651,0,0.2315789326094091,0,0.13869482666874924,0,0.11220632769012202,0,0.11220626047967623,0,0.1413785259472206,0
3263,0.08862733747810125,0,0.08862728904932737,0,0.08862728935976823,0,0.08862736246859033,0,0.08862733064840238,0,0.0886273218008379,0
3264,0.11220637992179643,0,0.1122061760397628,0,0.11220618310229231,0,0.11220642330590636,0,0.11220635640590142,0,0.11220630375513185,0
3265,0.062460183476408325,0,0.06551469676196575,0,3.2613343397776284,1,0.06246011952559153,0,0.06246021141608556,0,0.702845910191536,1
3266,0.048828285187482834,0,1.3949166635672252,1,1.0852840763206284,1,0.04882827463249365,0,0.04882827587425709,0,0.5253371151164175,1
3267,0.041713085025548935,0,0.041713243971268334,0,0.06995701231062412,0,0.041713129729032516,0,0.041713119794925056,0,0.04736191816627979,0
3268,0.05030423030257225,0,0.04316647226611773,0,0.09376874193549156,0,0.0503042625884215,0,0.05030450721581777,0,0.05756964286168416,0
3269,0.08976133229831855,0,0.08976143163939317,0,0.08976141052941482,0,0.08976132112244765,0,0.08976133105655511,0,0.08976136532922586,0
3270,0.19610343438883623,0,1.8738871440291405,1,0.13869678229093552,0,0.19610339837769666,1,0.19610345922410488,1,0.5201788436621427,1
3271,0.0871319145274659,0,0.10360326268710196,0,1.353539590568592,1,0.08713195845484734,0,0.08713185864811142,0,0.3437077169772237,1
3272,0.04330475193758806,0,0.14331741568942866,0,0.14331741568942866,0,0.04259643362214168,0,0.04330475193758806,0,0.08316815377523501,0
3273,0.766468006807069,1,0.13109697991361222,0,0.131097003351897,0,0.6738083668363591,1,0.05424149272342523,0,0.3513423699264725,1
3274,0.05972205319752296,0,0.059721977139512696,0,0.059721979312598705,0,0.05972207927455505,0,0.05972204760958751,0,0.05972202730675539,0
3275,0.059322634090979896,0,1.231922523273776,1,1.0662148521902661,1,0.05932262788216273,0,0.05932262415687243,0,0.4952210523188114,1
3276,0.07381423873205979,0,0.13869535674651465,0,0.13869536264489093,0,0.07381430842603247,0,0.07381421405201156,0,0.0997666961203019,0
3277,0.09040483304609855,0,0.11123693245463073,0,0.11123693276507159,0,0.0904048434458673,0,0.09040482769099374,0,0.09873767388053237,0
3278,0.11888970620930195,0,0.14539465494453907,0,2.9621784878739468,1,0.11888970620930195,0,0.11888970620930195,0,0.6928484522892784,1
3279,0.07381207340707381,0,0.8006550688296556,1,0.1386934189746777,0,0.07381207340707381,0,0.07381207340707381,0,0.23215694160511094,1
3280,0.13869345917676887,0,0.13869345048442483,0,0.13869345048442483,0,0.13869346134985486,0,0.13869345917676887,0,0.13869345613444845,0
3281,0.05972149005780617,0,0.051628773721555866,0,1.2864394910478343,1,0.05972149005780617,0,0.05972149005780617,0,0.30344654698856177,1
3282,0.07470047473907471,0,0.07470047939568758,0,0.07470047939568758,0,0.07470047473907471,0,0.07470047473907471,0,0.07470047660171986,0
3283,0.10034244189349313,0,0.11123646648290257,0,0.11123646648290257,0,0.10034244429940979,0,0.10034244189349313,0,0.10470005221044025,0
3284,0.12881476489807633,0,0.23900466063059866,0,0.23868207222161195,0,0.12881476489807633,0,0.12881476489807633,0,0.1728262055092879,0
3285,0.03393025075395902,1,0.1310915034264326,0,0.13109150730694333,0,0.040982565842568874,0,0.03959900078674158,0,0.07533896562332908,1
3286,0.09040478539342682,0,0.08141509156363706,0,0.09036300296429545,0,0.09040479315444827,0,0.09040477639064193,0,0.08859848989328992,0
3287,0.1285178456455469,0,0.14680228382349014,0,1.5930482111871243,1,0.12851775996387005,0,0.12851786303023496,0,0.4250807927300532,1
3288,0.05436417584617933,0,0.05436420378585657,0,0.054364195093512535,0,0.05436418391764164,0,0.054364178950587906,0,0.0543641875187556,0
3289,0.09975188923999667,0,0.1386934189746777,0,0.1386934189746777,0,0.09975188970565796,0,0.09975188923999667,0,0.11532850122700133,0
3290,0.049363563458124794,0,0.11123646493069828,0,0.11123646493069828,0,0.049363563458124794,0,0.049363563458124794,0,0.07411272404715419,0
3291,0.4796070661395788,1,0.11123815062455833,0,0.11123815093499918,0,0.3893046161780755,1,0.3851628589133422,1,0.2953101685581108,1
3292,0.0584329596410195,0,0.1387178529985249,0,0.13871792486558357,0,0.08468990152080853,0,0.04171315518518289,0,0.09245435884222387,0
3293,0.05045600111285845,0,0.8712237734968463,1,0.6951252032692233,1,0.05045601290961107,0,0.05045597689847151,0,0.34354339353740215,1
3294,0.11123646679334342,0,0.11123646167106926,0,0.11123646167106926,0,0.11123646710378428,0,0.11123646679334342,0,0.11123646480652191,0
3295,0.12501939199864864,0,0.13869467424228787,0,0.13869467905412117,0,0.12501943026048443,0,0.1250193784168611,0,0.13048951079448062,0
3296,0.11123646679334342,0,0.11123646167106926,0,0.11123646167106926,0,0.11123646710378428,0,0.11123646679334342,0,0.11123646480652191,0
3297,0.11699674200887482,0,0.24279506240660945,0,0.23361464869230986,0,0.11699677770957351,0,0.11699673285086949,0,0.1654799927336474,0
3298,0.11123675162283082,0,0.11123670707456768,0,0.11123670691934724,0,0.11123676621355116,0,0.11123674308570723,0,0.11123673498320082,0
3299,0.10195654405591388,0,0.08363112768468757,0,0.4484755474453171,1,0.10195655387360603,0,0.10195654056345423,0,0.16759526272459577,1
3300,0.13108968377734223,0,0.13108968563998738,0,0.13108968563998738,0,0.13108968377734223,0,0.13108968377734223,0,0.13108968452240027,0
3301,0.060901071255405746,0,0.11123650109705825,0,0.1112365029597034,0,0.060901071255405746,0,0.060901071255405746,0,0.08103524356459577,0
3302,0.11699868591191868,0,0.11729834135621786,0,0.15443937837456664,0,0.11699870089069009,0,0.11699864097560446,0,0.12454674950179953,0
3303,0.09041170217096806,0,0.0968782101990655,0,0.2588503173707674,0,0.09041172785994907,0,0.09041161509230733,0,0.12539271453861148,0
3304,0.07124010100960732,0,0.07124010163048904,0,0.07512293414523204,0,0.07124010100960732,0,0.07124010100960732,0,0.0720166677609086,0
3305,0.08862694244210918,0,0.08862694244210918,0,0.06497951395188768,0,0.08862694244210918,0,0.08862694244210918,0,0.08389745674406487,0
3306,0.11123679896506171,0,0.11123675239893298,0,0.11123675301981469,0,0.11123681029615302,0,0.11123679166970153,0,0.11123678126993279,0
3307,0.0674184833963712,0,0.13869341757769385,0,0.13869341757769385,0,0.061145282816141844,0,0.08481741789728403,0,0.09815360385303695,0
3308,0.05981988149384657,0,0.1112364639993757,0,0.1112364639993757,0,1.0729978322827567,1,0.04720113364358743,0,0.2804983550837884,1
3309,0.07124012211958568,0,0.0712401211882631,0,0.0712401211882631,0,0.07124012211958568,0,0.07124012305090825,0,0.07124012193332116,0
3310,0.13869476489101848,0,0.13869460516919693,0,0.13869462084646025,0,0.13869479795296988,0,0.13869474114229283,0,0.1386947060003877,0
3311,0.03733541319767634,0,0.11123646384415527,0,0.11123646384415527,0,0.06676475827892621,0,0.04936356035371622,0,0.07518733190372585,0
3312,0.11220466380473226,0,0.12159717742664118,0,0.9942974384563664,1,0.11220466411517312,0,0.11220466380473226,0,0.29050172152152903,1
3313,0.12492082741421957,0,0.12592615264778337,0,0.12592615249256292,0,0.12233876289489369,0,0.11858275726748009,0,0.12353893054338794,0
3314,0.1039696794662935,0,0.13108966359868646,0,0.13108966359868646,0,0.1039696794662935,0,0.1039696794662935,0,0.11481767311925069,0
3315,0.1151847168803215,0,0.24340990069322288,0,0.14331739279441535,0,0.1151847168803215,0,0.1151847168803215,0,0.14645628882572054,0
3316,0.07470047660171986,0,0.04577051382511854,0,0.7626980792265385,1,0.07470047660171986,0,0.07470047660171986,0,0.20651400457136332,1
3317,0.1151847168803215,0,0.14331739279441535,0,0.14331739279441535,0,0.1151847168803215,0,0.1151847168803215,0,0.12643778724595905,0
3318,0.11699594922053318,0,0.11987761547788978,0,0.24279546085745096,0,0.11699594922053318,0,0.11699594922053318,0,0.14273218479938804,0
3319,0.12592531694099307,0,0.12592531632011136,0,0.12592531632011136,0,0.12592531787231565,0,0.12592531694099307,0,0.1259253168789049,0
3320,0.08363079217573006,0,0.14331739450184008,0,0.14331739450184008,0,0.08321953214666185,0,0.08171520168737818,0,0.10704006300269005,0
3321,0.12501797708682716,0,0.13869344225774208,0,0.13869344225774208,0,0.12501797801814973,0,0.1250179783285906,0,0.13048816358981033,0
3322,0.1288147641219742,0,0.14331739388095835,0,0.14331739388095835,0,0.12881476241454948,0,0.1288147641219742,0,0.13461581568408293,0
3323,0.10034244142783184,0,0.5119956670484195,1,0.11123646524113913,0,0.10034244189349313,0,0.10034244142783184,0,0.1848518914077431,1
3324,0.039515355601906776,0,1.4994882517494261,1,1.2235159004728,1,0.03951750695705414,0,0.03951726915935675,0,0.5683108567881088,1
3325,0.1250202648807317,0,0.1250199624337256,0,0.12501997244544327,0,0.125020312378183,0,0.12502023771715662,0,0.12502014997104804,0
3326,0.12609059425691763,0,0.14331900894952318,0,0.14331901407179734,0,0.12609056072930494,0,0.12609059177339077,0,0.13298195395618678,0
3327,0.13869473959008852,0,0.13869458374877772,0,0.13869458623230457,0,0.1386947720311582,0,0.13869472282628217,0,0.13869468088572223,0
3328,0.059721481365462147,0,0.14331739279441535,0,0.14331739279441535,0,0.059721481365462147,0,0.059721481365462147,0,0.09315984593704343,0
3329,0.07470047660171986,0,0.6288407476774106,1,0.14331739279441535,0,0.07470047660171986,0,0.07470047660171986,0,0.1992519140553971,1
3330,0.08089028780038159,0,0.6541880863563468,1,0.11123646648290257,0,0.08089028780038159,0,0.08089028811082244,0,0.20161908331016698,1
3331,0.0705908468614022,0,0.0705908474822839,0,0.0705908474822839,0,0.0705908468614022,0,0.0705908468614022,0,0.07059084710975488,0
3332,0.0705908468614022,0,0.12592532252892852,0,0.12592532252892852,0,0.0705908468614022,0,0.0705908468614022,0,0.09272463712841274,0
3333,0.07553479758401711,0,0.07553479758401711,0,0.05618381996949514,0,0.07553479758401711,0,0.07553479758401711,0,0.07166460206111272,0
3334,0.08351507596671581,0,0.08351507410407066,0,0.06186775350943208,0,0.08351507596671581,0,0.08351507596671581,0,0.07918561110273004,0
3335,0.0844676923006773,0,0.13108969060704112,0,0.13108969060704112,0,0.0844676923006773,0,0.0844676923006773,0,0.10311649162322283,0
3336,0.05910787358880043,0,0.05910787979761759,0,0.05910787979761759,0,0.05910787358880043,0,0.05910787358880043,0,0.059107876072327294,0
3337,0.08351507534583409,0,0.09246979304589331,0,1.4360033681926627,1,0.08351507534583409,0,0.08351507534583409,0,0.35580367745521163,1
3338,0.05045480467379093,0,0.590373442042619,1,0.13108969029660025,0,0.05045480405290922,0,0.05045480467379093,0,0.17456550914794206,1
3339,0.09593906564017136,0,0.12592833442613482,0,0.1259283476198713,0,0.15113073711593947,0,0.060591965758552156,0,0.11190369011213383,0
3340,0.047632758816083275,0,0.04763277806341648,0,0.044046095261971153,0,0.04763274391492208,0,0.047632746398448944,0,0.04691542449096839,0
3341,0.09142463281750679,0,0.13109184072042504,0,0.1310918410308659,0,0.09142466137806575,0,0.09142459168409307,0,0.1072915135261913,0
3342,0.037064324443538986,0,0.13109134370461106,0,0.13109134323894978,0,0.037064354245861374,0,0.03706431450943152,0,0.07467513602847856,0
3343,0.07872616313397884,0,0.13109120167791843,0,0.1310912063345313,0,0.09320775264253219,0,0.07872613985091448,0,0.10256849272797504,0
3344,0.044288769364356995,0,0.044288583720723786,0,0.044288577511906624,0,0.04428878240287304,0,0.044288733353217445,0,0.04428868927061558,0
3345,0.059721956650416054,0,1.1946694164847333,1,0.1433178341637055,0,0.05972196658452352,0,0.0597219526146849,0,0.3034306252996127,1
3346,0.11535698485871156,0,0.11535711027681828,0,0.14165396026025215,0,0.11535696871578693,0,0.11535698858400185,0,0.12061640253911417,0
3347,0.07381639614080389,0,0.08593862887937576,0,0.6959042766441902,1,0.07381641352549195,0,0.07381634305541714,0,0.2006584116490558,1
3348,0.04938310198485851,0,0.04596789491673311,0,1.5967391933469723,1,0.049383080253998436,0,0.04938310074309508,0,0.35817127424913153,1
3349,0.04381387308239937,0,0.057436720157663025,0,0.8451802832229683,1,0.04381389357149601,0,0.043813894813259445,0,0.2068117329695572,1
3350,0.1152432169765234,0,0.12215607427060604,0,1.9185442828262846,1,0.115244851137201,0,0.11524568436046441,0,0.47728682191421595,1
3351,0.11493154428899288,0,0.11694139304260413,0,0.11697058193385601,0,0.11515684487919013,0,0.11511184461414814,0,0.11582244175175826,0
3352,0.04372376762330532,0,1.9148682630620897,1,1.5807090384575229,1,0.04372375334302584,0,0.04372376762330532,0,0.7253497180218498,1
3353,0.07800230477005243,0,0.13109116489067674,0,0.1310911689264079,0,0.083946593105793,0,0.06788277517383297,0,0.09840280137335261,0
3354,0.11858391327162583,0,0.1259271102026105,0,0.12592712075759968,0,0.11858396565852065,0,0.1185838821499298,0,0.12152119840805728,0
3355,0.11194938040959339,0,0.12592709002395472,0,0.12592709685365358,0,0.11194943675460915,0,0.111949350607271,0,0.11754047092981637,0
3356,0.07872469692180555,0,0.07872468139976263,0,0.0844451534600618,0,0.0787246956800421,0,0.07872469257563353,0,0.07986878400746113,0
3357,0.11699793394654989,0,0.11987951925645272,0,0.24279441808660826,0,0.1169979371285687,0,0.11699791632903118,0,0.14273354494944215,0
3358,0.0886271462465326,0,0.1433175899243603,0,0.1433175893034786,0,0.08862714748829603,0,0.0886271473330756,0,0.11050332405914862,0
3359,0.1151847813744098,0,0.1433174479752779,0,0.1433174479752779,0,0.11518478044308722,0,0.11518477922072634,0,0.12643784739775582,0
3360,0.11220567669564237,0,0.11220563447568566,0,0.11220562446396798,0,0.1122056789463386,0,0.11220566637348384,0,0.11220565619102367,0
3361,0.060902259623010956,0,0.11123760347254574,0,0.11123759229667485,0,0.060902269557118416,0,0.06090225248287121,0,0.08103639548644424,0
3362,0.09040464841139813,0,0.09040459470512967,0,0.08141497964970767,0,0.09040465687091152,0,0.09040463933100303,0,0.08860670379363,0
3363,0.07470090749363105,0,0.04386290108474592,0,0.945120496985813,1,0.07470091991126537,0,0.07470089507599671,0,0.2426172241102904,1
3364,0.1310897239794334,0,0.1310897219615678,0,0.1310897219615678,0,0.1310897239794334,0,0.1310897239794334,0,0.13108972317228715,0
3365,0.07675493694841862,0,0.08548605597267549,0,1.1673760291111346,1,0.07663144016017516,0,0.07606267308195432,0,0.29646222705487163,1
3366,0.040906562780340515,0,0.04090652676920096,0,0.040906536703308426,0,0.040906558434168495,0,0.04090657395621141,0,0.04090655172864596,0
3367,0.1119505229095618,0,0.11195012542884797,0,0.12394018525568147,0,0.1119506115404268,0,0.11195047514047474,0,0.11434838405499854,0
3368,0.17469632509164512,0,0.18779064419989785,0,0.18750590179115534,0,0.1720293208830602,0,0.17514559461657578,0,0.17943355731646687,0
3369,0.10397073925317575,0,0.1096143137353162,0,0.11010650281483929,0,0.1039707653496104,0,0.10397072838774572,0,0.10632660990813747,0
3370,0.09901309773946802,0,0.12592717461908856,0,0.12592717772349715,0,0.09901315315316121,0,0.09901306871324778,0,0.10977873438969254,0
3371,0.1250179820538809,0,0.1386934438099464,0,0.13869344303384423,0,0.1250179820538809,0,0.1250179820538809,0,0.13048816660108667,0
3372,0.09180137530590098,0,1.1854027160443366,1,0.12592842243611813,0,0.09180145571008325,0,0.09180132097875078,0,0.31734705809503794,1
3373,0.04381357878446579,0,1.0109479519693803,1,0.1112380000607421,0,0.043813580026229225,0,0.04381359554827213,0,0.25072534127781787,1
3374,0.11220784427132457,0,0.11220738699194044,0,0.11220739708126833,0,0.11220788377492379,0,0.11220778971134375,0,0.11220766036616017,0
3375,0.0680056403313453,0,0.13869576761499047,0,0.13869578453401724,0,0.10074036893396017,0,0.05932441415886084,0,0.10109239511463482,0
3376,0.04090673476457596,0,0.04037693049758673,0,0.04322375419239203,0,0.040906750286618866,0,0.040906740352511406,0,0.041264182018736995,0
3377,0.0738143118408819,0,0.07381403710072239,0,0.07381405758981903,0,0.07381436073531707,0,0.0738142750536402,0,0.07381420846407612,0
3378,0.0597221531594793,0,0.05972205816457669,0,0.05972206313163042,0,0.05972216743975878,0,0.05972213794787725,0,0.05972211596866448,0
3379,0.0652584054817756,0,0.0652582257365187,0,0.0736166387796402,0,0.06525844459732373,0,0.06525839151193698,0,0.06693002122143904,0
3380,0.0380218718200922,0,0.14331810215177634,0,0.1433181099127978,0,0.038021874924500786,0,0.03802186995744705,0,0.08014036575332283,0
3381,0.05932418443262577,0,0.8693963955156505,1,0.7009708077336351,1,0.059324219822883606,0,0.059324140970905624,0,0.3496679496951401,1
3382,0.11220468468187998,0,0.1226101965488245,0,0.24861820011089245,0,0.1122046858460332,0,0.11220468561320256,0,0.14156849056016652,0
3383,0.09975190926343203,0,0.09975190895299117,0,0.12668082542950287,0,0.09975190934104224,0,0.09975191112607718,0,0.1051376928226091,0
3384,0.10195615922566503,0,0.38138565599607926,1,0.14331739388095835,0,0.10195615941969056,0,0.10195615887641907,0,0.16611430547976247,1
3385,0.0835150641699632,0,0.0893300602522989,0,0.07510168089841802,0,0.0835150641699632,0,0.0835150641699632,0,0.0829953867321213,0
3386,0.08712883867944281,0,0.9177003613052269,1,0.8187595210038126,1,0.08712883867944281,0,0.08712883852422237,0,0.3995692796384295,1
3387,0.12501798764181635,0,0.23897753236815333,0,0.13869346010809144,0,0.12501798725376526,0,0.1250179870209346,0,0.1505449908785522,0
3388,0.12881527278902163,0,0.1288152093232687,0,0.12881521094823256,0,0.12881528349438062,0,0.12881526739996238,0,0.1288152487909732,0
3389,0.12501797801814973,0,0.12501797801814973,0,0.13173131357568005,0,0.12501797708682716,0,0.1250179783285906,0,0.12636064500547944,0
3390,0.08862694942702849,0,0.7627140931629887,1,0.6622404508137455,1,0.08862694973746936,0,0.08862694942702849,0,0.3381670785136521,1
3391,0.09142207959666848,0,0.0914220754057169,0,0.09142207431917389,0,0.09142208114887278,0,0.0914220791310072,0,0.09142207792028785,0
3392,0.09142251498997211,0,0.5144267546323439,1,0.13109012739732862,0,0.0914225176287194,0,0.09142251033335924,0,0.18395688499634466,1
3393,0.08862701399872701,0,0.08862701089431842,0,0.08862701213608186,0,0.08862700685858727,0,0.08862701430916786,0,0.08862701163937649,0
3394,0.09040431119501591,0,0.09040431065174441,0,0.09588084439747036,0,0.09040431142784655,0,0.09040431127262612,0,0.09149961778894067,0
3395,0.09901101343954603,0,0.09901101685439546,0,0.09500438064181556,0,0.09901101343954603,0,0.09901101142168045,0,0.09820968715939671,0
3396,0.039599343513449035,0,0.0395993459969759,0,0.0395993459969759,0,0.03959935034314791,0,0.039599344755212464,0,0.03959934612115224,0
3397,0.09647125859434406,0,0.13869348571946225,0,0.13869348571946225,0,0.07494037846724193,0,0.07381215163817008,0,0.10452215202773611,0
3398,0.10557691069940726,0,0.12592536909505725,0,0.12592536909505725,0,0.10557691209639113,0,0.10557691116506855,0,0.11371629443019629,0
3399,0.43782292616864044,1,0.44948419369757175,1,4.832422061978529,1,0.4378229659050703,1,0.4378234017640352,1,1.3190751099027693,0
3400,0.3809733136246602,1,0.38097363772491616,1,0.3809736104061206,1,0.3809733086576064,1,0.3809733223170042,1,0.3809734385460615,0
3401,0.06375958522160848,0,0.0501231774687767,0,2.1765382013594112,1,0.06375958522160848,0,0.06375959950188796,0,0.4835880297546586,1
3402,0.06525800159821908,0,0.06525786314159632,0,0.08598520408850163,0,0.06525801246364911,0,0.06525797738383214,0,0.06940341173515965,0
3403,0.07872648506114881,0,0.07872621497760217,0,0.07872622491170962,0,0.07872651672611634,0,0.07872645525882642,0,0.07872637938708069,0
3404,0.10397130008398865,0,0.10397110865839447,0,0.10397111478960142,0,0.10397133582349245,0,0.10397127854715411,0,0.10397122758052621,0
3405,0.059721912567814193,0,0.14331777580082417,0,0.1433177667980393,0,0.046496093894044556,0,0.05972190387547016,0,0.09051509058723847,0
3406,0.03399749783178171,1,0.03399747361739477,0,0.03399747175474962,1,0.033997507145007454,0,0.03399750838677088,1,0.03399749174714088,1
3407,0.13893662579357624,0,0.222551009307305,0,1.9193140603601933,1,0.1389367369314035,0,0.13893706537783146,0,0.5117350995540619,1
3408,0.06243483908474445,0,0.13869659726818404,0,0.13869661247978607,0,0.04513558062414328,0,0.038153791800141335,0,0.08462348425139984,0
3409,0.05045688276489576,0,0.13109153183177114,0,0.13109153928235173,0,0.0504569069792827,0,0.05045685979227225,0,0.08271074413011473,0
3410,0.1122046858460332,0,0.43177268529931706,1,0.1386934413264195,0,0.11220468545798212,0,0.1122046858460332,0,0.181416036755157,1
3411,0.04882856706778208,0,0.04882864095270634,0,0.04882863909006119,0,0.04882854285339514,0,0.048828582589825,0,0.04882859451075395,0
3412,0.03954244156678518,0,0.06526369166870911,0,0.0370267778635025,1,0.039542483165860176,0,0.039542434737086296,0,0.04418356580038865,1
3413,0.11518508628554021,0,0.14331770859037837,0,0.14331770859037837,0,0.08666072093183175,0,0.11518508405424654,0,0.12073326169047505,0
3414,0.08862741524353623,0,0.08862735672543447,0,0.08862736293425162,0,0.08862742921337485,0,0.08862741229434808,0,0.08862739528218905,0
3415,0.11220468600125362,0,0.7082294036323825,1,0.6760559376950065,1,0.11220468623408426,0,0.11220468631169449,0,0.34417987997488425,1
3416,0.04381400408844153,0,0.04381401650607586,0,0.04381401650607586,0,0.04381400408844153,0,0.04381400408844153,0,0.043814009055495255,0
3417,0.1151847525422151,0,0.11518475013629843,0,0.11518474916617076,0,0.1151847525422151,0,0.11518475180491805,0,0.1151847512383635,0
3418,0.10277860906595986,0,0.10027178780486186,0,0.10012210952118039,0,0.1026306018854181,0,0.1024259643163532,0,0.10164581451875469,0
3419,0.05045646180709203,0,0.05045627740522226,0,0.07197242478529613,0,0.05045649657646815,0,0.050456453735629715,0,0.05475962286194166,0
3420,0.04882844351232052,0,0.048828570172190666,0,0.03994726606955131,0,0.048828418677051864,0,0.04882845965524515,0,0.04705223161727191,0
3421,0.06525829123953979,0,0.7664881682333847,1,0.6237734678822259,1,0.06525833221773307,0,0.06525827509661515,0,0.3172073069338997,1
3422,0.09180077149843176,0,0.04421762749552727,0,0.579197580460459,1,0.0918008335866034,0,0.09180072679494818,0,0.17976350796719393,1
3423,0.09143003743762772,0,0.09142867056652904,0,0.09115514624863863,0,0.09143000716964404,0,0.09142988407984376,0,0.09137474910045665,0
3424,0.05046618605653445,0,0.131099379931887,0,0.13109940274929008,0,0.05046611465513706,0,0.05046596936881542,0,0.08271941055233281,0
3425,0.09142800777529676,0,0.09142699930816889,0,0.10816121410850126,0,0.09142799333979686,0,0.09142789461960395,0,0.09477442183027354,0
3426,0.13109312998130918,0,0.1310927364975214,0,0.13109275388220945,0,0.13109319858873883,0,0.13109308294951916,0,0.13109298037985959,0
3427,0.09040425787679851,0,0.3000527147669345,0,0.1112364554622521,0,0.09040425810962915,0,0.09040425787679851,0,0.13650038881848256,0
3428,0.11518471975189944,0,0.1151847190534075,0,0.1151847190534075,0,0.11518471975189944,0,0.11518471975189944,0,0.11518471947250267,0
3429,0.11132067822230358,0,0.11130140822691222,0,0.11130159107657771,0,0.11131861999941368,0,0.30011891985001665,1,0.14907224347504475,1
3430,0.07872440076122682,0,0.09149789476456742,0,0.10530762700363994,0,0.07872440076122682,0,0.07872440076122682,0,0.08659574481037757,0
3431,0.07872440076122682,0,0.13108969060704112,0,0.13108969060704112,0,0.07872440138210852,0,0.07872440076122682,0,0.09967051682372888,0
3432,0.05045481647054354,0,1.550663616353025,1,1.3747801937473316,1,0.05045481647054354,0,0.050454809640844665,0,0.6153616505364576,1
3433,0.1343932350864634,0,0.1386934525022904,0,0.13869345281273127,0,0.131731332357352,0,0.1250179837613056,0,0.13370589130402852,0
3434,0.13869409170001745,0,0.1386940653125445,0,0.13869405801718435,0,0.1386940977536142,0,0.1386940823867917,0,0.13869407903403044,0
3435,0.11518502974649891,0,0.3437400845189889,1,0.3100339521964391,1,0.11518502980470657,0,0.11518502621523415,0,0.19986582449637352,1
3436,0.09040437204142411,0,0.08851629573230942,0,0.0862761209718883,0,0.09040437266230583,0,0.0904043704116096,0,0.08920110636390745,0
3437,0.6764490262915691,1,3.5867292014105865,1,2.6789571701083332,1,0.6764490238080422,1,0.6764490262915691,1,1.6590066895820201,0
3438,0.0676139531036218,0,0.06761400029063225,0,0.08714908299346764,0,0.06761392205953598,0,0.06761395558714867,0,0.07152098280688127,0
3439,0.11699595123839875,0,0.1198776182718575,0,0.24279546085745096,0,0.11699595170406003,0,0.11699594906531274,0,0.14273218622741599,0
3440,0.1483819093555212,0,0.1310911818097035,0,0.13109119034682712,0,0.1483818981796503,0,0.14838191804786524,0,0.14146561954791348,0
3441,0.1169975521042943,0,0.12234573004146417,0,0.11729744891636074,0,0.11699759036613007,0,0.11699752882122993,0,0.11812717004989584,0
3442,0.1039715457203177,0,0.10397130640922114,0,0.103971311240457,0,0.1039715800434351,0,0.10397151944926009,0,0.10397145257253819,0
3443,0.1039697008091025,0,0.13108969340100884,0,0.13108969340100884,0,0.103969701352374,0,0.1039697007702974,0,0.11481769794675831,0
3444,0.1039697005180642,0,0.11467046570032835,0,0.10449600749416277,0,0.10396970148819189,0,0.10396969898526247,0,0.10621511483720195,0
3445,0.04090631939470768,0,0.06617208818594615,0,0.9001361317932606,1,0.04090631939470768,0,0.040906316911180816,0,0.21780543513596057,1
3446,0.05972149005780617,0,0.06033492429802815,0,0.09159668410817783,0,0.05972149005780617,0,0.05972149005780617,0,0.0662192157159249,0
3447,0.07381211842099826,0,0.13869345436493555,0,0.13869345436493555,0,0.07381212276717027,0,0.07381211842099826,0,0.09976465366780758,0
3448,0.07873035470644633,0,0.07872935167203347,0,0.0868748549837619,0,0.07873033328602712,0,0.07873024356861909,0,0.08035902764337757,0
3449,0.1338663231775475,0,0.1178305505309254,0,0.12376895407214761,0,0.13220612805647156,0,0.13235266122501343,0,0.12800492341242112,0
3450,0.10396969318389893,0,0.3475309483086069,1,0.3049662842725714,0,0.10396969318389893,0,0.10396969318389893,0,0.19288126242657502,1
3451,0.1387233550970753,0,0.13872006830448905,0,0.13872013753280044,0,0.13872420694679022,0,0.13872294391815862,0,0.13872214235986274,0
3452,0.1065620045022418,0,0.14331837991873422,0,0.14331838628277183,0,0.10990070501187195,0,0.1288158762229917,0,0.1263830703877223,0
3453,0.11858183626706402,0,0.1259253181827565,0,0.1259253181827565,0,0.11858183812970917,0,0.11858183626706402,0,0.12151922940587005,0
3454,0.10397086042212322,0,0.24248282006010413,0,0.13109068060293794,0,0.10397088960356389,0,0.10397084678212802,0,0.13709721949417145,0
3455,0.11699699346596996,0,0.11699687231642504,0,0.11905097414273769,0,0.11699702769207458,0,0.11699698267815013,0,0.11740777005907148,0
3456,0.5714669829855362,1,0.13108969060704112,0,0.13108969340100884,0,0.578967190037171,1,0.5572522860020399,1,0.3939731686065594,1
3457,0.11123704079849024,0,0.11123696753444771,0,0.111236966913566,0,0.11123705507876973,0,0.11123703350313008,0,0.11123701276568077,0
3458,0.04882929908732573,0,0.13108969060704112,0,0.13108969060704112,0,0.04882929908732573,0,0.04882929908732573,0,0.08173345569521188,0
3459,0.11196983939347167,0,0.30586798846100766,0,0.12594396683077017,0,0.11196998537828524,0,0.1119694218893225,0,0.15354424039057143,0
3460,0.043306867281595864,0,0.14331925140383342,0,0.14331924938596785,0,0.043306845550735794,0,0.043306817611058555,0,0.08331180624663828,0
3461,0.3009255137294531,1,0.14332871977239847,0,0.14332875508504608,0,0.30092559692760307,1,0.30092561307052773,1,0.2378868397170057,1
3462,0.10559462460999687,0,0.0825087486106592,0,0.5577686210162938,1,0.1055945351254195,0,0.10559424843328695,0,0.19141215555913124,1
3463,0.14837783388793468,0,0.14837861992418766,0,0.15304188740750155,0,0.14837782892088094,0,0.1483779021849235,0,0.14931081446508568,0
3464,0.08089106110855937,0,0.11123708069014053,0,0.11123708922726412,0,0.06892439602718999,0,0.08089104946702719,0,0.09063613530403623,0
3465,0.09040760691277683,0,0.09291257251364489,0,0.08276689875250061,0,0.09040755871683359,0,0.0904075304667155,0,0.08938043347249428,0
3466,0.07124223560094833,0,0.06280207028612494,0,0.0658719443405668,0,0.07124221945802371,0,0.0712421949331959,0,0.06848013292377195,0
3467,0.04428822547197342,0,0.04428810626268387,0,0.04907988912115494,0,0.04428826334575812,0,0.044288210570812225,0,0.045246538954476515,0
3468,0.06375994409124057,0,1.6267878933188815,1,0.13109134354939064,0,0.06375992298126221,0,0.06375996271769206,0,0.3898318133316934,1
3469,0.04936404464145502,0,0.11123686927991609,0,0.11123687440219025,0,0.06485152166957657,0,0.0493640365699927,0,0.07721066931262613,0
3470,0.03707179054617882,0,0.04264452991386255,0,0.05271927764018377,0,0.037071759502092995,0,0.03707161297400793,0,0.04131579411526522,0
3471,0.03731626272201538,0,0.1433612088828037,0,0.14336133220543465,0,0.03731629314521948,0,0.03731608887513479,0,0.0797342371661216,0
3472,0.042899250984191895,0,1.9115122837635379,1,0.13870675892879566,0,0.04289929692943891,0,0.04289941117167473,0,0.4357834003555278,1
3473,0.08091313329835732,0,0.11125741146194439,0,0.11125724630740781,0,0.08091321013246973,0,0.08091286694010098,0,0.09305077362805604,0
3474,0.06549803726375103,0,0.045892415568232536,0,0.07264444169898827,0,0.06549801242848237,0,0.06549780381222566,0,0.06300614215433596,0
3475,0.04381351421276728,0,0.04381360858678818,0,0.025518434743086498,1,0.0438135185589393,0,0.04381351172924042,0,0.04015451756616433,1
3476,0.043813549603025116,0,0.11123806866817176,0,0.11123807441132764,0,0.04381356264154116,0,0.04381356077889601,0,0.07078336322059234,0
3477,0.17154858137170473,0,2.982239197473973,1,2.406022263225168,1,0.1715485000361999,0,0.17154869064688683,0,1.1805814465507862,1
3478,0.08713787708741923,0,0.08713628506908815,0,0.09388395709296067,0,0.08713784216282268,0,0.08713769299599032,0,0.0884867308816562,0
3479,0.053933524837096534,0,0.1310934592038393,0,0.13109346075604358,0,0.051157793340583645,0,0.03694385848939419,0,0.08084441932539145,0
3480,0.07553819256524245,0,0.12593031954020262,0,0.12593035027384758,0,0.07553824037313461,0,0.07553814227382342,0,0.09569504900525014,0
3481,0.13869341928511858,0,0.1386934189746777,0,0.1386934189746777,0,0.13869341928511858,0,0.13869341928511858,0,0.13869341916094222,0
3482,0.06548904627561569,0,0.054468108961979546,0,1.2456259042955935,1,0.06548904689649741,0,0.06548904627561569,0,0.2993122305410604,1
3483,0.04686048813164234,0,0.12592532159760594,0,0.12592532159760594,0,0.04686048813164234,0,0.04686048813164234,0,0.07848642151802779,0
3484,0.11123646648290257,0,0.11123646648290257,0,0.11123646648290257,0,0.11123646648290257,0,0.11123646648290257,0,0.11123646648290257,0
3485,0.12881506515744454,0,0.1288150322458629,0,0.11460471727574865,0,0.1288150688778842,0,0.1288150585605763,0,0.12597298842350332,0
3486,0.12881506515744454,0,0.14331765201253197,0,0.14331765729002655,0,0.12783524945067862,0,0.12881505778447414,0,0.13442013633903116,0
3487,0.09142557950690389,0,0.09142502676695585,0,0.09709536284208298,0,0.09142559099321564,0,0.0914255166426301,0,0.0925594153503577,0
3488,0.09142745394880573,0,0.1310940571129322,0,0.1310940746528407,0,0.09142744339381655,0,0.09142735165854295,0,0.10729407615338762,0
3489,0.09902826448281606,0,0.47784738382324576,1,0.3650286414970954,1,0.0990281846995155,0,0.09902789412687223,0,0.22799207372590904,1
3490,0.10195723661066343,0,0.14331827273902795,0,0.1433182704107215,0,0.10195723556292553,0,0.10195721709169447,0,0.11850164648300657,0
3491,0.13869490303720036,0,0.13869484281167388,0,0.1386948322566847,0,0.13869490676249066,0,0.13869488084067902,0,0.13869487314174572,0
3492,0.04290631599724293,0,0.042906484877069793,0,0.0429064699759086,0,0.04290627998610338,0,0.04290631599724293,0,0.04290637336671353,0
3493,0.04428826210399469,0,0.13869512096668282,0,0.13869511724139252,0,0.044288273279865585,0,0.04428824596107006,0,0.08205100391060113,0
3494,0.05436389831205209,0,0.11123760517997046,0,0.11123761371709406,0,0.05436389707028866,0,0.05436390203734239,0,0.07711338326334952,0
3495,0.10034243661599855,0,0.11123645530703168,0,0.11123645530703168,0,0.09518370234097044,0,0.10034243661599855,0,0.10366829723740618,0
3496,0.09040425857529044,0,0.09040425973944366,0,0.08141464305420716,0,0.09040425896334152,0,0.09040425857529044,0,0.08860633578151464,0
3497,0.10034276413110395,0,0.10034272260963917,0,0.1003427217559268,0,0.10034277103841305,0,0.10034275349850456,0,0.10034274660671749,0
3498,0.10034277173690498,0,0.10034273060349126,0,0.10034272936172783,0,0.10034277887704472,0,0.10034276645941038,0,0.10034275540771584,0
3499,0.11467157901885609,0,0.13109064614400268,0,0.13109064924841127,0,0.1081822620665965,0,0.10397079683995496,0,0.11780118666356429,0
3500,0.11220738404275228,0,0.1122070635125662,0,0.11331950419116765,0,0.1122074545128271,0,0.11220734616896759,0,0.11242975048565615,0
3501,0.07872569529960553,0,0.13109080338229737,0,0.13109080928067365,0,0.09149919667591651,0,0.0787256754313906,0,0.10222643601397671,0
3502,0.0914230792162319,0,0.13109057893355688,0,0.1310905780022343,0,0.09142310700068872,0,0.09142306695381801,0,0.10729008202130597,0
3503,0.13108968595042825,0,0.13108968579520783,0,0.13108968579520783,0,0.13108968595042825,0,0.13108968595042825,0,0.13108968588834008,0
3504,0.1386936861090362,0,0.13869366825868687,0,0.13869367182875672,0,0.13869368750602007,0,0.1386936758644879,0,0.13869367791339754,0
3505,0.07872442280252774,0,0.6024702942619721,1,0.13108969697107872,0,0.07872442311296861,0,0.07872442280252774,0,0.193946651990215,1
3506,0.12501801922917366,0,0.2409681361168623,0,0.23945937817916274,0,0.12501801930678388,0,0.1250180204709371,0,0.17109631466058395,0
3507,0.1288147845431619,0,0.23900465480983257,0,0.2386820853377382,0,0.12881478485360276,0,0.12881478268051674,0,0.17282621844497043,0
3508,0.1019561745148773,0,0.14331741041193405,0,0.14331741041193405,0,0.1019561745148773,0,0.10195617276864748,0,0.11850066852445404,0
3509,0.11220465790635596,0,0.1386934189746777,0,0.1386934189746777,0,0.11331709544174373,0,0.11220465790635596,0,0.12302264984076221,0
3510,0.12501944539447626,0,0.12501926813274622,0,0.12501927410873273,0,0.12501948435480395,0,0.12501941745479903,0,0.12501937788911163,0
3511,0.05045595020055771,0,0.050455800568064056,0,0.07570532243698835,0,0.050455980002880096,0,0.05045594026645025,0,0.0555057986949881,0
3512,0.09975189397421975,0,0.09975189350855847,0,0.09975189350855847,0,0.09975189397421975,0,0.09975189405182998,0,0.09975189380347729,0
3513,0.08351507596671581,0,0.12592532159760594,0,0.12592532159760594,0,0.08351507596671581,0,0.08351507596671581,0,0.10047917421907186,0
3514,0.09179788439845045,0,0.12592532252892852,0,0.12592532252892852,0,0.09179788936550419,0,0.09179788439845045,0,0.10544886064405243,0
3515,0.09521161345764995,0,0.13444790337234735,0,0.1344575835391879,0,0.10786993273844321,0,0.09517235510672133,0,0.11343187764286995,0
3516,0.023939740223189194,1,0.14331739388095835,0,0.14331739388095835,0,0.021942016668617725,1,0.04868771508336067,0,0.07624085194741685,1
3517,0.10397087887395173,0,0.13109069891894856,0,0.13109070233379802,0,0.1039709088508971,0,0.10397086265341689,0,0.11481881032620248,0
3518,0.08713072321067254,0,0.09654055392214407,0,0.6078602289780974,1,0.08713077032007277,0,0.08713068851890664,0,0.19315859298997867,1
3519,0.1112367392051965,0,0.11123670334927738,0,0.11123670179707308,0,0.11123674339614809,0,0.11123673936041693,0,0.1112367254216224,0
3520,0.09975352825131267,0,0.8129642688048383,1,0.747408245379726,1,0.09975357272196561,0,0.0997535054339096,0,0.3719266241183504,1
3521,0.1169972657226026,0,0.2336147578122715,0,0.13109082713102302,0,0.1169973008800298,0,0.11699724507828553,0,0.1431394793248425,0
3522,0.1250194233531753,0,0.24096775349850455,0,0.23945996134231487,0,0.12501946541791162,0,0.12501940426106253,0,0.1710972015745938,0
3523,0.14370738714933395,0,0.12592729941631356,0,0.12592730562513074,0,0.052260717105430864,0,0.10486681417872508,0,0.11053790469498684,0
3524,0.09142313913131754,0,0.09709334753764172,0,0.3732328633777797,1,0.09142317312459151,0,0.0914231267136832,0,0.14891912997700274,1
3525,0.08713080314919353,0,0.7126117277269562,1,0.1386951718789836,0,0.08713085173318784,0,0.08713076667239268,0,0.22253986423214278,1
3526,0.050175368785858154,0,0.13109777867794037,0,0.13109779994313916,0,0.052940199772516884,0,0.03694499532381693,0,0.08045122850065431,0
3527,0.13869476659844318,0,0.138694625813514,0,0.1386946264343957,0,0.13869480524833003,0,0.13869474983463684,0,0.13869471478586393,0
3528,0.09142319889118274,0,0.09759859244028728,0,0.4522658676529924,1,0.09142322714130084,0,0.09142318041995168,0,0.164826813309143,1
3529,0.0369434958944718,0,0.13109197778006396,0,0.13109199112902084,0,0.036943502724170685,0,0.03694347416361173,0,0.0746028883382678,0
3530,0.12501939479261637,0,0.13869467424228787,0,0.13869467719147602,0,0.1250194291739414,0,0.1250193752348423,0,0.13048951012703278,0
3531,0.11518505663843825,0,0.11518501519458368,0,0.09215058689005673,0,0.11518506593226145,0,0.11518505161317687,0,0.1105781552537034,0
3532,0.04330514123042425,0,0.042596676076451935,0,0.05163999026020368,0,0.043305146818359695,0,0.04330514185130596,0,0.04483041924734911,0
3533,0.09975657394776742,0,0.1050470091868192,0,0.5198170146904886,1,0.0997567583496372,0,0.09975651667142908,0,0.1848267745692283,1
3534,0.1259253203558425,0,0.12592531880363822,0,0.12592531880363822,0,0.1259253203558425,0,0.1259253203558425,0,0.12592531973496077,0
3535,0.09182296646758914,0,0.1259458277684947,0,0.12594590972488126,0,0.09182277461513877,0,0.0918224200916787,0,0.10547197973355651,0
3536,0.04428829376896223,0,0.13869522791355848,0,0.1386952392446498,0,0.08930440433323383,0,0.04428828569749991,0,0.09105429019158086,0
3537,0.07872454635798931,0,0.07872453859696786,0,0.09320611149693529,0,0.07872454635798931,0,0.07872454325358073,0,0.08162085721269251,0
3538,0.12153245147783309,0,0.8179966448806226,1,0.16743259706224004,0,0.12094145823114862,0,0.12091508853094031,0,0.26976364803655695,1
3539,0.23183185323917618,0,0.23485582236511013,0,0.5261760000139475,1,0.23186060534014055,0,0.2304424054455012,0,0.29103333728077513,1
3540,0.0685148797929287,0,0.07226351834833622,0,3.0821287838431695,1,0.06851478852331638,0,0.06851488103469212,0,0.6719873703084887,1
3541,0.049364189306894936,0,0.03435866100092729,0,0.05506012092034022,0,0.0493642029662927,0,0.049364191790421806,0,0.04750227319697539,0
3542,0.10397141748884071,0,0.10397120646666735,0,0.11467198049649596,0,0.10397145070601255,0,0.10397139183866481,0,0.10611148939933628,0
3543,0.04936404464145502,0,0.04936397075653076,0,0.06419223360717297,0,0.04936405519644419,0,0.049364032223820686,0,0.05232966728508472,0
3544,0.07872442031900088,0,0.0955224223046874,0,0.843153421767056,1,0.07872441969811916,0,0.07872441938767831,0,0.23496982069530836,1
3545,0.04090632932881514,0,0.040906328707933426,0,0.040906328707933426,0,0.04090632932881514,0,0.04090632932881514,0,0.04090632908046245,0
3546,0.08862694942702849,0,0.14331739915845296,0,0.14331739915845296,0,0.06635920788782339,0,0.08862694942702849,0,0.10604958101175725,0
3547,0.09142493301381667,0,0.09142449731007218,0,0.09760002419352531,0,0.09142495055372517,0,0.0914248834984998,0,0.09265985771392783,0
3548,0.055485360945264496,0,0.1433178692435225,0,0.1433178692435225,0,0.07835603505373001,0,0.10673139927287896,0,0.1054417067517837,0
3549,0.11123651646388073,0,0.11123651273859043,0,0.11123651211770873,0,0.11123651646388073,0,0.11123651429079473,0,0.11123651441497107,0
3550,0.08862697860846917,0,0.0886269761249423,0,0.06646862098326285,0,0.08862697860846917,0,0.08862697798758745,0,0.0841953064625462,0
3551,0.11756342719309032,0,0.131091116151462,0,0.1310911251542469,0,0.11987931731467445,0,0.11699759804954131,0,0.12332451677260299,0
3552,0.11460480598422389,0,0.14331880087653795,0,0.14331879513338208,0,0.11833920096978545,0,0.1288162345639042,0,0.1296795675055667,0
3553,0.1386956158094108,0,0.13869535891960064,0,0.13869536311055222,0,0.1386956707574427,0,0.13869558398922285,0,0.13869551851724585,0
3554,0.07872440076122682,0,0.07872440262387197,0,0.08923504625757535,0,0.07872440076122682,0,0.07872440076122682,0,0.08082653023302556,0
3555,0.09179788439845045,0,0.09179788470889132,0,0.09179788470889132,0,0.09179788439845045,0,0.09179788439845045,0,0.0917978845226268,0
3556,0.11699594906531274,0,0.11987761547788978,0,0.24279546085745096,0,0.11699595123839875,0,0.11699594922053318,0,0.14273218517191708,0
3557,0.13173131248913705,0,0.1386934413264195,0,0.1386934413264195,0,0.1301228949256862,0,0.1343932233285159,0,0.13472686267923561,0
3558,0.10323531733592972,0,0.3212866492879887,0,0.12311148814236124,0,0.10328274965286255,0,0.1030930436293905,0,0.15080184960970655,0
3559,0.13870562193915248,0,0.13870330791299543,0,0.13870333010951677,0,0.13870548410341144,0,0.13870534781987467,0,0.13870461837699016,0
3560,0.11858243681490421,0,0.1185823791505148,0,0.12233834457583725,0,0.11858247220516205,0,0.11858243386571606,0,0.11933361332242687,0
3561,0.11858434750077625,0,0.11858404606270294,0,0.11858405165063839,0,0.11858442177375157,0,0.11858431606863935,0,0.11858423661130171,0
3562,0.04428836703300476,0,0.9741319306194782,1,0.772322540016224,1,0.04428840366502603,0,0.04428837882975737,0,0.3758639240326981,1
3563,0.06525902853657801,0,0.131091616426905,0,0.13109162915498018,0,0.0821825113768379,0,0.06525900432219107,0,0.09497675796349844,0
3564,0.09901454299688339,0,0.0990140838548541,0,0.09901409906645615,0,0.09901462743679683,0,0.09901450139780839,0,0.09901437095055977,0
3565,0.048828365902105965,0,0.13109151801715294,0,0.13109152081112066,0,0.048828357830643654,0,0.04882839694619179,0,0.081733631901443,0
3566,0.036943270514408745,0,0.03694323574503263,0,0.03694323884944121,1,0.036943270514408745,0,0.03694326182206472,0,0.03694325548907121,1
3567,0.09180074169610937,0,0.7887005675584078,1,0.12592787280057868,0,0.09180081992720564,0,0.09180070102835695,0,0.2380061406021317,1
3568,0.1259282696992159,0,0.12592791688318053,0,0.1259279220054547,0,0.125928342808038,0,0.12592823011800647,0,0.1259281363027791,0
3569,0.037063981095949806,0,0.037063981095949806,0,0.04366856347769499,0,0.037063981095949806,0,0.037063981095949806,0,0.03838489757229884,0
3570,0.07470047660171986,0,0.05375960818491876,0,0.06716044790421923,0,0.07470047660171986,0,0.07470047660171986,0,0.0690042971788595,0
3571,0.2681312176088492,1,0.26468042423948646,0,0.2970406903574864,0,0.26841695544620353,1,0.26666925847530365,1,0.2729877092254659,1
3572,0.11123727782008548,0,0.11123716683747868,0,0.11123716932100554,0,0.11123729582565527,0,0.11123726664421459,0,0.11123723528968792,0
3573,0.1250179805792868,0,0.13439322670456022,0,0.13012289585700879,0,0.1250179805792868,0,0.1250179805792868,0,0.12791401285988588,0
3574,0.12881476551895807,0,0.23868207222161195,0,0.14331739419139922,0,0.12881476551895807,0,0.12881476551895807,0,0.1536887525939771,0
3575,0.11220468522515148,0,0.11220468475949019,0,0.11220468475949019,0,0.11220468631169449,0,0.11220468522515148,0,0.11220468525619558,0
3576,0.11123646648290257,0,0.11123646648290257,0,0.1112364661724617,0,0.11123646648290257,0,0.11123646648290257,0,0.11123646642081439,0
3577,0.0747004843627413,0,0.06040304650863012,0,0.04543675947934389,0,0.0747004843627413,0,0.0747004843627413,0,0.06598825181523958,0
3578,0.13108969278012714,0,0.13108969060704112,0,0.13108969060704112,0,0.13108969278012714,0,0.13108969340100884,0,0.1310896920350691,0
3579,0.05045480405290922,0,0.07189931782583396,0,0.9880605419166386,1,0.05045480405290922,0,0.05045480467379093,0,0.24226485450441637,1
3580,0.11858186032623053,0,0.12592532066628337,0,0.12592532066628337,0,0.11858186149038374,0,0.11858186032623053,0,0.12151924469508231,0
3581,0.09040426028271516,0,0.0904042583424598,0,0.09040425950661302,0,0.09040426129164796,0,0.09040426028271516,0,0.09040425994123022,0
3582,0.13109415117651224,0,0.13109365586812297,0,0.13109366782009602,0,0.13109425750250617,0,0.1310940932792922,0,0.1310939651293059,0
3583,0.13869344598303238,0,0.13869344101597866,0,0.13869344101597866,0,0.1386934470695754,0,0.13869344598303238,0,0.1386934442135195,0
3584,0.12501797801814973,0,0.13012289554656795,0,0.16057455663879713,0,0.12501798120016852,0,0.12501797708682716,0,0.13315027769810212,0
3585,0.1250179783285906,0,0.23945936715851227,0,0.13869344225774208,0,0.1250179783285906,0,0.12501797856142124,0,0.15064134892697137,0
3586,0.11123646648290257,0,0.11123646524113913,0,0.11123646524113913,0,0.11123646648290257,0,0.1112364661724617,0,0.11123646592410903,0
3587,0.13869344598303238,0,0.13869344225774208,0,0.13869344225774208,0,0.13869344598303238,0,0.13869344520693025,0,0.13869344433769584,0
3588,0.12881476241454948,0,0.14331739388095835,0,0.14331739388095835,0,0.11460470004628102,0,0.12881476241454948,0,0.13177380252745932,0
3589,0.08713052002713084,0,0.08713031723164022,0,0.1018582674053808,0,0.08713056868873537,0,0.08713049752016862,0,0.09007603417461116,0
3590,0.13108968595042825,0,0.13108968579520783,0,0.13108968579520783,0,0.13108968595042825,0,0.13108968579520783,0,0.13108968585729602,0
3591,0.1185818073960642,0,0.11858180708562334,0,0.12491988018155098,0,0.11858181065569322,0,0.1185818073960642,0,0.1198494225429992,0
3592,0.13876485855629048,0,0.1387503397030135,0,0.13875050858284035,0,0.13876367344831428,0,0.13876323883111277,0,0.13875852382431428,0
3593,0.10584676343326767,0,0.12592708878219128,0,0.12592709281792244,0,0.1539939927558104,0,0.11858385382220149,0,0.12605575832227864,0
3594,0.1250194814056158,0,0.5254717385396361,1,0.1386947437810401,0,0.1250195192017903,0,0.12501946479702988,0,0.20784498954502245,1
3595,0.06525885034352541,0,0.0652585964029034,0,0.06525859236717224,0,0.06525888200849295,0,0.06525881060709555,0,0.0652587463458379,0
3596,0.0787262882416447,0,0.36748129160453874,1,0.1310913193350037,0,0.07872633232424657,0,0.0787262540931503,0,0.1469502971197168,1
3597,0.09041106685375173,0,0.30005730665288866,0,0.11124220296430092,0,0.09041126460457842,0,0.09041098590629797,0,0.13650656539636352,0
3598,0.10034244189349313,0,0.10278172457280259,0,0.23511402471922338,0,0.10034244189349313,0,0.10034244189349313,0,0.12778461499450108,0
3599,0.1310906927101314,0,0.13109057893355688,0,0.1310905795544386,0,0.13109072763472795,0,0.13109068417300782,0,0.13109065260117253,0
3600,0.1259273812174797,0,0.12592714109147587,0,0.12592714528242746,0,0.1259274440817535,0,0.12592736088360348,0,0.125927294511348,0
3601,0.11195019205721717,0,0.08562744831821571,0,0.31506666044394177,1,0.1119502712584411,0,0.1119501522819822,0,0.1473089448719596,1
3602,0.06526080177476008,0,0.13109305128455162,0,0.13109305190543333,0,0.06526080053299665,0,0.06526071671396494,0,0.09159368444234132,0
3603,0.09975568705704063,0,0.10841806155319016,0,0.41506533200542134,1,0.0997557215935861,0,0.09975561903168757,0,0.16455008424818518,1
3604,0.05367466683189074,0,0.05367526660362879,0,0.03234628029167652,1,0.05367459108432134,0,0.053674754997094475,0,0.049409111961722374,1
3605,0.09901362952465813,0,0.09500668178467701,0,0.5577524119677643,1,0.09901369844252865,0,0.09901359165087342,0,0.1899600026741003,1
3606,0.10195616446435452,0,0.1433174016419798,0,0.1433174016419798,0,0.10195616399869323,0,0.10195616446435452,0,0.11850065924227238,0
3607,0.1112364661724617,0,0.11123646524113913,0,0.11123646524113913,0,0.11123646648290257,0,0.11123646524113913,0,0.11123646567575633,0
3608,0.13108968563998738,0,0.13108968595042825,0,0.13108968595042825,0,0.13108968563998738,0,0.13108968563998738,0,0.13108968576416372,0
3609,0.11015193195392688,0,0.1386934470695754,0,0.1386934470695754,0,0.09911188681144267,0,0.09975191543344408,0,0.11728052566759288,0
3610,0.10396969444506492,0,0.11522950895596296,0,0.42638301212961477,0,0.10396969374657299,0,0.10396969444506492,0,0.1707043207444561,0
3611,0.07988306817909081,0,0.14331739419139922,0,0.14331739419139922,0,0.09793512794810037,0,0.09265234900036982,0,0.11142106670207189,0
3612,0.1250181496143341,0,0.12501814557860294,0,0.1250181452681621,0,0.12501815046804646,0,0.1250181494591137,0,0.12501814807765185,0
3613,0.09040443482808769,0,0.11123662635994454,0,0.1112366266703854,0,0.09040443544896941,0,0.09040443071474631,0,0.09873731080442667,0
3614,0.12881482463368835,0,0.15966990450397134,0,0.1433174512349069,0,0.12881482463368835,0,0.12881482261582278,0,0.13788636552441552,0
3615,0.13109033911799392,0,0.13109030527994037,0,0.1310903012442092,0,0.13109034408504763,0,0.1310903417567412,0,0.13109032629678646,0
3616,0.13109065778553486,0,0.13109055052821836,0,0.1310905576683581,0,0.13109068246558309,0,0.13109064660966396,0,0.13109061901147168,0
3617,0.05972191318869591,0,0.05972183650980393,0,0.048862013344963394,0,0.05972191505134106,0,0.05972190325458845,0,0.05754991626987854,0
3618,0.07124057194838922,0,0.5493203875763962,1,0.4427566170537223,0,0.07124057846764724,0,0.0712405617038409,0,0.24115974334999918,1
3619,0.11518507842750599,0,0.1151850347329552,0,0.11518503552845989,0,0.11518508851683389,0,0.11518507592457657,0,0.11518506262606631,0
3620,0.12592911906540394,0,0.12592867420365414,0,0.12592868211989602,0,0.1259292419999838,0,0.1259290723440548,0,0.12592895794659856,0
3621,0.12881514340794334,0,0.14331772519896427,0,0.14331772457808256,0,0.12881514681794215,0,0.12881513587975255,0,0.13461617517653696,0
3622,0.13108968595042825,0,0.13108968579520783,0,0.13108968579520783,0,0.13108968595042825,0,0.13108968595042825,0,0.13108968588834008,0
3623,0.12592793038735786,0,0.1259276062871019,0,0.12592760675276318,0,0.1259279977530241,0,0.12592789980893335,0,0.12592780819783608,0
3624,0.07144745935996373,0,0.44287895124095183,1,0.11138925817795098,0,0.07144221321990092,0,0.0714426760872205,0,0.15372011161719762,1
3625,0.09901359925667445,0,0.06540079154850294,0,0.7006568838842213,1,0.09901367345203956,0,0.09901356790214777,0,0.21261970320871723,1
3626,0.10397077047188456,0,0.10852712101768702,0,0.34753042086958885,1,0.10397079986675332,0,0.10397075297078118,0,0.153593973039339,1
3627,0.10397107844861846,0,0.10397091888201733,0,0.10397092231626932,0,0.1039711101911962,0,0.10397106022962059,0,0.10397101801354439,0
3628,0.07059240775803725,0,0.07059224757055442,0,0.07059224632879098,0,0.07059246798356374,0,0.07059241272509098,0,0.07059235647320747,0
3629,0.13109062534446517,0,0.13109050691127777,0,0.1310905173110465,0,0.13109064024562636,0,0.13109060858065882,0,0.1310905796786149,0
3630,0.12247154621096949,0,0.22785592203338942,0,0.12892166494081417,0,0.12238414670961599,0,0.12238253645288448,0,0.14480316326953468,0
3631,0.09152693984409173,0,0.13117087570329508,0,0.13117111505319676,0,0.09152523800730705,0,0.09152463683858514,0,0.10738376108929515,0
3632,0.12592529132962227,0,0.12592529132962227,0,0.12592529132962227,0,0.12592529132962227,0,0.12592529132962227,0,0.12592529132962227,0
3633,0.09142200835049152,0,0.4096751385368407,1,0.13108966359868646,0,0.09142200866093238,0,0.09142200835049152,0,0.16300616549948851,1
3634,0.0990109546110034,0,0.0990109546110034,0,0.0990109546110034,0,0.09901095492144425,0,0.0990109546110034,0,0.09901095467309157,0
3635,0.12501795457986495,0,0.1386934189746777,0,0.1386934189746777,0,0.12501795457986495,0,0.12501795457986495,0,0.13048814033779005,0
3636,0.03399728983640671,1,0.04852363343040148,0,0.019391189018885296,1,0.03399728983640671,0,0.03399728983640671,1,0.03398133839170138,1
3637,0.06090101599693298,0,0.11123646493069828,0,0.11123646493069828,0,0.04218096286058426,0,0.06090101599693298,0,0.07729118494316936,0
3638,0.11220465798396617,0,0.6342490849395593,1,0.59682297706604,1,0.11220465798396617,0,0.11220465798396617,0,0.3135372071914996,1
3639,0.1115643623440216,0,0.1259253000219663,0,0.1259253000219663,0,0.10320302875091632,0,0.11858182198678453,0,0.11703996262513101,0
3640,0.07124010132004817,0,0.11123646493069828,0,0.11123646493069828,0,0.07124010132004817,0,0.07124010132004817,0,0.0872386467643082,0
3641,0.08939812456568082,0,0.11123646493069828,0,0.11123646493069828,0,0.08296086483945449,0,0.06840380855525534,0,0.09264714556435744,0
3642,0.08712880701447527,0,0.09296940282608072,0,0.6599261166217426,1,0.08712880701447527,0,0.08712880701447527,0,0.20285638809824982,1
3643,0.0886269452360769,0,0.0886269452360769,0,0.0886269452360769,0,0.0886269452360769,0,0.0886269452360769,0,0.0886269452360769,0
3644,0.2322965508016447,0,0.2273692092858255,0,0.22684758622199297,0,0.23242146087189516,0,0.23125031994034848,0,0.23003702542434135,0
3645,0.10397256231711556,0,0.1310920536828538,0,0.13109205849468708,0,0.10397258800609659,0,0.10397251253016293,0,0.11482035500618319,0
3646,0.09040537453256547,0,0.4446008268278092,1,0.40480493389380473,1,0.09040537616237998,0,0.09040535699265699,0,0.2241243736818433,1
3647,0.1310905759843687,0,0.1310904729180038,0,0.13109046888227263,0,0.1310906008196374,0,0.13109056822334728,0,0.13109053736552595,0
3648,0.0738138093923529,0,0.11017389413124572,0,0.09299335752924283,0,0.07381385161230962,0,0.07381378750627239,0,0.08492174003428468,0
3649,0.050455983728170395,0,0.05045583285391331,0,0.05280837928876281,0,0.0504560067007939,0,0.050455957651138306,0,0.050926432044555735,0
3650,0.06851544479529063,0,0.1386953710267941,0,0.13869537242377797,0,0.04069708660244942,0,0.0685154628008604,0,0.09102374752983451,0
3651,0.11519135994603857,0,0.09546823134102549,0,0.07955910092762981,0,0.11519124360832696,0,0.11519121054637556,0,0.10412022927387928,0
3652,0.13108966359868646,0,0.13108966359868646,0,0.13108966359868646,0,0.13108966359868646,0,0.13108966359868646,0,0.13108966359868646,0
3653,0.10397380229551345,0,0.32163236290216446,0,0.13109302086134753,0,0.10397380002541468,0,0.10397372453007847,0,0.1529293421229037,0
3654,0.12881573175157732,0,0.128815557337172,0,0.1146047580211113,0,0.12881572527597504,0,0.1288157155746982,0,0.12597349759210677,0
3655,0.13439531174177924,0,0.13869523024186492,0,0.1386952296209832,0,0.13173344102688134,0,0.1250200204861661,0,0.13370784662353496,0
3656,0.12599640727664033,0,0.12598223565146327,0,0.12598244162897268,0,0.1259955014102161,0,0.12599479019020995,0,0.12599027523150047,0
3657,0.13116706581786275,0,0.13116441775734225,0,0.1311639848475655,0,0.13116735530396303,0,0.1311662980976204,0,0.1311658243648708,0
3658,0.11123900076684852,0,0.1112384613758574,0,0.11123846991298099,0,0.1112389600990961,0,0.11123893541904788,0,0.11123876551476616,0
3659,0.12710184634973606,0,0.1268454579015573,0,0.12684866351385912,0,0.12707762544353804,0,0.12707413577785096,0,0.1269895457973083,0
3660,0.11712015365871291,0,0.13118692937617502,0,0.13118720116714636,0,0.11711809101204078,0,0.11711742077022791,0,0.12274595919686057,0
3661,0.13450252544134855,0,0.1341896733889977,0,0.1341418114801248,0,0.13453444497038922,0,0.1344109084457159,0,0.13435587274531524,0
3662,0.13130258623277768,0,0.1302383632864803,0,0.12230157419495906,0,0.13131152420828585,0,0.13127657283621375,0,0.12928612415174334,0
3663,0.13869347019741932,0,0.13869346911087632,0,0.13869346911087632,0,0.13869347019741932,0,0.13869347019741932,0,0.1386934697628021,0
3664,0.10034244546356301,0,0.11123647284694016,0,0.11123647284694016,0,0.09634061460383236,0,0.10034244546356301,0,0.10389969024496774,0
3665,0.11699696335320671,0,0.11699684585134189,0,0.11905094042109947,0,0.11699698283337057,0,0.11699694666701059,0,0.11740773582520585,0
3666,0.11123953767431279,0,0.11123887488308053,0,0.11123887395175795,0,0.11123947139518957,0,0.1112394555627058,0,0.11123924269340932,0
3667,0.11222318253324677,0,0.12197078058185677,0,0.11122745065949857,0,0.11222299650156249,0,0.11222278097799669,0,0.11397343825083225,0
3668,0.1310909055173397,0,0.13109076054145893,0,0.13109076116234064,0,0.1310909311287105,0,0.13109088720132908,0,0.13109084911023577,0
3669,0.13869483737895885,0,0.1386946700513363,0,0.13869467610493302,0,0.13869487137223283,0,0.13869482077037296,0,0.13869477513556677,0
3670,0.0438140332698822,0,0.11123646430981655,0,0.11123646430981655,0,0.0438140332698822,0,0.0438140332698822,0,0.07078300568585594,0
3671,0.0886269452360769,0,0.06874948553740978,0,0.9646608957555145,1,0.0886269452360769,0,0.0886269452360769,0,0.25985824340023095,1
3672,0.11518471734598279,0,0.14331739279441535,0,0.14331739279441535,0,0.11518471746239811,0,0.11518471734598279,0,0.12643778754863888,0
3673,0.08089028531685472,0,0.44458498440993327,1,0.3714045094481359,1,0.08089028531685472,0,0.08089028531685472,0,0.21173206996172667,1
3674,0.07381207340707381,0,0.07381207340707381,0,0.10112263206004475,0,0.07381207340707381,0,0.07381207340707381,0,0.079274185137668,0
3675,0.12501883894825974,0,0.13869424645478526,0,0.13869423481325308,0,0.12501883607668182,0,0.12501882614257434,0,0.13048899648711085,0
3676,0.08089028702427943,0,0.08089028640339772,0,0.08089028640339772,0,0.08089028780038159,0,0.08089028702427943,0,0.08089028693114718,0
3677,0.06090101879090071,0,0.11123646710378428,0,0.11123646710378428,0,0.06090101879090071,0,0.06090101879090071,0,0.08103519811605413,0
3678,0.12501796831687292,0,0.13439320928106704,0,0.1301228846811379,0,0.12501797126606107,0,0.12501796831687292,0,0.12791400037240236,0
3679,0.12501842163813612,0,0.12396984330068032,0,0.23897759988904,0,0.12501841977549097,0,0.1250184172143539,0,0.14760054036354026,0
3680,0.06090101817001899,0,0.11123646601724128,0,0.11123646601724128,0,0.07486846794684728,0,0.06090101817001899,0,0.08382868726427356,0
3681,0.033997274935245514,1,1.0565022993056725,1,0.1433173994688938,0,0.033997274935245514,0,0.0339972743143638,1,0.26036230459188425,1
3682,0.10034246901826312,0,0.1432832709979266,0,0.11123648759288092,0,0.10034246909587334,0,0.10034246971675505,0,0.1111094332843398,0
3683,0.12881480009430865,0,0.12881479963349798,0,0.12783497385680676,0,0.12881480055996994,0,0.1288147997499133,0,0.12861883477889932,0
3684,0.10396968053343396,0,0.10396968057223906,0,0.10396968057223906,0,0.10396968057223906,0,0.10396968057223906,0,0.10396968056447804,0
3685,0.12881476198284267,0,0.12881476198284267,0,0.12881476198284267,0,0.12881476198284267,0,0.12881476198284267,0,0.12881476198284267,0
3686,0.1112364661724617,0,0.11123646524113913,0,0.11123646524113913,0,0.11123646648290257,0,0.11123646524113913,0,0.11123646567575633,0
3687,0.12881476489807633,0,0.11460469973584016,0,0.12600708415266126,0,0.12881476489807633,0,0.12881476241454948,0,0.12541121521984072,0
3688,0.10034311648147802,0,0.1432836517536392,0,0.1112370240346839,0,0.10034311780085166,0,0.10034310324893643,0,0.11111000266391784,0
3689,0.11518544362237056,0,0.14331799504968026,0,0.14331799924063185,0,0.11337221293554951,0,0.11518542976894726,0,0.1260758161234359,0
3690,0.46208547490338486,1,0.46208554816742736,1,0.46208554195861024,1,0.46208547862867516,1,0.46208547862867516,1,0.4620855044573545,0
3691,0.12504646422651908,0,0.12504085424977043,0,0.13175429978097478,0,0.1250460739247501,0,0.12504582790036997,0,0.12638670401647686,0
3692,0.08862694880614679,0,0.14331739915845296,0,0.14331739915845296,0,0.08862694942702849,0,0.08862694880614679,0,0.1105031290712456,0
3693,0.04090630325178305,0,1.2742889197543263,1,0.13869341928511858,0,0.04090630325178305,0,0.04090630325178305,0,0.30714024975895887,1
3694,0.12881476128435074,0,0.12881476128435074,0,0.11833769688382745,0,0.12881476128435074,0,0.12881476128435074,0,0.1267193484042461,0
3695,0.07124446704983711,0,0.11123976817665,0,0.1112397819912682,0,0.07124440651386976,0,0.07124437143405278,0,0.08724255903313557,0
3696,0.1039709149627015,0,0.13109073027347526,0,0.13109072965259352,0,0.10397094738436863,0,0.10397089850933601,0,0.11481884415649499,0
3697,0.11518505723991741,0,0.11518501408863813,0,0.11518501618411392,0,0.11518506597106655,0,0.11518505161317687,0,0.11518504101938257,0
3698,0.10195616310617577,0,0.14331739915845296,0,0.14331739915845296,0,0.10195616310617577,0,0.10195616310617577,0,0.11850065752708665,0
3699,0.09142200835049152,0,0.5570179442875087,1,0.48106957056249183,1,0.09142200835049152,0,0.09142200835049152,0,0.26247070798029504,1
3700,0.19163981514672437,1,0.19163981514672437,0,0.20425392128527164,0,0.19163981514672437,0,0.19163981514672437,1,0.19416263637443382,1
3701,0.03399728983640671,1,0.03399728983640671,0,0.040259139612317085,0,0.03399728983640671,0,0.03399728983640671,1,0.03524965979158878,1
3702,0.03399728983640671,1,0.14331739279441535,0,0.14331739279441535,0,0.04513999136785666,0,0.03399728983640671,1,0.07995387132590016,1
3703,0.1112368224033465,0,0.11123677692376077,0,0.11123677925206721,0,0.11123683559708297,0,0.11123680983049174,0,0.11123680480134983,0
3704,0.10097510798368603,0,0.13108966359868646,0,0.13108966359868646,0,0.10553299790869157,0,0.09114851445580523,0,0.11196718950911115,0
3705,0.09265235074659965,0,0.14331739279441535,0,0.14331739279441535,0,0.0798830611165613,0,0.10195615433622152,0,0.11222527035764265,0
3706,0.044287326435248055,0,1.1862453191230695,1,0.1386934189746777,0,0.044287326435248055,0,0.044287326435248055,0,0.29156014348069836,1
3707,0.09142200835049152,0,0.09142200835049152,0,0.11052623550252368,0,0.09142200866093238,0,0.09142200835049152,0,0.09524285384298611,0
3708,0.10034244189349313,0,0.228700926915432,0,0.11123646524113913,0,0.10034244189349313,0,0.10034244189349313,0,0.12819294356741012,0
3709,0.08862694725394249,0,0.762714096888279,1,0.6622404464675734,1,0.08862694228688876,0,0.08862694725394249,0,0.33816707603012525,1
3710,0.1386934189746777,0,0.1386934189746777,0,0.1386934189746777,0,0.1386934189746777,0,0.1386934189746777,0,0.1386934189746777,0
3711,0.12881476128435074,0,0.12881476128435074,0,0.12881476128435074,0,0.12881476128435074,0,0.12881476128435074,0,0.12881476128435074,0
3712,0.11123646493069828,0,0.11123646493069828,0,0.11123646493069828,0,0.11123646493069828,0,0.11123646493069828,0,0.11123646493069828,0
3713,0.08862693995858233,0,0.0886269452360769,0,0.0886269452360769,0,0.08862693995858233,0,0.08862693995858233,0,0.08862694206958016,0
3714,0.09040425430672865,0,0.09040425415150821,0,0.09040425415150821,0,0.09040425430672865,0,0.09040425430672865,0,0.09040425424464048,0
3715,0.1122046586824581,0,0.13869341928511858,0,0.13869341928511858,0,0.11220465891528875,0,0.1122046586824581,0,0.12280016297008842,0
3716,0.11123646493069828,0,0.11123646493069828,0,0.11123646493069828,0,0.11123646493069828,0,0.11123646493069828,0,0.11123646493069828,0
3717,0.23236505252619585,0,0.23939152310291925,0,0.24107107209662595,0,0.2323650512844324,0,0.23236505252619585,0,0.23551155030727386,0
3718,0.3996503048886855,1,0.11123646679334342,0,0.11123646679334342,0,0.36911037129660446,1,0.3716956954449415,1,0.27258586104338367,1
3719,0.3009329220900933,1,0.3009329220900933,0,0.35920329329868156,1,0.3009329220900933,1,0.3009329220900933,1,0.312586996331811,1
3720,0.1386934189746777,0,0.1386934189746777,0,0.1386934189746777,0,0.1386934189746777,0,0.1386934189746777,0,0.1386934189746777,0
3721,0.03694291909535726,0,1.0807312129375835,1,0.13108968905483684,0,0.03694291909535726,0,0.03694291909535726,0,0.26452993185569834,1
3722,0.037063995997111,0,0.03817496448755264,0,0.04817520081996918,0,0.037063995997111,0,0.037063995997111,0,0.03950843065977096,0
3723,0.1386934189746777,0,0.1386934189746777,0,0.1386934189746777,0,0.1386934189746777,0,0.1386934189746777,0,0.1386934189746777,0
3724,0.1151847168803215,0,0.1151847168803215,0,0.10072521182398002,0,0.1151847168803215,0,0.1151847168803215,0,0.11229281586905322,0
3725,0.11123646648290257,0,0.11123646524113913,0,0.11123646524113913,0,0.11123646648290257,0,0.11123646524113913,0,0.11123646573784451,0
3726,0.11123675193327169,0,0.11123670257317524,0,0.11123670707456768,0,0.11123676078083615,0,0.11123674246482551,0,0.11123673296533525,0
3727,0.09520240659670283,0,0.14331770447703698,0,0.14331770587402085,0,0.10072557569947094,0,0.11518507023962836,0,0.11954969257737198,0
3728,0.045438302059968315,0,0.13869346010809144,0,0.13869346010809144,0,0.04295056685805321,0,0.03391288345058759,1,0.07993773451695839,1
3729,0.04381401650607586,0,0.02964561680952708,1,1.5967712837737054,1,0.04381400781373183,0,0.04381401650607586,0,0.3515717882818232,1
3730,0.10034244398896892,0,0.10034244398896892,0,0.10034244398896892,0,0.10034244398896892,0,0.10034244398896892,0,0.10034244398896892,0
3731,0.11756200661572318,0,0.13108992126459876,0,0.13108991660798588,0,0.11987786367535591,0,0.11699619190767407,0,0.12332318001426756,0
3732,0.11220465790635596,0,0.34570365212857723,1,0.3108111557861169,1,0.11220465790635596,0,0.11220465790635596,0,0.1986257563267524,1
3733,0.0886269452360769,0,0.063374280774345,0,0.7627140930077682,1,0.0886269452360769,0,0.08862693995858233,0,0.21839384084256985,1
3734,0.13869344862177968,0,0.1386934470695754,0,0.1386934470695754,0,0.13869345374405384,0,0.13869344862177968,0,0.1386934490253528,0
3735,0.08862694259732962,0,0.9646608921854446,1,0.14331739419139922,0,0.08862694259732962,0,0.08862694259732962,0,0.2747718228337665,1
3736,0.1285173005113999,0,0.13869683910161257,0,0.1386968595907092,0,0.12851724214851856,0,0.12851733155548573,0,0.13258911458154518,0
3737,0.03730637642244498,0,0.14331841561943293,0,0.14331841135087112,0,0.0373063695927461,0,0.037306380147735275,0,0.07971119062664608,0
3738,0.043305552254120507,0,0.04330544422070185,0,0.05093233473598957,0,0.043305582677324615,0,0.043305560325582824,0,0.04483089484274387,0
3739,0.03694291909535726,0,0.13108968905483684,0,0.13108968905483684,0,0.03694291909535726,0,0.03694291909535726,0,0.07460162707914908,0
3740,0.047632903481523194,0,0.030688028161724407,1,1.456981185901289,1,0.04763290099799633,0,0.047632903481523194,0,0.32611358440481125,1
3741,0.0380220382163922,0,1.4046056446774553,1,0.14331739915845296,0,0.0380220382163922,0,0.0380220382163922,0,0.332397831697017,1
3742,0.07124010318269332,0,1.2998423213915278,1,1.1947398562139522,1,0.07124010318269332,0,0.07124010318269332,0,0.541660497430712,1
3743,0.05932191262642542,0,0.10532006458379328,0,1.4369732954849799,1,0.059321907659371696,0,0.05932191262642542,0,0.34405181859619915,1
3744,0.11518499833376457,0,0.3187374886280547,0,0.14331763765464225,0,0.11518501148869593,0,0.11518499439504619,0,0.1615220261000407,0
3745,0.0829195320790556,0,0.14331739419139922,0,0.14331739419139922,0,0.07986021631707747,0,0.10195615941969056,0,0.11027413923972443,0
3746,0.11220471603640665,0,0.11220471324243893,0,0.11220471316482872,0,0.11220471580357601,0,0.11220471456181258,0,0.11220471456181258,0
3747,0.128519702081879,0,2.221556732741495,1,0.13869345374405384,0,0.12851969711482525,0,0.128519702081879,0,0.5491618575528265,1
3748,0.13869341928511858,0,0.13869341928511858,0,0.13869341928511858,0,0.13869341928511858,0,0.13869341928511858,0,0.13869341928511858,0
3749,0.128814759576926,0,0.14331739279441535,0,0.14331739279441535,0,0.11460469771797459,0,0.128814759576926,0,0.13177380049213144,0
3750,0.12881476128435074,0,0.14331739279441535,0,0.14331739279441535,0,0.12881476128435074,0,0.12881476128435074,0,0.1346158138883766,0
3751,0.13108966235692301,0,0.13108966235692301,0,0.13108966235692301,0,0.13108966359868646,0,0.13108966235692301,0,0.13108966260527571,0
3752,0.11518471730717768,0,0.11518471730717768,0,0.11518471730717768,0,0.11518471936384837,0,0.11518471730717768,0,0.11518471771851183,0
3753,0.11518471889818709,0,0.1433173935705175,0,0.1433173935705175,0,0.11518471889818709,0,0.11518471889818709,0,0.12643778876711925,0
3754,0.11518471889818709,0,0.11518471885938197,0,0.11518471885938197,0,0.11518471889818709,0,0.11518471889818709,0,0.11518471888266504,0
3755,0.07470047660171986,0,0.050815397407859564,0,0.9722010742407292,1,0.07470047660171986,0,0.07470047660171986,0,0.24942358029074968,1
3756,0.11535787644485633,0,0.09681858929495017,0,2.3878483991138637,1,0.11535787644485633,0,0.11535787644485633,0,0.5661481235486765,1
3757,0.11123646648290257,0,0.11123646648290257,0,0.11123646648290257,0,0.11123646632768214,0,0.11123646648290257,0,0.11123646645185847,0
3758,0.13869379476333657,0,0.13869377505034208,0,0.13869377862041196,0,0.1386938001960516,0,0.13869379134848714,0,0.13869378799572588,0
3759,0.03959934910138448,0,1.8139397233414154,1,1.5376892634667456,1,0.03959934910138448,0,0.03959934910138448,0,0.6940854068224629,1
3760,0.03694291909535726,0,0.13108969029660025,0,0.13108969029660025,0,0.03694292033712069,0,0.03694291909535726,0,0.07460162782420714,0
3761,0.12592710135504603,0,0.1259270079123477,0,0.12592699797824025,0,0.12592710321769118,0,0.12592708769564828,0,0.12592705963179468,0
3762,0.12501967682813606,0,0.12501960379692414,0,0.1250195923882226,0,0.12501967938927314,0,0.1250196578912437,0,0.12501964205875993,0
3763,0.11699598259292543,0,0.11699597646171848,0,0.11699597646171848,0,0.11699598290336628,0,0.11699597917807598,0,0.11699597951956094,0
3764,0.11123646648290257,0,0.11123646648290257,0,0.11123646648290257,0,0.11123646632768214,0,0.11123646648290257,0,0.11123646645185847,0
3765,0.08862694321821134,0,0.06337428426680465,0,0.7627140934734294,1,0.08862694321821134,0,0.08862694259732962,0,0.21839384135479728,1
3766,0.12501798445979753,0,0.1250179810449481,0,0.13439322507474571,0,0.12501798655527332,0,0.12501798445979753,0,0.1268930323189124,0
3767,0.11220466015705217,0,0.11265365690148126,0,0.43177268623063964,0,0.11220466015705217,0,0.11220466015705217,0,0.1762080647206555,0
3768,0.1003424352966249,0,0.1003424352966249,0,0.09634060761891305,0,0.1003424352966249,0,0.1003424352966249,0,0.09954206976108253,0
3769,0.04330472586055597,0,2.0332051932346076,1,1.8372466187768925,1,0.04330472586055597,0,0.04330472586055597,0,0.8000731979186337,1
3770,0.1259253181827565,0,0.12592531694099307,0,0.12592531694099307,0,0.12592531880363822,0,0.12592531787231565,0,0.1259253177481393,0
3771,0.12881476241454948,0,0.1278349378456672,0,0.1199228367380177,0,0.12881476489807633,0,0.12881476241454948,0,0.12684041286217204,0
3772,0.059107874209682144,0,0.05910787979761759,0,0.10256679231921832,0,0.05910787358880043,0,0.059107874209682144,0,0.06779965882500014,0
3773,0.14838285433749357,0,1.8944482159179945,1,0.13108969060704112,0,0.14838285433749357,0,0.14838285433749357,0,0.4941372939075032,1
3774,0.1386934189746777,0,0.1386934189746777,0,0.1386934189746777,0,0.1386934189746777,0,0.1386934189746777,0,0.1386934189746777,0
3775,0.12501795457986495,0,0.1386934189746777,0,0.1386934189746777,0,0.12501795457986495,0,0.12501795457986495,0,0.13048814033779005,0
3776,0.12881476128435074,0,0.14331739279441535,0,0.14331739279441535,0,0.12881476128435074,0,0.12881476128435074,0,0.1346158138883766,0
3777,0.10034244142783184,0,0.09824688111742337,0,0.22887468454428017,0,0.10034244142783184,0,0.1003424406517297,0,0.1256297778338194,0
3778,0.18335631924370924,1,0.13108969060704112,0,0.13108969060704112,0,0.1792298723012209,0,0.18335631924370924,0,0.1616243784005443,1
3779,0.0652568203707536,0,0.13108969060704112,0,0.13108969060704112,0,0.06525682161251704,0,0.0652568203707536,0,0.0915899687136213,0
3780,0.10396969919869055,0,0.24248266080394387,0,0.13108968905483684,0,0.10396969904347013,0,0.10396969807334244,0,0.13709628923485676,0
3781,0.037063995997111,0,1.3079807825076084,1,0.13108969029660025,0,0.037063995997111,0,0.037063995997111,0,0.3100524921591084,1
3782,0.09901099108780424,0,0.08816010520483057,0,0.06452307136108477,0,0.09901099093258381,0,0.09901099046692252,0,0.08994322981064519,0
3783,0.11123646648290257,0,0.11123646524113913,0,0.11123646524113913,0,0.11123646648290257,0,0.11123646648290257,0,0.11123646598619719,0
3784,0.12501949615155658,0,0.12501930717068413,0,0.1247426390958329,0,0.1250195293687284,0,0.12501947946536043,0,0.1249640902504325,0
3785,0.12501795457986495,0,0.23897753345469633,0,0.1386934189746777,0,0.12501795457986495,0,0.12501795457986495,0,0.1505449632337938,0
3786,0.09677445306442678,0,0.1433173935705175,0,0.1433173935705175,0,0.1110740621140091,0,0.10672730160877109,0,0.1202421207856484,0
3787,0.09664754072825114,0,0.09561924450099468,0,0.11471680272370577,0,0.09654025423030059,0,0.09655025384078424,0,0.10001481920480729,0
3788,0.11123646834554772,0,0.11123646710378428,0,0.11123646710378428,0,0.11123646834554772,0,0.11123646834554772,0,0.11123646784884234,0
3789,0.10034287720918655,0,0.5119957986753434,1,0.11123682861216366,0,0.10034289319689076,0,0.10034286634375651,0,0.18485225280746817,1
3790,0.09040425422911842,0,0.09501052962150425,0,0.444601019922023,0,0.09040425422911842,0,0.09040425422911842,0,0.1621648624461765,0
3791,0.09040425655742486,0,0.23309700835185745,0,0.11123646384415527,0,0.09040425640220444,0,0.090404256246984,0,0.1231092482805252,0
3792,0.08862694259732962,0,0.07015579023088019,0,0.06354512429485719,0,0.08862694259732962,0,0.08862694259732962,0,0.07991634846354526,0
3793,0.12594537619346133,0,0.13869344598303238,0,0.13869344598303238,0,0.12261020174870889,0,0.13093782612122595,0,0.13137605920589218,0
3794,0.11518472481596594,0,0.14331739419139922,0,0.14331739419139922,0,0.11518472481596594,0,0.11518472471895318,0,0.12643779254673668,0
3795,0.04090632436176141,0,0.04090632374087969,0,0.04090632374087969,0,0.04090632436176141,0,0.04090632436176141,0,0.04090632411340873,0
3796,0.12501795465747514,0,0.13012286407562593,0,0.16057455260306597,0,0.12501795465747514,0,0.12501795465747514,0,0.13315025613022347,0
3797,0.12501795465747514,0,0.13869341928511858,0,0.13869341928511858,0,0.13439320089916387,0,0.12501795465747514,0,0.13236318975687025,0
3798,0.10195615476307769,0,0.3023734602611512,0,0.14331739279441535,0,0.10195615476307769,0,0.10195615476307769,0,0.15031186346895992,0
3799,0.13869344800089797,0,0.1386934466039141,0,0.1386934466039141,0,0.1386934470695754,0,0.13869344800089797,0,0.13869344725583993,0
3800,0.08351507534583409,0,1.1150227243391175,1,0.1259253191140791,0,0.08351507534583409,0,0.08351507410407066,0,0.298298653649787,1
3801,0.090404256246984,0,0.090404256246984,0,0.08141464212288459,0,0.09040425640220444,0,0.090404256246984,0,0.0886063334532082,0
3802,0.0997518861355881,0,0.1386934189746777,0,0.1386934189746777,0,0.11015190479035179,0,0.0997518861355881,0,0.11740850300217669,0
3803,0.1151847168803215,0,0.14331739279441535,0,0.14331739279441535,0,0.1151847168803215,0,0.1151847168803215,0,0.12643778724595905,0
3804,0.11123646679334342,0,0.11123647191561759,0,0.11123647191561759,0,0.11123646710378428,0,0.11123646679334342,0,0.11123646890434125,0
3805,0.10195616357183705,0,0.08363079295183222,0,0.4484756162855774,1,0.10195616310617577,0,0.10195616357183705,0,0.1675949798974519,1
3806,0.09179784155761202,0,0.13579588336870074,0,1.2368968054652214,1,0.09179784155761202,0,0.09179784155761202,0,0.3296172427013516,1
3807,0.08089028531685472,0,1.195106840149189,1,1.1233880616879712,1,0.08089028531685472,0,0.08089028531685472,0,0.5122331515575449,1
3808,0.07872438989579678,0,0.07872438989579678,0,0.07872438989579678,0,0.07872438989579678,0,0.07872438989579678,0,0.07872438989579678,0
3809,0.07128003208587567,0,0.14331739279441535,0,0.14331739279441535,0,0.0669509017219146,0,0.0886269452360769,0,0.10269853292653959,0
3810,0.13870087172836065,0,0.13869954630111656,0,0.13869957299903035,0,0.1387008324575921,0,0.13870071697359285,0,0.1387003080919385,0
3811,0.11220468569081277,0,0.13869344225774208,0,0.13869344225774208,0,0.1122046858460332,0,0.11220468561320256,0,0.1228001883331065,0
3812,0.11518472533983488,0,0.11518472524282213,0,0.11337149527389556,0,0.11518472533983488,0,0.11518472533983488,0,0.11482207930724446,0
3813,0.0904047229172041,0,0.09040465819028516,0,0.08141504367813468,0,0.09040473424829543,0,0.09040471538901329,0,0.08860677488458653,0
3814,0.10195663912842672,0,0.4484755250159651,1,0.3813857752053688,1,0.10195664979983121,0,0.10195663241514315,0,0.22714624431294697,1
3815,0.12783493598302206,0,0.14331739388095835,0,0.14331739388095835,0,0.12509446389352283,0,0.1288147641219742,0,0.13367579035208715,0
3816,0.11518472533983488,0,0.11518472524282213,0,0.11518472524282213,0,0.11518472530102979,0,0.11518472533983488,0,0.11518472529326877,0
3817,0.06525681012620528,0,0.13108968905483684,0,0.13108968905483684,0,0.06525681012620528,0,0.06525681043664615,0,0.09158996175974607,0
3818,0.10034250277870645,0,0.10034249412516753,0,0.10034249676391482,0,0.10034250910393894,0,0.10034250378763925,0,0.10034250131187339,0
3819,0.11518479427710797,0,0.1433174580646058,0,0.1433174580646058,0,0.11518479920535658,0,0.11518479416069265,0,0.12643786075447377,0
3820,0.13869344101597866,0,0.13869344225774208,0,0.13869344225774208,0,0.13869344101597866,0,0.1386934413264195,0,0.1386934415747722,0
3821,0.09179788501933217,0,0.05654403695371002,0,1.2481020855096479,1,0.09179788439845045,0,0.09179788501933217,0,0.3160079553800945,1
3822,0.050316390891869865,0,1.8146262099035084,1,1.4049839327732723,1,0.05031632880369822,0,0.050316436837116875,0,0.674111859841893,1
3823,0.08713102387264371,0,0.08713075898898144,0,0.10472290182951838,0,0.08713107672519982,0,0.08713098615407944,0,0.09064934951408456,0
3824,0.0676138624548912,0,0.10553851164877415,0,2.835913326979304,1,0.06761384879549344,0,0.06761388356486957,0,0.6288586866886665,1
3825,0.043723732233047485,0,0.04372377383212248,0,0.04372377383212248,0,0.043723722298940025,0,0.04372371733188629,0,0.04372374390562375,0
3826,0.07919466433425744,0,0.12592532252892852,0,0.12592532252892852,0,0.07919466433425744,0,0.07919466433425744,0,0.09788692761212586,0
3827,0.08351507534583409,0,1.44991508545354,1,0.12592532159760594,0,0.08351507596671581,0,0.08351507534583409,0,0.365277126741906,1
3828,0.09040425570371251,0,0.44460102116378647,1,0.40480423043482006,1,0.09040425446194907,0,0.09040425570371251,0,0.22412360349359614,1
3829,0.09520221086374174,0,0.14331739310485622,0,0.14331739310485622,0,0.10072521384184559,0,0.11518471936384837,0,0.11954938605582963,0
3830,0.11376811920975645,0,0.11351566249504685,0,0.11350265129779775,0,0.11375155905261636,0,0.11373280733823776,0,0.11365415987869103,0
3831,0.1250179805016766,0,0.13869344800089797,0,0.13869344800089797,0,0.12501798189866045,0,0.12501798019123575,0,0.13048816771867375,0
3832,0.11144417718363304,0,0.11140535422600806,0,0.11140515414687495,0,0.11144007206894457,0,0.1114401606998096,0,0.11142698366505403,0
3833,0.11990376189351082,0,0.13111308310180902,0,0.1311131694043676,0,0.12307275930652395,0,0.11758766882121563,0,0.1245580885054854,0
3834,0.12881476241454948,0,0.09094729460775852,0,0.5204508505606403,1,0.12881476241454948,0,0.1288147641219742,0,0.19956848682389441,1
3835,0.11711076181381941,0,0.11996936363478501,0,0.2427449308646222,0,0.11710885174882908,0,0.11710824739808838,0,0.14280843109202881,0
3836,0.10034243793537219,0,0.10034243576228619,0,0.10034243576228619,0,0.10034243793537219,0,0.10034243793537219,0,0.1003424370661378,0
3837,0.1039696794662935,0,0.13108966359868646,0,0.13108966359868646,0,0.1039696794662935,0,0.1039696794662935,0,0.11481767311925069,0
3838,0.12592529505491257,0,0.12592529505491257,0,0.12592529505491257,0,0.12592529505491257,0,0.12592529505491257,0,0.12592529505491257,0
3839,0.12881476128435074,0,0.14331739279441535,0,0.14331739279441535,0,0.12881476128435074,0,0.12881476128435074,0,0.1346158138883766,0
3840,0.1019561548018828,0,0.40678115584887564,1,0.14331739294963577,0,0.1019561548018828,0,0.1019561548018828,0,0.17119340264083197,1
3841,0.11799582105595618,0,0.13869345048442483,0,0.13869345048442483,0,0.10961780118911217,0,0.09975191943037014,0,0.12095048852885762,0
3842,0.10396969386298831,0,0.11467046286755551,0,0.10449599950031067,0,0.10396969397940363,0,0.10396969386298831,0,0.10621510881464928,0
3843,0.07553479758401711,0,0.07553479758401711,0,0.0930071217007935,0,0.07553479758401711,0,0.07553479758401711,0,0.07902926240737239,0
3844,0.03694291909535726,0,0.13108969060704112,0,0.13108969060704112,0,0.03694292033712069,0,0.03694291909535726,0,0.0746016279483835,0
3845,0.12881475973214643,0,0.526178636510546,1,0.5273353880426536,1,0.12881475973214643,0,0.12881475973214643,0,0.2879916607499278,1
3846,0.10034243560706575,0,0.09824687948760887,0,0.22887468454428017,0,0.10034243560706575,0,0.10034243560706575,0,0.12562977417061727,0
3847,0.11123646632768214,0,0.11123646648290257,0,0.11123646648290257,0,0.11123646632768214,0,0.11123646632768214,0,0.11123646638977032,0
3848,0.1310896632882456,0,0.1310896632882456,0,0.1310896632882456,0,0.1310896632882456,0,0.1310896632882456,0,0.1310896632882456,0
3849,0.08712880530705054,0,0.1386934189746777,0,0.1386934189746777,0,0.08712880530705054,0,0.08712880530705054,0,0.1077546507741014,0
3850,0.08089028531685472,0,0.9160760402834663,1,0.8443572618222485,1,0.08089028531685472,0,0.08089028531685472,0,0.4006208316112557,1
3851,0.07470047660171986,0,0.04577051382511854,0,0.7626980792265385,1,0.07470047660171986,0,0.07470047660171986,0,0.20651400457136332,1
3852,0.12501797041234872,0,0.12474129892264803,0,0.12396941023568313,0,0.12501797041234872,0,0.12501797041234872,0,0.12475292407907548,0
3853,0.12092145322822034,0,0.13869342301040888,0,0.13869342301040888,0,0.12396940169855952,0,0.12474128976464272,0,0.12940379814244807,0
3854,0.0990109546110034,0,0.7762761320918798,1,0.12592529505491257,0,0.0990109546110034,0,0.0990109546110034,0,0.23984685819596052,1
3855,0.12594220445801815,0,0.125939071799318,0,0.12593912643690905,0,0.12594210573782524,0,0.12594183953478932,0,0.12594086959337197,0
3856,0.11223285819869488,0,0.2717203302308917,0,0.2315898036273817,0,0.11223251570481807,0,0.11223223980050534,0,0.16800154951245833,0
3857,0.13119269348680973,0,0.13117211017136773,0,0.13117233058437705,0,0.13119091916208467,0,0.13119042664766312,0,0.13118369601046048,0
3858,0.11520672218951707,0,0.11520201169575255,0,0.09679174639556247,0,0.11520626999360199,0,0.11520621793655057,0,0.11152259364219694,0
3859,0.13869341757769385,0,0.13869341757769385,0,0.13869341757769385,0,0.13869341757769385,0,0.13869341757769385,0,0.13869341757769385,0
3860,0.1003429900156334,0,0.10034291488894571,0,0.1003429222619161,0,0.10034300856447469,0,0.1003429878425474,0,0.10034296471470346,0
3861,0.09040426028271516,0,0.11123646524113913,0,0.11123646524113913,0,0.09040426090359688,0,0.09040426028271516,0,0.09873714239026109,0
3862,0.11518472530102979,0,0.10072522156406194,0,0.3437401477713138,1,0.11518472530102979,0,0.11518472533983488,0,0.15800390905545406,1
3863,0.08089028842126329,0,0.11123647176039715,0,0.11123647191561759,0,0.08089029074956973,0,0.08089028981824715,0,0.09302876253301898,0
3864,0.12501798019123575,0,0.1250179820538809,0,0.13173131450700262,0,0.12501798096733788,0,0.1250179789494723,0,0.12636064733378588,0
3865,0.10195615705257903,0,0.1433173951227218,0,0.1433173951227218,0,0.10195615705257903,0,0.10195615705257903,0,0.11850065228063614,0
3866,0.103969682357274,0,0.6069591208361089,1,0.13108967384323478,0,0.103969682357274,0,0.1039696828617404,0,0.20999156845112643,1
3867,0.11699592904187739,0,0.11756173660978675,0,0.12304540680876623,0,0.11699592904187739,0,0.11699592904187739,0,0.11831898610883704,0
3868,0.1250180664161841,0,0.1605745772831142,0,0.13869352048883835,0,0.1250180664161841,0,0.12501807045191526,0,0.13486446021124718,0
3869,0.12881476489807633,0,0.12881476474285591,0,0.12509446389352283,0,0.12881476551895807,0,0.12881476489807633,0,0.1280707047902979,0
3870,0.0747004874671499,0,0.0604030592367053,0,0.04543677189697822,0,0.07470048870891333,0,0.0747004874671499,0,0.06598825895537933,0
3871,0.10034244367852807,0,0.09824688142786424,0,0.22887468594126403,0,0.10034244367852807,0,0.1003424438337485,0,0.12562977971198658,0
3872,0.10396969318389893,0,0.2424826587860783,0,0.13108968579520783,0,0.10396969318389893,0,0.10396969318389893,0,0.13709628482659658,0
3873,0.09040426090359688,0,0.0904042583424598,0,0.09942751793035616,0,0.09040426129164796,0,0.09040426028271516,0,0.09220891175015519,0
3874,0.11220467117770265,0,0.11220466978071879,0,0.11510779631013672,0,0.11220467117770265,0,0.11220467063443114,0,0.11278529581613839,0
3875,0.10195615984654675,0,0.1433173951227218,0,0.1433173951227218,0,0.10195615984654675,0,0.10195615984654675,0,0.11850065395701677,0
3876,0.10034243661599855,0,0.11123645530703168,0,0.11123645530703168,0,0.09634060761891305,0,0.10034243661599855,0,0.1038996782929947,0
3877,0.10396969386298831,0,0.11194932980773349,0,0.12187261860041569,0,0.10396969397940363,0,0.10396969386298831,0,0.10914620602270589,0
3878,0.11123674199916422,0,0.11123670055530965,0,0.1112367013314118,0,0.11123676015995443,0,0.11123673982607822,0,0.11123672877438366,0
3879,0.21753722165400782,0,0.22445644826317826,0,0.22396335192024708,0,0.21744712341266373,0,0.21644887529934445,1,0.21997060410988825,1
3880,0.12501795946930847,0,0.16022640699520707,0,0.13869341757769385,0,0.12501795946930847,0,0.12501795946930847,0,0.13479474059616528,0
3881,0.10195615542276452,0,0.0650439999687175,0,0.7718657494988292,1,0.10195615565559517,0,0.10195615542276452,0,0.2285556431937342,1
3882,0.09040425570371251,0,0.08255812727535765,0,0.08624797108738373,0,0.09040425570371251,0,0.09040425570371251,0,0.08800377309477578,0
3883,0.12501796117673317,0,0.13869341866423687,0,0.13869341866423687,0,0.12474128526325028,0,0.12501796117673317,0,0.13043280898903806,0
3884,0.11123646648290257,0,0.11123646648290257,0,0.11123646648290257,0,0.11123646632768214,0,0.11123646648290257,0,0.11123646645185847,0
3885,0.11700192489661276,0,0.12305038664878036,0,0.23358910608415803,0,0.11700189284359415,0,0.11700180956783394,0,0.14152902400819584,0
3886,0.10397596067438523,0,0.4522796510718763,1,0.4097189529178043,1,0.10397592866017173,0,0.10397583583835512,0,0.23478526583251855,1
3887,0.09975192823912948,0,0.13869346507514516,0,0.13869346507514516,0,0.09975192792868863,0,0.09975192823912948,0,0.11532854291144759,0
3888,0.12881476919574197,0,0.12509447161573917,0,0.16317925252951682,0,0.12881476919574197,0,0.1288147682644194,0,0.13494360616023188,0
3889,0.0997519250959158,0,0.6681747790426016,1,0.13869345374405384,0,0.09975192587201794,0,0.09975192478547494,0,0.2212248017080128,1
3890,0.13869588791082302,0,0.13869552422935763,0,0.1386955288859705,0,0.13869591041778526,0,0.13869585438321033,0,0.13869574116542935,0
3891,0.07872635902216037,0,0.0787260988727212,0,0.08573089307174087,0,0.07872638292610645,0,0.0787263261154294,0,0.08012721200163166,0
3892,0.13439581411269805,0,0.1386956193794807,0,0.13869562341521183,0,0.13173393408457437,0,0.1250205138543,0,0.13370830096925299,0
3893,0.11518530935669939,0,0.14331788135071596,0,0.14331788569688797,0,0.11518531727294128,0,0.11518530260461073,0,0.12643833925637105,0
3894,0.09901098938037951,0,0.6625038970572253,1,0.5533132197645804,1,0.09901098938037951,0,0.0990109892251591,0,0.30257001696154473,1
3895,0.3112051282078028,1,0.255747461070617,0,0.2965599248806636,0,0.30958216575284797,1,0.308603801454107,1,0.29633969627320766,1
3896,0.13346837607484,0,0.1475393909495324,0,0.1475147296053668,0,0.1334494613984134,0,0.13340917700649393,0,0.1390762270069293,0
3897,0.11699601270568867,0,0.15443903300911188,0,0.13108974043279886,0,0.11699601247285803,0,0.11699601255046825,0,0.12730336223418512,0
3898,0.13869346243639788,0,0.13869346010809144,0,0.13869346010809144,0,0.13869346507514516,0,0.13869346243639788,0,0.13869346203282476,0
3899,0.12881476691594193,0,0.14331739791668952,0,0.14331739791668952,0,0.12881476924424837,0,0.12881476691594193,0,0.13461581978190226,0
3900,0.10034244189349313,0,0.10034244375613828,0,0.10034244375613828,0,0.10034244189349313,0,0.10034244189349313,0,0.10034244263855119,0
3901,0.10195615945849568,0,0.7718657471705228,1,0.14331739419139922,0,0.10195615961371611,0,0.10195615945849568,0,0.2442103239785259,1
3902,0.1169969867138813,0,0.13109057722613215,0,0.13109057893355688,0,0.11699700580599408,0,0.1169969723559916,0,0.12263442420711121,0
3903,0.11699594642656545,0,0.24279545961568752,0,0.23361448540041843,0,0.11699594642656545,0,0.11699594611612459,0,0.1654795567970723,0
3904,0.1039697223265345,0,0.6861079656518996,1,0.13108971264834204,0,0.10396972407276432,0,0.10396972213250895,0,0.22582136936640987,1
3905,0.1122047701307262,0,0.3270211867056787,0,0.13869350170716643,0,0.11220477447689821,0,0.11220476795764019,0,0.16046580019562198,0
3906,0.10034243778015177,0,0.11123646462025742,0,0.11123646462025742,0,0.10034243778015177,0,0.10034243514140447,0,0.10470004798844457,0
3907,0.1288147652085172,0,0.12881476613983978,0,0.12881476613983978,0,0.1288147652085172,0,0.1288147652085172,0,0.12881476558104624,0
3908,0.09040437343840797,0,0.11123656597919762,0,0.11123656147780518,0,0.08851630163068573,0,0.09040437188620369,0,0.09835963488246005,0
3909,0.11858377008077998,0,0.1259270031005144,0,0.12592701117197672,0,0.11858383496291935,0,0.11858375067822635,0,0.12152107399888337,0
3910,0.10397082276176661,0,0.3049665060825646,0,0.13109066042428216,0,0.10397085221484303,0,0.10397080516365047,0,0.14959392932942137,0
3911,0.11220627646738042,0,0.13869481828684607,0,0.1386948206151525,0,0.1122063195410495,0,0.1122062565991655,0,0.12280169830191881,0
3912,0.11699792874666552,0,0.1169976694509387,0,0.11987933268149693,0,0.11699795761766534,0,0.11699789746974905,0,0.11757415719330311,0
3913,0.12233776436187327,0,0.12592529132962227,0,0.12592529132962227,0,0.10795214391934375,0,0.1249198781636854,0,0.12141207382082939,0
3914,0.1430706155175964,0,0.12592529132962227,0,0.12592529132962227,0,0.06681310288452853,0,0.09495133223632972,0,0.11133712665953983,0
3915,0.05045480405290922,0,0.8833090344754359,1,0.13108969029660025,0,0.05045480405290922,0,0.05045480467379093,0,0.2331526275103291,1
3916,0.09040425422911842,0,0.11123646493069828,0,0.11123646493069828,0,0.09040425422911842,0,0.09040425422911842,0,0.09873713850975036,0
3917,0.12881476128435074,0,0.11992282847252984,0,0.15536625815245012,0,0.12881476128435074,0,0.12881476128435074,0,0.13234667409560646,0
3918,0.12501796009019017,0,0.13012287536791214,0,0.16057455617313585,0,0.12501796009019017,0,0.12501795962452888,0,0.13315026226919144,0
3919,0.3126974155505498,1,0.29493465026219684,0,0.29409297617773217,0,0.3116112568726142,1,0.3102553263306618,1,0.30471832503875096,1
3920,0.10635221283882856,0,0.4060817471084495,1,0.14710723616493246,0,0.10630488807025056,0,0.10628838720731437,0,0.17442689427795507,1
3921,0.11699594922053318,0,0.11756175019157429,0,0.12304542281587298,0,0.11699594922053318,0,0.11699594922053318,0,0.11831900413380936,0
3922,0.11123647781399389,0,0.1112364826258272,0,0.11123648200494547,0,0.11123647781399389,0,0.1112364826258272,0,0.11123648057691753,0
3923,0.10356432556485136,0,0.13869346010809144,0,0.13869346010809144,0,0.08892815249661605,0,0.09975192703617115,0,0.11392626506276429,0
3924,0.09040425430672865,0,0.40480423043482006,1,0.11123646430981655,0,0.09040425438433886,0,0.09040425430672865,0,0.15745069154848654,1
3925,0.10034244142783184,0,0.11123646524113913,0,0.11123646524113913,0,0.10034244189349313,0,0.10034244142783184,0,0.10470005104628702,0
3926,0.10397092512963961,0,0.40971803121889633,1,0.13109073524052897,0,0.10397095481554668,0,0.10397090665840854,0,0.17054431061260403,1
3927,0.11729599356961747,0,0.1310896632882456,0,0.1310896632882456,0,0.16376219891632596,0,0.119050021089303,0,0.1324575080303475,0
3928,0.11699598290336628,0,0.23358786664903164,0,0.1310897208750248,0,0.11699598274814586,0,0.11699597917807598,0,0.1431331064707289,0
3929,0.12881476198284267,0,0.14331739279441535,0,0.14331739279441535,0,0.12881476198284267,0,0.12881476198284267,0,0.13461581430747177,0
3930,0.10396967954390372,0,0.22477700049057603,0,0.13108966359868646,0,0.10396967954390372,0,0.10396967954390372,0,0.13355514054419473,0
3931,0.09975212377806504,0,0.09975211116640519,0,0.09975211155445625,0,0.09975212358403951,0,0.09975211857818067,0,0.09975211773222933,0
3932,0.1259273993782699,0,0.12592714528242746,0,0.12592715490609407,0,0.12592745339497924,0,0.12592737066249052,0,0.12592730472485222,0
3933,0.12592532625421882,0,0.12592532159760594,0,0.12592532159760594,0,0.12592532687510052,0,0.1259253234602511,0,0.12592532395695646,0
3934,0.1039697013135689,0,0.13108969060704112,0,0.13108969060704112,0,0.10961339494679123,0,0.10396970127476379,0,0.11594643574984125,0
3935,0.10396969898526247,0,0.13108969060704112,0,0.13108969060704112,0,0.10396970028523356,0,0.10396969904347013,0,0.11481769590560968,0
3936,0.11699595643828313,0,0.13108969029660025,0,0.13108969029660025,0,0.11699595806809764,0,0.11699595643828313,0,0.12263345030757289,0
3937,0.07872440076122682,0,0.13108969060704112,0,0.13108969060704112,0,0.07872440076122682,0,0.07872440076122682,0,0.09967051669955254,0
3938,0.12881476707116235,0,0.12881476505329678,0,0.12783493908743063,0,0.12881476505329678,0,0.12881476707116235,0,0.12861880066726977,0
3939,0.11123646430981655,0,0.11123646430981655,0,0.11123646430981655,0,0.11123646430981655,0,0.11123646430981655,0,0.11123646430981655,0
3940,0.1151847168803215,0,0.09677445201668888,0,0.4484916516424467,1,0.1151847168803215,0,0.1151847168803215,0,0.17816405086002002,1
3941,0.11858180242901047,0,0.11858180242901047,0,0.11858180242901047,0,0.11858180242901047,0,0.11858180242901047,0,0.11858180242901047,0
3942,0.04763290782769521,0,0.7995152499061078,1,0.11123646493069828,0,0.04763290782769521,0,0.04763290782769521,0,0.21073008766397833,1
3943,0.04090630325178305,0,0.13869341928511858,0,0.13869341928511858,0,0.04090630325178305,0,0.04090630325178305,0,0.08002114966511727,0
3944,0.06525678311785062,0,0.13108966359868646,0,0.13108966359868646,0,0.06525678684314092,0,0.06525678311785062,0,0.091589936055243,0
3945,0.07553480130930741,0,0.07553480130930741,0,0.08840907939399283,0,0.07553480130930741,0,0.07553480130930741,0,0.07810965692624448,0
3946,0.11858180506775777,0,0.11858180242901047,0,0.11858180242901047,0,0.11858180677518249,0,0.11858180506775777,0,0.1185818043537438,0
3947,0.04290748822192351,0,0.04290748822192351,0,0.03910882957279682,0,0.04290748822192351,0,0.04290748822192351,0,0.04214775649209817,0
3948,0.12501796474680305,0,0.12501796303937832,0,0.12501796303937832,0,0.12501796754077077,0,0.12501796474680305,0,0.12501796462262668,0
3949,0.07872438989579678,0,0.4977187773523231,1,0.13108966359868646,0,0.07872438989579678,0,0.07872438989579678,0,0.17299632212767996,1
3950,0.037063995997111,0,1.098477786872536,1,0.13108969029660025,0,0.037063995997111,0,0.037063995997111,0,0.2681518930320939,1
3951,0.07553479758401711,0,0.1259253191140791,0,0.1259253191140791,0,0.07553479758401711,0,0.07553479758401711,0,0.0956910061960419,0
3952,0.06090103400250276,0,0.11123648278104763,0,0.11123648247060676,0,0.06090103400250276,0,0.06090103586514791,0,0.08103521382436155,0
3953,0.11220468623408426,0,0.1386934470695754,0,0.1386934470695754,0,0.11220468631169449,0,0.11220468623408426,0,0.12280019058380276,0
3954,0.10396969603607431,0,0.1085261667224889,0,0.34753095312044024,1,0.10396969685098156,0,0.10396969591965899,0,0.15359324172992878,1
3955,0.11858184464896719,0,0.12592531942451993,0,0.12592531942451993,0,0.11858184123411775,0,0.11858184464896719,0,0.1215192338762184,0
3956,0.12881476489807633,0,0.11460469973584016,0,0.12600708446310213,0,0.12881476489807633,0,0.12881476489807633,0,0.12541121577863426,0
3957,0.12881476489807633,0,0.14331739388095835,0,0.14331739388095835,0,0.12881476489807633,0,0.12881476489807633,0,0.13461581649122914,0
3958,0.12881476489807633,0,0.11833770417918761,0,0.2390046603201578,0,0.12881476489807633,0,0.12881476489807633,0,0.14875733183871487,0
3959,0.12881476489807633,0,0.1199228367380177,0,0.15536625923899314,0,0.12881476489807633,0,0.12881476489807633,0,0.13234667813424797,0
3960,0.10672730401468773,0,0.14331739419139922,0,0.14331739419139922,0,0.09677445618823792,0,0.11518472530102979,0,0.12106425477735076,0
3961,0.11518472468014807,0,0.11518472533983488,0,0.10072522195211302,0,0.11518472481596594,0,0.11518472471895318,0,0.11229282430140301,0
3962,0.12881476489807633,0,0.14331739388095835,0,0.14331739388095835,0,0.12881476489807633,0,0.12881476489807633,0,0.13461581649122914,0
3963,0.12501798127777874,0,0.12501798120016852,0,0.12501798120016852,0,0.12501797972557446,0,0.1250179820538809,0,0.12501798109151424,0
3964,0.11123677521633606,0,0.11123673097851376,0,0.11123673097851376,0,0.11123677676854034,0,0.11123677428501348,0,0.11123675764538347,0
3965,0.10195657312093924,0,0.09265227383487702,0,0.09793548906842868,0,0.10195658006705344,0,0.10195656629124035,0,0.09929149647650774,0
3966,0.11194732994772494,0,0.3058581310324371,0,0.12592532252892852,0,0.11194733041338623,0,0.11194732886118193,0,0.15352508855673175,0
3967,0.07872440169254939,0,0.07872440076122682,0,0.08357207399482529,0,0.07872440169254939,0,0.07872440169254939,0,0.07969393596674006,0
3968,0.03399729231993357,1,0.033997283627589546,0,0.033997283627589546,1,0.03399729231993357,0,0.03399729231993357,1,0.03399728884299596,1
3969,0.07381212276717027,0,0.7343695295664171,1,0.13869346010809144,0,0.073812127734224,0,0.07381212338805199,0,0.21889987271279096,1
3970,0.13869342052688202,0,0.138693417267253,0,0.138693417267253,0,0.13869342052688202,0,0.13869342052688202,0,0.1386934192230304,0
3971,0.11123646493069828,0,0.11123646493069828,0,0.11123646493069828,0,0.11123646493069828,0,0.11123646493069828,0,0.11123646493069828,0
3972,0.10195615476307769,0,0.33145352988503873,0,0.14331739310485622,0,0.10195615476307769,0,0.10195615476307769,0,0.15612787745582563,0
3973,0.12501996313221753,0,0.12397114994625251,0,0.23897781874984503,0,0.12502000760287046,0,0.12501992681063712,0,0.14760177324836454,0
3974,0.1288148303331885,0,0.1288148264575284,0,0.12783500144723803,0,0.12881483126451107,0,0.12881482940186592,0,0.1286188637808664,0
3975,0.13869344800089797,0,0.13869344256818295,0,0.13869344256818295,0,0.13869344800089797,0,0.1386934470695754,0,0.13869344564154745,0
3976,0.12881476489807633,0,0.1288147656741785,0,0.12509446498006582,0,0.12881476489807633,0,0.12881476489807633,0,0.12807070506969465,0
3977,0.08089028811082244,0,0.36358388800484437,1,0.2859868423547596,0,0.080890287955602,0,0.08089028780038159,0,0.17844831884528198,1
3978,0.13869341804335514,0,0.13869341757769385,0,0.13869341757769385,0,0.13869341804335514,0,0.13869341804335514,0,0.1386934178570906,0
3979,0.12881475973214643,0,0.12600707891397178,0,0.2306938844267279,0,0.12881475973214643,0,0.12881475973214643,0,0.14862904850742778,0
3980,0.11123646430981655,0,0.11123646430981655,0,0.11123646430981655,0,0.11123646430981655,0,0.11123646430981655,0,0.11123646430981655,0
3981,0.12501798764181635,0,0.1386934540544947,0,0.1386934540544947,0,0.1247413184804221,0,0.12501798717615506,0,0.1304328402814766,0
3982,0.10557687740462522,0,0.10557687391216557,0,0.09805887922023733,0,0.10557687709418435,0,0.10557687530914943,0,0.10407327658807237,0
3983,0.10557687530914943,0,0.10557687391216557,0,0.10557687391216557,0,0.10557687709418435,0,0.10557687445543706,0,0.10557687493662038,0
3984,0.06525681012620528,0,0.13108968905483684,0,0.13108968905483684,0,0.06525681012620528,0,0.06525681043664615,0,0.09158996175974607,0
3985,0.08862694787482421,0,0.96466089777338,1,0.14331739915845296,0,0.08862694880614679,0,0.08862694787482421,0,0.27477182829752567,1
3986,0.11905003552480291,0,0.13108968579520783,0,0.13108968579520783,0,0.11729601235128939,0,0.12234429984043042,0,0.12417394386138766,0
3987,0.11123651242814958,0,0.11123650420146684,0,0.11123650202838083,0,0.11123651460123558,0,0.11123651072072487,0,0.11123650879599153,0
3988,0.1311146398074925,0,0.1311098566899697,0,0.13110990899925432,0,0.13111428854366144,0,0.13111409653599063,0,0.13111255811527373,0
3989,0.1288159699033713,0,0.14331843913532794,0,0.14331844767245153,0,0.12881599921577921,0,0.12881595267390367,0,0.13461696172016674,0
3990,0.13108966390912732,0,0.13108966359868646,0,0.13108966359868646,0,0.13108966390912732,0,0.13108966359868646,0,0.13108966372286282,0
3991,0.10396983674339329,0,0.13108980810890594,0,0.13108980810890594,0,0.103969844232779,0,0.10396983581207071,0,0.11481782660121098,0
3992,0.09040426020510495,0,0.08624797706337024,0,0.42166983204272884,1,0.09040426036032538,0,0.09040426043793559,0,0.155826118021893,1
3993,0.2941665941228469,1,0.14339252871771654,0,0.14339279608490565,0,0.33692351542413235,1,0.30088925920426846,1,0.24375293871077397,1
3994,0.11518471734598279,0,0.23102167442751428,0,0.14331739279441535,0,0.11518471726837258,0,0.11518471734598279,0,0.14397864383645356,0
3995,0.11699594922053318,0,0.11699594642656545,0,0.11699594642656545,0,0.11699594906531274,0,0.11699594922053318,0,0.11699594807190199,0
3996,0.11518472468014807,0,0.11518472533983488,0,0.09520221105776727,0,0.11518472489357616,0,0.11518472530102979,0,0.11118822225447123,0
3997,0.11123645530703168,0,0.11123645530703168,0,0.11123645530703168,0,0.11123645530703168,0,0.11123645530703168,0,0.11123645530703168,0
3998,0.11123646493069828,0,0.11123646493069828,0,0.11123646493069828,0,0.11123646493069828,0,0.11123646493069828,0,0.11123646493069828,0
3999,0.07470047660171986,0,0.05641119834035635,0,1.052704525878653,1,0.07470047660171986,0,0.07470047660171986,0,0.26664343080483377,1
4000,0.1112364554622521,0,0.1112364554622521,0,0.1112364554622521,0,0.1112364554622521,0,0.1112364554622521,0,0.1112364554622521,0
4001,0.12393734068609774,0,0.12592529132962227,0,0.12592529132962227,0,0.11945852138645326,0,0.11194729106500745,0,0.12143874715936058,0
4002,0.11878292099572718,0,0.14853882230818272,0,0.12608284875750542,0,0.11877942007655899,0,0.1187781657402714,0,0.12619243557564913,0
4003,0.12592529505491257,0,0.12592529505491257,0,0.12592529505491257,0,0.12592529505491257,0,0.12592529505491257,0,0.12592529505491257,0
4004,0.09142200866093238,0,0.09142200866093238,0,0.09729540161788464,0,0.09142200866093238,0,0.09142200866093238,0,0.09259668725232281,0
4005,0.06525678311785062,0,0.06525678311785062,0,0.07481961573163669,0,0.06525678311785062,0,0.06525678311785062,0,0.06716934964060782,0
4006,0.0738120765114824,0,0.07381207340707381,0,0.11193967245829602,0,0.0738120765114824,0,0.0738120765114824,0,0.08143759507996341,0
4007,0.07470047660171986,0,0.07390158778677385,0,1.1574560134516407,1,0.07470047660171986,0,0.07470047660171986,0,0.29109180620871483,1
4008,0.13097332728405794,0,0.13050945537785688,0,0.13052391105641922,0,0.131186086529245,0,0.13092198657492796,0,0.1308229533645014,0
4009,0.12881520377413835,0,0.11992323551870261,0,0.15536629129201174,0,0.12881522452031882,0,0.12881520463270135,0,0.13234703194757458,0
4010,0.10961564921308309,0,0.13109155263130864,0,0.1310915689294537,0,0.10852845513727516,0,0.10397191857919097,0,0.11685982889806232,0
4011,0.04372349567711353,0,0.043723580737908684,0,0.04372357577085495,0,0.04372347332537174,0,0.04372349319358667,0,0.04372352374096712,0
4012,0.11123646648290257,0,0.11123646524113913,0,0.11123646524113913,0,0.11123646648290257,0,0.11123646524113913,0,0.11123646573784451,0
4013,0.1386934189746777,0,0.1386934189746777,0,0.1386934189746777,0,0.1386934189746777,0,0.1386934189746777,0,0.1386934189746777,0
4014,0.1386934189746777,0,0.1386934189746777,0,0.1386934189746777,0,0.1386934189746777,0,0.1386934189746777,0,0.1386934189746777,0
4015,0.1151847168803215,0,0.10072521182398002,0,0.34374014420124394,1,0.1151847168803215,0,0.1151847168803215,0,0.1580039013332377,1
4016,0.1386948487100502,0,0.13869467905412117,0,0.1386946838659545,0,0.13869488254810372,0,0.13869482651352882,0,0.13869478413835168,0
4017,0.09975188947282732,0,0.41506480518728495,1,0.13869341928511858,0,0.09975188947282732,0,0.09975188947282732,0,0.1706027785781771,1
4018,0.12881476128435074,0,0.14331739279441535,0,0.14331739279441535,0,0.12881476128435074,0,0.12881476128435074,0,0.1346158138883766,0
4019,0.13869344101597866,0,0.13869344225774208,0,0.13869344225774208,0,0.13869344520693025,0,0.13869344101597866,0,0.13869344235087436,0
4020,0.12881476241454948,0,0.15536625923899314,0,0.14331739388095835,0,0.12881476241454948,0,0.1288147641219742,0,0.13702558841420492,0
4021,0.1386934481561184,0,0.1386934439651668,0,0.1386934439651668,0,0.1386934481561184,0,0.1386934481561184,0,0.13869344647973775,0
4022,0.10034244429940979,0,0.23511402083871266,0,0.22870093234814703,0,0.10034244212632377,0,0.10034244429940979,0,0.15296845678240062,0
4023,0.11220469593536109,0,0.1386934503292044,0,0.1386934503292044,0,0.11220469562492023,0,0.11220469453837723,0,0.12280019735141348,0
4024,0.12592532066628337,0,0.12592532159760594,0,0.12592532159760594,0,0.1259253234602511,0,0.12592532066628337,0,0.12592532159760594,0
4025,0.10493912699166685,0,0.13194656170283756,0,0.13194820719460645,0,0.1058378917320321,0,0.10492881701793522,0,0.11592012092781565,0
4026,0.07872440262387197,0,0.13108968377734223,0,0.13108968377734223,0,0.07872440262387197,0,0.07872440417607625,0,0.09967051539570093,0
4027,0.12881476551895807,0,0.12881476381153334,0,0.12881476381153334,0,0.12881476551895807,0,0.12881476551895807,0,0.1288147648359882,0
4028,0.10962055476071934,0,0.1386958983105918,0,0.13869591134910783,0,0.10841773233066003,0,0.11799851812732716,0,0.12268572297568123,0
4029,0.06672013364732265,0,0.06681014907856782,0,0.06680851864318053,0,0.06668992216388385,0,0.06672826285163562,0,0.0667513972769181,0
4030,0.10396968425872426,0,0.3049662828755875,0,0.13108967384323478,0,0.10396968468558043,0,0.10396968425872426,0,0.14959300198437026,0
4031,0.11518471920862794,0,0.14331739294963577,0,0.14331739294963577,0,0.11518471920862794,0,0.11518471920862794,0,0.12643778870503106,0
4032,0.12881475973214643,0,0.12881475973214643,0,0.12783493008464575,0,0.12881475973214643,0,0.12881475973214643,0,0.1286187938026463,0
4033,0.10396967954390372,0,0.13108966359868646,0,0.13108966359868646,0,0.10961337259504944,0,0.10396967954390372,0,0.11594641177604596,0
4034,0.1386934189746777,0,0.1386934189746777,0,0.1386934189746777,0,0.1386934189746777,0,0.1386934189746777,0,0.1386934189746777,0
4035,0.13108968563998738,0,0.13108968595042825,0,0.13108968595042825,0,0.13108968563998738,0,0.13108968812351426,0,0.1310896862608691,0
4036,0.08233645465224981,0,0.11123651273859043,0,0.11123651273859043,0,0.09687110607046634,0,0.09040431243677934,0,0.09841697972733526,0
4037,0.12592785945162177,0,0.12592754031841955,0,0.12592755692700544,0,0.12592792759339014,0,0.12592782825231552,0,0.1259277425085505,0
4038,0.1151847168803215,0,0.1151847168803215,0,0.10769408758884917,0,0.1151847168803215,0,0.1151847168803215,0,0.11368659102202705,0
4039,0.1386934189746777,0,0.1386934189746777,0,0.1386934189746777,0,0.1386934189746777,0,0.1386934189746777,0,0.1386934189746777,0
4040,0.13873852991188565,0,0.13872943570216498,0,0.13872954187293848,0,0.13873781403526664,0,0.13873753448327383,0,0.13873457120110594,0
4041,0.13869350217282772,0,0.13869349751621485,0,0.13869349767143527,0,0.13869350217282772,0,0.13869349611923099,0,0.1386934991305073,0
4042,0.09040426028271516,0,0.11123646524113913,0,0.11123646524113913,0,0.09040426129164796,0,0.09040426028271516,0,0.09873714246787131,0
4043,0.11123646524113913,0,0.11123646524113913,0,0.11123646524113913,0,0.11123646648290257,0,0.11123646524113913,0,0.11123646548949181,0
4044,0.11699594922053318,0,0.16376218665391207,0,0.15342521015554667,0,0.11699594922053318,0,0.11699594922053318,0,0.13363504889421166,0
4045,0.11220469453837723,0,0.12142034317366779,0,0.11614372860640287,0,0.11220469593536109,0,0.11220469430554658,0,0.1148356313118711,0
4046,0.08089028842126329,0,0.06840381693715851,0,0.08296088067193826,0,0.08089029074956973,0,0.08089028966302673,0,0.0788071132885913,0
4047,0.08089028391987085,0,0.11123645530703168,0,0.11123645530703168,0,0.08089028391987085,0,0.08089028391987085,0,0.09302875247473519,0
4048,0.12115357373841107,0,0.13446223984162012,0,0.1344574342171351,0,0.12643851898610592,0,0.12108323296221594,0,0.1275189999490976,0
4049,0.07872438927491505,0,0.1310896632882456,0,0.1310896632882456,0,0.07872438927491505,0,0.07872438927491505,0,0.09967049888024726,0
4050,0.11123646430981655,0,0.11123646430981655,0,0.11123646430981655,0,0.11123646430981655,0,0.11123646430981655,0,0.11123646430981655,0
4051,0.12503687292337418,0,0.16023424174636602,0,0.13870854070410132,0,0.12503665879679224,0,0.12503645406104624,0,0.134810553646336,0
4052,0.131097164315482,0,0.13109585006410876,0,0.13109587024276456,0,0.13109711464494467,0,0.13109701266512275,0,0.13109660238648455,0
4053,0.13108968563998738,0,0.13108968563998738,0,0.13108968563998738,0,0.13108968377734223,0,0.13108968563998738,0,0.13108968526745834,0
4054,0.12881476489807633,0,0.14331739419139922,0,0.14331739419139922,0,0.12881476489807633,0,0.12881476489807633,0,0.13461581661540548,0
4055,0.13869484653696418,0,0.13869467486316958,0,0.13869467905412117,0,0.138694878667593,0,0.1386948241852224,0,0.13869478066141405,0
4056,0.11220465798396617,0,0.3270211759954691,0,0.1386934189746777,0,0.11220465798396617,0,0.11220465798396617,0,0.16046571378440905,0
4057,0.05729884592195352,0,0.11123646493069828,0,0.11123646493069828,0,0.08150725811719894,0,0.07124010132004817,0,0.08650382704411944,0
4058,0.02393974456936121,1,0.14331739279441535,0,0.14331739279441535,0,0.021941995558639366,1,0.048687731847167015,0,0.07624085151279966,1
4059,0.13108999592562517,0,0.13108997947225967,0,0.13108997714395323,0,0.1310899956151843,0,0.13108998987202844,0,0.13108998760581017,0
4060,0.11123646384415527,0,0.11123646384415527,0,0.11123646384415527,0,0.11123646384415527,0,0.11123646384415527,0,0.11123646384415527,0
4061,0.10557688322539131,0,0.09805888570069025,0,0.45301690123354393,1,0.10557688617457946,0,0.10557688656263053,0,0.1735612885793671,1
4062,0.1317313132652392,0,0.13869344225774208,0,0.13869344225774208,0,0.1301228953913475,0,0.13439322216436267,0,0.1347268630672867,0
4063,0.16025947189579406,0,0.1547264096637567,0,0.15464419157554707,0,0.15971103496849537,0,0.15969027609874806,0,0.15780627684046827,0
4064,0.13647880963981152,0,0.1341127889851729,0,0.13412953789035478,0,0.1362255752707521,0,0.13624981169899306,0,0.13543930469701687,0
4065,0.11858180056636532,0,0.12592529132962227,0,0.12592529132962227,0,0.11858180056636532,0,0.11858180056636532,0,0.1215191968716681,0
4066,0.12881478046862563,0,0.12509448665271825,0,0.16317924981315932,0,0.12881478046862563,0,0.12881477845076006,0,0.13494361517077777,0
4067,0.10195616850008567,0,0.10195616446435452,0,0.08363079566818972,0,0.10195616850008567,0,0.10195616690907627,0,0.09829109280835836,0
4068,0.08712885342538357,0,0.08712885001053412,0,0.08712885001053412,0,0.08712885606413086,0,0.08712885342538357,0,0.08712885258719325,0
4069,0.10397070333904897,0,0.13109054788947105,0,0.1310905508386592,0,0.10397072896982233,0,0.10397068742895499,0,0.11481864369319132,0
4070,0.1019562907749787,0,0.3023735157524546,0,0.14331751650509736,0,0.10195629096900423,0,0.1019562875541548,0,0.15031198031113793,0
4071,0.11123646384415527,0,0.1112364639993757,0,0.1112364639993757,0,0.11123646384415527,0,0.11123646384415527,0,0.11123646390624345,0
4072,0.1310896760163208,0,0.1310896760163208,0,0.1310896760163208,0,0.1310896760163208,0,0.1310896760163208,0,0.1310896760163208,0
4073,0.1288147593877511,0,0.11992283006353925,0,0.15536626048075655,0,0.1288147593877511,0,0.1288147593877511,0,0.13234667374150982,0
4074,0.1288147593877511,0,0.12881475892208982,0,0.12881475892208982,0,0.1288147593877511,0,0.1288147593877511,0,0.1288147592014866,0
4075,0.11123646493069828,0,0.11123646493069828,0,0.11123646493069828,0,0.11123646493069828,0,0.11123646493069828,0,0.11123646493069828,0
4076,0.12501797708682716,0,0.13869344241296253,0,0.13869344241296253,0,0.12501797856142124,0,0.12501797801814973,0,0.13048816369846467,0
4077,0.12592566510041556,0,0.1259256387129426,0,0.12592563591897488,0,0.12592566773916283,0,0.1259256536141038,0,0.12592565221711993,0
4078,0.1310896632882456,0,0.1310896632882456,0,0.1310896632882456,0,0.1310896632882456,0,0.1310896632882456,0,0.1310896632882456,0
4079,0.1386934189746777,0,0.1386934189746777,0,0.1386934189746777,0,0.1386934189746777,0,0.1386934189746777,0,0.1386934189746777,0
4080,0.12881505647480176,0,0.12881502576541,0,0.1288150257266049,0,0.12881506360524023,0,0.12881505286107617,0,0.1288150448866266,0
4081,0.12881499384820927,0,0.1433176048255215,0,0.14331760831798115,0,0.12881499151990283,0,0.12881499000650365,0,0.13461603770362368,0
4082,0.12592716127013168,0,0.1259269330961009,0,0.12592694644505778,0,0.12592721916735172,0,0.12592713627964258,0,0.12592707925165694,0
4083,0.11699696397408843,0,0.24279496415207782,0,0.23361469075704613,0,0.11699698423035443,0,0.11699694666701059,0,0.16548010995611545,0
4084,0.11699604452587664,0,0.11699604724223416,0,0.12341787619516253,0,0.11699604452587664,0,0.11699604499153793,0,0.11828041149613759,0
4085,0.13921187072992325,0,0.13910420006141067,0,0.13910515078653893,0,0.13920169758299986,0,0.13920057906458774,0,0.1391646996450921,0
4086,0.1330853852753838,0,0.13269614924987158,0,0.13269692566245794,0,0.13304604263976216,0,0.13304703636094928,0,0.13291430783768496,0
4087,0.1310950581294795,0,0.1310941274277866,0,0.13109413425748548,0,0.13109503500163555,0,0.13109494714687267,0,0.13109466039265197,0
4088,0.13869344101597866,0,0.13869344225774208,0,0.13869344225774208,0,0.13869344520693025,0,0.13869344101597866,0,0.13869344235087436,0
4089,0.13873912766575813,0,0.13872991114233932,0,0.13873000955209136,0,0.13873839766408005,0,0.13873808986196914,0,0.1387351071772476,0
4090,0.10034244142783184,0,0.09634060917111735,0,0.10258851790179808,0,0.10034244204871356,0,0.10034244142783184,0,0.09999129039545854,0
4091,0.13869344101597866,0,0.13869344225774208,0,0.13869344225774208,0,0.1386934503292044,0,0.13869344101597866,0,0.13869344337532918,0
4092,0.32045678483943146,1,0.29486018729706603,0,0.2941675130277872,0,0.3181780315935612,1,0.3176488255461057,1,0.3090622684607903,1
4093,0.13104547533051422,0,0.10673510015476495,0,0.09202421720450123,0,0.1310305879014777,0,0.13101525212308238,0,0.11837012654286809,0
4094,0.1289855348004494,0,0.14345463054875532,0,0.14345452593018612,0,0.12800276438550404,0,0.12898222303192597,0,0.13457593573936416,0
4095,0.11123646648290257,0,0.11123646524113913,0,0.11123646524113913,0,0.11123646648290257,0,0.11123646524113913,0,0.11123646573784451,0
4096,0.13108968595042825,0,0.13108968579520783,0,0.13108968579520783,0,0.13108968812351426,0,0.13108968595042825,0,0.1310896863229573,0
4097,0.12094530152777831,0,0.12774609960615635,0,0.1277512808640798,0,0.12089293395789961,0,0.12089146192496021,0,0.12364541557617485,0
4098,0.11709254995609324,0,0.11995502949381869,0,0.24275282863527536,0,0.11709102693324287,0,0.11709042661823332,0,0.14279637232733272,0
4099,0.11772657519516845,0,0.5190136089610556,1,0.13166043193389973,0,0.11771220954445501,0,0.11771143212293585,0,0.20076485155150295,1
4100,0.10397014087842156,0,0.10397009803758313,0,0.1039701000166436,0,0.10397015762282535,0,0.10397013340843841,0,0.10397012599278241,0
4101,0.12592838083704314,0,0.12592801777645946,0,0.12592802615836263,0,0.12592847598716617,0,0.12592835010339817,0,0.12592825017248593,0
4102,0.08089073281735182,0,0.11123683171657224,0,0.11123683544186254,0,0.08089074616630872,0,0.0808907300233841,0,0.09302917523309587,0
4103,0.08089080980668466,0,0.11123689597782989,0,0.11123689566738904,0,0.08089082067211469,0,0.08089080220088363,0,0.09302924486498038,0
4104,0.11220664340847482,0,0.11220641088827203,0,0.11510954378172755,0,0.11220669827889651,0,0.11220661694339167,0,0.1127871826601525,0
4105,0.08713138646756609,0,0.13869566982612014,0,0.13869568690036735,0,0.08713144498566787,0,0.08713134238496423,0,0.10775710611293712,0
4106,0.10557941199901204,0,0.12592751191308102,0,0.1259275314708551,0,0.09495396873292823,0,0.10557937994599342,0,0.11159356081237397,0
4107,0.12491991417482495,0,0.12592532159760594,0,0.12592532159760594,0,0.12233780658182998,0,0.11858185869641602,0,0.12353804452965655,0
4108,0.09040426462888718,0,0.6000393057086816,1,0.11123647191561759,0,0.09040426486171782,0,0.09040426431844632,0,0.1964977142866701,1
4109,0.1386939243723949,0,0.1386938647677501,0,0.13869386135290065,0,0.13869393818701306,0,0.138693914283067,0,0.13869390059262515,0
4110,0.1288148244008577,0,0.11833775074531634,0,0.23900464363396168,0,0.1288148249829343,0,0.12881482455607815,0,0.14875737366382963,0
4111,0.09186654724180698,0,0.09177575058614214,0,0.09177662835766871,0,0.09185816145812471,0,0.09185689330721895,0,0.0918267961901923,0
4112,0.13113542863478264,0,0.13112658557171622,0,0.13112670074527463,0,0.1311347734493514,0,0.13113442963610092,0,0.13113158360744517,0
4113,0.11989288522454444,0,0.14747670820603767,0,0.14745428684788445,0,0.11985757150008187,0,0.1198286817088956,0,0.1309020266974888,0
4114,0.13920381820450226,0,0.13909778852636615,0,0.1390987167445322,0,0.13919382262974977,0,0.1391927000756065,0,0.13915736923615135,0
4115,0.11751550141101082,0,0.15450236465161046,0,0.13149439884970585,0,0.11750562659775217,0,0.11750422961389025,0,0.12770442422479394,0
4116,0.1259284378029406,0,0.12592804369827112,0,0.12592805145929256,0,0.12592852612336478,0,0.12592838533843556,0,0.12592828888446092,0
4117,0.07872639906903107,0,1.2269351007416844,1,1.116664251467834,1,0.07872643073399861,0,0.07872636585185926,0,0.5159557095728815,1
4118,0.12142253954273959,0,0.1386953458810846,0,0.13869534774372974,0,0.11511007758478324,0,0.11220686001858364,0,0.12522603415418415,0
4119,0.12492256984114647,0,0.1259276350028813,0,0.12592763655508557,0,0.12234053427043061,0,0.11858446733094752,0,0.12354056860009828,0
4120,0.07059209731717904,0,0.07059195327262084,0,0.039529756332437195,0,0.0705921184271574,0,0.07059208552042644,0,0.06437960217396418,0
4121,0.04882575447360674,0,0.04882637411355972,0,0.048826379080613456,0,0.04882578365504742,0,0.04882584884762764,0,0.048826028034090994,0
4122,0.11869182701533039,0,0.12601173218960562,0,0.1260120552033186,0,0.1186901646045347,0,0.1186892584276696,0,0.12161900748809178,0
4123,0.12501798655527332,0,0.1386934503292044,0,0.1386934503292044,0,0.1250179837613056,0,0.12501798655527332,0,0.13048817150605221,0
4124,0.11134710682866474,0,0.11132426971259217,0,0.11132431177732845,0,0.11134465232801934,0,0.11134477277907233,0,0.11133702268513539,0
4125,0.1386934189746777,0,0.1386934189746777,0,0.1386934189746777,0,0.1386934189746777,0,0.1386934189746777,0,0.1386934189746777,0
4126,0.09975188923999667,0,0.09975188598036766,0,0.09975188598036766,0,0.09975188923999667,0,0.09975188923999667,0,0.09975188793614506,0
4127,0.12592531756187478,0,0.12592531632011136,0,0.12592531632011136,0,0.12592531787231565,0,0.12592531694099307,0,0.12592531700308124,0
4128,0.13121321145445108,0,0.13118865371992192,0,0.13118891852597395,0,0.13121115571508804,0,0.13121050161619982,0,0.13120248820632696,0
4129,0.11331952801750352,0,0.13869551957274476,0,0.13869553183515868,0,0.10471121400284271,0,0.11220706638414413,0,0.12152577196247875,0
4130,0.11221763674014558,0,0.11221615221196164,0,0.11221619055140764,0,0.11221798311453313,0,0.11221745466658224,0,0.11221708345692605,0
4131,0.11123710738805433,0,0.11123698212516804,0,0.11123699066229165,0,0.11123710878503819,0,0.11123710055835545,0,0.11123705790378154,0
4132,0.10034321124354999,0,0.14505371226308247,0,0.11123708829594155,0,0.10034321023461719,0,0.10034319661402454,0,0.11146408373024315,0
4133,0.14312888868153095,0,0.14249972874919573,0,0.14248953635493913,0,0.14307443083574375,0,0.1430593772480885,0,0.1428503923738996,0
4134,0.11699593183584511,0,0.11699593183584511,0,0.11756173971419533,0,0.11699593183584511,0,0.11699593183584511,0,0.11710909341151514,0
4135,0.12501798678810397,0,0.12501798655527332,0,0.13173132870967189,0,0.1250179870209346,0,0.12501798764181635,0,0.12636065534316004,0
4136,0.13869341757769385,0,0.13869341757769385,0,0.13869341757769385,0,0.13869341757769385,0,0.13869341757769385,0,0.13869341757769385,0
4137,0.12881475973214643,0,0.14331739310485622,0,0.14331739310485622,0,0.11460469709709287,0,0.12881475973214643,0,0.13177380055421964,0
4138,0.13109081548949084,0,0.13109068370734653,0,0.13109068479388952,0,0.13109084653357664,0,0.1310907956212759,0,0.1310907652291159,0
4139,0.11123806990993519,0,0.11123773696211477,0,0.1112377392904212,0,0.11123804973127942,0,0.11123803296747307,0,0.11123792577224474,0
4140,0.1270242901518941,0,0.12691018839056292,0,0.12691256124526262,0,0.1270616422407329,0,0.12701133452355862,0,0.12698400331040222,0
4141,0.1317313132652392,0,0.13869344225774208,0,0.13869344225774208,0,0.1301228953913475,0,0.1343932244926691,0,0.134726863532948,0
4142,0.10396969318389893,0,0.13108968579520783,0,0.13108968579520783,0,0.10396969318389893,0,0.1039696936107551,0,0.11481769031379371,0
4143,0.10557686537504196,0,0.10557686289151509,0,0.10557686258107424,0,0.10557686545265217,0,0.10557686459893982,0,0.10557686417984465,0
4144,0.09142201021313667,0,0.5570179445979496,1,0.4810695708729327,1,0.09142201021313667,0,0.09142201021313667,0,0.2624707092220585,1
4145,0.07381208209941785,0,0.07381208272029956,0,0.10501688842972119,0,0.07381208209941785,0,0.07381208209941785,0,0.08005304348965486,0
4146,0.04090630573530992,0,0.04090630573530992,0,0.06250125914812088,0,0.04090630573530992,0,0.04090630573530992,0,0.04522529641787212,0
4147,0.059721481365462147,0,0.0293914411837856,1,0.9721850488179674,1,0.059721481365462147,0,0.059721481365462147,0,0.23614818681962788,1
4148,0.08862694275255005,0,0.08862694275255005,0,0.08862694275255005,0,0.08862694275255005,0,0.08862694275255005,0,0.08862694275255005,0
4149,0.08862694275255005,0,0.5995763035025448,1,0.14331739310485622,0,0.08862694275255005,0,0.08862694275255005,0,0.2017549049730102,1
4150,0.2427954625648757,0,0.13108968905483684,0,0.13108968905483684,0,0.23358786556248864,0,0.12304542786053692,0,0.172321626819515,0
4151,0.11858185869641602,0,0.11858184860708813,0,0.11858184860708813,0,0.11858186017101009,0,0.11858185869641602,0,0.1185818549556037,0
4152,0.11699595806809764,0,0.15443902043625712,0,0.13108969060704112,0,0.11699595620545249,0,0.11699595806809764,0,0.1273033166769892,0
4153,0.13869342875356475,0,0.13869342813268304,0,0.13869342813268304,0,0.1386934299953282,0,0.13869342875356475,0,0.13869342875356475,0
4154,0.11518472136231139,0,0.08666051336331293,0,0.07624213894208272,0,0.11518472229363397,0,0.11518472136231139,0,0.10169136346473047,0
4155,0.11364383952847372,0,0.6005451193389794,1,0.12723005811373392,0,0.11360744790484507,0,0.11360437702387571,0,0.21372616838198155,1
4156,0.1318143104823927,0,0.13052876309181252,0,0.13053686544299126,0,0.1316784379693369,0,0.13168771161387363,0,0.1312492177200814,0
4157,0.13368343088465431,0,0.13041214171486595,0,0.11499424270975094,0,0.13332594612923762,0,0.13337515162614486,0,0.12915818261293074,0
4158,0.11561043682741001,0,0.14365920354612172,0,0.1436587633409848,0,0.11560216718741383,0,0.11560246028238907,0,0.12682660623686387,0
4159,0.16850457899272442,0,0.16399100112418333,0,0.16410938402016959,0,0.16732378179828325,0,0.1673829616047442,0,0.16626234150802094,0
4160,0.1288525716130001,0,0.14334684369775155,0,0.14334691835877797,0,0.12885175341701446,0,0.12885172580718063,0,0.13464996257874495,0
4161,0.12758517048011223,0,0.12722347335269055,0,0.12722808370987573,0,0.12755138132100305,0,0.12754602481921515,0,0.12742682673657935,0
4162,0.13870850640038648,0,0.13870558980852365,0,0.13870563016583523,0,0.13870832898343602,0,0.13870817127948007,0,0.13870724532753229,0
4163,0.12596546951681376,0,0.12595790593574444,0,0.12595801319306096,0,0.12596517087270817,0,0.12596459376315275,0,0.12596223065629603,0
4164,0.11860954652850826,0,0.24354626890271902,0,0.23451816275094947,0,0.11860933830030262,0,0.11860893860769768,0,0.1667784510180354,0
4165,0.1260715794439117,0,0.126041277932624,0,0.12604169935608903,0,0.1260691899806261,0,0.1260681333951652,0,0.1260583760216832,0
4166,0.11194743231559794,0,0.08457759542701145,0,0.45303293659041327,1,0.11194743417824309,0,0.11194743146188557,0,0.17469056599463026,1
4167,0.1169960768117259,0,0.24279539675141373,0,0.23361451271921396,0,0.11699607556996246,0,0.11699607316404581,0,0.16547962700327237,0
4168,0.11220474397608389,0,0.11220473994035274,0,0.10470879877296586,0,0.11220474397608389,0,0.11220474257910003,0,0.11070555384891727,0
4169,0.11858184402808547,0,0.12491991169129808,0,0.10795216363233824,0,0.11858184674444298,0,0.11858184371764462,0,0.11772352196276188,0
4170,0.07872440076122682,0,0.10570106624315183,0,1.2459775378617148,1,0.07872440076122682,0,0.07872440076122682,0,0.31757036127770943,1
4171,0.11194732816269,0,0.111947323816518,0,0.14380627246767594,0,0.11194732862835129,0,0.11194732777463894,0,0.11831911616997484,0
4172,0.11858185458307464,0,0.12233779773426552,0,0.16363771492615342,0,0.11858185481590529,0,0.11858184915035963,0,0.1283442142419517,0
4173,0.13416413373003402,0,0.13358431542292237,0,0.13358376702914634,0,0.13410514996697506,0,0.13410768595834574,0,0.1339090104214847,0
4174,0.1259254108493527,0,0.1259254071240624,0,0.12592540634796023,0,0.1259254108493527,0,0.1259254108493527,0,0.12592540920401613,0
4175,0.10034252458717674,0,0.10034252524686356,0,0.10034252206484477,0,0.10034252590655039,0,0.10034252738114446,0,0.100342525037316,0
4176,0.07872443304707606,0,0.09176639964183171,0,0.7072217748500407,1,0.07872443366795778,0,0.07872443087399006,0,0.20703229441617924,1
4177,0.12881489718953767,0,0.11992295678161706,0,0.15536627631324032,0,0.12881489718953767,0,0.12881489327507248,0,0.13234678414980103,0
4178,0.13109003442029157,0,0.1310900179669261,0,0.13109001641472182,0,0.13109004140521088,0,0.13109002712493142,0,0.13109002746641635,0
4179,0.07872557081282139,0,0.13109070574864745,0,0.13109070854261518,0,0.07872559844205777,0,0.07872555373857419,0,0.0996716274569432,0
4180,0.10195651945347588,0,0.10195647649622212,0,0.07986052869819105,0,0.10195652616675943,0,0.10195651623265196,0,0.09753731340946009,0
4181,0.05910778231918812,0,0.12592735700309277,0,0.12592736848940453,0,0.07742444798350334,0,0.05910778852800528,0,0.08949894886463881,0
4182,0.12648694465557733,0,0.12636611176033816,0,0.12636769516393542,0,0.12647592524687448,0,0.1264736377634108,0,0.12643406291802722,0
4183,0.11704478319734335,0,0.11760115499297778,0,0.12308513902826235,0,0.11704409526040156,0,0.11704372358508408,0,0.11836377921281382,0
4184,0.09142693116640051,0,0.13109366549178958,0,0.13109367294237018,0,0.09142694079006712,0,0.09142684113855164,0,0.1072936103058358,0
4185,0.21280044844994941,0,0.23030062268177667,0,0.23004867881536484,0,0.21050254441797733,1,0.2108470539872845,1,0.21889986967047054,1
4186,0.13869484653696418,0,0.13869467424228787,0,0.13869467905412117,0,0.138694878667593,0,0.1386948241852224,0,0.13869478053723772,0
4187,0.14007636796062192,0,0.13982490232835212,0,0.1398246407819291,0,0.1400522831827402,0,0.14005038794130087,0,0.13996571643898886,0
4188,0.1310896632882456,0,0.1310896632882456,0,0.1310896632882456,0,0.1310896632882456,0,0.1310896632882456,0,0.1310896632882456,0
4189,0.08712880530705054,0,0.11167843701938789,0,0.4811942695329587,1,0.08712880530705054,0,0.08712880530705054,0,0.17085182449469966,1
4190,0.1151847168803215,0,0.4147853796215107,1,0.14331739279441535,0,0.1151847168803215,0,0.1151847168803215,0,0.1807313846113781,1
4191,0.12501795457986495,0,0.1386934189746777,0,0.1386934189746777,0,0.12501795457986495,0,0.12501795457986495,0,0.13048814033779005,0
4192,0.0948672282199065,0,0.09386456292122602,0,0.10825193114578724,0,0.09479432801405589,0,0.09479880131160219,0,0.09731537032251557,0
4193,0.1386934189746777,0,0.1386934189746777,0,0.1386934189746777,0,0.1386934189746777,0,0.1386934189746777,0,0.1386934189746777,0
4194,0.0886269452360769,0,0.14331739279441535,0,0.14331739279441535,0,0.0886269452360769,0,0.0886269452360769,0,0.11050312425941229,0
4195,0.11699592896426718,0,0.11699592896426718,0,0.12234428913022082,0,0.11699592904187739,0,0.11699592896426718,0,0.11806560101297994,0
4196,0.11858180242901047,0,0.10795214454022546,0,0.148476613064607,0,0.11858180242901047,0,0.11858180242901047,0,0.12243483297837277,0
4197,0.13706272126485905,0,0.1368690856421987,0,0.13683758458743492,0,0.13708555729438862,0,0.13700506184250116,0,0.1369720021262765,0
4198,0.11520138528430834,0,0.1433303124116113,0,0.14333035719270507,0,0.11520105039623256,0,0.11520100260774295,0,0.12645282157852003,0
4199,0.13869703266148767,0,0.13869644375517964,0,0.13869644903267422,0,0.1386970349897941,0,0.13869696483016014,0,0.13869678505385916,0
4200,0.08089143022273977,0,0.37140522082336247,1,0.11123737281498809,0,0.08089143068840106,0,0.08089141082018614,0,0.14506337307393552,1
4201,0.12502237292937934,0,0.12502165573338667,0,0.13173501465159157,0,0.12502238534701368,0,0.12502228717009226,0,0.1263647431662927,0
4202,0.1386934189746777,0,0.1386934189746777,0,0.1386934189746777,0,0.1386934189746777,0,0.1386934189746777,0,0.1386934189746777,0
4203,0.12881476128435074,0,0.14331739279441535,0,0.14331739279441535,0,0.12783492992942533,0,0.12881476128435074,0,0.1344198476173915,0
4204,0.12491991456287603,0,0.12592532159760594,0,0.12592532159760594,0,0.1223378056505074,0,0.11858185481590529,0,0.12353804364490013,0
4205,0.1250944652905067,0,0.14331739419139922,0,0.14331739419139922,0,0.11992284263639401,0,0.12783493769044676,0,0.13189740680002918,0
4206,0.1310898868056635,0,0.13108987795809904,0,0.13108987795809904,0,0.13108989813675484,0,0.13108988804742694,0,0.13108988578120867,0
4207,0.11222110933158547,0,0.11221958033274859,0,0.11221965282068898,0,0.11222177064822365,0,0.11222091825523724,0,0.11222060627769678,0
4208,0.10034403445509572,0,0.10034386223802964,0,0.10034387302584946,0,0.10034410391623776,0,0.10034401963154475,0,0.10034397865335147,0
4209,0.12881479637386897,0,0.23900465403373042,0,0.2386820724544426,0,0.1288147964902843,0,0.1288147937351217,0,0.1728262226174896,0
4210,0.11699595185928047,0,0.13108968563998738,0,0.13108968563998738,0,0.11699595185928047,0,0.11699595185928047,0,0.12263344537156322,0
4211,0.11375721590593457,0,0.11756345819837104,0,0.3272554993939896,1,0.11381809902377427,0,0.1137399571792533,0,0.15722684594026456,1
4212,0.13108968563998738,0,0.13108968595042825,0,0.13108968595042825,0,0.13108968563998738,0,0.13108968563998738,0,0.13108968576416372,0
4213,0.11833770534334083,0,0.14331739388095835,0,0.14331739388095835,0,0.12600708120347312,0,0.11460470004628102,0,0.12911685487100233,0
4214,0.12592580759276947,0,0.12592578834543625,0,0.12592577965309223,0,0.12592581442246834,0,0.12592580479880175,0,0.1259257989625136,0
4215,0.139031904283911,0,0.13896141977359852,0,0.13896211050450802,0,0.13902541172380248,0,0.1390244107072552,0,0.13900105139861504,0
4216,0.12592537018160024,0,0.12592536909505725,0,0.12592536536976695,0,0.12592537111292282,0,0.12592536583542824,0,0.1259253683189551,0
4217,0.10034246277064085,0,0.11123647812443475,0,0.1112364826258272,0,0.10034246277064085,0,0.10034246238258977,0,0.10470006973482668,0
4218,0.13108997077991566,0,0.13108995029081902,0,0.13108995091170073,0,0.13108997077991566,0,0.13108997077991566,0,0.13108996270845336,0
4219,0.13108968595042825,0,0.13108968579520783,0,0.13108968579520783,0,0.13108968812351426,0,0.13108968595042825,0,0.1310896863229573,0
4220,0.11518472533983488,0,0.4484916552125166,1,0.41478537760364514,1,0.11518472530102979,0,0.11518472533983488,0,0.24176624175937228,1
4221,0.1386934189746777,0,0.1386934189746777,0,0.1386934189746777,0,0.1386934189746777,0,0.1386934189746777,0,0.1386934189746777,0
4222,0.11699592896426718,0,0.1310896632882456,0,0.1310896632882456,0,0.11756173660978675,0,0.11699592896426718,0,0.12274658422296245,0
4223,0.1151847168803215,0,0.1151847168803215,0,0.113371487474069,0,0.1151847168803215,0,0.1151847168803215,0,0.114822070999071,0
4224,0.1386934189746777,0,0.1386934189746777,0,0.1386934189746777,0,0.1386934189746777,0,0.1386934189746777,0,0.1386934189746777,0
4225,0.1308177144577106,0,0.1297574699856341,0,0.12976407508055368,0,0.13070624290655056,0,0.1307125852132837,0,0.13035161752874652,0
4226,0.1259254108493527,0,0.12592540634796023,0,0.12592540634796023,0,0.1259254108493527,0,0.12592541022847095,0,0.12592540892461937,0
4227,0.09040430009675522,0,0.09040429691473643,0,0.08141467642659943,0,0.09040429916543265,0,0.09040429978631437,0,0.08860637447796763,0
4228,0.11858189020616312,0,0.23450635528812805,0,0.1259253704920411,0,0.1185818900509427,0,0.11858188182425995,0,0.14323547757230698,0
4229,0.11123646493069828,0,0.11123646493069828,0,0.11123646493069828,0,0.11123646493069828,0,0.11123646493069828,0,0.11123646493069828,0
4230,0.09142200866093238,0,0.13108966359868646,0,0.13108966359868646,0,0.09142200835049152,0,0.09142200866093238,0,0.10728907057394584,0
4231,0.12341113629130025,0,0.12963077068949738,0,0.12964162385712066,0,0.12330124410800636,0,0.12330123184559245,0,0.12585720135830342,0
4232,0.11806959185438852,0,0.1319222462673982,0,0.13192399218678474,0,0.11804805300198495,0,0.11804687255062163,0,0.12360215117223561,0
4233,0.11846972264659901,0,0.11817391053773463,0,0.11817527298505108,0,0.11844010821854074,0,0.11844020810288687,0,0.11833984449816246,0
4234,0.11914084797414641,0,0.2340640964296957,0,0.13302169740200043,0,0.11921955893437068,0,0.1191190320532769,0,0.14491304655869802,0
4235,0.10397230921080336,0,0.1039720158247898,0,0.10397202310074742,0,0.10397237613021086,0,0.10397227405337617,0,0.10397219966398552,0
4236,0.09590733113388221,0,0.09590733113388221,0,0.09590733113388221,0,0.09590731747448444,0,0.09590733113388221,0,0.09590732840200265,0
4237,0.13191108871251345,0,0.13174866745248437,0,0.13174945286785564,0,0.13189514291783175,0,0.13189455044145384,0,0.13183978047842781,0
4238,0.1252479690592736,0,0.12415140075609088,0,0.23900787656505904,0,0.12524368365605673,0,0.1252428114724656,0,0.1477787483017892,0
4239,0.20420455497999987,0,0.18602482633044323,0,0.1860886700451374,0,0.20212261378765106,1,0.20261763284603754,1,0.19621165959785383,1
4240,0.1469315270272394,0,0.14879228981832662,0,0.14875328944375119,0,0.15272943256422877,0,0.1464263416516284,0,0.14872657610103487,0
4241,0.13108966359868646,0,0.13108966359868646,0,0.13108966359868646,0,0.13108966359868646,0,0.13108966359868646,0,0.13108966359868646,0
4242,0.128814759576926,0,0.14331739279441535,0,0.14331739279441535,0,0.128814759576926,0,0.128814759576926,0,0.13461581286392174,0
4243,0.11699730010392766,0,0.23361475688094893,0,0.1310908569333454,0,0.1169973280436049,0,0.11699727457016706,0,0.14313950330639877,0
4244,0.12501987481179336,0,0.13869507983326912,0,0.13869509069869915,0,0.12501992487038174,0,0.12501984951086342,0,0.13048996394500134,0
4245,0.08363159652799368,0,0.14331806916743517,0,0.14331807475537062,0,0.08322034292117071,0,0.08171599265187979,0,0.10704081520476998,0
4246,0.15747764613479376,0,0.15685583713153997,0,0.1567549416795373,0,0.15755486333121857,0,0.15728902847816548,0,0.15718646335105102,0
4247,0.13012286407562593,0,0.1386934189746777,0,0.1386934189746777,0,0.1669878282894691,0,0.13173129013739526,0,0.14124576409036915,0
4248,0.12501795457986495,0,0.12501795457986495,0,0.12501795457986495,0,0.12501795457986495,0,0.12501795457986495,0,0.12501795457986495,0
4249,0.1151847168803215,0,0.1151847168803215,0,0.1151847168803215,0,0.1151847168803215,0,0.1151847168803215,0,0.1151847168803215,0
4250,0.13108966359868646,0,0.13108966359868646,0,0.13108966359868646,0,0.13108966359868646,0,0.13108966359868646,0,0.13108966359868646,0
4251,0.08712880530705054,0,0.1386934189746777,0,0.1386934189746777,0,0.08712880530705054,0,0.08712880530705054,0,0.1077546507741014,0
4252,0.1386934189746777,0,0.1386934189746777,0,0.1386934189746777,0,0.1386934189746777,0,0.1386934189746777,0,0.1386934189746777,0
4253,0.12881476128435074,0,0.14331739279441535,0,0.14331739279441535,0,0.11460469740753372,0,0.12881476128435074,0,0.1317738011130132,0
4254,0.1310912681122621,0,0.13109106725702682,0,0.13109107548370957,0,0.13109129775936404,0,0.13109125010669231,0,0.13109119174381095,0
4255,0.08713175596979757,0,0.0871313715664049,0,0.08713137862893443,0,0.08713180921040475,0,0.08713170358290274,0,0.08713160379168887,0
4256,0.13109733738626042,0,0.13109599628175297,0,0.1310960043532153,0,0.13109728352477154,0,0.1310971782853206,0,0.1310967599662642,0
4257,0.1185929412022233,0,0.1509698648005724,0,0.12593436955163875,0,0.11859291489236057,0,0.11859271527888875,0,0.12653656114513673,0
4258,0.11221834501096357,0,0.31081626905749243,0,0.1387043505286177,0,0.11221822269726545,0,0.11221805055780958,0,0.15723504757042975,0
4259,0.11553126946091652,0,0.11515698426713546,0,0.1151331253349781,0,0.11551208375021815,0,0.11547386382396023,0,0.1153614653274417,0
4260,0.13679277307043472,0,0.1358755324035883,0,0.13586582026133934,0,0.136703805377086,0,0.1367004324371616,0,0.13638767270992197,0
4261,0.12602058813596764,0,0.12600119474033514,0,0.12600146823873123,0,0.12601919270431003,0,0.12601837453742823,0,0.12601216367135445,0
4262,0.10669512875999014,0,0.12698445934802294,0,0.1269781144025425,0,0.08715285007686664,0,0.10668306634761393,0,0.11089872378700724,0
4263,0.12592532252892852,0,0.1259253191140791,0,0.1259253191140791,0,0.12592532066628337,0,0.12592532252892852,0,0.12592532079045973,0
4264,0.11699595690394442,0,0.16376218805089593,0,0.15342521527782083,0,0.11699595690394442,0,0.11699595620545249,0,0.1336350546684116,0
4265,0.11858185458307464,0,0.1185818441833059,0,0.1249199122345696,0,0.11858185574722786,0,0.11858185458307464,0,0.11984946426625054,0
4266,0.13109188449258605,0,0.13109163474291563,0,0.1310916400204102,0,0.131091950306048,0,0.13109184134130678,0,0.13109179018065334,0
4267,0.12592539051547647,0,0.12592537623519698,0,0.12592537623519698,0,0.12592539361988506,0,0.1259253902050356,0,0.1259253853621582,0
4268,0.08862694725394249,0,0.14331739419139922,0,0.14331739419139922,0,0.06104632110024492,0,0.08862694663306077,0,0.10498700067400932,0
4269,0.07470119744539261,0,0.1433180207386613,0,0.14331802104910216,0,0.0747012101734678,0,0.07470119465142488,0,0.10214792881160975,0
4270,0.09142373129725456,0,0.1310911236020426,0,0.13109112872431675,0,0.09142376265178125,0,0.09142370351279776,0,0.10729068995763857,0
4271,0.05972205754369497,0,0.05972197651863098,0,0.028419747327764828,1,0.05972207492838303,0,0.05972204760958751,0,0.053461580785612264,1
4272,0.05932547338306904,0,1.0982022068152826,1,0.13869663374498487,0,0.05932551994919777,0,0.05932540322343508,0,0.2829750474231939,1
4273,0.07381454637895028,0,0.09573330981462884,0,0.0997714336651067,0,0.07381460862234235,0,0.07381451440354188,0,0.08338968257691401,0
4274,0.04330522008240223,0,0.14331785053946078,0,0.14331785845570266,0,0.04330522008240223,0,0.043305223186810814,0,0.08331027446935574,0
4275,0.059723125460247196,0,1.076936253424113,1,0.9096959171195825,1,0.059723119251430035,0,0.05972310403982798,0,0.43316030385904014,1
4276,0.03399749845266342,1,1.420064773100118,1,0.14331796392798424,0,0.03399750776588917,0,0.03399750838677088,1,0.33307505032668516,1
4277,0.040906629214684166,0,0.04090659196178118,0,0.0702462171514829,0,0.04090664597849051,0,0.04090662983556589,0,0.04677454282840093,0
4278,0.04938306597371896,0,0.11123697436414659,0,0.111236968000109,0,0.049383049830794334,0,0.04938306535283724,0,0.07412462470432123,0
4279,0.10034733234594266,0,0.14328597385125855,0,0.11124022017853956,0,0.10034723696298897,0,0.10034720948897302,0,0.11111359456554055,0
4280,0.08713086888504525,0,0.12002399590952943,0,1.022451086435467,1,0.08713092918818195,0,0.087130838772282,0,0.2807735438381011,1
4281,0.07124097272753716,0,0.07124081874887149,0,0.0664726037842532,0,0.07124097396930058,0,0.07124096248298883,0,0.07028726634259025,0
4282,0.12881535690879295,0,0.23900456035820147,0,0.23868221362742284,0,0.12881535597747037,0,0.12881533758870015,0,0.17282656489211756,0
4283,0.04482436180114746,0,0.13943015380452076,0,0.1394322356209159,0,0.07824876920009653,0,0.044810728480418525,0,0.08934924978141982,0
4284,0.11535247463810568,0,0.11534629453672096,0,0.11534521982927497,0,0.11535306532944863,0,0.11535069963429123,0,0.11534955079356828,0
4285,0.1112385312250505,0,0.1112380832588921,0,0.11123808496631682,0,0.11123849350648622,0,0.11123847643223901,0,0.11123833387779694,0
4286,0.09040470328181982,0,0.09040464367717505,0,0.09040464445327719,0,0.09040471500096221,0,0.09040469536557794,0,0.09040468035576243,0
4287,0.1172904334962368,0,0.11680171467984717,0,0.11676684735963742,0,0.11726988696803649,0,0.11721122187251846,0,0.11706802087525528,0
4288,0.044291029373804726,0,0.04429041656355063,0,0.04429043705264727,0,0.044291053588191666,0,0.044290962939461075,0,0.04429077990353107,0
4289,0.0597244780510664,0,0.05972390746076902,0,0.05562819540500641,0,0.059724461597700916,0,0.05972442434479793,0,0.05890509337186813,0
4290,0.08713119632254045,0,0.12530985819951942,0,0.8437195041527351,1,0.08713125282277663,0,0.08713115581000845,0,0.24608459346151604,1
4291,0.1003441585150237,0,0.1025898950562502,0,0.14505412126891315,0,0.10034413682296872,0,0.10034411815771212,0,0.10973528596417359,0
4292,0.11518512644882624,0,0.10769444835993151,0,0.2679146741672109,0,0.11518514105894913,0,0.11518512142356485,0,0.14423290229169652,0
4293,0.04938309080898762,0,0.04938310260574023,0,0.0493831013639768,0,0.04938308335840702,0,0.049383100122213364,0,0.04938309565186501,0
4294,0.1122156180984651,0,0.12595429651749632,0,0.27172212411339086,0,0.1122155349003151,0,0.1122153860439236,0,0.14686459193471818,0
4295,0.1288164351863088,0,0.1433187338989228,0,0.14331872986319164,0,0.11460485115336876,0,0.1288163948872049,0,0.13177502899779936,0
4296,0.0628020519701143,0,0.11123777840596934,0,0.11123779020272195,0,0.07910580048337579,0,0.0712417745962739,0,0.08712503913169105,0
4297,0.09151685719067852,0,0.1386973150074482,0,0.13869733829051256,0,0.10108667549987634,0,0.05932622464994589,0,0.1058648821276923,0
4298,0.11518543729713808,0,0.11518532377279674,0,0.11518532579066232,0,0.11518544369998078,0,0.11518543062265962,0,0.11518539223664752,0
4299,0.08832984852294128,0,0.1112369467349102,0,0.1112369482871145,0,0.07847997585001092,0,0.06970333214849234,0,0.09179741030869384,0
4300,0.08862745327254136,0,0.9646607914473861,1,0.14331784976335862,0,0.08862747034678857,0,0.08862745016813278,0,0.2747722029996415,1
4301,0.08089080142478149,0,0.5493363934413841,1,0.4761563540281107,1,0.08089081849902868,0,0.08089079599206646,0,0.25363303267707427,1
4302,0.11123679896506171,0,0.11123675239893298,0,0.11123675301981469,0,0.11123681029615302,0,0.11123679166970153,0,0.11123678126993279,0
4303,0.10034289742664744,0,0.10034282800431053,0,0.0963410042071094,0,0.10034290759358555,0,0.10034289727142702,0,0.09954250690061599,0
4304,0.10034277678156893,0,0.1112367514676104,0,0.11123675829730928,0,0.10034278741416831,0,0.10034277390999098,0,0.10470036957412958,0
4305,0.08862745730827253,0,0.06337473603586356,0,0.7627139939771345,1,0.08862747096767028,0,0.0886274470637242,0,0.21839422107053302,1
4306,0.12850250117480755,0,0.1387160251227518,0,0.13871608659004173,0,0.12433121415476005,0,0.1285028401762247,0,0.13175373344371716,0
4307,0.06375373030702274,0,0.1311035491526127,0,0.13110358966514468,0,0.06375378059844176,0,0.06375386379659176,0,0.09069370270396274,0
4308,0.128815080980227,0,0.12509473661581674,0,0.1631792048768451,0,0.12881508608794925,0,0.1288150758239984,0,0.1349438368769673,0
4309,0.13109118289624652,0,0.1310909795574844,0,0.13109098188579082,0,0.13109120462710658,0,0.1310911520073811,0,0.13109110019480189,0
4310,0.08713082744119068,0,0.1386952013708651,0,0.13869520835578442,0,0.08713087532669306,0,0.08713080058805645,0,0.10775658261651792,0
4311,0.11220659769605845,0,0.6889183566284677,1,0.13869509333744645,0,0.11220664503828932,0,0.11220657146380593,0,0.23284665283281356,1
4312,0.10195659496821463,0,0.08171558399529506,0,0.0832199174813771,0,0.10195660909327368,0,0.10195659465777378,0,0.09416106003918685,0
4313,0.08862741974492867,0,0.14331781934015453,0,0.1433178320682297,0,0.0886274400788049,0,0.0886274150883158,0,0.11050358526408673,0
4314,0.06090154405683279,0,0.052266365538040795,0,0.05426436352233092,0,0.06090155771623055,0,0.0609015387793382,0,0.05784707392255465,0
4315,0.1112364799870799,0,0.11123647843487561,0,0.11123647843487561,0,0.1112364799870799,0,0.11123647967663904,0,0.11123647930411003,0
4316,0.0836308029635499,0,0.14331740303896368,0,0.14331740303896368,0,0.08321954319641615,0,0.0817152119319265,0,0.107040072833964,0
4317,0.12502278527244925,0,0.2409669078576068,0,0.23946122452616692,0,0.12502279753486314,0,0.12502269757290682,0,0.17109928255279858,0
4318,0.10034246909587334,0,0.11123650032095611,0,0.11123650001051526,0,0.10034246909587334,0,0.10034246925109376,0,0.10470008155486236,0
4319,0.11518475780030712,0,0.1151847571794254,0,0.0967744883770744,0,0.11518475935251142,0,0.11518475884804502,0,0.11150270431147269,0
4320,0.11123689070033531,0,0.11123681712585191,0,0.11123681060659389,0,0.11123689411518474,0,0.111236885888502,0,0.11123685968729355,0
4321,0.1151850235182792,0,0.4234889895499994,1,0.1433176768478006,0,0.11518502637045458,0,0.11518501855122547,0,0.18247234696755182,1
4322,0.11123676357480387,0,0.11123672927108903,0,0.1112367333068202,0,0.11123677847596507,0,0.11123676978362103,0,0.11123675488245985,0
4323,0.059721945164104305,0,0.0365755350018541,0,0.07534160899619262,0,0.05972195758173863,0,0.05972193740308285,0,0.05821659682939451,0
4324,0.1250194803190728,0,0.12397074016431968,0,0.23897774952153364,0,0.1250195181928575,0,0.12501946122696003,0,0.14760138988494872,0
4325,0.09677481632873726,0,0.14331769826821983,0,0.14331770432181656,0,0.11107442766297027,0,0.10672723424310486,0,0.12024237616496976,0
4326,0.10656191408634186,0,0.1433176539527873,0,0.14331765403039753,0,0.10989985308454682,0,0.12881505309875743,0,0.12638242565056618,0
4327,0.07124064024537802,0,0.08247636227558057,0,0.5493203619650254,1,0.07124064862728119,0,0.07124063496788342,0,0.16910372961622971,1
4328,0.05972207492838303,0,0.027475788878897827,1,0.8674334487101684,1,0.05972208237896363,0,0.05972206064810356,0,0.2148150911089033,1
4329,0.044287340715527534,0,0.1386934487770001,0,0.1386934487770001,0,0.07199994451366365,0,0.044287340715527534,0,0.08759230469974379,0
4330,0.100342796339343,0,0.10034274876428147,0,0.09518401483849932,0,0.10034280584659427,0,0.10034279090662797,0,0.0993110313390692,0
4331,0.09040479470665257,0,0.11123690575671692,0,0.11123690234186749,0,0.09040480409748852,0,0.09040478873066604,0,0.09873763912667831,0
4332,0.11220674267193924,0,0.676056592569997,1,0.13869523086274663,0,0.11220680072437972,0,0.11220671480987221,0,0.23027441632778692,1
4333,0.0930237874078254,0,0.09836346873392661,0,0.37286860635504127,1,0.09299113756666581,0,0.09299125832815965,0,0.15004765167832373,1
4334,0.11626109954280157,0,0.1443400002705554,0,0.14433338368932405,0,0.11626495267652596,0,0.11624981136992574,0,0.12748984950982653,0
4335,0.11699691337222855,0,0.23358807417874536,0,0.13109052010501424,0,0.11699694045819342,0,0.11699690336051087,0,0.14313387029493846,0
4336,0.09265228043174527,0,0.1433177076590558,0,0.14331770952170095,0,0.0798834355858465,0,0.101956515883406,0,0.1122255298163509,0
4337,0.09677480495884083,0,0.14331770494269827,0,0.14331770587402085,0,0.11107442302333463,0,0.10672723610575001,0,0.1202423749809289,0
4338,0.08267182779187958,0,0.13108983915299177,0,0.13108984101563692,0,0.09236402406046788,0,0.06525698552529018,0,0.10049450350925326,0
4339,0.06761432190736134,0,0.06761429831385612,0,0.06761429831385612,0,0.06761432190736134,0,0.06761432190736134,0,0.06761431246995925,0
4340,0.10195787883518885,0,0.4861375551360349,1,0.14331878364707032,0,0.10195786591308813,0,0.10195784119423479,0,0.1870659849451234,1
4341,0.09975888735304277,0,0.336663168699791,1,0.1386991188240548,0,0.0997588763711974,0,0.09975874924566597,0,0.1549277600987504,1
4342,0.11518579781598721,0,0.093052007840015,0,0.6309140193431327,1,0.11518579356682797,0,0.11518577511499946,0,0.2139046787361925,1
4343,0.11518511511773492,0,0.1433177369957169,0,0.1433177376165986,0,0.11518512344143043,0,0.11518511150885995,0,0.12643816493606813,0
4344,0.12092354711300383,0,0.1386952338119348,0,0.13869524033119282,0,0.12397154389570157,0,0.12474335699031751,0,0.1294057844284301,0
4345,0.07872559564809005,0,0.13109071723495921,0,0.13109072220201293,0,0.08357327617704868,0,0.07872557143370311,0,0.10064117653916278,0
4346,0.11518512243249764,0,0.10393734594496588,0,0.3187374675956865,0,0.1151851328710715,0,0.11518511895944054,0,0.1536460375607324,0
4347,0.1003428369294852,0,0.10357350173095863,0,0.15411301710021993,0,0.10034284961875528,0,0.10034283258331318,0,0.11174300759254645,0
4348,0.0808907113969326,0,0.08089065846676628,0,0.08089065660412113,0,0.08089072800551851,0,0.08089070689554016,0,0.08089069227377574,0
4349,0.10195626694864283,0,0.0749619600828737,0,0.8114749824162573,1,0.10195626725908369,0,0.10195626636656623,0,0.23846114861468476,1
4350,0.040906643494963646,0,0.13869583529109755,0,0.1386958509683609,0,0.04090666708846887,0,0.0409066304564476,0,0.0800223254598677,0
4351,0.11220667600476493,0,0.11220643913839012,0,0.11220644480393578,0,0.11220672637379418,0,0.11220664721137534,0,0.11220658670645207,0
4352,0.06525857280939817,0,0.1310912324115634,0,0.13109123039369783,0,0.06525861689200003,0,0.06525855573515098,0,0.09159164164836209,0
4353,0.11699594922053318,0,0.12234429937476914,0,0.11729601390349369,0,0.11699594906531274,0,0.11699594922053318,0,0.11812563215692837,0
4354,0.06530650891363621,0,0.13869850616902113,0,0.13869852929686508,0,0.0917984377592802,0,0.04171362208823363,0,0.09524312084540726,0
4355,0.10036193575554837,0,0.10035755838422726,0,0.10035760277726997,0,0.10036151014113177,0,0.1003614777776723,0,0.10036001696716994,0
4356,0.11518756397223721,0,0.6084945598461976,1,0.14331964372346798,0,0.11518752584621932,0,0.11518750221390898,0,0.21947535912040622,1
4357,0.11123676497178774,0,0.11123672119962673,0,0.11123672244139016,0,0.11123676885229845,0,0.111236758918191,0,0.11123674727665882,0
4358,0.08840722714861234,0,0.13109076085189977,0,0.1310907630249858,0,0.09176762029528618,0,0.08357328758575022,0,0.10518593178130686,0
4359,0.0990753925871104,0,0.1433177369957169,0,0.14331773854792118,0,0.09054326246647786,0,0.10195654615138967,0,0.1156421353497232,0
4360,0.1039743009605445,0,0.10397353636411329,0,0.10397354666686927,0,0.10397429269505665,0,0.10397421091329306,0,0.10397397751997535,0
4361,0.10195752198342234,0,0.5532268905080855,1,0.486137476672108,1,0.10195751441642642,0,0.10195749738098432,0,0.2690473801922053,1
4362,0.10961846075952053,0,0.13109377523263296,0,0.1310937924621006,0,0.10853122481300186,0,0.10397467416866372,0,0.11686238548718393,0
4363,0.09142316225916147,0,0.09142302985613544,0,0.09759856052308653,0,0.09142318864663442,0,0.09142314813410242,0,0.09265821788382404,0
4364,0.03730630067487558,0,0.04246286364893118,0,1.0010629681249459,1,0.03730630253752073,0,0.03730627087255319,0,0.2310889411717653,1
4365,0.12881507132260595,0,0.14331766380928457,0,0.1433176634212335,0,0.128815075775492,0,0.1288150679465616,0,0.13461610845503552,0
4366,0.11987935177360971,0,0.1310911892602841,0,0.13109119484821954,0,0.1230472157864521,0,0.11756346405794223,0,0.12453448314530154,0
4367,0.10195654141716659,0,0.10195648984517902,0,0.07988340182540317,0,0.10195654739315312,0,0.101956536139672,0,0.09754190332411478,0
4368,0.1250179820538809,0,0.2409681510180235,0,0.2394593662271897,0,0.1250179820538809,0,0.1250179820538809,0,0.1710962926813712,0
4369,0.09182006726041436,0,0.6246746882485846,1,0.12594362519060573,0,0.09181994867200653,0,0.0918195960111916,0,0.20521558507656054,1
4370,0.034359125420451164,0,0.11123733990825713,0,0.11123734115002056,0,0.06419287497798602,0,0.04936461833616098,0,0.07407825995857517,0
4371,0.0951840862010916,0,0.11123678421912093,0,0.1112367845295618,0,0.10278211902671804,0,0.10034281581950684,0,0.10415651795919985,0
4372,0.09040509474774201,0,0.09687174045636009,0,0.25884858712864417,0,0.09040509319553773,0,0.09040507612129052,0,0.12538711832991492,0
4373,0.11699697522756954,0,0.11699685974357028,0,0.1175626628100872,0,0.11699699610471725,0,0.11699696242188413,0,0.11711009126156569,0
4374,0.1250194264575839,0,0.1250192552494506,0,0.12585291864039996,0,0.12501947325654328,0,0.12501940868484476,0,0.1251860964577645,0
4375,0.0886274150883158,0,0.9251545946268985,1,0.14331781468354166,0,0.08862743107602,0,0.08862741353611152,0,0.2668709338021775,1
4376,0.12502029871878526,0,0.13869540393352509,0,0.1386954115393261,0,0.12502033868804574,0,0.12502026425985,0,0.13049034342790644,0
4377,0.05045639475186666,0,0.13109114362547794,0,0.13109114300459623,0,0.06800109054893255,0,0.05045636681218942,0,0.08621922774861256,0
4378,0.11518472471895318,0,0.14331739419139922,0,0.14331739419139922,0,0.11518472481596594,0,0.11518472468014807,0,0.12643779251957313,0
4379,0.06090216680119435,0,0.06090195725361506,0,0.07371150919546683,0,0.0609021686638395,0,0.06090213234225909,0,0.06346398685127497,0
4380,0.09040468659562369,0,0.09501090614746015,0,0.4446009475893031,0,0.09040470033263166,0,0.09040468488819897,0,0.16216518511064354,0
4381,0.09040454720767836,0,0.09495074682248135,0,0.2330971494472275,0,0.09040454868227243,0,0.09040454239584506,0,0.11985230691110094,0
4382,0.08862719358876348,0,0.1433176341621826,0,0.14331762236543,0,0.08862719389920433,0,0.08862719032913446,0,0.11050336686894298,0
4383,0.06375965848565102,0,1.533030744176358,1,0.13109193928539753,0,0.0637596615900596,0,0.06375966966152191,0,0.3710803346397976,1
4384,0.11518506071297452,0,0.14331769268028438,0,0.14331769268028438,0,0.11518507159780711,0,0.11518505648321782,0,0.12643811483091366,0
4385,0.09040456482519706,0,0.0904045495359848,0,0.09040454387043913,0,0.09040456358343363,0,0.09040456172078848,0,0.09040455670716861,0
4386,0.13870765160148343,0,0.13870491040870547,0,0.13870494440197945,0,0.13870747558151683,0,0.13870733076085648,0,0.13870646255090835,0
4387,0.05045540692905585,0,0.13109028587738672,0,0.13109028851613402,0,0.05045540630817413,0,0.05045539513230324,0,0.08270935655261079,0
4388,0.10195680622321864,0,0.14331800878668824,0,0.14331800770014524,0,0.09907564769188563,0,0.10195679815175633,0,0.11792505371073883,0
4389,0.12502294864195088,0,0.2389782190633317,0,0.1386975203640759,0,0.12502294305401543,0,0.12502285302616656,0,0.15054889682990807,0
4390,0.11123681541842718,0,0.11123676869707803,0,0.11123677863118549,0,0.11123682395555079,0,0.11123681402144332,0,0.11123680014473696,0
4391,0.10034494711241375,0,0.22887539312553903,0,0.11123840798002978,0,0.10034491909512629,0,0.10034489162111034,0,0.12822971178684384,0
4392,0.09040457701000075,0,0.09588106977753341,0,0.3398494586193313,1,0.09040458779782057,0,0.0904045725086083,0,0.14138885314265887,1
4393,0.05932307740052541,0,1.066215025416265,1,0.13869458980237445,0,0.05932307802140713,0,0.059323061257600784,0,0.27657576637963455,1
4394,0.0918028944482406,0,0.14600976820414266,0,0.14599932287819684,0,0.0917553606753548,0,0.09175269057353337,0,0.11346400735589365,0
4395,0.11123651584299903,0,0.11123650730587542,0,0.11123650777153671,0,0.11123652469056348,0,0.11123651056550443,0,0.11123651323529582,0
4396,0.1039724094249929,0,0.10961569151065002,0,0.11010788410203531,0,0.10397242025161783,0,0.10397236099621902,0,0.10632815325710303,0
4397,0.06090144378443559,0,0.11123680812306702,0,0.11123680765740573,0,0.06090145589162906,0,0.06090143974870443,0,0.08103559104104838,0
4398,0.11123647222605844,0,0.11123647222605844,0,0.11123647238127887,0,0.1112364730021606,0,0.11123647222605844,0,0.11123647241232296,0
4399,0.08862695191055536,0,0.07223793693507712,0,0.5995763055204103,1,0.08862695191055536,0,0.08862694973746936,0,0.1875390192028135,1
4400,0.0904057677059124,0,0.31691875068160397,0,0.11123762923913698,0,0.09040575606438021,0,0.09040573379024863,0,0.13987472749625643,0
4401,0.10195686004590243,0,0.10195674778272708,0,0.08171578725644697,0,0.10195686489654084,0,0.10195684623128425,0,0.0979086212425803,0
4402,0.12501955381594598,0,0.12501936972451708,0,0.12501936949168643,0,0.1250195927762737,0,0.12501952486733595,0,0.12501948213515185,0
4403,0.06648654009525974,0,0.1433345453503231,0,0.1433344166725874,0,0.06356320297345519,0,0.07017346556919317,0,0.09737843413216372,0
4404,0.0808903172922631,0,0.08089031542961796,0,0.08089031574005882,0,0.0808903172922631,0,0.08089031915490826,0,0.08089031698182224,0
4405,0.10072525565434869,0,0.1433174309010307,0,0.1433174309010307,0,0.10393703108032544,0,0.09520223465127249,0,0.1172998766376016,0
4406,0.11905117693822831,0,0.1310906660122176,0,0.1310906675644219,0,0.1172971857401232,0,0.12234542813772957,0,0.12417502487854412,0
4407,0.08363287841590743,0,0.1433190630438427,0,0.14331906490648785,0,0.08322160072081412,0,0.08171724198230852,0,0.10704196981387212,0
4408,0.08713137164401512,0,0.8694284074008465,1,0.7677702768705785,1,0.08713141720121105,0,0.08713131475572784,0,0.37971855757447576,1
4409,0.13869473990052938,0,0.1386945848353207,0,0.13869458685318628,0,0.13869476970285177,0,0.13869472251584133,0,0.1386946807615459,0
4410,0.05889016265670458,0,0.13109162791321674,0,0.1310916372264425,0,0.043964493088424206,0,0.05775886153181394,0,0.08455935648332039,0
4411,0.03485075353334347,0,0.14331802702508867,0,0.1433180335443467,0,0.0542956522355477,0,0.04727520669500033,0,0.08461153460666537,0
4412,0.09040461403007309,0,0.09040456389387448,0,0.09040456560129921,0,0.09040462202392519,0,0.090404610382393,0,0.090404595186313,0
4413,0.13869518274441361,0,0.13869496202096343,0,0.13869497490425906,0,0.1386952195316553,0,0.13869515371819338,0,0.13869509858389698,0
4414,0.1250948236362698,0,0.14331770859037837,0,0.14331770859037837,0,0.11992320261197165,0,0.12783529927643636,0,0.1318977485410869,0
4415,0.1112367444826911,0,0.11123670148663223,0,0.11123670365971823,0,0.11123674277526636,0,0.11123673998129864,0,0.11123672647712131,0
4416,0.13869345017398396,0,0.1386934487770001,0,0.1386934487770001,0,0.13869345063964525,0,0.13869345017398396,0,0.13869344970832267,0
4417,0.15006499675412974,0,0.1253361583997806,0,0.1693556389460961,0,0.15006541771193346,0,0.15006548476715884,0,0.14897753931581975,0
4418,0.11699797430386145,0,0.11729776005571087,0,0.15443928989892206,0,0.1169979942496866,0,0.11699793922404449,0,0.12454619154644508,0
4419,0.10195797736135621,0,0.10195763669131945,0,0.09265201572270598,0,0.1019579628482461,0,0.10195794088455538,0,0.10009670670163662,0
4420,0.10961944675849129,0,0.13869486267988881,0,0.13869487789149085,0,0.10841655738962193,0,0.11799743084702641,0,0.12268463511330388,0
4421,0.12881507058530892,0,0.12509472511010244,0,0.16317920208287737,0,0.12881507710456694,0,0.12881506748090032,0,0.13494382847275121,0
4422,0.10357531614135951,0,0.11123812951457997,0,0.11123814534706374,0,0.10259065796465923,0,0.09634273018067081,0,0.10499699582966664,0
4423,0.10769638100949426,0,0.14331921702250838,0,0.14331922369698682,0,0.09920548561300772,0,0.1133737313405921,0,0.12138280773651786,0
4424,0.10852854043090095,0,0.1310916611303886,0,0.13109165631855527,0,0.11010797294632842,0,0.10961571937271704,0,0.11808711003977805,0
4425,0.10397413277920957,0,0.10397340167158593,0,0.1216893788271894,0,0.10397412798677881,0,0.10397404643784587,0,0.10751701754052193,0
4426,0.1386973688689371,0,0.13869670840601125,0,0.13869671430438757,0,0.13869737243900696,0,0.13869729032739997,0,0.13869709086914855,0
4427,0.1003424411950012,0,0.11123646679334342,0,0.11123646679334342,0,0.1003424411950012,0,0.1003424411950012,0,0.1047000514343381,0
4428,0.13869527044395605,0,0.13869503155971566,0,0.13869503683721027,0,0.1386953036611279,0,0.13869524700567126,0,0.13869517790153624,0
4429,0.08965019943813483,0,0.18386766981954375,0,0.18361566487389305,0,0.09000097618748744,0,0.0995321967639029,0,0.12933334141659242,0
4430,0.08141508442349732,0,0.11123682690473895,0,0.11123683000914752,0,0.0958812484362473,0,0.09040469528796773,0,0.09803493701231977,0
4431,0.08713154060145219,0,0.13869578313703337,0,0.1386957933815817,0,0.08713158903022607,0,0.08713149869193633,0,0.10775724096844592,0
4432,0.04577112632493178,0,0.14331793203018606,0,0.14331792116475603,0,0.05414653352151314,0,0.05448757065460086,0,0.08820821673919757,0
4433,0.11992320672531302,0,0.1433177221721659,0,0.1433177237243702,0,0.16317919936651984,0,0.12509483382261047,0,0.13896653716219587,0
4434,0.10195624766250451,0,0.10195624925351392,0,0.1019562481281658,0,0.10195624874904752,0,0.10195624711923301,0,0.10195624818249294,0
4435,0.08352435814837615,0,1.0814779475331306,1,0.9055242684359351,1,0.0835246139516433,0,0.08352422403792541,0,0.44751508242140214,1
4436,0.11646365015379463,0,0.13869520463049412,0,0.13869521130497256,0,0.10332089049431185,0,0.1047229408674563,0,0.1203795794902059,0
4437,0.08121727732941508,0,0.11123687486785154,0,0.11123687502307196,0,0.057518947403877974,0,0.08488201256841421,0,0.08921839743852615,0
4438,0.07124062379201253,0,0.4930057436383019,1,0.11123690606715779,0,0.07124063652008772,0,0.07124061541010936,0,0.16359290508553387,1
4439,0.09677483185078017,0,0.14331771254849932,0,0.14331771689467132,0,0.11107444667868549,0,0.10672722632686298,0,0.12024238685989985,0
4440,0.26321072193483513,1,0.14331816090270877,0,0.14331816307579479,0,0.26321070827543736,0,0.26321073931952316,1,0.21525369870165983,1
4441,0.12128646524312596,0,0.13869585283100605,0,0.13869585236534476,0,0.09442427975591272,0,0.09767208787767838,0,0.11815490761461359,0
4442,0.08156347352390488,0,0.11123674355136852,0,0.11123673113373418,0,0.05921929896188279,0,0.07512322782228391,0,0.08767589499863485,0
4443,0.11123689473606646,0,0.1112368699007978,0,0.11123687673049669,0,0.11123690265230834,0,0.1112368933390826,0,0.11123688747175038,0
4444,0.11604242958128452,0,0.1259275001163284,0,0.12592750725646815,0,0.07446315647878994,0,0.12186730070970953,0,0.11284557882851609,0
4445,0.06354562022412817,0,0.1433178372681141,0,0.14331783928597966,0,0.5532109952376535,1,0.06646907515823841,0,0.19397227343482276,1
4446,0.10358093162843336,0,0.11124237556941807,0,0.11124239730027814,0,0.1025961465202272,0,0.09634819199951987,0,0.10500200860357531,0
4447,0.11699593183584511,0,0.11756173754110932,0,0.123045406731156,0,0.11699593183584511,0,0.11699593183584511,0,0.11831898795596012,0
4448,0.0880473709354798,0,0.13869341742247343,0,0.13869341742247343,0,0.6599100832827389,1,0.09359622560441494,0,0.22378810293351611,1
4449,0.05414590332657099,0,0.14331739279441535,0,0.14331739279441535,0,0.7626980792265385,1,0.04577051382511854,0,0.22984985639341177,1
4450,0.062289450938502945,0,0.11123646430981655,0,0.11123646430981655,0,0.05145977810025215,0,0.04464958421885967,0,0.07617434837544958,0
4451,0.06646858341991901,0,0.14331739279441535,0,0.14331739279441535,0,0.06354511932780345,0,0.07015578479816516,0,0.09736085462694366,0
4452,0.0970936983358115,0,0.1310908280623456,0,0.13109083473682404,0,0.0919184534965704,0,0.10669348773080856,0,0.11157746047247201,0
4453,0.10195659240707755,0,0.14331777052332959,0,0.1433177667980393,0,0.10195660397099952,0,0.1019565883713464,0,0.11850106441415846,0
4454,0.08573638624511659,0,0.13109557470306754,0,0.13109558898334703,0,0.08428070927038789,0,0.09321301663294435,0,0.10508425516697269,0
4455,0.09759899867155279,0,0.13109092197070518,0,0.13109092491989335,0,0.09744336626802881,0,0.10195266181835905,0,0.11183537472970784,0
4456,0.12506446102634072,0,0.12505513608145216,0,0.125055252496774,0,0.12506374840935072,0,0.1250634165480733,0,0.12506040291239817,0
4457,0.13869718244920173,0,0.1386965806595981,0,0.138696587489297,0,0.1386971970399221,0,0.1386971208266914,0,0.13869693369294206,0
4458,0.0476277374352018,0,0.1310926342072586,0,0.13109263482814035,0,0.052707523107528687,0,0.04262262520690759,0,0.0810286309570074,0
4459,0.04817521323760351,0,0.13108971994370222,0,0.13108971839149794,0,1.185446749906987,1,0.04723751048247019,0,0.3086077823924522,1
4460,0.1631792453893771,0,0.1433174345487108,0,0.14331743936054409,0,0.15536625613458455,0,0.1199228778326263,0,0.14502065065316858,0
4461,0.1096178392957275,0,0.13869348354637623,0,0.13869348354637623,0,0.10841491112175088,0,0.11799584988815089,0,0.12268311347967635,0
4462,0.07416415587067604,0,0.11123691972655554,0,0.11123691506994267,0,0.06994721076140802,0,0.04448541191716989,0,0.08221412266915043,0
4463,0.06585101007173459,0,0.13109275993580619,0,0.13109277235344052,0,0.05590531385193268,0,0.061612651528169714,0,0.08911090154821674,0
4464,0.07098031230270863,0,0.13109066570177674,0,0.13109067222103477,0,0.06158300054570039,0,0.07357588084414601,0,0.0936641063230733,0
4465,0.04867434625824293,0,0.1433177498014023,0,0.14331775135360658,0,0.04543699789792299,0,0.06040343704322974,0,0.08823005647088092,0
4466,0.9682942756917328,1,0.11123698274604976,0,0.11123698305649062,0,0.8785960707658281,1,0.051460420712828636,0,0.4241649465945859,1
4467,0.1259579601852844,0,0.13870346390952668,0,0.13870350271463394,0,0.1226226616029938,0,0.1309500924156358,0,0.13138753616561494,0
4468,0.11124611638175945,0,0.11124397356373568,0,0.11124399436327319,0,0.11124592080401878,0,0.1112459001597017,0,0.11124518105449777,0
4469,0.1386950983045002,0,0.13869490381330252,0,0.13869489977757135,0,0.13869514937202135,0,0.13869506788129607,0,0.13869502382973828,0
4470,0.1310905860736966,0,0.13109048129990697,0,0.1310904847147564,0,0.1310906073388954,0,0.13109057567392787,0,0.13109054702023665,0
4471,0.1250959829388497,0,0.14331883758616945,0,0.14331882066714266,0,0.11992435890715569,0,0.12783644212565073,0,0.13189888844499364,0
4472,0.13109138250971833,0,0.1310911524730424,0,0.131091159923623,0,0.13109140718976656,0,0.13109135006864867,0,0.1310912904329598,0
4473,0.13869530769685903,0,0.13869507377967238,0,0.1386950739348928,0,0.1386953485198319,0,0.13869527308270335,0,0.1386952154027919,0
4474,0.11992320594921087,0,0.14331771658423045,0,0.14331772248260677,0,0.16317919983218113,0,0.1250948328136777,0,0.1389665355323814,0
4475,0.1288151303694273,0,0.11833801787967484,0,0.23900458162340024,0,0.1288151417732782,0,0.12881512858439237,0,0.1487576000460346,0
4476,0.11905118535893659,0,0.13109067439412078,0,0.13109067749852935,0,0.11729719241460164,0,0.12234544024492304,0,0.12417503398222227,0
4477,0.1317313132652392,0,0.13869344225774208,0,0.13869344225774208,0,0.1301228953913475,0,0.13439322216436267,0,0.1347268630672867,0
4478,0.06090150432040294,0,0.11123686524418493,0,0.11123686229499678,0,0.05318209373702606,0,0.06090148693571488,0,0.07949176250646511,0
4479,0.13109075976535678,0,0.13109064614400268,0,0.13109064924841127,0,0.13109078522150716,0,0.13109074827904502,0,0.13109071773166459,0
4480,0.1126552913725997,0,0.13869483768939972,0,0.1386948460713029,0,0.4504546395813425,1,0.10471032478380948,0,0.18904198789969087,1
4481,0.0630552180421849,0,0.14331775166404745,0,0.14331775236253938,0,0.0722383417499562,0,0.06104653235524893,0,0.09659511923479537,0
4482,0.11107443823978731,0,0.1433177221721659,0,0.1433177237243702,0,0.44849158357828856,1,0.09677482977470693,0,0.1885952594978638,1
4483,0.1386962472461164,0,0.1386957927607,0,0.13869579679643115,0,0.13869626261293888,0,0.13869617599993944,0,0.1386960550832252,0
4484,0.09824688235918681,0,0.11123646679334342,0,0.11123646679334342,0,0.23511402596098682,0,0.10278173182935764,0,0.13172311474724363,0
4485,0.10797281505074352,0,0.1259419514487187,0,0.12594201120858392,0,0.16364250549425682,0,0.12235802652624746,0,0.1291714619457101,0
4486,0.09824731468688697,0,0.11123682628385723,0,0.11123682690473895,0,0.23511392180807889,0,0.10278215534829845,0,0.1317234090063721,0
4487,0.10853084809302042,0,0.13109348186602196,0,0.13109349350755414,0,0.11011027146984513,0,0.10961798667752494,0,0.11808921632279332,0
4488,0.07986091232548158,0,0.14331798387380937,0,0.1433179829424868,0,0.09103159583173692,0,0.0829195930903855,0,0.10808961361278005,0
4489,0.12092149265420933,0,0.13869346010809144,0,0.13869346010809144,0,0.12396943538139264,0,0.12474131972218554,0,0.12940383359479407,0
4490,0.09824719900886218,0,0.11123673051285247,0,0.11123672911586861,0,0.235113957663998,0,0.10278204056279112,0,0.13172333137287448,0
4491,0.07124051141242187,0,0.07064908153067033,0,0.5977572222085049,1,0.07124052351961534,0,0.07124050613492727,0,0.17642556896122794,1
4492,0.0862486823850001,0,0.11123703396879137,0,0.11123703179570536,0,0.4446008688925455,1,0.09501123789232224,0,0.16966697098687292,1
4493,0.1386960232630372,0,0.13869564700871706,0,0.13869565849502882,0,0.1386960594293972,0,0.13869596691802144,0,0.13869587102284037,0
4494,0.11123674168872337,0,0.11123670040008922,0,0.11123670055530965,0,0.11123675239893298,0,0.11123673796343307,0,0.11123672660129766,0
4495,0.11123674168872337,0,0.11123670040008922,0,0.11123670055530965,0,0.11123675239893298,0,0.11123673796343307,0,0.11123672660129766,0
4496,0.1310930404191216,0,0.1310925114278992,0,0.13109251763671637,0,0.13109305563072363,0,0.13109297662352523,0,0.13109282034759723,0
4497,0.13173131846512356,0,0.1386934470695754,0,0.1386934470695754,0,0.13012289570178837,0,0.13439322313449034,0,0.13472686628811062,0
4498,0.12509446420396367,0,0.1433173951227218,0,0.1433173951227218,0,0.11992284263639401,0,0.1278349367591242,0,0.13189740676898506,0
4499,0.09097513028730948,0,0.13108969355622926,0,0.13108969355622926,0,1.2364251570155222,1,0.09236387116834521,0,0.33638870911672714,1
4500,0.09942444223755349,0,0.13869346771389246,0,0.13869346771389246,0,0.5551745863631368,1,0.10287584379936258,0,0.20697236156556756,1
4501,0.11992399563314393,0,0.14331832520353296,0,0.14331832194390395,0,0.16317905485630035,0,0.12509558557455117,0,0.13896705664228645,0
4502,0.10072640936899309,0,0.14331835236710808,0,0.14331835857592523,0,0.10393817761602502,0,0.0952028603060171,0,0.11730083164681371,0
4503,0.08624834462534636,0,0.11123677909684677,0,0.11123677925206721,0,0.4446009359477709,1,0.09501090354751796,0,0.16966674849390984,1
4504,0.11010557395638898,0,0.13108968377734223,0,0.13108968377734223,0,0.3475309503264725,1,0.10852616796425234,0,0.16566841196035964,1
4505,0.0854675682882468,0,0.1259560069690148,0,0.12595610320568085,0,0.06482228497043252,0,0.09183477222298582,0,0.09880734713127215,0
4506,0.131089694177111,0,0.13108969510843357,0,0.13108969510843357,0,0.131089694177111,0,0.13108969386667013,0,0.13108969448755187,0
4507,0.09920423961981821,0,0.14331741568942866,0,0.14331741568942866,0,0.267914735712111,0,0.10769410784511517,0,0.15228958291118033,0
4508,0.08750431519001722,0,0.11123647222605844,0,0.11123647222605844,0,0.3635838886257261,1,0.09028585969160001,0,0.15276940159189203,1
4509,0.08862694849570592,0,0.07128003441418211,0,0.08499127952381968,0,0.08862694880614679,0,0.08862694849570592,0,0.08443043194711208,0
4510,0.12397086465110381,0,0.13869469799101353,0,0.1386947031132877,0,0.2409676962221662,0,0.12092289712745696,0,0.15265017182100565,0
4511,0.06275939910362165,0,0.13870913768187165,0,0.13870917617653808,0,0.8693750131254395,1,0.0753171406686306,0,0.2569739733512203,1
4512,0.08013584340612094,0,0.13109138949463764,0,0.13109139803176126,0,0.8712392744297782,1,0.07495852682041004,0,0.2577032864365416,1
4513,0.11123648045274119,0,0.11123648045274119,0,0.11123647470958531,0,0.11123648278104763,0,0.11123648045274119,0,0.11123647976977132,0
4514,0.08365732524544,0,0.13109121719996134,0,0.1310912254266441,0,0.9759909082204103,1,0.07634964080837865,0,0.27963606338016683,1
4515,0.10393741792843987,0,0.1433177643145124,0,0.14331776509061456,0,0.34374006240007776,1,0.1007256408338435,0,0.16700773011349762,1
4516,0.10226399404928088,0,0.13109078040967384,0,0.13109078258275986,0,0.5570172175454596,1,0.09869115114755307,0,0.20403078514694545,1
4517,0.057518934520582356,0,0.1112368618293355,0,0.11123686664116879,0,1.1255628357175738,1,0.08121725295980771,0,0.2973545503336936,1
4518,0.11010735317055757,0,0.13109118274102607,0,0.1310911813440422,0,0.3475300054997206,1,0.10852791403885931,0,0.16566952735884116,1
4519,0.09920462644853008,0,0.14331798651255667,0,0.14331799613622329,0,0.2679146184430768,0,0.10769479318211476,0,0.1522900041445003,0
4520,0.13869346243639788,0,0.13869345281273127,0,0.13869345374405384,0,0.1386934656960269,0,0.1386934615050753,0,0.13869345923885706,0
4521,0.06008333278199037,0,0.13109129186098775,0,0.1310912974489232,0,1.5506304007334013,1,0.05587587195138136,0,0.3857544389553368,1
4522,0.11507455282844603,0,0.1259271049251159,0,0.1259271145487825,0,0.07201532833278179,0,0.10007907131997247,0,0.10780463439101975,0
4523,0.043913857700924076,0,0.1259253153887888,0,0.1259253153887888,0,0.582579632755369,1,0.1031455179521193,0,0.196297927837198,1
4524,0.22405060194432735,0,0.12593504258741936,0,0.12593509024009109,0,3.2269488287468753,1,0.2063479075829188,1,0.7818434942203264,1
4525,0.04330561372141043,0,0.02194241837908824,1,0.8637070676777512,1,0.043305605029066406,0,0.04330558764437834,0,0.20311325849033893,1
4526,0.08624832359297822,0,0.11123675239893298,0,0.11123675208849211,0,0.4446009446401149,1,0.09501088367930303,0,0.16966673127996426,1
4527,0.13109063124284148,0,0.13109052755559483,0,0.13109052646905184,0,0.131090657475094,0,0.13109062549968561,0,0.13109059364845355,0
4528,0.11123758810572326,0,0.11123736567484836,0,0.11123736024213333,0,0.11123758018948138,0,0.11123756233913203,0,0.11123749131026368,0
4529,0.1301250992109999,0,0.13869551429525018,0,0.13869550544768572,0,0.1669875431495408,0,0.1317334983808299,0,0.1412474320968613,0
4530,0.05972193616131941,0,0.05972187717755636,0,0.05972187779843807,0,0.05972194640586773,0,0.05972192622721195,0,0.0597219127540787,0
4531,0.1151104102221628,0,0.1386956333493193,0,0.1386956418864429,0,0.11614635555694501,0,0.12142288347240537,0,0.12601418489745508,0
4532,0.07015622042429943,0,0.14331778651103377,0,0.14331779070198536,0,0.066469038836658,0,0.08862738652775685,0,0.10237764460034668,0
4533,0.10278210315542917,0,0.11123677940728764,0,0.11123678375345965,0,0.09824726427905262,0,0.09518407331779599,0,0.10373740078260503,0
4534,0.12501969514414668,0,0.1250194952978442,0,0.1250195000320673,0,0.12501974838475385,0,0.12501966681641838,0,0.12501962113504608,0
4535,0.12881511851446703,0,0.1433177035457144,0,0.14331770432181656,0,0.1288151245583625,0,0.1288151070669604,0,0.13461615160146417,0
4536,0.07223839483534296,0,0.14331781204479435,0,0.14331781080303094,0,0.6579625179680685,1,0.0630552788109829,0,0.21597836289244393,1
4537,0.11523447181874265,0,0.13109367030362287,0,0.13109366968274117,0,0.45227982103824615,1,0.11022298034125318,0,0.1879849226369212,1
4538,0.09742876120920603,0,0.11123647222605844,0,0.11123647222605844,0,0.5208524686750025,1,0.11357125088882943,0,0.19086508504503097,1
4539,0.13872892300908765,0,0.1387276197783649,0,0.13872740029667815,0,0.13872905044505993,0,0.13872854333991805,0,0.13872830737382175,0
4540,0.10278970088499288,0,0.11124390495630603,0,0.11124384597254296,0,0.09825482405722141,0,0.09519154233081888,0,0.10374476364037644,0
4541,0.1038578199998786,0,0.1310901714799305,0,0.13109016433979073,0,0.7384177489827076,1,0.10815675879712217,0,0.24252253271988594,1
4542,0.13012521710091582,0,0.13869540269176164,0,0.13869540176043907,0,0.16698751241589585,0,0.13173360268895826,0,0.14124742733159412,0
4543,0.11992328893393278,0,0.14331778589015207,0,0.14331779101242623,0,0.16317916405387223,0,0.1250949165939043,0,0.1389665892968575,0
4544,0.09975381932842235,0,0.09975359158124775,0,0.09975359542295337,0,0.09975387090040992,0,0.09975379495881498,0,0.09975373443836968,0
4545,0.09975427812120567,0,0.09975399274844676,0,0.09975400264374912,0,0.09975433904522409,0,0.0997542424981172,0,0.09975417101134856,0
4546,0.09252415426696341,0,0.12595283581564823,0,0.12595293469106159,0,1.3416419609760244,1,0.12670662937064966,0,0.3625557030240695,1
4547,0.10258900711778551,0,0.11123686803815265,0,0.11123687455741067,0,0.1541130462816606,0,0.10357363599662979,0,0.11654988639832783,0
4548,0.11220732800817738,0,0.11220696781917165,0,0.11331940422921132,0,0.11220737302210182,0,0.11220728501211852,0,0.11242967161815613,0
4549,0.10449738746198516,0,0.1310908729210496,0,0.13109088114773235,0,0.26849728884796303,1,0.10818248166469857,0,0.14867178240868575,1
4550,0.8719748963291446,1,0.12592842848971486,0,0.1259284339224299,0,0.7719930373132229,1,0.04177374253049493,0,0.38751970771700145,1
4551,0.10195657622534782,0,0.09265227453336895,0,0.09793549426831305,0,0.10195658169686794,0,0.10195656667929143,0,0.09929149868063783,0
4552,0.09142439501980941,0,0.5570168294943869,1,0.4810700360685587,1,0.09142442420125008,0,0.09142435652514298,0,0.2624720082618296,1
4553,0.07124012305090825,0,0.11123647874531646,0,0.11123647874531646,0,0.0712401233613491,0,0.07124012522399426,0,0.0872386658253769,0
4554,0.16376191222419342,0,0.1310905784678956,0,0.13109057893355688,0,0.15443918838476142,0,0.1172970465850085,0,0.13953586091908315,0
4555,0.09920442174188793,0,0.1433176874027898,0,0.1433176923698435,0,0.2679146852654715,0,0.10769443291549881,0,0.1522897839390983,0
4556,0.11523068793273221,0,0.1310906826208035,0,0.13109068603565296,0,0.45228181841472787,1,0.11021930569161971,0,0.18798263613910723,1
4557,0.1039704723128428,0,0.26849745415772003,0,0.2247773101553321,0,0.10397047757093485,0,0.10397046614283074,0,0.1610372360679321,0
4558,0.11992352364662413,0,0.14331804704852402,0,0.14331803897706172,0,0.16317912144586444,0,0.12509514364258698,0,0.13896677495213225,0
4559,0.10393784536669652,0,0.14331821096129715,0,0.14331820335549614,0,0.34373994668324787,1,0.10072606637064989,0,0.1670080545474775,1
4560,0.11460475383015971,0,0.1433180475141853,0,0.143318040529266,0,0.11833839343550305,0,0.12881544321620217,0,0.12967893570506325,0
4561,0.07743279822170734,0,0.13109158522759876,0,0.13109158305451274,0,2.632401247819265,1,0.047644159446159996,0,0.6039322747538487,1
4562,0.1209214658010751,0,0.1386934417920808,0,0.1386934417920808,0,0.12396941396097343,0,0.12474129783610503,0,0.129403812236463,0
4563,0.1301339965624114,0,0.1387039377974967,0,0.13870387089749178,0,0.16698635276407003,0,0.13174230457904437,0,0.14125409252010285,0
4564,0.07951248499254386,0,0.14331967127509415,0,0.14331964411151907,0,0.7627135658791909,1,0.06337664229795337,0,0.23844840171126025,1
4565,0.09526451296793918,0,0.12592969819282493,0,0.1259297225624323,0,0.5285438061691821,1,0.15399701179315647,0,0.20593295033710696,1
4566,0.13109075976535678,0,0.13109064614400268,0,0.13109064924841127,0,0.1310907842901846,0,0.13109074827904502,0,0.13109071754540008,0
4567,0.09094754241717358,0,0.1433177733172973,0,0.14331776897112528,0,0.5261785803983609,1,0.10990000454088052,0,0.2027323339289675,1
4568,0.1250180023877571,0,0.13173133864377937,0,0.16698781757925948,0,0.12501799936095873,0,0.12501799788636467,0,0.13475463117162387,0
4569,0.10258863544246803,0,0.11123657079103093,0,0.11123657125669222,0,0.15411296572225788,0,0.1035732685898741,0,0.11654960236046463,0
4570,0.11123646710378428,0,0.11123647176039715,0,0.11123647176039715,0,0.11123646710378428,0,0.11123646710378428,0,0.11123646896642943,0
4571,0.09040438585604231,0,0.11123657451632123,0,0.1112365728088965,0,0.09040438647692402,0,0.09040438585604231,0,0.09873726110284528,0
4572,0.11123680051726599,0,0.11123675845252971,0,0.111236758918191,0,0.11123680781262617,0,0.11123679446366926,0,0.11123678403285645,0
4573,0.11518514616182074,0,0.10393736173864454,0,0.31873747318362194,0,0.11518515394224475,0,0.11518514266936108,0,0.1536460555391386,0
4574,0.09944667034627248,0,0.13871149873981872,0,0.1387115496521195,0,0.5551676278313001,1,0.1028976362819473,0,0.20698699657029165,1
4575,0.07331546714218955,0,0.12592771106089154,0,0.1259277192875743,0,0.9226738226910433,1,0.13739577773958445,0,0.27704809958425664,1
4576,0.12600741209462285,0,0.1433176917489618,0,0.1433176906624188,0,0.23900459799915552,0,0.11833802292433877,0,0.15399708308589957,0
4577,0.0804171934723854,0,0.14331826233925918,0,0.1433182629601409,0,0.0731844250112772,0,0.03399760772784551,1,0.09484715030218163,1
4578,0.10393742029555142,0,0.14331776446973285,0,0.14331776524583498,0,0.34374005696736276,1,0.10072564256067078,0,0.16700772990783055,1
4579,0.10226533437768619,0,0.1310918677287797,0,0.13109187378237644,0,0.5570165004270772,1,0.09869246118857215,0,0.20403160750089833,1
4580,0.11729705954591434,0,0.1310905759843687,0,0.1310905784678956,0,0.16376188894112906,0,0.11905105897070219,0,0.132458232382002,0
4581,0.1260074011903877,0,0.14331767125986516,0,0.14331767746868232,0,0.239004589850083,0,0.11833801632747054,0,0.15399707121929773,0
4582,0.09094750656125446,0,0.14331772457808256,0,0.14331771953341862,0,0.5261785963860651,1,0.1098999372528245,0,0.20273229686232902,1
4583,0.1112368618293355,0,0.11123681091703475,0,0.1112368075021853,0,0.1112368762648354,0,0.11123685950102906,0,0.111236843202884,0
4584,0.06526225587973992,0,0.4388343078705172,1,0.13109424042825898,0,0.06526225029180448,0,0.06526214443147182,0,0.15314303978035848,1
4585,0.12881492270389572,0,0.23069385687510172,0,0.14331754529848695,0,0.1288149258083043,0,0.12881491730998582,0,0.1520912335991549,0
4586,0.11123646710378428,0,0.11123647176039715,0,0.11123647176039715,0,0.11123646710378428,0,0.11123646710378428,0,0.11123646896642943,0
4587,0.06177034569069898,0,0.14331739915845296,0,0.14331739915845296,0,1.1194319025768589,1,0.07711980111586551,0,0.30899136954006584,1
4588,0.11220664038167645,0,0.32702145849665004,0,0.13869513416041931,0,0.112206693389453,0,0.112206612364389,0,0.16046730775851756,0
4589,0.1257370593957603,0,0.138694252508382,0,0.1386942450578014,0,0.529513374902308,1,0.14877113381711146,0,0.2162820131362726,1
4590,0.10520055036370952,0,0.13869352918118238,0,0.13869352405890822,0,0.4811942493543029,1,0.11167855700477958,0,0.1950920819925765,1
4591,0.126007129632247,0,0.14331744657829404,0,0.1433174447932591,0,0.23900464829057455,0,0.1183377536945045,0,0.15399688459777586,0
4592,0.08624927881949891,0,0.1112374890750895,0,0.11123748767810564,0,0.44460074362965923,1,0.09501182547925661,0,0.16966736493632198,1
4593,0.08888426857690017,0,0.13109619760264954,0,0.1310962149873376,0,0.6617490684924027,1,0.0868777841484795,0,0.21994070676155392,1
4594,0.11010682138536747,0,0.13109075371176004,0,0.1310907625593245,0,0.3475302777563532,1,0.10852739637872826,0,0.16566920235830668,1
4595,0.10841495116862158,0,0.13869352405890822,0,0.13869352250670394,0,0.45043909596279263,1,0.10961787662624072,0,0.1891717940646534,1
4596,0.13869553882007798,0,0.13869523396715522,0,0.13869524265949926,0,0.13869556225836277,0,0.1386954962896804,0,0.13869541479895514,0
4597,0.09092798759229481,0,0.12592922523617744,0,0.12592923656726876,0,0.2683742622223993,1,0.11946307790155213,0,0.14612475790393847,1
4598,0.11523177051761498,0,0.1310915551148355,0,0.13109155759836236,0,0.4522812419260542,1,0.11022035599065323,0,0.18798329622950408,1
4599,0.11905005461691569,0,0.13108969355622926,0,0.13108969355622926,0,0.11729603656567633,0,0.12234432389959693,0,0.1241739604389295,0
4600,0.12322484084870666,0,0.13122904409343997,0,0.13122941460460424,0,0.2427004580385983,0,0.12005188719679911,0,0.14968712895642966,0
4601,0.09157346212305129,0,0.1386950653977692,0,0.13869506400078535,0,1.720455804374069,1,0.1144101726822555,0,0.44076591371558604,1
4602,0.13110032196467122,0,0.13109917240217328,0,0.13109919630611935,0,0.13110060477629304,0,0.1311001853706936,0,0.1310998961639901,0
4603,0.13109071847672263,0,0.13109060113007823,0,0.1310906095119814,0,0.1310907433119913,0,0.13109069224447012,0,0.13109067293504875,0
4604,0.09077284904196858,0,0.1259305807761848,0,0.1259305914863944,0,0.07736522750928998,0,0.0755383347471555,0,0.09910751671219865,0
4605,0.07572149423261483,0,0.1386975656884412,0,0.1386975647571186,0,2.174620051557819,1,0.083486574391524,0,0.5222446501255035,1
4606,0.08351921973129113,0,0.0860814133969446,0,1.1909989775158465,1,0.08351932279765606,0,0.0835191613684098,0,0.3055276189620296,1
4607,0.11123699919941525,0,0.11123690808502336,0,0.11123691398339967,0,0.11123700789175928,0,0.11123698336693148,0,0.11123696250530582,0
4608,0.13108969697107872,0,0.131089694177111,0,0.131089694177111,0,0.13108969929938516,0,0.13108969697107872,0,0.13108969631915293,0
4609,0.13869436116268238,0,0.13869433725873628,0,0.13869433073947826,0,0.13869436426709095,0,0.13869435604040822,0,0.1386943498936792,0
4610,0.13109109100575247,0,0.13109090924263,0,0.1310909066038827,0,0.13109111925587058,0,0.13109107315540314,0,0.13109101985270777,0
4611,0.11123646710378428,0,0.11123646710378428,0,0.11123646710378428,0,0.11123646834554772,0,0.11123646710378428,0,0.11123646735213696,0
4612,0.11460471859512229,0,0.14331765201253197,0,0.14331765697958568,0,0.11833801260218024,0,0.12881505902623758,0,0.12967861984313156,0
4613,0.13871935941278934,0,0.13871840046097836,0,0.1387182461718718,0,0.13871945270026723,0,0.1387190871561567,0,0.1387189091804127,0
4614,0.1025885227912416,0,0.11123647284694016,0,0.11123647284694016,0,0.15411292319186032,0,0.10357315364914636,0,0.11654950906522572,0
4615,0.12881476981662368,0,0.11460469135393699,0,0.12600708803317198,0,0.12881476966140326,0,0.12881476919574197,0,0.12541121761217558,0
4616,0.10554519978662331,0,0.13109940802678466,0,0.13109944124395648,0,0.6617629112054905,1,0.10098703232749055,0,0.22609879851806913,1
4617,0.04931693927695354,0,0.1259253203558425,0,0.1259253203558425,0,0.7672393727116287,1,0.07734942063689232,0,0.22915127466743188,1
4618,0.11518472471895318,0,0.11518472533983488,0,0.11518472533983488,0,0.11518472481596594,0,0.11518472468014807,0,0.11518472497894738,0
4619,0.10672730401468773,0,0.14331739419139922,0,0.14331739419139922,0,0.09677445541213577,0,0.11518472530102979,0,0.12106425462213033,0
4620,0.12304654339095578,0,0.13109065918251872,0,0.1310906559228897,0,0.24279485503211617,0,0.11987871676683426,0,0.14958028605906293,0
4621,0.10034277856660385,0,0.11123675131238997,0,0.1112367514676104,0,0.1003427841545393,0,0.10034277422043185,0,0.10470036794431507,0
4622,0.10449793802884717,0,0.1310912985354662,0,0.1310913022607565,0,0.2684971485286951,1,0.10818302679884557,0,0.1486721428305221,1
4623,0.05045855107406775,0,0.1310929449585577,0,0.13109296063582102,0,0.050458564733465515,0,0.050458463529745735,0,0.08271229698633153,0
4624,0.09759954700712115,0,0.13109135519092283,0,0.1310913598475357,0,0.09744390472769737,0,0.10195319686317816,0,0.11183587272729105,0
4625,0.03694354183971882,0,0.13109212911998233,0,0.13109213393181562,0,0.03694353190561136,0,0.036943513279159866,0,0.07460297001525759,0
4626,0.10393742817298819,0,0.14331776990244785,0,0.143317769592007,0,0.343740052698801,1,0.10072564993364115,0,0.16700773405997704,1
4627,0.11195212427992374,0,0.12592936928073564,0,0.12592939365034303,0,0.11195219971705228,0,0.11195204531153043,0,0.11754302644791703,0
4628,0.0652584449077646,0,0.06525825584928195,0,0.06525826298942168,0,0.06525849333653848,0,0.06525842907528083,0,0.06525837723165752,0
4629,0.09349151359250148,0,0.131090743932873,0,0.13109074998646975,0,0.9221859214206537,1,0.0991745253559202,0,0.27540669085768366,1
4630,0.0994244833321621,0,0.13869349906841913,0,0.13869349037607512,0,0.5551745843452712,1,0.10287588105226557,0,0.20697238763483866,1
4631,0.10278174991253763,0,0.11123648790332179,0,0.11123648774810135,0,0.0982469037019958,0,0.09518372577925523,0,0.10373707100904236,0
4632,0.06275281310081482,0,0.13869348571946225,0,0.13869348571946225,0,0.8693810120845834,1,0.07530357626577218,0,0.256964874578019,1
4633,0.09920424586744048,0,0.14331742282956839,0,0.14331742438177267,0,0.2679147295032938,0,0.10769411649865408,0,0.1522895878161459,0
4634,0.12234432017430663,0,0.13108969355622926,0,0.13108969355622926,0,0.11905005465572079,0,0.11699596031879385,0,0.12411394445225596,0
4635,0.1025885227912416,0,0.1112364730021606,0,0.11123647269171973,0,0.15411292334708074,0,0.10357315543418129,0,0.1165495094532768,0
4636,0.07155010697897524,0,0.1259301371561984,0,0.12593016012882194,0,1.027408750106891,1,0.13972418794098,0,0.2981086684623733,1
4637,0.10034245314697425,0,0.1112364826258272,0,0.1112364826258272,0,0.10034245314697425,0,0.10034245299175382,0,0.10470006490747134,0
4638,0.09546777749589334,0,0.14331741786251465,0,0.14331741786251465,0,0.09215031401254237,0,0.1151847429961587,0,0.11788753404592474,0
4639,0.09142408162976305,0,0.09759933402528986,0,0.45226546563208103,1,0.09142411205296715,0,0.09142404717082779,0,0.1648274081021858,1
4640,0.13869493501260877,0,0.13869475790609917,0,0.13869475837176046,0,0.13869497707734504,0,0.13869490971167883,0,0.13869486761589847,0
4641,0.09103128034621477,0,0.1433177264407277,0,0.143317727992932,0,0.5532270429345468,1,0.07986059233856697,0,0.20215087401059764,1
4642,0.09142203753193219,0,0.13108969386667013,0,0.13108969510843357,0,0.10669218219118193,0,0.09142203768715262,0,0.11034312927707408,0
4643,0.06090103524426619,0,0.06090103524426619,0,0.06090103524426619,0,0.06090103524426619,0,0.06090103524426619,0,0.06090103524426619,0
4644,0.10397446613448362,0,0.13109353060523668,0,0.1310935349514087,0,0.11467522483629485,0,0.10397437412757427,0,0.11696222613099963,0
4645,0.13109086360782385,0,0.13109072934215268,0,0.13109073151523867,0,0.13109089527279139,0,0.1310908483962218,0,0.13109081362684566,0
4646,0.10397101868875325,0,0.13109081222986183,0,0.13109081968044242,0,0.11511522488823782,0,0.1039710011294422,0,0.11704777532334751,0
4647,0.12115395643437903,0,0.15241653588600457,0,0.15236281712229052,0,0.446292880224064,1,0.10670708181957404,0,0.19578665429726244,1
4648,0.1230454376200214,0,0.13108969510843357,0,0.13108969355622926,0,0.24279546287531653,0,0.1198776294477284,0,0.14957958372154584,0
4649,0.08497233005861442,0,0.1433174101014932,0,0.1433174101014932,0,1.1257134766007464,1,0.07243630010634661,0,0.31395138539373874,1
4650,0.12304665384969364,0,0.13109073772405586,0,0.13109074579551816,0,0.24279478440682092,0,0.11987881874665618,0,0.14958034810454895,0
4651,0.11010711803101003,0,0.13109098374843597,0,0.13109098949159184,0,0.3475301186554134,1,0.10852768423501402,0,0.16566937883229305,1
4652,0.11123646648290257,0,0.1112364661724617,0,0.1112364661724617,0,0.11123646648290257,0,0.11123646648290257,0,0.11123646635872622,0
4653,0.12397244308764736,0,0.13869598352660736,0,0.13869598414748907,0,0.2409672113135457,0,0.12092444277368486,0,0.15265121296979486,0
4654,0.09744341252371669,0,0.13109098374843597,0,0.13109099042291442,0,0.4522655794086556,1,0.0975990614000087,0,0.18189800550074625,1
4655,0.13108968595042825,0,0.13108968579520783,0,0.13108968579520783,0,0.13108968812351426,0,0.13108968595042825,0,0.1310896863229573,0
4656,0.13869723957031965,0,0.13869708372900882,0,0.13869705765197674,0,0.138697256334126,0,0.13869719052066407,0,0.13869716556121905,0
4657,0.056285551050677896,0,0.12593280198052526,0,0.12593281269073486,0,0.8427503475298485,1,0.14615528658032417,0,0.2594113599664222,1
4658,0.131092655317237,0,0.13109254371374846,0,0.13109252555295825,0,0.13109265935296813,0,0.13109263156851134,0,0.13109260310108464,0
4659,0.12304542180694018,0,0.13108968579520783,0,0.13108968579520783,0,0.24279546039178967,0,0.1198776182718575,0,0.1495795744122006,0
4660,0.11220476593977462,0,0.11265376008426149,0,0.43177269368122023,0,0.1122047669487074,0,0.11220476493084182,0,0.17620815031696113,0
4661,0.04499663474659125,0,0.11123648402281106,0,0.11123648340192933,0,1.3350499853647004,1,0.07486521607885759,0,0.33547696072297795,1
4662,0.10258856295452763,0,0.1112365018731604,0,0.11123650156271954,0,0.1541129455436021,0,0.1035731981197993,0,0.1165495420107618,0
4663,0.12607925261060396,0,0.12606471482043466,0,0.12606525529796878,0,0.12608574780945978,0,0.12607766206686696,0,0.12607452652106682,0
4664,0.12304731212013091,0,0.1310912687331438,0,0.13109127478674054,0,0.24279443733394146,0,0.11987946337709825,0,0.149580751270211,0
4665,0.11858439515344799,0,0.12592754031841955,0,0.12592755847920975,0,0.11858447501435876,0,0.11858436488546431,0,0.12152166677018009,0
4666,0.07446348011338462,0,0.12592784610266486,0,0.12592786146948734,0,0.37310935261969763,1,0.11604278022423387,0,0.16309426410589367,1
4667,0.13869347019741932,0,0.13869346771389246,0,0.13869346771389246,0,0.13869347019741932,0,0.1386934695765376,0,0.1386934690798322,0
4668,0.1112367637300243,0,0.11123672492491703,0,0.11123672554579873,0,0.1112367663687716,0,0.11123675565856199,0,0.11123674724561472,0
4669,0.10795423128486921,0,0.12592710927128792,0,0.1259271145487825,0,0.1636381953333815,0,0.12233983158754806,0,0.12915729640517384,0
4670,0.09901345133160551,0,0.1259274772989253,0,0.1259274766780436,0,0.0990135227330029,0,0.09901342075318098,0,0.10977906975895166,0
4671,0.06874948646873236,0,0.14331739419139922,0,0.14331739419139922,0,1.0209619914336752,1,0.06385269404078524,0,0.28803979206519825,1
4672,0.1386934615050753,0,0.1386934525022904,0,0.1386934525022904,0,0.13869346243639788,0,0.13869346010809144,0,0.1386934578108291,0
4673,0.08470144483726472,0,0.12592940513665477,0,0.12592938402667642,0,0.45303299371153116,1,0.08458177434901397,0,0.1748350004122282,1
4674,0.11729665232511859,0,0.13109026771659651,0,0.13109026538829008,0,0.16376201389357448,0,0.11905066610779613,0,0.13245797308627516,0
4675,0.13012474069061378,0,0.13869503140449524,0,0.13869503621632853,0,0.16698757636671266,0,0.1317331389679263,0,0.14124710472921528,0
4676,0.11123648045274119,0,0.11123648045274119,0,0.11123647207083802,0,0.11123648278104763,0,0.11123648045274119,0,0.11123647924202185,0
4677,0.11731846739227574,0,0.13110750308260322,0,0.13110754654432336,0,0.1637560377518336,0,0.11907201923895627,0,0.13247231480199845,0
4678,0.09935818456384975,0,0.14353657218938073,0,0.14353651359366873,0,0.26786754350177944,1,0.1079659485258162,0,0.15245295247489896,1
4679,0.1259253191140791,0,0.1259253203558425,0,0.1259253203558425,0,0.12592532252892852,0,0.1259253191140791,0,0.12592532029375433,0
4680,0.13869490086411437,0,0.13869473338127136,0,0.1386947313634058,0,0.1386949373409152,0,0.13869488394508758,0,0.13869483737895888,0
4681,0.10397086057734366,0,0.10852720014130075,0,0.3475303946373363,1,0.1039708901468354,0,0.10397084860596806,0,0.15359403882175682,1
4682,0.08562500433375438,0,0.12592538027092814,0,0.12592537809784213,0,0.3482814193703234,1,0.10036512829052906,0,0.15722446207267543,1
4683,0.08750432822853327,0,0.11123647859009604,0,0.11123647827965517,0,0.36358389918071526,1,0.09028587335099776,0,0.1527694115259995,1
4684,0.09176829922944307,0,0.1310913433941702,0,0.1310913534834981,0,0.7665038321477672,1,0.08840789925307035,0,0.24177254550158978,1
4685,0.1218744171395277,0,0.1310912068001926,0,0.13109121223290762,0,0.7127146289373437,1,0.12168743306150039,0,0.2436917796342944,1
4686,0.1337070595861102,0,0.13109096015493074,0,0.13109095798184475,0,0.5289464501353601,1,0.13249873168145618,0,0.21146683190794038,1
4687,0.12397180233771603,0,0.13869545996809998,0,0.1386954702126483,0,0.24096740409731865,0,0.1209238280231754,0,0.15265079292779166,0
4688,0.11523130935772012,0,0.1310912068001926,0,0.13109121223290762,0,0.45228149198616546,1,0.11021990664691354,0,0.18798302540477987,1
4689,0.11123739439062774,0,0.11123721092008054,0,0.11123722054374714,0,0.11123738647438586,0,0.11123737219410638,0,0.11123731690458953,0
4690,0.10553418658673763,0,0.13109069177880883,0,0.13109070140247545,0,0.6617687723288933,1,0.10097628098446876,0,0.2260921266162768,1
4691,0.09744473282868664,0,0.1310920276058217,0,0.13109203521162271,0,0.4522648955074449,1,0.09760034994299834,0,0.18189880821931487,1
4692,0.13113050473233065,0,0.13112254782269397,0,0.13112263179694614,0,0.13112989238773784,0,0.13112961873412132,0,0.131127039094766,0
4693,0.11010705031609784,0,0.13109094447766742,0,0.13109094245980182,0,0.34753014395634335,1,0.10852762040061255,0,0.1656693403221046,1
4694,0.07779921317705885,0,0.12592926140253743,0,0.12592927925288677,0,1.4111912658748527,1,0.10457583229678373,0,0.3690849704008239,1
4695,0.09375141405810912,0,0.1310908105224371,0,0.13109081952522197,0,0.8712556827813387,1,0.09069146658293903,0,0.2635760386940092,1
4696,0.11518477937594677,0,0.1433174479752779,0,0.14331744766483703,0,0.11337154707871377,0,0.11518477803717057,0,0.12607520002638922,0
4697,0.12594715129428855,0,0.13869497490425906,0,0.13869497754300633,0,0.12261202225151162,0,0.13093956913022944,0,0.131377739024659,0
4698,0.11729742276171844,0,0.1310908915475011,0,0.1310908985324204,0,0.16376179099703828,0,0.11905142478644848,0,0.13245848572502533,0
4699,0.10795577914298822,0,0.12592844727138677,0,0.12592846682916084,0,0.16363857267424464,0,0.12234135476561885,0,0.12915852413667986,0
4700,0.13012545078527182,0,0.13869559454421201,0,0.13869560308133563,0,0.16698748509710035,0,0.13173383094059923,0,0.14124759288970382,0
4701,0.07288653050394107,0,0.1259287487094601,0,0.1259287640762826,0,0.872006954314808,1,0.05561735387891531,0,0.2504736702966814,1
4702,0.06929459888488054,0,0.12593474627162018,0,0.12593477421129742,0,1.201703018353631,1,0.101606168008099,0,0.32489466114590565,1
4703,0.12592826721568903,0,0.12592790756995478,0,0.1259279161070784,0,0.12592833442613482,0,0.12592822251220545,0,0.12592812956621252,0
4704,0.11123684615207215,0,0.11123678654742737,0,0.1112367904279381,0,0.11123685515485704,0,0.11123683932237327,0,0.11123682352093359,0
4705,0.027765582936505478,1,0.13109086391826472,0,0.13109087323149046,0,1.9343970087356865,1,0.03778234807153543,0,0.45242533537869656,1
4706,0.24279184515277544,0,0.13109514551858106,0,0.13109515886753798,0,0.233589604186515,0,0.12305204420893763,0,0.1723247595868694,0
4707,0.13869493718569478,0,0.1386947607000669,0,0.1386947644253572,0,0.1386949804921945,0,0.13869491731747985,0,0.13869487202415864,0
4708,0.11992318468401209,0,0.14331769268028438,0,0.14331770075174668,0,0.1631792002978424,0,0.12509479858757308,0,0.13896651540029173,0
4709,0.10796979096873353,0,0.12593951278055707,0,0.12593957114343843,0,0.16364179567123452,0,0.12235507345758379,0,0.12916914880430946,0
4710,0.0697548147290945,0,0.13869537909825644,0,0.13869538406531015,0,2.384076116296152,1,0.0633199146638314,0,0.5589083217705288,1
4711,0.10037146438844502,0,0.1259306981228292,0,0.12593070402120551,0,0.08563140667198847,0,0.11122903173478942,0,0.10981866098785154,0
4712,0.11010854285753642,0,0.13109212865432104,0,0.1310921385884285,0,0.3475293613349398,1,0.10852908137409638,0,0.1656702505618644,1
4713,0.11614379868842661,0,0.13869350077584386,0,0.13869349751621485,0,0.3457036291559537,1,0.11510788323357701,0,0.1708684618740032,1
4714,0.13869344101597866,0,0.13869344225774208,0,0.13869344225774208,0,0.13869344101597866,0,0.13869344101597866,0,0.13869344151268403,0
4715,0.09756311029195786,0,0.13109124079346657,0,0.1310912479336063,0,1.3411755110137165,1,0.09352324169594795,0,0.358888870345739,1
4716,0.13109091017395258,0,0.13109075961013636,0,0.1310907651980718,0,0.1310909311287105,0,0.13109088689088821,0,0.13109085060035192,0
4717,0.11107447706550981,0,0.14331776089966297,0,0.1433177610548834,0,0.4484915737994015,1,0.09677486143967447,0,0.18859528685182644,1
4718,0.13109072965259352,0,0.13109062115351358,0,0.13109062736233076,0,0.13109074719250202,0,0.13109071723495921,0,0.13109068851917982,0
4719,0.1387224760837853,0,0.13871928149213394,0,0.13871935739492378,0,0.13872329983860254,0,0.1387220712689062,0,0.13872129721567036,0
4720,0.10153742727319089,0,0.12592990742996335,0,0.12592991845061383,0,0.24354602474098405,0,0.10320835242358346,0,0.1400303260636671,0
4721,0.10393764777109027,0,0.14331793816139302,0,0.14331793785095215,0,0.34374001102211577,1,0.10072586153789113,0,0.16700787926868846,1
4722,0.13869344101597866,0,0.13869344225774208,0,0.13869344225774208,0,0.13869344520693025,0,0.13869344101597866,0,0.13869344235087436,0
4723,0.11123646089496712,0,0.11123646601724128,0,0.11123646601724128,0,0.11123646089496712,0,0.11123646089496712,0,0.11123646294387679,0
4724,0.13109115262826285,0,0.13109096108625332,0,0.1310909620175759,0,0.13109117234125733,0,0.1310911214289566,0,0.1310910739004612,0
4725,1.316873991318668,1,0.11123686198455592,0,0.1112368618293355,0,1.2011165200577427,1,1.4397532225120813,1,0.8360434915404766,1
4726,0.06540328190506746,0,0.1259294442522029,0,0.12592945558329424,0,0.7672554537033042,1,0.06746686715632677,0,0.2303969005200391,1
4727,0.07154932055467118,0,0.125929137536635,0,0.12592915476610264,0,1.0274089843345184,1,0.1397232961220046,0,0.2981079786627864,1
4728,0.10449728567618877,0,0.13109077528739968,0,0.13109078149621686,0,0.2684973113549252,1,0.10818238123708095,0,0.14867170701036228,1
4729,0.10795216270101567,0,0.1259253166305522,0,0.1259253166305522,0,0.16363770995909968,0,0.12233779245677094,0,0.1291556596755981,0
4730,0.07955390041752253,0,0.14331739388095835,0,0.14331739388095835,0,0.706739533925429,1,0.09215029367866616,0,0.2330157031567069,1
4731,0.13869670794034997,0,0.13869617025678357,0,0.13869618096699318,0,0.13869671802967787,0,0.1386966461626192,0,0.13869648467128476,0
4732,0.13869362293432155,0,0.13869361548374096,0,0.13869361548374096,0,0.13869362448652586,0,0.13869362138211727,0,0.13869361995408933,0
4733,0.13121128656590977,0,0.13118695560842752,0,0.1311872306590279,0,0.13120918239777288,0,0.13120860792696476,0,0.13120065263162056,0
4734,0.10395740803020696,0,0.1433332140247027,0,0.1433332557013879,0,0.3437359881742547,1,0.10074515235222255,0,0.16702100365655498,1
4735,0.12602290875899294,0,0.14332973188720644,0,0.14332976254324117,0,0.2390014254488051,0,0.11835313161524634,0,0.15400739205069838,0
4736,0.125927383856227,0,0.12592714621375004,0,0.1259271491629382,0,0.12592745618894696,0,0.1259273636775712,0,0.12592729981988668,0
4737,0.10796219242426257,0,0.12593354315807423,0,0.12593356954554716,0,0.16364005720242858,0,0.12234764724659423,0,0.12916340191538134,0
4738,0.125928968967249,0,0.12592844882359108,0,0.12592846651872,0,0.12592902220785618,0,0.12592890951782465,0,0.12592876320704818,0
4739,0.1239727505793174,0,0.13869622924054661,0,0.13869623622546592,0,0.24096711709474525,0,0.12092474898478638,0,0.15265141642497232,0
4740,0.05812930897809565,0,0.1259253191140791,0,0.1259253191140791,0,0.47784415710096556,1,0.1109171228017658,0,0.17974824542179704,1
4741,0.11992284263639401,0,0.14331739419139922,0,0.14331739419139922,0,0.16317925004598996,0,0.12509446420396367,0,0.1389662690538292,0
4742,0.11010557263701533,0,0.13108968563998738,0,0.13108968563998738,0,0.3475309549830854,1,0.1085261667224889,0,0.1656684131245129,1
4743,0.7082294044084847,1,0.13869344303384423,0,0.13869344303384423,0,0.6889181095175445,1,0.11240225029177964,0,0.35738733005709944,1
4744,0.7380146817304194,1,0.12592759154116115,0,0.12592760613188148,0,0.6882332319704195,1,0.06413226729879777,0,0.34844707573453587,1
4745,0.09920444518017273,0,0.14331771930058798,0,0.143317727992932,0,0.26791467191651464,0,0.10769447688168536,0,0.15228980825437852,0
4746,0.10841652347395818,0,0.13869488798081875,0,0.1386948865838349,0,0.45043859009941417,1,0.10961942592014869,0,0.18917286281163495,1
4747,0.10393744908894102,0,0.1433177866662542,0,0.1433177962899208,0,0.3437400419109811,1,0.10072566702729091,0,0.1670077481966776,1
4748,0.1387004453378419,0,0.13869919069111347,0,0.1386992122667531,0,0.13870040963714322,0,0.13870029943063855,0,0.13869991147269806,0
4749,0.08562494705741604,0,0.12592532252892852,0,0.12592532252892852,0,0.34828143334016204,1,0.1003650784259662,0,0.15722442077628024,1
4750,0.05980306394242992,0,0.12592532252892852,0,0.12592532252892852,0,0.6625038951945802,1,0.08050692081451416,0,0.21093290500187628,1
4751,0.11729602888226509,0,0.13108969029660025,0,0.13108969029660025,0,0.16376218805089593,0,0.11905004491563886,0,0.13245752848840006,0
4752,1.1854788268295426,1,0.13108969060704112,0,0.13108969060704112,0,1.0928120099318523,1,0.07265947324534257,0,0.522625938244164,1
4753,0.11010747439771269,0,0.13109127432107925,0,0.13109128441040716,0,0.34752992494031787,1,0.10852803441230208,0,0.1656695984963638,1
4754,0.06525923653195302,0,0.06525890653332074,0,0.07935688380772869,0,0.06525926447163026,0,0.065259190586706,0,0.06807869638626775,0
4755,0.11123681402144332,0,0.11123676807619631,0,0.11123676528222859,0,0.11123682473165293,0,0.11123681231401861,0,0.11123679688510794,0
4756,0.1259276708588004,0,0.1259273818383614,0,0.12592738292490444,0,0.1259277343439559,0,0.12592762351656953,0,0.12592755869651834,0
4757,2.021599426244696,1,0.1386934189746777,0,0.1386934189746777,0,1.8693822094549735,1,0.04231418420871099,0,0.8421365315715471,1
4758,1.0269214222207665,1,0.13109072561686239,0,0.13109073027347526,0,0.9502392336726189,1,0.07829647495721777,0,0.46352771734818815,1
4759,0.10795218807955582,0,0.1259253383614123,0,0.1259253383614123,0,0.1636376998697718,0,0.12233781698159873,0,0.12915567633075017,0
4760,0.07624213816598058,0,0.14331741475810608,0,0.14331741475810608,0,0.6309141203140219,1,0.09305152848052482,0,0.2173685232953479,1
4761,0.08750564279034734,0,0.11123749838831525,0,0.11123750335536897,0,0.3635842262301594,1,0.090287155782183,0,0.15277040530927483,1
4762,0.10034331353381276,0,0.11123715379896264,0,0.11123716155998409,0,0.10034331046820928,0,0.10034329944755882,0,0.10470084776170552,0
4763,0.24279462499544024,0,0.1310910164999465,0,0.13109101929391423,0,0.23358828062191606,0,0.1230469454312697,0,0.17232237736849734,0
4764,0.1386953699402511,0,0.1386950919404626,0,0.1386951000119249,0,0.1386953971038262,0,0.13869533377389112,0,0.13869525855407117,0
4765,0.12305030509984742,0,0.13109363072241345,0,0.13109364282960692,0,0.24279284353057543,0,0.11988236242905259,0,0.14958255692229916,0
4766,0.1199240349039125,0,0.14331835935202739,0,0.14331835500585535,0,0.1631790444565316,0,0.12509563990170136,0,0.13896708672400565,0
4767,0.11731194006279111,0,0.1311024003662169,0,0.13110244817410907,0,0.16375781207655868,0,0.11906565104921658,0,0.1324680503457785,0
4768,0.11121254934308429,0,0.13869350232804814,0,0.13869350232804814,0,0.6342490621221563,1,0.136962737965708,0,0.23196227081740894,1
4769,0.13869356084614992,0,0.1386935506016016,0,0.13869355029116073,0,0.1386935623983542,0,0.13869355836262307,0,0.1386935564999779,0
4770,0.11265376753484209,0,0.13869350977862874,0,0.13869350294892988,0,0.4504551293017964,1,0.10470882419031113,0,0.18904094675090163,1
4771,0.09094731983107825,0,0.14331742965926728,0,0.14331742965926728,0,0.5261786269644896,1,0.10989959766933073,0,0.20273208075668664,1
4772,0.13869503854463497,0,0.13869485057269534,0,0.13869485212489963,0,0.13869507533187667,0,0.13869502379869422,0,0.13869496807456017,0
4773,0.1260074379000192,0,0.14331770952170095,0,0.14331770269200206,0,0.23900458162340024,0,0.11833805893547833,0,0.15399709813452017,0
4774,0.13869515340775251,0,0.13869493128731847,0,0.13869493159775934,0,0.1386951895741125,0,0.13869510715206465,0,0.13869506260380152,0
4775,0.11123673858431478,0,0.11123670334927738,0,0.11123670257317524,0,0.11123674370658894,0,0.11123673936041693,0,0.11123672551475465,0
4776,0.09092604349522541,0,0.12592760535577932,0,0.12592760551099977,0,0.26837381441146135,1,0.11946116283070296,0,0.14612324632083376,1
4777,0.116190835290278,0,0.1387304918219646,0,0.1387306028045714,0,0.34568923913563293,1,0.11515394396459062,0,0.17089902260340753,1
4778,0.09806549071799964,0,0.12593080817411342,0,0.12593082214395204,0,0.07101876432231317,0,0.11055578883194055,0,0.10630033483806375,0
4779,0.05092419249316057,0,0.13869525026530027,0,0.13869525399059057,0,1.9299106276594102,1,0.0749847125262022,0,0.4666420073869328,1
4780,0.05013974383473396,0,0.12592769491796693,0,0.12592770826692382,0,1.2909327916180093,1,0.04477964776257674,0,0.32754151728004216,1
4781,0.10449774338242908,0,0.13109113974496722,0,0.13109114269415537,0,0.2684972011484206,1,0.10818283451953903,0,0.14867201229790225,1
4782,0.061805663940807186,0,0.1433179669547826,0,0.1433179647040864,0,0.8674494333875676,1,0.04646355379372835,0,0.2524709165561944,1
4783,0.08562927041202784,0,0.12592900513360897,0,0.1259290020292004,0,0.348281495893995,1,0.10036933897451188,0,0.1572276224886688,1
4784,0.11010693954691912,0,0.13109085677812496,0,0.13109085786466798,0,0.34753019905959565,1,0.10852750635240227,0,0.165669271920342,1
4785,0.12304739149597783,0,0.13109134401505193,0,0.13109134820600352,0,0.242794383627673,0,0.1198795346232752,0,0.14958080039359628,0
4786,0.12159795453771949,0,0.13869528410335383,0,0.1386952887599667,0,1.0180308346947033,1,0.15557990479283035,0,0.31451985337771476,1
4787,0.10226390138268471,0,0.13109071335444847,0,0.1310907150618732,0,0.5570172808753947,1,0.0986910539213568,0,0.20403073291915158,1
4788,0.08562951088727762,0,0.12592923113455376,0,0.12592924712225795,0,0.34828149201348424,1,0.10036958756002907,0,0.15722781374352054,1
4789,0.13869473912442723,0,0.13869458623230457,0,0.1386945949246486,0,0.13869477218637863,0,0.1386947234471639,0,0.13869468318298458,0
4790,0.06540791996909927,0,0.12593313787753382,0,0.1259331670589745,0,0.7672555407819649,1,0.0674714179088672,0,0.23040023671928794,1
4791,0.09094776624503235,0,0.14331811317242682,0,0.14331811449180046,0,0.5261785582018396,1,0.10990040101266156,0,0.20273259062475218,1
4792,0.13109154424940547,0,0.13109148014336824,0,0.13109146198257804,0,0.13109154580160975,0,0.13109153245265284,0,0.13109151292592286,0
4793,0.11518551040596019,0,0.14331813692115247,0,0.14331813474806646,0,0.11518551372379686,0,0.11518550276135404,0,0.12643855971206602,0
4794,0.07711687482272585,0,0.1259286484370629,0,0.12592865526676178,0,0.7131866382745405,1,0.14381000678016184,0,0.2371941647162506,1
4795,0.09092799189966172,0,0.1259292227526506,0,0.1259292371881505,0,0.2683742616015176,1,0.11946308345068246,0,0.1461247593785326,1
4796,0.12304671002008642,0,0.1310907967078189,0,0.13109079950178662,0,0.2427947442047298,0,0.11987888254225254,0,0.14958038659533485,0
4797,0.13012501962172487,0,0.1386952817750474,0,0.13869528751820326,0,0.16698752343654633,0,0.13173341960646212,0,0.1412473063915968,0
4798,0.13109072903171182,0,0.13109062751755118,0,0.13109062674144903,0,0.13109075604006648,0,0.1310907262377441,0,0.13109069311370453,0
4799,0.09495050095332165,0,0.11123648759288092,0,0.11123648759288092,0,0.25884842104278505,1,0.09687108356350412,0,0.13462859614907455,1
4800,0.13108969510843357,0,0.13108969510843357,0,0.13108969510843357,0,0.13108969386667013,0,0.13108969510843357,0,0.13108969486008087,0
4801,0.3475309470668435,1,0.13108969355622926,0,0.13108969324578842,0,0.3216315085689227,1,0.11010558468600114,0,0.208289485424757,1
4802,0.12187263889548679,0,0.13108969510843357,0,0.13108969510843357,0,0.7127157378320893,1,0.12168567274541904,0,0.24369068793797247,1
4803,0.0875043161213398,0,0.11123648045274119,0,0.11123648045274119,0,0.3635838794677208,1,0.09028586000204086,0,0.15276940329931676,1
4804,0.1259276894852519,0,0.1259273917724689,0,0.12592739425599575,0,0.1259277385349075,0,0.12592765673374137,0,0.1259275741564731,0
4805,0.13869686533386508,0,0.13869630452245474,0,0.13869630778208375,0,0.13869687635451555,0,0.13869679936518273,0,0.13869663067162036,0
4806,0.11992350992901872,0,0.14331794685373703,0,0.14331794747461876,0,0.1631791453498105,0,0.1250951177595804,0,0.13896673347335306,0
4807,0.1199235087648655,0,0.1433179471641779,0,0.14331795275211334,0,0.16317914659157395,0,0.12509512167889625,0,0.1389667353903254,0
4808,0.1259275016685327,0,0.12592723577593765,0,0.12592724477872252,0,0.12592755195995173,0,0.12592747000356516,0,0.12592740083734194,0
4809,0.036863395323355995,0,0.11123646834554772,0,0.11123646710378428,0,1.335033957613632,1,0.06583169537285964,0,0.33204039675183594,1
4810,0.11614373605698347,0,0.13869346010809144,0,0.13869346010809144,0,0.3457036341230075,1,0.1151078250259161,0,0.17086842308441802,1
4811,0.12261019817863901,0,0.13869344225774208,0,0.13869344225774208,0,0.2717233042543133,1,0.12594537421440086,0,0.15953315223256748,1
4812,0.11123732174746692,0,0.11123714945279062,0,0.11123714712448418,0,0.11123731491776805,0,0.11123729473911226,0,0.11123724559632442,0
4813,0.12594445065284768,0,0.12594081414863467,0,0.12594086366395155,0,0.12594428208346167,0,0.12594403699040413,0,0.12594288950785992,0
4814,0.11992477592624103,0,0.14331895004337034,0,0.14331895811483264,0,0.1631789298262447,0,0.125096374443577,0,0.13896759767085315,0
4815,0.2427954625648757,0,0.13108969060704112,0,0.13108969060704112,0,0.23358786338940263,0,0.12304542786053692,0,0.17232162700577952,0
4816,0.08469713304657489,0,0.12592532159760594,0,0.12592532159760594,0,0.4530329410918057,1,0.08457750279922038,0,0.17483164402656257,1
4817,0.11729602857182424,0,0.13108968905483684,0,0.13108968905483684,0,0.16376219022398195,0,0.11905004542010526,0,0.13245752846511702,0
4818,0.09569971263408661,0,0.12592532159760594,0,0.12592532159760594,0,1.7099547130055726,1,0.038158717254797615,0,0.4191327572179337,1
4819,0.13869524855787554,0,0.13869503093883395,0,0.1386950360611081,0,0.13869528813908497,0,0.13869522605091333,0,0.13869516594956316,0
4820,0.1310897578174869,0,0.1310897438476483,0,0.1310897438476483,0,0.13108976557850838,0,0.13108974943558374,0,0.13108975210537513,0
4821,0.6617528117882708,1,0.1310906495588521,0,0.1310906458335618,0,0.602470577073594,1,0.08887734574576218,0,0.3230564060000082,1
4822,0.1386950328014791,0,0.13869484886527061,0,0.13869484576086202,0,0.13869506182769933,0,0.13869501448546848,0,0.1386949607481559,0
4823,0.09975367431373645,0,0.10961934132501483,0,0.4504386220748226,1,0.09975372072464476,0,0.09975364451141407,0,0.17186380058992654,1
4824,0.09920445228150736,0,0.1433177419627706,0,0.1433177391688029,0,0.2679146721493453,0,0.10769448378899445,0,0.15228981787028412,0
4825,0.11729745434907575,0,0.13109091126049557,0,0.1310909173140923,0,0.16376178370167813,0,0.11905145540367812,0,0.13245850440580398,0
4826,0.025772954647739727,1,0.11126348290902872,0,0.11126357231599589,0,1.5445082711521536,1,0.060813069343566895,0,0.37072427007369696,1
4827,0.1259292831333975,0,0.1259287060238421,0,0.12592871425052485,0,0.12592932380114993,0,0.12592920660972595,0,0.12592904676372807,0
4828,0.131090743932873,0,0.13109062456836304,0,0.13109062751755118,0,0.13109077357997498,0,0.13109072903171182,0,0.13109069972609483,0
4829,0.13869346538558602,0,0.13869346336772045,0,0.13869346336772045,0,0.13869346833477417,0,0.1386934652303656,0,0.13869346513723335,0
4830,0.12797396490350366,0,0.12778632498035827,0,0.1277921370541056,0,0.12806031061336398,0,0.12795318414767584,0,0.12791318433980148,0
4831,0.1172979340578119,0,0.1310913433941702,0,0.1310913503790895,0,0.16376164695248008,0,0.11905193941978116,0,0.13245884284066659,0
4832,0.12304542180694018,0,0.13108968579520783,0,0.13108968579520783,0,0.24279546039178967,0,0.1198776182718575,0,0.1495795744122006,0
4833,0.23900466094103953,0,0.14331739605404437,0,0.14331739605404437,0,0.23069388473716876,0,0.1260070821347957,0,0.17646808398421857,0
4834,0.1669876080316802,0,0.13869488115111986,0,0.13869488704949617,0,0.16057495338221392,0,0.1301245306385681,0,0.14701537205061566,0
4835,0.10226399963721633,0,0.13109079655259848,0,0.13109079950178662,0,0.5570172104053199,1,0.0986911664173628,0,0.20403079450285683,1
4836,0.12592897533128658,0,0.12592851743102074,0,0.12592852922777334,0,0.12592907436192036,0,0.125928930627803,0,0.1259288053959608,0
4837,0.09092544962186366,0,0.12592709002395472,0,0.12592709685365358,0,0.26837368464718264,1,0.11946057893025379,0,0.14612278001538168,1
4838,0.12592532159760594,0,0.1259253191140791,0,0.1259253191140791,0,0.12592532066628337,0,0.12592532252892852,0,0.1259253206041952,0
4839,0.07101209240499884,0,0.1259253191140791,0,0.1259253191140791,0,0.45301690775280196,1,0.09805887751281261,0,0.1747877031797543,1
4840,0.06741081985334556,0,0.13108969029660025,0,0.13108969029660025,0,1.515439953499784,1,0.07521006542568405,0,0.38404804387440283,1
4841,0.09092340082861483,0,0.12592532066628337,0,0.12592532066628337,0,0.26837319958334166,1,0.1194585607930397,0,0.1461211605075126,1
4842,0.042970304687817894,0,0.13108969029660025,0,0.13108969060704112,0,0.8712083354281882,1,0.05293778423219919,0,0.2458591610503693,1
4843,0.12592874933034182,0,0.12592828972265124,0,0.12592829298228025,0,0.12592881980041662,0,0.12592870307465395,0,0.12592857098206878,0
4844,0.11123739563239117,0,0.11123721371404827,0,0.11123722240639229,0,0.11123738849225144,0,0.11123737048668166,0,0.11123731814635296,0
4845,0.10449974361108616,0,0.13109272811561823,0,0.13109273836016655,0,0.2684966476323704,1,0.1081847912282683,0,0.14867332978950193,1
4846,0.11859692439126472,0,0.13109384089087447,0,0.13109387131407857,0,0.633680667107304,1,0.12007189887420584,0,0.2269074405155455,1
4847,0.10795469073733936,0,0.1259275066355864,0,0.12592751362050572,0,0.163638301504155,0,0.12234028389987846,0,0.12915765927949302,0
4848,0.10841668917176624,0,0.1386950301627318,0,0.13869503264625868,0,0.4504385342200597,1,0.10961958564197023,0,0.18917297436855735,1
4849,0.11123685950102906,0,0.11123679927550256,0,0.11123679958594342,0,0.11123687052167952,0,0.1112368565518409,0,0.11123683708719909,0
4850,0.09942444782548894,0,0.13869347019741932,0,0.13869347019741932,0,0.5551745857422551,1,0.10287584488590558,0,0.20697236376969763,1
4851,0.08131774126862486,0,0.14331740334940454,0,0.14331739768385887,0,0.3726502077188343,1,0.0905428723199293,0,0.16622912446813037,1
4852,0.6617534120256702,1,0.13108969386667013,0,0.13108969386667013,0,0.6024702883635958,1,0.08887628062317769,0,0.3230558737491568,1
4853,0.1172960731976976,0,0.1310897304986914,0,0.1310897304986914,0,0.16376218479126692,0,0.1190500898907582,0,0.1324575617754211,0
4854,0.11010666994843632,0,0.13109062798321247,0,0.13109063124284148,0,0.34753035226215917,1,0.10852724496119966,0,0.16566910527956982,1
4855,0.11833807686343789,0,0.1433177134798219,0,0.14331771689467132,0,0.12600746001893035,0,0.11460473388433456,0,0.12911714022823922,0
4856,0.13869347019741932,0,0.13869346911087632,0,0.13869346880043545,0,0.13869347019741932,0,0.13869347019741932,0,0.13869346970071392,0
4857,0.13370570342522115,0,0.1310898051597178,0,0.13108980764324465,0,0.5289469438915452,1,0.13249738390247026,0,0.21146592880443982,1
4858,0.10557927936315536,0,0.10557898048621912,0,0.0985051937168464,0,0.10557934719448288,0,0.10557924467138946,0,0.10416440908641864,0
4859,0.4522644110644857,1,0.13109274534508586,0,0.13109275791794062,0,0.4096760962468882,1,0.09744557846958439,0,0.24431431780879698,1
4860,0.1301229492140313,0,0.13869348571946225,0,0.13869348571946225,0,0.16698781525095305,0,0.13173136914459369,0,0.1412458210097005,0
4861,1.3235766888440896,1,0.11123648278104763,0,0.11123648278104763,0,1.2479525057133287,1,0.09417377334708969,0,0.5776351866933207,1
4862,0.06302939044932525,0,0.13109081921478113,0,0.13109082371617356,0,1.709155457559973,1,0.05906019049386183,0,0.4186853362868229,1
4863,0.04297134932130575,0,0.13109077590828142,0,0.13109078087533513,0,0.8712076265364885,1,0.05293806487073501,0,0.24585971950242916,1
4864,1.290181547558556,1,0.13109082837278643,0,0.13109083473682404,0,1.1474402756430209,1,0.03953207780917486,0,0.5478671128240725,1
4865,0.9768935075650612,1,0.13176761210585633,0,0.13178433974583945,0,0.8955252089848121,1,0.07235351616206269,0,0.44166483691272634,1
4866,0.24096814822405577,0,0.13869344225774208,0,0.13869344225774208,0,0.23897753500690064,0,0.12396941582361858,0,0.1762603967140118,0
4867,0.36358388800484437,1,0.11123646648290257,0,0.11123646648290257,0,0.3211406397167593,1,0.08750430991252263,0,0.19894035411998628,1
4868,0.4522818199669321,1,0.13109070885305604,0,0.13109071040526032,0,0.42638333622987074,1,0.11523069344305743,0,0.2512154537796353,1
4869,0.10795464537416895,0,0.12592747248709202,0,0.1259274766780436,0,0.1636382833433648,0,0.12234023578154544,0,0.12915762273284295,0
4870,0.09094746550545096,0,0.1433176740538329,0,0.14331767343295118,0,0.5261786088813096,1,0.10989986530815561,0,0.20273225743634007,1
4871,0.11195360795439531,0,0.11195261702717592,0,0.14381149864251105,0,0.11195365937116246,0,0.11195349452706675,0,0.1183249755044623,0
4872,0.1301245174060265,0,0.1386948493309319,0,0.13869485072791576,0,0.16698760989432535,0,0.13173291715793312,0,0.14124694890342654,0
4873,0.1386959133669734,0,0.13869580517833432,0,0.1386957896562914,0,0.13869592004145184,0,0.1386958903943499,0,0.13869586372748016,0
4874,0.10449718464709197,0,0.1310906852595508,0,0.13109070140247545,0,0.26849734721084434,1,0.10818228480638936,0,0.1486716406652704,1
4875,0.13109210055942336,0,0.13109172492598495,0,0.1310917354809741,0,0.13109211095919213,0,0.13109204980234304,0,0.13109194434558352,0
4876,0.09824688173830509,0,0.11123647176039715,0,0.11123647176039715,0,0.23511402596098682,0,0.10278173120847593,0,0.13172311648571242,0
4877,0.0992042343035185,0,0.14331739915845296,0,0.14331739915845296,0,0.26791473749714595,0,0.10769409911396603,0,0.15228957384630729,0
4878,0.06967319963344683,0,0.12592708878219128,0,0.12592709312836328,0,0.07611972256563604,0,0.0860330662302052,0,0.09673603406796852,0
4879,0.1368849493058709,0,0.14279330677042404,0,0.1427533058449626,0,0.2353133854145805,0,0.1334315271427234,0,0.15823529489571228,0
4880,0.1124026165343821,0,0.13869394827634096,0,0.13869394781067967,0,0.70822917483747,1,0.13246663318326077,0,0.2460972641284267,1
4881,0.12592825262496868,0,0.1259278922031323,0,0.12592790725951394,0,0.12592832185328007,0,0.1259282105602324,0,0.12592811690022548,0
4882,0.11220632295589894,0,0.13869485119357705,0,0.13869485429798564,0,0.11220636377887179,0,0.11220629726691793,0,0.12280173789865027,0
4883,0.15411310681762794,0,0.11123703427923222,0,0.11123703226136665,0,0.14505374687723815,0,0.10258921018491189,0,0.12484602608407538,0
4884,0.5577687979675829,1,0.12594669762377939,0,0.12594676561032733,0,0.5078680793133875,1,0.0717933092576762,0,0.27786472995455064,1
4885,0.3764581469198068,1,0.13869745020444194,0,0.13869746262207627,0,0.33666296722367406,1,0.11474332838164021,0,0.22105187107032784,1
4886,0.1386954744035999,0,0.13869522139430046,0,0.13869522279128432,0,0.13869551041473946,0,0.13869544041032592,0,0.13869537388285,0
4887,0.24096814511964718,0,0.13869346911087632,0,0.13869346880043545,0,0.2389775300398469,0,0.1239694415902098,0,0.17626041093220313,0
4888,1.1256974663119763,1,0.143317397373418,0,0.143317397373418,0,1.0527045202907175,1,0.056411199582119785,0,0.50428959618633,1
4889,2.6324337866778174,1,0.13109088347603878,0,0.13109088766699037,0,2.4889843945081034,1,0.039527786895632744,0,1.0846255478449165,1
4890,0.12592727411538363,0,0.12592701644947132,0,0.12592702886710563,0,0.12592730686689416,0,0.12592723794902363,0,0.12592717284957566,0
4891,0.13109210707868138,0,0.13109174308677515,0,0.13109174805382887,0,0.1310921337765952,0,0.13109207075710097,0,0.1310919605505963,0
4892,0.1259253166305522,0,0.12592531430224577,0,0.12592531430224577,0,0.1259253166305522,0,0.12592531632011136,0,0.12592531563714146,0
4893,0.24096791942914328,0,0.13869410644595823,0,0.13869410303110877,0,0.23897766585772237,0,0.12397016165778041,0,0.17626079128434263,0
4894,0.11220624798443168,0,0.1386948007469376,0,0.13869479857385159,0,0.12195743286671738,0,0.11220622609835118,0,0.12475190125405788,0
4895,0.11052770086098462,0,0.1310909230572482,0,0.13109092491989335,0,0.10778764972928911,0,0.10397531317236523,0,0.1168945023479561,0
4896,0.13869346134985486,0,0.1386934503292044,0,0.1386934525022904,0,0.13869346243639788,0,0.13869346010809144,0,0.1386934573451678,0
4897,0.1669875431495408,0,0.13869524545346698,0,0.1386952488683164,0,0.16057505272328854,0,0.13012495349782208,0,0.14701560873848696,0
4898,0.1310920820881923,0,0.13109174013758698,0,0.13109174060324827,0,0.13109210801000395,0,0.13109204157566032,0,0.13109194248293837,0
4899,0.26849733262012404,1,0.1310907805648943,0,0.13109078040967384,0,0.24248285948609313,0,0.1044972738600336,0,0.17553180538816376,1
4900,0.13109078273798028,0,0.1310906660122176,0,0.1310906686509649,0,0.13109081999088326,0,0.13109078646327058,0,0.1310907447710633,0
4901,0.11123717273585498,0,0.11123703086438279,0,0.11123703722842038,0,0.11123716838968296,0,0.11123716311218838,0,0.11123711446610589,0
4902,0.23791784700006247,0,0.1479804546882709,0,0.14792868526031575,0,0.24059378976623216,0,0.13359327847138047,0,0.18160281103725234,0
4903,0.09375022227565448,0,0.13108969355622926,0,0.13108969355622926,0,0.8712564065741996,1,0.09069022381057341,0,0.26357524795457715,1
4904,0.13869348835820952,0,0.13869348571946225,0,0.13869348571946225,0,0.13869348913431168,0,0.13869348742688695,0,0.13869348727166653,0
4905,0.13109061199550828,0,0.13109050132334232,0,0.1310905081530412,0,0.13109063729643822,0,0.13109060827021798,0,0.13109057340770963,0
4906,0.448488979988421,1,0.14332755492068827,0,0.14332757253820697,0,0.42348702694289386,1,0.11108684242329521,0,0.25394359536270106,1
4907,0.16363827480624119,0,0.12592744268476963,0,0.12592744858314595,0,0.14847761252894998,0,0.10795458029800405,0,0.13438507178022216,0
4908,0.12592725347106656,0,0.1259270103958746,0,0.12592700822278857,0,0.12592729538058242,0,0.12592722289264202,0,0.12592715807259083,0
4909,0.34828146065895754,1,0.12592772642771402,0,0.1259277348096172,0,0.3150667619581024,1,0.08562766717902075,0,0.20016627020668237,1
4910,0.24096749117597938,0,0.1386952488683164,0,0.13869525647411743,0,0.23897788440808654,0,0.12397148817156751,0,0.17626147381961346,0
4911,0.16363820837189755,0,0.12592723422373334,0,0.12592724291607738,0,0.1484775150505205,0,0.10795434789421658,0,0.13438490969128908,0
4912,0.08352062789102395,0,1.2707696254365146,1,0.1259302181812624,0,0.08352069556713104,0,0.08352052358289559,0,0.3294523381317655,1
4913,0.10557919554412365,0,0.12592732813209295,0,0.1259273374453187,0,0.10557925972777109,0,0.1055791611627986,0,0.113718456402421,0
4914,0.2717233050304155,1,0.13869345048442483,0,0.13869345048442483,0,0.24861819871390858,0,0.12261021067388356,0,0.18406772307741145,1
4915,0.2390045952051878,0,0.14331765403039753,0,0.14331765371995667,0,0.23069384647533298,0,0.1260073637822643,0,0.17646822264262785,0
4916,0.16364962266137204,0,0.12596553781380257,0,0.12596567533910275,0,0.1484964108094573,0,0.10800161841325462,0,0.13441577300739788,0
4917,0.11123674246482551,0,0.11123670040008922,0,0.11123670117619137,0,0.11123675488245983,0,0.11123673796343307,0,0.1112367273773998,0
4918,0.11123674556923409,0,0.1112367013314118,0,0.11123670272839566,0,0.11123675239893298,0,0.1112367413782825,0,0.11123672868125141,0
4919,0.6599255508432785,1,0.13869496202096343,0,0.13869497490425906,0,0.6078602386017641,1,0.09654060134198517,0,0.3283432655424501,1
4920,0.13108974850426117,0,0.13108974043279886,0,0.13108974043279886,0,0.13108974834904075,0,0.13108974881470203,0,0.13108974530672032,0
4921,0.15411301259882748,0,0.11123673811865349,0,0.11123673967085779,0,0.14505354726376632,0,0.10258884021701913,0,0.12484577557382484,0
4922,0.34374008312200505,1,0.14331769671601555,0,0.1433177029248327,0,0.31873746852700907,1,0.10393733310047537,0,0.21061005687806755,1
4923,1.1272009188930194,1,0.13869814947247505,0,0.13869815117989978,0,1.0745092104189098,1,0.10332431954642136,0,0.5164861499021451,1
4924,0.13869346771389246,0,0.13869346491992474,0,0.13869346429904303,0,0.13869346771389246,0,0.13869346833477417,0,0.13869346659630538,0
4925,0.1631792534608394,0,0.1433174016419798,0,0.1433174016419798,0,0.15536626793133715,0,0.11992284570199747,0,0.14502063407562674,0
4926,0.16698749409988523,0,0.13869553493956724,0,0.13869555092727145,0,0.16057514352723956,0,0.13012533398189893,0,0.14701581149517248,0
4927,0.13869359577074647,0,0.13869358568141857,0,0.13869358537097773,0,0.13869360027213892,0,0.13869358894104758,0,0.13869359120726585,0
4928,0.1631792434491217,0,0.1433174399814258,0,0.14331743967098495,0,0.1553662670776248,0,0.11992288832940783,0,0.14502065570171302,0
4929,0.11123847394871215,0,0.11123805237002671,0,0.11123804973127942,0,0.11123844585381448,0,0.111238430486992,0,0.11123829047816496,0
4930,0.12592981584991017,0,0.12592921499162912,0,0.12592922911668816,0,0.12592990417033434,0,0.12592974957078695,0,0.12592958273986973,0
4931,0.4522818728970985,1,0.13109064335003495,0,0.13109064552312097,0,0.4263833067379892,1,0.11523061342692624,0,0.251215416387034,1
4932,0.45301692994932335,1,0.12592715490609407,0,0.1259271625118951,0,0.4031101983661453,1,0.07101417786907405,0,0.23579912472050638,1
4933,0.4446010208533456,1,0.11123647176039715,0,0.11123647176039715,0,0.4216698370097826,1,0.08624797869318475,0,0.23499835601542146,1
4934,0.13109064707532525,0,0.13109054695814848,0,0.13109054851035276,0,0.13109067998205623,0,0.1310906388486425,0,0.13109061227490504,0
4935,0.16317919928890964,0,0.1433176560482631,0,0.14331766225708029,0,0.15536629680233696,0,0.11992313883577783,0,0.14502079064647358,0
4936,0.13869346771389246,0,0.1386934652303656,0,0.1386934652303656,0,0.13869346880043545,0,0.13869346771389246,0,0.13869346693779033,0
4937,0.13116868569826087,0,0.13115299694860974,0,0.13115318166092038,0,0.13116736570373178,0,0.13116695592179894,0,0.13116183718666435,0
4938,0.11123697669245303,0,0.11123689520172775,0,0.11123689302864175,0,0.11123698336693148,0,0.11123697777899604,0,0.11123694521375001,0
4939,0.7131863618269563,1,0.12592987747242054,0,0.125929889579614,0,0.6787354345433414,1,0.07711837789975107,0,0.34417998826441665,1
4940,0.13109074952080846,0,0.13109062844887376,0,0.13109063683077693,0,0.131090776839604,0,0.13109073493008813,0,0.13109070531403028,0
4941,0.1310915887976686,0,0.1310913097113371,0,0.13109131886934242,0,0.13109161130463085,0,0.13109154688815275,0,0.13109147511422634,0
4942,0.3437399750885864,1,0.14331803439805904,0,0.1433180345532795,0,0.3187374083014826,1,0.10393775821042557,0,0.2106102421103666,1
4943,0.7082287198863924,1,0.13869482822095355,0,0.13869483831028143,0,0.6889183519718548,1,0.11240330059081316,0,0.35738800779605906,1
4944,0.11123648278104763,0,0.11123648045274119,0,0.11123648045274119,0,0.1112364821601659,0,0.11123648278104763,0,0.1112364817255487,0
4945,0.13121693519254526,0,0.13119141074518362,0,0.13119167073940238,0,0.13121468822161356,0,0.13121414681275687,0,0.13120577034230035,0
4946,0.13869482884183526,0,0.13869465809936324,0,0.138694666326046,0,0.13869486873348555,0,0.13869481425111493,0,0.138694767250369,0
4947,0.34828147167960805,1,0.1259280458713571,0,0.12592804773400226,0,0.3150668633170426,1,0.08562803877672802,0,0.2001664934757476,1
4948,0.11123646710378428,0,0.11123647176039715,0,0.11123647176039715,0,0.11123646710378428,0,0.11123646679334342,0,0.11123646890434125,0
4949,0.13869352918118238,0,0.13869352576633295,0,0.13869352576633295,0,0.13869352918118238,0,0.13869352328280607,0,0.13869352663556736,0
4950,0.529513583984226,1,0.13869349767143527,0,0.13869349767143527,0,0.5224714991636574,1,0.1257367772826304,0,0.29102177115467687,1
4951,0.13109514474247894,0,0.13109421341990432,0,0.1310942320463558,0,0.13109512735779086,0,0.13109503329421082,0,0.13109475017214814,0
4952,0.8694119225256145,1,0.13869654340669513,0,0.1386965507020553,0,0.8006556856756409,1,0.08662893739528954,0,0.40681792794105903,1
4953,0.3475309095034997,1,0.13108976216365895,0,0.13108976309498152,0,0.32163152905801934,1,0.11010566415886085,0,0.20828952559580408,1
4954,0.4484916457440704,1,0.14331743074581027,0,0.1433174304353694,0,0.4234890196627627,1,0.11107410452192805,0,0.2539379262219882,1
4955,0.5532110993905613,1,0.1433173935705175,0,0.1433173935705175,0,0.49482479590612155,1,0.0635451211904486,0,0.2796431607256333,1
4956,0.08089029261221488,0,0.44458498472037417,1,0.3714045128629853,1,0.08089029369875789,0,0.08089029261221488,0,0.21173207530130939,1
4957,0.24354597056905428,0,0.12592702933276692,0,0.1259270329028368,0,0.2270229016430676,0,0.10153397546188596,0,0.16479138198192228,0
4958,0.1438050732637445,0,0.14053330415238938,0,0.14051051468898854,0,0.14346307143568993,0,0.14348342642188072,0,0.1423590779925386,0
4959,0.13108968377734223,0,0.13108968563998738,0,0.13108968563998738,0,0.13108968377734223,0,0.13108968377734223,0,0.13108968452240027,0
4960,0.27172328904271126,1,0.13869363783548275,0,0.13869363690416017,0,0.24861825040231147,0,0.12261042518851657,0,0.18406784787463643,1
4961,0.24354599757740894,0,0.12592874203498164,0,0.12592875507349768,0,0.22702345888440809,0,0.10153594852696794,0,0.16479258041945286,0
4962,0.37322887731716037,1,0.13110208231955767,0,0.13110211274276176,0,0.33052876669292647,1,0.09193242073524743,0,0.21157885196153076,1
4963,0.1310897359314064,0,0.13108973608662686,0,0.13108973825971285,0,0.13108973546574512,0,0.13108973655228814,0,0.13108973645915586,0
4964,0.7127129261692365,1,0.13109341527645788,0,0.1310934197778503,0,0.6861093443197509,1,0.12187714284906785,0,0.3565772496784727,1
4965,0.13869346771389246,0,0.1386934652303656,0,0.1386934652303656,0,0.13869346771389246,0,0.13869346771389246,0,0.13869346672048172,0
4966,0.23900466381261745,0,0.1433174016419798,0,0.1433174016419798,0,0.23069388450433811,0,0.12600708842122307,0,0.17646808800442765,0
4967,0.4504551423403124,1,0.1386934503292044,0,0.1386934503292044,0,0.431772683126231,1,0.11265369097236544,0,0.25445368341946356,1
4968,0.817451207122455,1,0.13108969060704112,0,0.13108969060704112,0,0.7741515917393068,1,0.10778618285742898,0,0.39231367258665456,1
4969,0.138693417267253,0,0.13869341804335514,0,0.13869341804335514,0,0.138693417267253,0,0.138693417267253,0,0.13869341757769388,0
4970,0.24354594433680177,0,0.12592532594377795,0,0.12592532314981023,0,0.22702233136321107,0,0.1015320480413114,0,0.16479019456698246,0
4971,1.0788840151702364,1,0.1386934652303656,0,0.13869346429904303,0,0.9767423393204808,1,0.06214549361417691,0,0.4790317555268605,1
4972,0.9162104815865556,1,0.1433174101014932,0,0.1433174101014932,0,0.8599093879262606,1,0.052286018462230764,0,0.42300814163560674,1
4973,0.738014625540624,1,0.1259253191140791,0,0.1259253191140791,0,0.688232508332779,1,0.0641300450079143,0,0.34844556342189514,1
4974,0.5577685163977245,1,0.1259308378212154,0,0.12593086125950018,0,0.5078629166819155,1,0.07177538199660678,0,0.27785370283139244,1
4975,0.3475309549830854,1,0.13108968377734223,0,0.13108968377734223,0,0.3216315040675302,1,0.11010557314148173,0,0.20828947994935634,1
4976,0.13109133516748747,0,0.1310911257751286,0,0.13109113244960705,0,0.13109135581180453,0,0.13109130629648766,0,0.13109125110010306,0
4977,0.1386974067427218,0,0.13869673929487666,0,0.1386967503155271,0,0.13869740379353365,0,0.13869733192647496,0,0.13869712641462684,0
4978,0.1669878171135982,0,0.13869345374405384,0,0.13869345374405384,0,0.16057455353438854,0,0.13012291099100062,0,0.147014437825419,0
4979,0.11699595690394442,0,0.13249725506951412,0,0.5289469754012922,1,0.1169959594650815,0,0.11699595690394442,0,0.20248642074875534,1
4980,1.0180313922464848,1,0.1386934189746777,0,0.1386934189746777,0,0.9942974336445332,1,0.12159717688336968,0,0.48226256814474866,1
4981,0.7664882140234113,1,0.1310907614727815,0,0.13109076643983522,0,0.6905142422765493,1,0.07482108846306801,0,0.3588010145351291,1
4982,0.1636456111446023,0,0.12595215703671178,0,0.12595226087917885,0,0.14848976721987128,0,0.107984998379834,0,0.13440495893203966,0
4983,0.16376218820611635,0,0.13108969278012714,0,0.13108969278012714,0,0.15443901903927326,0,0.11729603043446939,0,0.13953532464802265,0
4984,0.11700457536304991,0,0.12305314326658845,0,0.2335898264621695,0,0.11700479018812378,0,0.11700445933577915,0,0.14153135892314217,0
4985,0.13869346243639788,0,0.13869346243639788,0,0.13869346243639788,0,0.13869346336772045,0,0.13869346243639788,0,0.1386934626226624,0
4986,0.5570179286102453,1,0.13108969510843357,0,0.13108969510843357,0,0.5144266514107585,1,0.10226272589837511,0,0.28717733922724925,1
4987,0.23900465690530837,0,0.14331739915845296,0,0.14331739915845296,0,0.2306938881520182,0,0.12600708139749864,0,0.17646808495434624,0
4988,0.10397130497343217,0,0.11010698421159759,0,0.32163186091929674,0,0.1039713368518278,0,0.1039712800605533,0,0.14873055340334151,0
4989,1.2368963927341003,1,0.1259271826905509,0,0.12592718858892718,0,1.1523688089412947,1,0.08393142636244495,0,0.5450101998634637,1
4990,0.04428820932904879,0,0.8770738618137935,1,0.13869504180426398,0,0.044288246581951775,0,0.044288194427887596,0,0.22972671079138918,1
4991,0.13869881986950836,0,0.13869819696992636,0,0.13869821761424342,0,0.1386989646901687,0,0.13869875436648726,0,0.13869859070206683,0
4992,0.07554607714215915,0,0.07554421822230022,0,0.07554424057404201,0,0.07554613674680392,0,0.07554585114121437,0,0.07554530476530394,0
4993,0.22887598467059433,0,0.11123931446733575,0,0.11123932548798621,0,0.2287038031499833,0,0.2351132642943412,0,0.18303433841404818,0
4994,0.9226566163512567,1,0.1259328511854013,0,0.12593287865941724,0,0.8548232818332812,1,0.06262912224822988,0,0.41839495005551725,1
4995,0.12592761140937606,0,0.12592732782165209,0,0.1259273470689853,0,0.12592768979569277,0,0.12592759914696217,0,0.12592751504853367,0
4996,0.13869491452351213,0,0.13869474486758313,0,0.13869475138684115,0,0.13869496869544187,0,0.13869489481051764,0,0.13869485485677918,0
4997,0.2390045947395265,0,0.1433176911280801,0,0.1433176906624188,0,0.23069383623078465,0,0.12600741050361344,0,0.17646824465288471,0
4998,0.23511396526979902,0,0.11123679166970153,0,0.11123678747874995,0,0.22887480235658586,0,0.09824723129471143,0,0.15694191561390955,0
4999,0.13108966359868646,0,0.13108966359868646,0,0.13108966359868646,0,0.13108966359868646,0,0.13108966359868646,0,0.13108966359868646,0
5000,0.09040425438433886,0,0.08255812727535765,0,0.08624797108738373,0,0.09040425415150821,0,0.09040425415150821,0,0.08800377221001934,0
5001,0.092652351600312,0,0.14331739279441535,0,0.14331739279441535,0,0.0798830606509,0,0.10195615476307769,0,0.11222527052062407,0
5002,0.12593469955027103,0,0.12593313849841556,0,0.12593316892161965,0,0.1259347371136149,0,0.1259345170110464,0,0.1259340522189935,0
5003,0.11123720129641394,0,0.1112370608219256,0,0.11123705833839874,0,0.11123719027576347,0,0.1112371744432797,0,0.1112371370351563,0
5004,0.11699708644300699,0,0.1310906632182499,0,0.13109066632265845,0,0.12234546849504113,0,0.11699705834810932,0,0.12370418856541317,0
5005,0.26840366950879496,1,0.12602699532484016,0,0.12602737049261728,0,0.23657057651629051,0,0.09105021397893627,0,0.16961576516429583,1
5006,0.15411293731691936,0,0.11123648495413363,0,0.11123648402281106,0,0.14505338273011148,0,0.10258854669518769,0,0.12484556714383263,0
5007,0.1259277037655314,0,0.1259273967395226,0,0.12592740170657635,0,0.1259277619731923,0,0.12592767272144556,0,0.12592758738125365,0
5008,0.11123649473302066,0,0.11123649271515508,0,0.11123648728244007,0,0.11123649473302066,0,0.11123649504346152,0,0.1112364929014196,0
5009,0.1386986842068533,0,0.13869774636502066,0,0.13869775334993997,0,0.13869866526996097,0,0.1386985699646175,0,0.1386982838312785,0
5010,0.13109094478810826,0,0.1310907967078189,0,0.13109079794958234,0,0.13109097831572095,0,0.13109092321246862,0,0.13109088819473982,0
5011,0.1387066786798338,0,0.13870414020493627,0,0.13870416829983392,0,0.138706526098152,0,0.13870637475823364,0,0.13870557760819793,0
5012,0.13869366779302558,0,0.1386936528918644,0,0.13869365227098265,0,0.13869367012133202,0,0.13869365863502026,0,0.13869366034244499,0
5013,0.13869457940260568,0,0.13869445957243443,0,0.13869446190074086,0,0.13869462193300328,0,0.13869455611954132,0,0.1386945357856651,0
5014,0.16698781478529176,0,0.13869344800089797,0,0.13869344800089797,0,0.16057456082974872,0,0.13012289570178837,0,0.14701443346372495,0
5015,0.1310906664778789,0,0.1310905598414441,0,0.13109056930989027,0,0.13109068479388952,0,0.1310906452126801,0,0.13109062512715658,0
5016,0.24279546566928425,0,0.13108968595042825,0,0.13108968595042825,0,0.2335878531448543,0,0.12304542343675469,0,0.17232162283034996,0
5017,0.5078616848525902,1,0.1259271140831212,0,0.12592712556943297,0,0.4819625356855492,1,0.5577684453067681,1,0.3598893810994923,1
5018,0.13869623001664877,0,0.1386957817400495,0,0.13869578934585056,0,0.1386962505057454,0,0.1386961651345094,0,0.13869604334856073,0
5019,0.16317914278867343,0,0.14331790300396582,0,0.14331790300396582,0,0.15536631465268633,0,0.11992343577245872,0,0.14502093984435002,0
5020,0.16376188366363445,0,0.1310906681853036,0,0.13109067625676593,0,0.15443921322003007,0,0.11729715609302123,0,0.13953591948375105,0
5021,0.16376191191375256,0,0.1310905598414441,0,0.13109056930989027,0,0.15443918698777756,0,0.11729701484243076,0,0.13953584857905904,0
5022,0.1259271902963519,0,0.12592694892858466,0,0.1259269492390255,0,0.1259272323610882,0,0.1259271465241909,0,0.12592709346984823,0
5023,0.2435459764674306,0,0.1259273967395226,0,0.12592740170657635,0,0.22702302054191628,0,0.10153439673013054,0,0.16479163843711525,0
5024,0.37645842290172976,1,0.1386957330008348,0,0.1386957447975874,0,0.3366624584111075,1,0.11474120302591473,0,0.22105071242743485,1
5025,0.1310925930738449,0,0.1310921444868048,0,0.13109214914341769,0,0.13109260704368353,0,0.13109253502140442,0,0.13109240575383108,0
5026,0.12592911658187708,0,0.12592865557720265,0,0.12592867420365414,0,0.1259292319106559,0,0.12592906955008706,0,0.12592894956469536,0
5027,0.23900456920576593,0,0.14331773885836205,0,0.14331773637483516,0,0.23069381628495952,0,0.12600747895582268,0,0.17646826793594908,0
5028,0.13109114797164997,0,0.13109096170713505,0,0.13109096170713505,0,0.1310911706338326,0,0.1310911246885856,0,0.13109107334166764,0
5029,0.13869496140008172,0,0.13869478336224952,0,0.1386947912784914,0,0.138695004551361,0,0.1386949329947432,0,0.13869489471738536,0
5030,0.24096813704818487,0,0.13869350062062344,0,0.13869350217282772,0,0.23897754897673926,0,0.12396949840088685,0,0.17626043744385245,0
5031,0.7127157161012292,1,0.1310897182362775,0,0.1310897182362775,0,0.6861079703085124,1,0.1218726544175297,0,0.35657515545996527,1
5032,0.34828153997659683,1,0.12593057208384076,0,0.12593058000008264,0,0.3150677504017949,1,0.08563116716686636,0,0.20016832192583628,1
5033,0.45228190533816814,1,0.13109057924399772,0,0.1310905834349493,0,0.42638329587255913,1,0.11523055180441588,0,0.251215383138818,1
5034,0.16376179829239845,0,0.13109088968485594,0,0.13109088766699037,0,0.1544392523355782,0,0.11729739761600892,0,0.13953604511916637,0
5035,0.9221999901346862,1,0.13109332462772727,0,0.13109333999454975,0,0.8789044446311891,1,0.11305422623020907,0,0.4352690651236723,1
5036,0.24096736498177052,0,0.13869561968992153,0,0.13869562357043227,0,0.23897796776145697,0,0.12397193334375818,0,0.1762617018694679,0
5037,0.09142315511902173,0,0.6191783704174062,1,0.13109066042428216,0,0.09142317917818825,0,0.09142313354338209,0,0.20490769973645612,1
5038,0.5295132054015994,1,0.138694798729072,0,0.13869479950517416,0,0.522471835060666,1,0.12573729804717004,0,0.2910223873487363,1
5039,0.12592751517271003,0,0.12592724819357196,0,0.12592726340517402,0,0.12592758098617196,0,0.12592748133465648,0,0.1259274178184569,0
5040,0.1637613916148742,0,0.13109229117011031,0,0.13109230638171235,0,0.15443952474743128,0,0.11729891109280288,0,0.13953688500138622,0
5041,0.12592532314981023,0,0.12592532252892852,0,0.12592532252892852,0,0.1259253234602511,0,0.12592532066628337,0,0.12592532246684035,0
5042,0.2717233073587219,1,0.1386934525022904,0,0.1386934525022904,0,0.2486181960751613,0,0.1226102125365287,0,0.18406772419499856,1
5043,0.8114750021292517,1,0.14331739915845296,0,0.14331739915845296,0,0.7718657515166948,1,0.06504400827301045,0,0.38700391204717255,1
5044,0.6540719746456792,1,0.11123647176039715,0,0.11123647176039715,0,0.59775710470664,1,0.07064873600999515,0,0.30899015177662176,1
5045,0.26791473749714595,1,0.14331739760624865,0,0.14331739915845296,0,0.24340990705726048,0,0.09920423558408704,0,0.17943273538063903,1
5046,0.6625041590693096,1,0.12593752099201083,0,0.12593754396463433,0,0.5959088437569638,1,0.05981742167690148,0,0.314021097891964,1
5047,0.5078642559237778,1,0.1259346343576908,0,0.12593466447045407,0,0.4819673864791791,1,0.5577686158940196,1,0.35989391142502425,1
5048,0.3482815392004947,1,0.12593044977014264,0,0.12593047025923929,0,0.31506766673798364,1,0.08563086394375811,0,0.2001681979823237,1
5049,0.5208526665810496,1,0.1112381456575046,0,0.11123814953801532,0,0.5119964263867587,1,0.09743070922559127,0,0.2705512194777839,1
5050,0.5285437172278762,1,0.1259275828488171,0,0.12592759868130088,0,0.5121459627213577,1,0.09526185043311368,0,0.2775613423824931,1
5051,0.13869350093106428,0,0.13869350062062344,0,0.13869350077584386,0,0.13869350170716643,0,0.13869350217282772,0,0.13869350124150515,0
5052,0.16317924267301956,0,0.14331742841750383,0,0.14331742810706297,0,0.15536624969293675,0,0.1199228674522601,0,0.14502064326855663,0
5053,0.12592745339497924,0,0.12592719309031963,0,0.1259272051975131,0,0.12592751548315087,0,0.12592743119845787,0,0.12592735967288413,0
5054,0.12592848654215535,0,0.12592804618179798,0,0.12592805239061514,0,0.1259285444393754,0,0.1259284308180213,0,0.12592831207439303,0
5055,0.13108971637363234,0,0.13108971264834204,0,0.13108971264834204,0,0.13108971947804093,0,0.13108971264834204,0,0.1310897147593399,0
5056,0.13869346243639788,0,0.13869345374405384,0,0.13869345374405384,0,0.13869346243639788,0,0.1386934615050753,0,0.13869345877319578,0
5057,0.13109115107605854,0,0.13109097878138223,0,0.1310909821962317,0,0.13109119484821954,0,0.1310911338465909,0,0.13109108814969656,0
5058,0.13108969309056798,0,0.13108969340100884,0,0.13108969060704112,0,0.1310896937114497,0,0.13108969278012714,0,0.13108969271803897,0
5059,0.2427954599261284,0,0.13108969355622926,0,0.13108969355622926,0,0.2335878654072682,0,0.12304543100375061,0,0.17232162868992112,0
5060,0.1669878177344799,0,0.13869346538558602,0,0.13869346507514516,0,0.1605745553970337,0,0.13012291207754365,0,0.14701444313395767,0
5061,0.24354600673541427,0,0.12592924510439238,0,0.12592926140253743,0,0.22702361969277263,0,0.10153650573920459,0,0.16479292773486426,0
5062,0.13109068339690566,0,0.13109057194863757,0,0.13109057241429886,0,0.1310907038860023,0,0.13109066725398102,0,0.1310906397799651,0
5063,0.5570173513454696,1,0.13109062844887376,0,0.1310906264310082,0,0.5144269318940738,1,0.10226377410193284,0,0.2871778624442717,1
5064,0.8174505171676477,1,0.1310906664778789,0,0.1310906782746315,0,0.7741519464179873,1,0.1077873104562362,0,0.3923142237588763,1
5065,0.10153401103646804,0,0.12592703693856797,0,0.1259270392668744,0,0.24354598360757032,0,0.10320500051602721,0,0.14002781427310157,0
5066,0.13109086904053888,0,0.13109072965259352,0,0.13109073182567954,0,0.13109089837719998,0,0.13109085336327553,0,0.1310908164518575,0
5067,0.1386948962075015,0,0.13869471941143274,0,0.13869472732767463,0,0.13869493066643676,0,0.13869486997524896,0,0.13869482871765892,0
5068,0.1259273081086576,0,0.12592707046618065,0,0.12592706984529892,0,0.12592736119404435,0,0.12592728855088353,0,0.125927219633013,0
5069,0.52617860903653,1,0.1433176746747146,0,0.14331767281206945,0,0.5204508691870918,1,0.09094746923074126,0,0.2848424589882294,1
5070,0.16363889367009202,0,0.12592972364897528,0,0.1259297284608086,0,0.14847870000327626,0,0.10795724228955805,0,0.13438685761454203,0
5071,0.12592855980619788,0,0.12592811308180293,0,0.1259281268964211,0,0.12592862748230496,0,0.12592850842823586,0,0.12592838713899254,0
5072,0.11123646648290257,0,0.11123646524113913,0,0.11123646524113913,0,0.11123646648290257,0,0.11123646524113913,0,0.11123646573784451,0
5073,0.1310897239794334,0,0.13108972770472369,0,0.13108972770472369,0,0.1310897239794334,0,0.13108972366899252,0,0.13108972540746133,0
5074,0.13869593183820447,0,0.13869554394235215,0,0.13869555589432517,0,0.13869594425583878,0,0.13869588635861874,0,0.13869577245786785,0
5075,0.13109205182020864,0,0.13109172228723764,0,0.13109173346310854,0,0.13109207975988588,0,0.1310920319519937,0,0.13109192385648688,0
5076,0.11123649613000453,0,0.11123649566434324,0,0.11123649504346152,0,0.11123649519868195,0,0.11123649442257981,0,0.1112364952918142,0
5077,0.11123683357921739,0,0.11123677878640592,0,0.11123678018338978,0,0.11123684475508828,0,0.11123682426599164,0,0.11123681231401861,0
5078,0.13109162480880818,0,0.13109134215240678,0,0.13109134805078307,0,0.13109163924430808,0,0.13109158041576544,0,0.13109150693441432,0
5079,0.12881531693468182,0,0.23900454600031176,0,0.23868220198589066,0,0.1288153165417801,0,0.12881530649610795,0,0.17282653759175445,0
5080,0.1310897363970677,0,0.13108973562096557,0,0.13108973655228814,0,0.1310897363970677,0,0.13108973670750856,0,0.13108973633497953,0
5081,0.13869562605395913,0,0.1386953292724987,0,0.1386953342395524,0,0.13869567308574915,0,0.1386955981142819,0,0.13869551215320824,0
5082,0.13109871527800956,0,0.13109709524239102,0,0.131097124889493,0,0.13109863844389716,0,0.13109852901349464,0,0.13109802057345707,0
5083,0.11123711592517793,0,0.11123704017760853,0,0.11123703815974295,0,0.11123714867668848,0,0.11123712880847354,0,0.1112370943495383,0
5084,0.12592813155303398,0,0.12592776290451488,0,0.12592776228363314,0,0.12592819115767875,0,0.1259280857630074,0,0.12592798673237363,0
5085,0.1310897683724761,0,0.13108975688616434,0,0.1310897491251429,0,0.13108977364997068,0,0.13108976216365895,0,0.13108976203948258,0
5086,0.3482815719520052,1,0.12593197155122957,0,0.12593200042222938,0,0.31506820969904464,1,0.0856328068766743,0,0.20016931210023664,1
5087,0.34373994590714574,1,0.14331815741024911,0,0.14331816439516842,0,0.3187373823020607,1,0.1039379183979084,0,0.21061031368250646,1
5088,0.13869346243639788,0,0.1386934540544947,0,0.1386934540544947,0,0.13869346538558602,0,0.13869346243639788,0,0.13869345967347424,0
5089,0.24354596389457583,0,0.12592699564993382,0,0.12592700154831013,0,0.22702288891499242,0,0.10153393368818797,0,0.16479135673920003,0
5090,0.13109104366352162,0,0.1310908825447162,0,0.1310908884430925,0,0.13109107253452143,0,0.13109101401641965,0,0.1310909802404543,0
5091,0.13109223047892252,0,0.1310921247738103,0,0.13109210909654698,0,0.13109224056825042,0,0.1310922047123313,0,0.1310921819259723,0
5092,0.2409681437226633,0,0.13869349658489227,0,0.13869349705055356,0,0.2389775337651372,0,0.12396949157118797,0,0.17626043253888685,0
5093,0.16376217439149818,0,0.1310897123379012,0,0.1310897123379012,0,0.15443901950493455,0,0.11729604797437787,0,0.1395353333093226,0
5094,0.1259313776778678,0,0.125930432540675,0,0.1259304628086587,0,0.12593143619596958,0,0.12593125567461053,0,0.12593099297955632,0
5095,0.2409681474479536,0,0.1386934503292044,0,0.1386934503292044,0,0.2389775331442555,0,0.12396943289786577,0,0.17626040282969674,0
5096,0.13109064924841127,0,0.13109054680292806,0,0.13109055099387965,0,0.13109067905073366,0,0.13109064474701881,0,0.1310906141685943,0
5097,0.1310897363970677,0,0.13108973655228814,0,0.13108973608662686,0,0.1310897363970677,0,0.1310897363970677,0,0.1310897363660236,0
5098,0.12594093134005865,0,0.12593849981203675,0,0.12593854389463863,0,0.12594105194633207,0,0.12594063843910894,0,0.12593993308643503,0
5099,0.6617681022423009,1,0.13109173284222683,0,0.13109173982714614,0,0.6191787705756724,1,0.10553542291745543,0,0.32973315368096034,1
5100,0.23900448624044657,0,0.1433181136380881,0,0.1433181168201069,0,0.23069374488356212,0,0.12600792645631978,0,0.17646847760770468,0
5101,0.5570179445979496,1,0.13108966359868646,0,0.13108966359868646,0,0.5144266459780434,1,0.10226269314686458,0,0.2871773221840461,1
5102,0.8712564214753608,1,0.13108966359868646,0,0.13108966359868646,0,0.8119732798077166,1,0.0937501930942138,0,0.4078318443149328,1
5103,0.3482814282178879,1,0.1259253021950523,0,0.1259253021950523,0,0.31506596753994626,1,0.08562491244326036,0,0.20016458251823982,1
5104,0.6599100832827389,1,0.13869341757769385,0,0.13869341757769385,0,0.5911520767646531,1,0.08804737186680238,0,0.32329927341391645,1
5105,0.7082203733734787,1,0.1387102911248803,0,0.13871033939843377,0,0.6889212080277503,1,0.11241607802609603,0,0.35739565799012785,1
5106,0.1122281977829213,0,0.13871201981479922,0,0.13871206156909466,0,0.11795669933781028,0,0.11222768214065582,0,0.12396733212905624,0
5107,0.13869473990052938,0,0.13869458561142287,0,0.1386945859218637,0,0.13869476970285177,0,0.13869472251584133,0,0.1386946807305018,0
5108,0.16696256740639606,0,0.13884327374398708,0,0.13884368538856506,0,0.16061876838405928,0,0.13031050434801728,0,0.14711575985420494,0
5109,0.12593159188205996,0,0.12593054895599684,0,0.12593057254950205,0,0.12593160818020502,0,0.125931480123351,0,0.12593116033822296,0
5110,0.13869789087524018,0,0.1386971416262289,0,0.13869714364409447,0,0.1386978842007617,0,0.13869779479379454,0,0.13869757102802396,0
5111,0.1259334722223381,0,0.12593213437745968,0,0.12593215657398105,0,0.12593350171421966,0,0.12593332243462405,0,0.1259329174645245,0
5112,0.12592723546549678,0,0.1259269972021381,0,0.12592700154831013,0,0.1259272894822061,0,0.12592721466595927,0,0.12592714767282207,0
5113,0.13869507874672612,0,0.1386948861181736,0,0.13869489760448536,0,0.13869511739661297,0,0.1386950540666779,0,0.1386950067865352,0
5114,0.1450553349374483,0,0.11123921124575038,0,0.11123922040375571,0,0.14328574226237833,0,0.15411382812696198,0,0.13298666739525894,0
5115,0.13108969060704112,0,0.13108968905483684,0,0.13108968905483684,0,0.13108969060704112,0,0.13108969060704112,0,0.1310896899861594,0
5116,0.6599421018424133,1,0.1386934503292044,0,0.1386934503292044,0,0.6245677995805939,1,0.1047887821138526,0,0.33333711683905376,1
5117,0.2427954625648757,0,0.13108969029660025,0,0.13108969029660025,0,0.23358786556248864,0,0.12304542786053692,0,0.17232162731622036,0
5118,0.13109064707532525,0,0.13109054695814848,0,0.13109054851035276,0,0.13109067998205623,0,0.1310906388486425,0,0.13109061227490504,0
5119,0.1386934812180698,0,0.1386934774927795,0,0.13869347718233863,0,0.1386934812180698,0,0.13869348152851066,0,0.13869347972795368,0
5120,0.33984950130494934,1,0.11123648247060676,0,0.1112364821601659,0,0.31691832817159593,1,0.09036256469941388,0,0.19392067176134636,1
5121,0.12595473478237787,0,0.12594901599610844,0,0.12594908832882842,0,0.12595441906402507,0,0.12595406081527472,0,0.12595226379732288,0
5122,0.16698781680315733,0,0.13869344225774208,0,0.13869344225774208,0,0.16057455632835627,0,0.1301228953913475,0,0.14701443060766903,0
5123,0.1310938267658154,0,0.13109314938386282,0,0.13109315481657782,0,0.13109382102265954,0,0.1310937594001492,0,0.13109354227781295,0
5124,0.13869818951934576,0,0.13869738144179186,0,0.13869739789515734,0,0.1386981870358189,0,0.13869809483488402,0,0.1386978501453996,0
5125,0.12596046350275478,0,0.1259570928911368,0,0.12595721939578652,0,0.12596194182212153,0,0.12596010618532696,0,0.12595936475942532,0
5126,0.1631791895876328,0,0.14331774801636735,0,0.14331774964618185,0,0.15536629944108427,0,0.11992322261600445,0,0.14502084186145414,0
5127,0.11123688154232998,0,0.11123680827828746,0,0.11123680889916916,0,0.11123688930335145,0,0.11123688045578699,0,0.111236853695785,0
5128,0.1386948460713029,0,0.1386946855733792,0,0.13869468495249748,0,0.13869488146156073,0,0.13869483101492128,0,0.13869478581473232,0
5129,0.125928719372799,0,0.12592824657137194,0,0.1259282624038557,0,0.12592878052964807,0,0.12592865449065963,0,0.12592853267366685,0
5130,0.13109059895699224,0,0.13109048347299299,0,0.13109048828482628,0,0.1310906185147663,0,0.13109057784701386,0,0.13109055341531833,0
5131,0.16317920146199563,0,0.14331765465127924,0,0.14331765263341367,0,0.15536629757843912,0,0.11992313592539479,0,0.1450207884501045,0
5132,0.13110257141912976,0,0.13110016689946255,0,0.13110020197927952,0,0.13110243637735644,0,0.13110231080402932,0,0.13110153749585152,0
5133,0.6599357694697877,1,0.1387097166540722,0,0.1387097705155611,0,0.6245711523418626,1,0.104808686960799,0,0.3333470191884165,1
5134,0.11123684754905601,0,0.11123680036204557,0,0.11123679958594342,0,0.11123685934580863,0,0.11123684925648074,0,0.11123683121986687,0
5135,0.12593823159113526,0,0.1259366829569141,0,0.1259367223829031,0,0.1259385646941761,0,0.12593804377441606,0,0.12593764907990893,0
5136,0.11123685531007747,0,0.11123679880984128,0,0.11123679803373913,0,0.11123686074279249,0,0.1112368581040452,0,0.11123683420009911,0
5137,0.1259283128504952,0,0.12592794699594378,0,0.12592794947947064,0,0.12592838471755385,0,0.1259282810303072,0,0.12592817501475412,0
5138,0.13870999294643602,0,0.13870682489747801,0,0.1387068641682466,0,0.13870981397728124,0,0.1387096564285457,0,0.13870863048359752,0
5139,0.1637614251424869,0,0.13109192671254277,0,0.13109193975105882,0,0.15443945256993175,0,0.11729866988025606,0,0.13953668281125525,0
5140,0.1259272100093464,0,0.12592697019378343,0,0.1259269779548049,0,0.12592725828289986,0,0.125927174774309,0,0.1259271182430287,0
5141,0.12592772115021944,0,0.12592741396899024,0,0.1259274398908019,0,0.12592778323839107,0,0.12592769476274648,0,0.12592761060222982,0
5142,0.1310999357762436,0,0.13109883402163783,0,0.13109885326897106,0,0.13110020197927952,0,0.13109980445976058,0,0.13109952590117852,0
5143,0.12592890579253435,0,0.12592838952938715,0,0.12592839744562903,0,0.12592895654961467,0,0.12592885053406158,0,0.12592869997024533,0
5144,0.2409599806802968,0,0.13871424769361815,0,0.13871430683260164,0,0.2389818630181253,0,0.12399507888282339,0,0.17627309542149305,0
5145,0.1310897363970677,0,0.13108973546574512,0,0.13108973515530428,0,0.1310897363970677,0,0.131089735776186,0,0.13108973583827416,0
5146,0.13121105544269085,0,0.13118686014786363,0,0.13118712215994796,0,0.13120900327339768,0,0.13120838052903613,0,0.13120048431058726,0
5147,0.11123646493069828,0,0.11123646493069828,0,0.11123646493069828,0,0.11123646493069828,0,0.11123646493069828,0,0.11123646493069828,0
5148,0.1637622001580894,0,0.13108966359868646,0,0.13108966359868646,0,0.15443902291978398,0,0.11729599457855026,0,0.1395353089707593,0
5149,0.12592813946927586,0,0.12592779270683727,0,0.125927807452778,0,0.12592822701359788,0,0.12592810454467931,0,0.12592801423743366,0
5150,0.1637619148629407,0,0.13109054788947105,0,0.13109054928645492,0,0.15443918341770768,0,0.11729700576203565,0,0.13953584024372198,0
5151,0.12592740341400108,0,0.12592714854205647,0,0.12592715645829836,0,0.12592745060101151,0,0.12592736507455507,0,0.12592730481798448,0
5152,0.11123732733540237,0,0.11123714914234976,0,0.11123715333330135,0,0.11123732392055292,0,0.11123731724607448,0,0.11123725419553618,0
5153,0.1311013187902669,0,0.1311000594869256,0,0.13110009363542,0,0.13110162472973266,0,0.13110116372505823,0,0.13110085207348066,0
5154,0.12592742964625359,0,0.12592717461908856,0,0.1259271826905509,0,0.12592748055855432,0,0.12592739596342048,0,0.12592733269557357,0
5155,0.12592759045461813,0,0.12592730562513074,0,0.12592730903998017,0,0.12592765285323063,0,0.1259275603418549,0,0.1259274836629629,0
5156,0.13869483737895885,0,0.13869467051699758,0,0.1386946759497126,0,0.1386948723035554,0,0.13869482077037296,0,0.13869477538391947,0
5157,0.2409676844254136,0,0.13869476706410447,0,0.13869476628800234,0,0.23897779500111938,0,0.12397092099611957,0,0.1762611867549519,0
5158,0.13109690773611268,0,0.13109565355504552,0,0.13109567373370132,0,0.13109685759991407,0,0.1310967653989792,0,0.13109637160475057,0
5159,0.1386948375341793,0,0.13869467424228787,0,0.13869467719147602,0,0.13869487323487797,0,0.1386948241852224,0,0.1386947772776087,0
5160,0.12592804214606682,0,0.12592771044000983,0,0.12592771649360657,0,0.1259281081147492,0,0.12592799433817467,0,0.12592791430652142,0
5161,0.1310915082382659,0,0.1310912372233967,0,0.1310912425008913,0,0.13109152438119054,0,0.1310914751763145,0,0.13109139750401178,0
5162,0.1388210617005825,0,0.1387947554079195,0,0.13879504225527248,0,0.1388187768558661,0,0.1388181997463107,0,0.13880956719319026,0
5163,0.16317579111394784,0,0.1433334598162522,0,0.14333348185755312,0,0.15536801400594413,0,0.11994296442329262,0,0.14503074224339801,0
5164,0.9451205509249121,1,0.14331739915845296,0,0.14331739915845296,0,0.8726253968197852,1,0.039215197786688805,0,0.42871918876965837,1
5165,0.15411292334708074,0,0.11123647284694016,0,0.11123647284694016,0,0.14505336487976214,0,0.1025885227912416,0,0.12484555134239297,0
5166,0.23900466156192124,0,0.14331739419139922,0,0.14331739419139922,0,0.23069388939378163,0,0.12600708120347312,0,0.1764680841083949,0
5167,0.11123646710378428,0,0.11123647176039715,0,0.11123647176039715,0,0.11123646710378428,0,0.11123646710378428,0,0.11123646896642943,0
5168,0.4504391069834431,1,0.13869345374405384,0,0.13869345374405384,0,0.4150648005306721,1,0.1084148734031866,0,0.2502611376810819,1
5169,0.372650209426259,1,0.14331739915845296,0,0.14331739915845296,0,0.33145353593863547,1,0.08131773684484263,0,0.21441125610532857,1
5170,0.13108969278012714,0,0.13108969060704112,0,0.13108969060704112,0,0.13108969309056798,0,0.13108969278012714,0,0.1310896919729809,0
5171,1.7541743556503206,1,0.14331739915845296,0,0.14331739915845296,0,1.6477977334676932,1,0.09204985635975997,0,0.7561313487589358,1
5172,0.5532271237267802,1,0.14331739915845296,0,0.14331739915845296,0,0.5115326670153687,1,0.09103089718458553,0,0.28848509724872806,1
5173,0.23900465690530837,0,0.14331739915845296,0,0.14331739915845296,0,0.2306938881520182,0,0.12600708139749864,0,0.17646808495434624,0
5174,0.11123646679334342,0,0.11123646167106926,0,0.11123646167106926,0,0.11123646710378428,0,0.11123646679334342,0,0.11123646480652191,0
5175,1.1952573094361771,1,0.1433173994688938,0,0.1433173994688938,0,1.1556480591340612,1,0.06924533917723845,0,0.5413571013370528,1
5176,1.6140647838668276,1,0.11123646679334342,0,0.11123646679334342,0,1.5245689764463652,1,0.07751095520022015,0,0.6877235298200199,1
5177,1.997997561081623,1,0.14331739915845296,0,0.14331739915845296,0,1.9083127776005615,1,0.04443604592233896,0,0.8474762365842858,1
5178,1.1836515311151743,1,0.1386934189746777,0,0.1386934189746777,0,1.0982016790658236,1,0.0799602613163491,0,0.5278400618893405,1
5179,1.7024642023413132,1,0.11123646493069828,0,0.11123646493069828,0,1.5533228036171447,1,1.858727377296115,1,1.067397462623194,1
5180,0.3764587910845876,1,0.13869341928511858,0,0.13869341928511858,0,0.3366618271296223,1,0.11473855876829475,0,0.22104920311054835,1
5181,0.12501798445979753,0,0.12396942498162389,0,0.23897753888741136,0,0.12501798733137548,0,0.12501798445979753,0,0.14760018402400116,0
5182,0.1112364639993757,0,0.11123646493069828,0,0.11123646493069828,0,0.1112364639993757,0,0.1112364639993757,0,0.11123646437190474,0
5183,0.44849165179766715,1,0.14331739915845296,0,0.14331739915845296,0,0.4234890399966389,1,0.11107406564648652,0,0.25393791115153974,1
5184,0.13869359266633788,0,0.1386935841292143,0,0.138693583663553,0,0.13869359577074647,0,0.13869358816494545,0,0.1386935888789594,0
5185,0.974132529925555,1,0.1386934503292044,0,0.1386934503292044,0,0.8719908553175628,1,0.061145286386211715,0,0.4369311144575477,1
5186,0.13869341928511858,0,0.13869341928511858,0,0.13869341928511858,0,0.13869341928511858,0,0.13869341928511858,0,0.13869341928511858,0
5187,0.32702117630590993,1,0.1386934189746777,0,0.1386934189746777,0,0.3108111560965578,1,0.34570365243901807,1,0.25218456455816823,1
5188,0.23069388419389725,0,0.14331741041193405,0,0.14331741041193405,0,0.2386820837855339,0,0.23900465636203685,0,0.1990030890330672,0
5189,0.15536700010610124,0,0.14332742391464612,0,0.14332735740269223,0,0.1596744750471165,0,0.16317729939085743,0,0.15297471117228273,0
5190,0.15536626925071081,0,0.14331755779373148,0,0.14331755546542504,0,0.1596699507596592,0,0.1631792257539928,0,0.15297011180470385,0
5191,0.23897759228323898,0,0.1386937292603155,0,0.1386937255350252,0,0.2394595155492425,0,0.2409680656467875,0,0.19935852565492193,0
5192,0.13869345917676887,0,0.13869345048442483,0,0.13869345048442483,0,0.13869346010809144,0,0.1386934540544947,0,0.13869345486164095,0
5193,0.1544390182631711,0,0.13108969060704112,0,0.13108969060704112,0,0.15342521465693912,0,0.16376219022398195,0,0.14676116087163488,0
5194,0.591152069469293,1,0.1386934540544947,0,0.1386934540544947,0,0.5248665404506028,1,0.6599100610862175,1,0.4106631158230205,1
5195,0.6861079588222007,1,0.13108968377734223,0,0.13108968377734223,0,0.6703670675245424,1,0.7127157389186323,1,0.4662740265640119,1
5196,0.14505336658718684,0,0.11123646555158,0,0.11123646555158,0,0.14328325889073312,0,0.1541129273828119,0,0.13298449679277838,0
5197,0.5119956686006238,1,0.11123646167106926,0,0.11123646167106926,0,0.5114845025818795,1,0.5208524745733788,1,0.35336111381960417,1
5198,0.6162841545883566,1,0.14331739915845296,0,0.14331739915845296,0,0.5908886538042376,1,0.6579786112997681,1,0.4303572436018537,1
5199,0.6889181056370338,1,0.1386934540544947,0,0.1386934540544947,0,0.6760559418859581,1,0.7082294002175331,1,0.47011807116990295,1
5200,1.8261708246233563,1,0.1310896632882456,0,0.1310896632882456,0,1.693587026403596,1,1.9696215116418898,1,1.1503117378490666,1
5201,1.2909967868278425,1,0.1386934189746777,0,0.1386934189746777,0,1.1913275520006816,1,1.3931384775787592,1,0.8305699308713278,1
5202,1.2872175115626305,1,0.14331739279441535,0,0.14331739279441535,0,1.0949035840264212,1,1.4958303993723046,1,0.8329172561100375,1
5203,1.001874396034206,1,0.14331739279441535,0,0.14331739279441535,0,0.9430952103963742,1,1.0769525419455022,1,0.6617113867929827,1
5204,5.029146967222914,1,0.14331739279441535,0,0.14331739279441535,0,4.655803677548344,1,5.419284926805024,1,3.078174071433023,1
5205,0.1605746359564364,0,0.1386937483524283,0,0.1386937447823584,0,0.16022659155229727,0,0.16698779305443168,0,0.1530353027395904,0
5206,1.0578005127608776,1,0.1386934189746777,0,0.1386934189746777,0,0.9948628010849158,1,1.127187356352806,1,0.691447501629591,1
5207,0.8641702064778656,1,0.11123646493069828,0,0.11123646493069828,0,0.7968916682681689,1,0.9397943892981857,1,0.5646658387811233,1
5208,1.1556480568057548,1,0.14331739279441535,0,0.14331739279441535,0,1.132833476100738,1,1.1952573074183117,1,0.754074725182727,1
5209,1.14078666913944,1,0.11123650140749912,0,0.11123650140749912,0,1.0584126547134172,1,1.230282452966397,1,0.7303909559268504,1
5210,0.5075408048772564,1,0.14331739915845296,0,0.14331739915845296,0,0.4450770463639249,1,0.5821211650812378,1,0.36427476292786504,1
5211,0.4096751467635234,1,0.13108972428987423,0,0.13108972770472369,0,0.37631807134797174,1,0.4522664009903868,1,0.300087814219296,1
5212,0.6733151851998022,1,0.11123647827965517,0,0.11123647827965517,0,0.5713940151811888,1,0.7825258142159631,1,0.4499415942312529,1
5213,0.15536625830767056,0,0.14331739294963577,0,0.14331739294963577,0,0.15966987695234516,0,0.16317925252951682,0,0.1529700347377608,0
5214,0.8674495669547468,1,0.14331739791668952,0,0.14331739791668952,0,0.7923714235269775,1,0.06180501325676838,0,0.40165215991437436,1
5215,0.1553662515555819,0,0.14331742996970812,0,0.14331742996970812,0,0.1596698851014177,0,0.16317924205213785,0,0.15297004772971073,0
5216,0.145053366276746,0,0.11123646493069828,0,0.11123646493069828,0,0.14328325826985142,0,0.15411292707237104,0,0.132984496296073,0
5217,0.13869361517330012,0,0.13869360523919264,0,0.13869360275566578,0,0.13869361517330012,0,0.13869361548374096,0,0.13869361076503992,0
5218,0.4234890282774965,1,0.1433174118089179,0,0.14331741103281578,0,0.4147853873049219,1,0.44849164814998704,1,0.31468017731482784,1
5219,0.7072217723665138,1,0.13108971264834204,0,0.13108971264834204,0,0.6571728635268906,1,0.7665048755394915,1,0.47861578734591603,1
5220,0.776961732810984,1,0.13869346010809144,0,0.13869346010809144,0,0.7474077277195951,1,0.8129648712153236,1,0.5229442503924171,1
5221,0.9669467376855513,1,0.13108969060704112,0,0.13108969060704112,0,0.9178221568775674,1,1.0269381958059967,1,0.6347772943166395,1
5222,0.22231564344838262,0,0.12592532159760594,0,0.12592532159760594,0,0.12592532687510052,0,0.2365202709722022,0,0.16732237689817944,0
5223,0.33666182759528357,1,0.1386934503292044,0,0.1386934503292044,0,0.3029300086200237,1,0.3764587778908511,1,0.25868750295291343,1
5224,0.42348903813399374,1,0.14331739915845296,0,0.14331739915845296,0,0.41478538039761287,1,0.44849165179766715,1,0.31468017372923596,1
5225,0.33145353593863547,1,0.14331739915845296,0,0.14331739915845296,0,0.30237346414166194,1,0.372650209426259,1,0.25862240156469246,1
5226,0.15536626451648772,0,0.14331739915845296,0,0.14331739915845296,0,0.1596698819193989,0,0.16317925004598996,0,0.15297003895975653,0
5227,0.15302499756217003,0,0.12429143472885092,0,0.1242078576857845,0,0.15352347555259863,0,0.15779499135290584,0,0.142568551376462,0
5228,0.15598367744435868,0,0.1510907708046337,0,0.1510433783599486,0,0.16334631371622285,0,0.161622134813418,0,0.15661725502771637,0
5229,0.11123646679334342,0,0.11123646167106926,0,0.11123646167106926,0,0.11123646710378428,0,0.11123646679334342,0,0.11123646480652191,0
5230,0.23069387891640267,0,0.14331740979105234,0,0.14331740979105234,0,0.23868208037068447,0,0.23900465139498314,0,0.199003086052835,0
5231,0.7126114416557053,1,0.13869341757769385,0,0.13869341757769385,0,0.6630177297629416,1,0.7646776045051714,1,0.48353872221584127,1
5232,0.13109064800664783,0,0.13109053873146573,0,0.1310905401284496,0,0.13109066554655632,0,0.1310906296906372,0,0.13109060442075132,0
5233,0.40918427930834395,1,0.11123646679334342,0,0.11123646679334342,0,0.35733863843294483,1,0.4683193704889466,1,0.29146304436338444,1
5234,1.1458441498689353,1,0.13869345281273127,0,0.13869345281273127,0,1.0662146018197138,1,1.2319228178821504,1,0.7442736950392523,1
5235,0.23897755720342198,0,0.1386935516881446,0,0.13869355246424675,0,0.23945942784970006,0,0.24096812245746455,0,0.1993584423325956,0
5236,0.13108969278012714,0,0.13108969060704112,0,0.13108969060704112,0,0.13108969309056798,0,0.13108969340100884,0,0.13108969209715723,0
5237,0.3216315065510571,1,0.13108969060704112,0,0.13108969060704112,0,0.3049662853591144,1,0.34753094722206396,1,0.24726162406926355,1
5238,0.5995763067621738,1,0.1433173988480121,0,0.1433173988480121,0,0.5574889641720802,1,0.6579626077630868,1,0.420332535278673,1
5239,0.2306938903251042,0,0.1433174016419798,0,0.14331740008977553,0,0.23868207874086997,0,0.23900465907839438,0,0.1990030859752248,0
5240,0.24248266158004603,0,0.13108969355622926,0,0.13108969355622926,0,0.2247770130634308,0,0.26849767565727234,1,0.19958734748264154,1
5241,0.13108980857456723,0,0.13108980360751352,0,0.13108980050310493,0,0.13108980857456723,0,0.13108980764324465,0,0.1310898057805995,0
5242,0.13869474735110998,0,0.13869469535226622,0,0.13869467998544374,0,0.1386947479719917,0,0.1386947287246585,0,0.138694719877094,0
5243,0.3187375102036943,1,0.14331743633374572,0,0.14331743633374572,0,0.31003387792346376,1,0.34374013799242675,1,0.2518292797574152,1
5244,0.8766557604540139,1,0.11123646167106926,0,0.11123646167106926,0,0.8443572677206248,1,0.9160760337642083,1,0.5719123970561971,1
5245,0.13869346538558602,0,0.13869346010809144,0,0.13869346010809144,0,0.13869346243639788,0,0.13869346600646773,0,0.13869346280892692,0
5246,0.11123646493069828,0,0.11123646493069828,0,0.11123646493069828,0,0.11123646493069828,0,0.11123646493069828,0,0.11123646493069828,0
5247,0.13108969340100884,0,0.13108969060704112,0,0.13108969060704112,0,0.13108969278012714,0,0.13108969060704112,0,0.13108969160045186,0
5248,0.11123646493069828,0,0.11123646430981655,0,0.11123646430981655,0,0.11123646493069828,0,0.11123646493069828,0,0.11123646468234558,0
5249,0.14847663588201007,0,0.1259253166305522,0,0.1259253166305522,0,0.15096384147182107,0,0.16363770964865884,0,0.14298576405271887,0
5250,0.1259253234602511,0,0.12592532159760594,0,0.12592532159760594,0,0.12592532687510052,0,0.1259253234602511,0,0.12592532339816292,0
5251,0.13869344598303238,0,0.13869344101597866,0,0.13869344101597866,0,0.13869344800089797,0,0.13869344598303238,0,0.138693444399784,0
5252,0.11123646679334342,0,0.11123646167106926,0,0.11123646167106926,0,0.11123646710378428,0,0.11123646679334342,0,0.11123646480652191,0
5253,0.16057455462093154,0,0.13869346771389246,0,0.13869346771389246,0,0.1602264316752553,0,0.16698781757925948,0,0.15303514786064626,0
5254,0.3150659794919193,1,0.1259253191140791,0,0.1259253191140791,0,0.30585813041155535,1,0.34828143768633407,1,0.2442112371635934,1
5255,0.11123646648290257,0,0.11123646524113913,0,0.11123646524113913,0,0.11123646648290257,0,0.11123646648290257,0,0.11123646598619719,0
5256,0.31873752696750063,1,0.14331739388095835,0,0.14331739388095835,0,0.31003387078332406,1,0.3437401480817546,1,0.25182926671889916,1
5257,0.11460469740753372,0,0.14331739279441535,0,0.14331739279441535,0,0.11833769688382745,0,0.12881476128435074,0,0.1296783882329085,0
5258,0.145053366276746,0,0.11123646493069828,0,0.11123646493069828,0,0.14328325764896968,0,0.15411292583060762,0,0.13298449592354397,0
5259,0.3270211727358401,1,0.13869346771389246,0,0.13869346833477417,0,0.3108111748782297,1,0.3457036327260236,1,0.252184583277752,1
5260,0.23309700742053488,0,0.11123647238127887,0,0.11123647284694016,0,0.21463506133295596,1,0.25884841188477975,1,0.1858106851732979,1
5261,0.24340990527222553,0,0.143317397373418,0,0.1433174025733024,0,0.2310216762125492,0,0.2679147456462185,1,0.2057962254155427,1
5262,0.7126115088661512,1,0.13869378001739582,0,0.13869378886496028,0,0.6630179265824457,1,0.7646774730334679,1,0.4835388954728842,1
5263,0.23897757148370147,0,0.13869364466518164,0,0.1386936466830472,0,0.2394594644817213,0,0.24096809575955072,0,0.19935848461464045,0
5264,0.12592531694099307,0,0.12592531632011136,0,0.12592531632011136,0,0.12592531787231565,0,0.12592531694099307,0,0.1259253168789049,0
5265,0.6084944935670743,1,0.14331739310485622,0,0.14331739310485622,0,0.598687184896941,1,0.6309141241169224,1,0.42494611775813,1
5266,0.11123647284694016,0,0.111236467724666,0,0.11123646834554772,0,0.11123647284694016,0,0.11123647284694016,0,0.11123647092220686,0
5267,0.11123868054710329,0,0.11123821705890198,0,0.11123821799022456,0,0.11123864608816803,0,0.11123862839303911,0,0.11123847801548739,0
5268,0.23897753236815333,0,0.1386934503292044,0,0.1386934503292044,0,0.23945937026292086,0,0.24096814651663104,0,0.19935838996122282,0
5269,0.22887468237119415,0,0.11123646834554772,0,0.11123646710378428,0,0.22870093343469003,0,0.23511402037305137,0,0.1830325143256535,0
5270,0.14328325951161483,0,0.11123647191561759,0,0.11123647191561759,0,0.11123646710378428,0,0.14505336876027286,0,0.12440920784138143,0
5271,0.24340990705726048,0,0.14331739915845296,0,0.14331739915845296,0,0.231021678308025,0,0.26791473749714595,1,0.20579622423586746,1
5272,0.1386935024832686,0,0.13869349720577398,0,0.13869349611923099,0,0.1386935094681879,0,0.1386935031041503,0,0.13869350167612235,0
5273,0.24861820507794619,1,0.13869345017398396,0,0.13869345063964525,0,0.23157822278638682,0,0.2717233123257756,1,0.20586132820074754,1
5274,0.1605745522926251,0,0.1386934189746777,0,0.1386934189746777,0,0.16022640963395438,0,0.1669878282894691,0,0.1530351256330808,0
5275,0.1386934189746777,0,0.1386934189746777,0,0.1386934189746777,0,0.1386934189746777,0,0.1386934189746777,0,0.1386934189746777,0
5276,0.40678115693541866,1,0.14331739279441535,0,0.14331739279441535,0,0.3813856580139448,1,0.44847561613035697,1,0.3046554433337102,1
5277,0.1386934189746777,0,0.1386934189746777,0,0.1386934189746777,0,0.1386934189746777,0,0.1386934189746777,0,0.1386934189746777,0
5278,0.40678115693541866,1,0.14331739279441535,0,0.14331739279441535,0,0.3813856580139448,1,0.44847561613035697,1,0.3046554433337102,1
5279,0.15443902043625712,0,0.13108968905483684,0,0.13108968905483684,0,0.15342521372561654,0,0.16376219022398195,0,0.14676116049910587,0
5280,0.22702233167365193,0,0.12592532159760594,0,0.12592532159760594,0,0.23450633340204755,0,0.2435459440263609,0,0.19138505045945445,0
5281,0.15536682563833892,0,0.14332236155557135,0,0.1433223730418831,0,0.1596726382461687,0,0.1631782199256122,0,0.15297248368151486,0
5282,0.23358786711469293,0,0.1310896722910305,0,0.1310896722910305,0,0.23361448369299373,0,0.24279547094677886,0,0.19443543326730534,0
5283,0.1553662656030307,0,0.14331745736611387,0,0.14331746605845788,0,0.15966990287415683,0,0.1631792455445975,0,0.15297006748927136,0
5284,0.3270247420296073,1,0.13871265032018223,0,0.1387127290169398,0,0.3108215030903618,1,0.34569701831787825,1,0.2521937285549939,1
5285,0.11123649255993466,0,0.11123648759288092,0,0.11123648759288092,0,0.11123649442257981,0,0.11123649799264967,0,0.11123649203218519,0
5286,0.4317726790904999,1,0.1386934540544947,0,0.13869345374405384,0,0.41556267626583576,1,0.4504551424955328,1,0.3150354811300834,1
5287,0.3187375306927909,1,0.14331739791668952,0,0.14331739791668952,0,0.31003387295641005,1,0.3437401443564643,1,0.25182926876780887,1
5288,0.1544390176422894,0,0.13108969060704112,0,0.13108969060704112,0,0.15342521496737996,0,0.16376218743001422,0,0.14676116025075317,0
5289,0.16057455617313585,0,0.1386934503292044,0,0.1386934503292044,0,0.1602264242246747,0,0.16698781851058206,0,0.1530351399133603,0
5290,0.32163150593017537,1,0.13108969060704112,0,0.13108969060704112,0,0.30496628504867357,1,0.34753094784294564,1,0.24726162400717536,1
5291,0.13108968377734223,0,0.13108968563998738,0,0.13108968563998738,0,0.13108968377734223,0,0.13108968377734223,0,0.13108968452240027,0
5292,1.6333757063063483,1,0.13108968905483684,0,0.13108968905483684,0,1.5174837567222614,1,1.7601345341342192,1,1.0346346750545004,1
5293,1.0426884388240676,1,0.13108968905483684,0,0.13108968905483684,0,0.9091803184710443,1,1.1854307777248323,1,0.6798957826259235,1
5294,0.6000393053982407,1,0.11123646089496712,0,0.11123646089496712,0,0.5828362954004357,1,0.6255879683885723,1,0.4061872981954366,1
5295,0.5031084433818857,1,0.13869345374405384,0,0.13869345374405384,0,0.45351475042601425,1,0.5551745886914432,1,0.35783693799749017,1
5296,0.23069388551327089,0,0.14331739279441535,0,0.14331739279441535,0,0.23868207454991838,0,0.23900465675008795,0,0.1990030804804216,0
5297,0.12592532687510052,0,0.12592532625421882,0,0.12592532625421882,0,0.12592532966906825,0,0.12592532687510052,0,0.12592532718554136,0
5298,0.2270223225156466,0,0.12592529132962227,0,0.12592529132962227,0,0.23450631524125734,0,0.24354594138761362,0,0.1913850323607524,0
5299,0.23358786680425206,0,0.1310896632882456,0,0.1310896632882456,0,0.23361447965726256,0,0.24279547746603689,0,0.19443543010080855,0
5300,1.245499648541833,1,0.14331739279441535,0,0.14331739279441535,0,1.1726095349683117,1,1.3351844320228945,1,0.8079856802243739,1
5301,0.4150648048768441,1,0.1386934189746777,0,0.1386934189746777,0,0.38216294161975384,1,0.4504391240576903,1,0.3050107417007287,1
5302,0.6245677998910347,1,0.1386934189746777,0,0.1386934189746777,0,0.5916659366339445,1,0.6599421190718809,1,0.4307125387092431,1
5303,1.0814938514182966,1,0.1386934189746777,0,0.1386934189746777,0,0.9818246165911356,1,1.1836355421692133,1,0.7048681696256003,1
5304,0.33052629372105,1,0.1310896632882456,0,0.1310896632882456,0,0.29612878601377207,1,0.37323315829659504,1,0.25241351292158165,1
5305,0.5121452243377765,1,0.12592529132962227,0,0.12592529132962227,0,0.5162113060553869,1,0.5285436548292637,1,0.36175015357633433,1
5306,5.472653395185868,1,0.1386934189746777,0,0.1386934189746777,0,5.042495130250852,1,5.909260792036851,1,3.340359231084585,1
5307,0.4198174724976222,1,0.12592529132962227,0,0.12592529132962227,0,0.4106096203128497,1,0.4530329362799724,1,0.3070621223499378,1
5308,0.8715297101686398,1,0.12592529132962227,0,0.12592529132962227,0,0.8472088923056921,1,0.9226743640998999,1,0.5786527098466953,1
5309,0.1386934189746777,0,0.1386934189746777,0,0.1386934189746777,0,0.1386934189746777,0,0.1386934189746777,0,0.1386934189746777,0
5310,0.15536625815245012,0,0.14331739279441535,0,0.14331739279441535,0,0.15966987679712474,0,0.1631792523742964,0,0.15297003458254038,0
5311,0.11123646493069828,0,0.11123646493069828,0,0.11123646493069828,0,0.11123646493069828,0,0.11123646493069828,0,0.11123646493069828,0
5312,0.3187375266570598,1,0.1433173957436035,0,0.1433173957436035,0,0.3100338698520015,1,0.3437401477713138,1,0.2518292671535164,1
5313,0.5144266444258392,1,0.13108968905483684,0,0.13108968905483684,0,0.48106957801307243,1,0.5570179293863475,1,0.3629387059869866,1
5314,0.2270229112667342,0,0.1259271406258146,0,0.1259271459033092,0,0.23450745440398654,0,0.24354597072427472,0,0.19138612458482387,0
5315,0.15443902493764958,0,0.1310896926249067,0,0.13108969355622926,0,0.1534252188478907,0,0.16376218820611635,0,0.14676116363455852,0
5316,1.8883253082943459,1,0.1259253191140791,0,0.1259253191140791,0,1.7638534417686362,1,2.0396210093361637,1,1.1887300795254607,1
5317,0.6126126033874849,1,0.1259253191140791,0,0.1259253191140791,0,0.586712911259383,1,0.6625199046296378,1,0.42273921150093285,1
5318,0.12592532066628337,0,0.1259253191140791,0,0.1259253191140791,0,0.12592532066628337,0,0.12592532066628337,0,0.12592532004540166,0
5319,0.2335878531448543,0,0.13108968595042825,0,0.13108968595042825,0,0.23361448183034858,0,0.24279546722148856,0,0.1944354348195096,0
5320,0.3305262918584049,1,0.13108969029660025,0,0.13108969029660025,0,0.29612879718964297,1,0.37323314960425097,1,0.2524135238490998,1
5321,0.3821629611775279,1,0.13869348152851066,0,0.13869348152851066,0,0.1386934844776988,0,0.4150647968053818,1,0.24266164110352598,1
5322,0.22887468563082317,0,0.11123648293626805,0,0.11123648293626805,0,0.22870092350058258,0,0.23511402177003524,0,0.18303251935479542,0
5323,0.23069388217603168,0,0.14331741568942866,0,0.14331741475810608,0,0.2386820816124479,0,0.23900465946644545,0,0.19900309074049194,0
5324,0.1386934189746777,0,0.1386934189746777,0,0.1386934189746777,0,0.13869341928511858,0,0.1386934189746777,0,0.13869341903676588,0
5325,0.6876199333152423,1,0.14331739279441535,0,0.14331739279441535,0,0.6288407476774106,1,0.7626980792265385,1,0.4731587091616044,1
5326,0.15443900988126794,0,0.13108968563998738,0,0.13108968563998738,0,0.15342520689591765,0,0.16376219146574536,0,0.14676115590458114,0
5327,0.8090793020868053,1,0.1433173994688938,0,0.1433173994688938,0,0.7669919594967117,1,0.8674656006041914,1,0.5460343322250992,1
5328,0.23897753081594905,0,0.13869346336772045,0,0.13869346336772045,0,0.23945937709261975,0,0.24096814900015792,0,0.19935839672883354,0
5329,0.13869346243639788,0,0.13869345374405384,0,0.13869345374405384,0,0.13869346538558602,0,0.1386934615050753,0,0.1386934593630334,0
5330,0.40967513698463637,1,0.13108969060704112,0,0.13108969060704112,0,0.37631807088231045,1,0.4522664219451447,1,0.30008780220523473,1
5331,0.11123656271956861,0,0.1112365504571547,0,0.11123655138847728,0,0.11123656225390732,0,0.11123656209868689,0,0.11123655778355897,0
5332,0.49300559726543725,1,0.11123647176039715,0,0.11123647176039715,0,0.44275630738896626,1,0.5493204656522721,1,0.341511062765494,1
5333,0.07872438927491505,0,0.5570019187095264,1,0.4476698588890334,1,0.07872438927491505,0,0.07872438927491505,0,0.24816898908466095,1
5334,0.9697568826377392,1,0.1386934189746777,0,0.1386934189746777,0,0.9235110146303972,1,1.0224518825610478,1,0.6386213235557079,1
5335,0.3216315093450248,1,0.1310896632882456,0,0.1310896632882456,0,0.3049662772876521,1,0.3475309649171929,1,0.24726161562527219,1
5336,0.31873752805404365,1,0.14331739279441535,0,0.14331739279441535,0,0.3100338721803079,1,0.34374014420124394,1,0.25182926600488525,1
5337,0.12592529505491257,0,0.12592529132962227,0,0.12592529132962227,0,0.12592529505491257,0,0.15096381803353628,0,0.1309329981605212,0
5338,0.11123646710378428,0,0.11123647176039715,0,0.11123647176039715,0,0.11123646710378428,0,0.11123646710378428,0,0.11123646896642943,0
5339,0.5224714858147005,1,0.13869346010809144,0,0.13869346010809144,0,0.525471196975559,1,0.5295135838290056,1,0.3709686373670896,1
5340,0.11123646710378428,0,0.11123647176039715,0,0.11123647176039715,0,0.11123646710378428,0,0.11123646710378428,0,0.11123646896642943,0
5341,0.4317726814188063,1,0.13869345048442483,0,0.1386934503292044,0,0.41556267517929274,1,0.45045514140898985,1,0.31503547976414364,1
5342,0.23358786633859077,0,0.13108969355622926,0,0.13108969324578842,0,0.23361448819438616,0,0.2427954546486338,0,0.19443543919672568,0
5343,0.8621952322622141,1,0.13108971637363234,0,0.13108971637363234,0,0.8130706505229076,1,0.9221866647712886,1,0.571926396060735,1
5344,0.31506597545618814,1,0.12592532159760594,0,0.12592532159760594,0,0.3058581310324371,1,0.3482814336506029,1,0.244211236666888,1
5345,0.5144266428736349,1,0.13108969060704112,0,0.13108969060704112,0,0.4810695786339541,1,0.5570179265923798,1,0.36293870586281024,1
5346,0.13108969355622926,0,0.13108969278012714,0,0.13108969278012714,0,0.13108969355622926,0,0.13108969355622926,0,0.1310896932457884,0
5347,0.31691832599850994,1,0.11123646834554772,0,0.11123646834554772,0,0.3000527312203,1,0.3398495073585461,1,0.23585870025369032,1
5348,0.11123647812443475,0,0.11123647874531646,0,0.11123647874531646,0,0.11123647905575733,0,0.11123647781399389,0,0.11123647849696379,0
5349,0.11123646493069828,0,0.11123646493069828,0,0.11123646493069828,0,0.11123646493069828,0,0.11123646493069828,0,0.11123646493069828,0
5350,0.13109061432381472,0,0.13109050504863262,0,0.13109051063656807,0,0.13109063683077693,0,0.13109060609713197,0,0.13109057458738488,0
5351,0.13108968377734223,0,0.13108968563998738,0,0.13108968563998738,0,0.13108968377734223,0,0.13108968377734223,0,0.13108968452240027,0
5352,0.12592538027092814,0,0.12592537499343356,0,0.12592537499343356,0,0.12592538027092814,0,0.12592538027092814,0,0.12592537815993032,0
5353,0.4031096074419717,1,0.1259253191140791,0,0.1259253191140791,0,0.3772099162451923,1,0.4530169096154471,1,0.2970374143061539,1
5354,0.1553662654478103,0,0.14331739791668952,0,0.14331739791668952,0,0.15966988160895804,0,0.16317925097731253,0,0.15297003877349197,0
5355,0.3245639051310718,1,0.1259253191140791,0,0.1259253191140791,0,0.29366742648805183,1,0.3731086771003902,1,0.24863812938953442,1
5356,0.23069388784157732,0,0.14331739791668952,0,0.14331739791668952,0,0.23868207594690224,0,0.23900465783663094,0,0.1990030834916979,0
5357,0.1484766318462789,0,0.1259253191140791,0,0.1259253191140791,0,0.15096384550755224,0,0.163637715857476,0,0.14298576628789308,0
5358,0.7006562252839407,1,0.12592529505491257,0,0.12592529505491257,0,0.6580646876245737,1,0.7672553757826487,1,0.47556537576019764,1
5359,0.7072217723665138,1,0.1310896632882456,0,0.1310896632882456,0,0.6571728542136649,1,0.7665049137237171,1,0.4786157733760774,1
5360,0.6959035812566677,1,0.1386934189746777,0,0.1386934189746777,0,0.6296180312832197,1,0.7646615871538719,1,0.47351400752862294,1
5361,0.966946738306433,1,0.13108966359868646,0,0.13108966359868646,0,0.9178221522209545,1,1.0269382144324481,1,0.6347772864314417,1
5362,0.8054077327251434,1,0.12592529505491257,0,0.12592529505491257,0,0.7628161950657765,1,0.8720068832238516,1,0.5384162802249193,1
5363,0.6126125864684582,1,0.12592529505491257,0,0.12592529505491257,0,0.5867128918568293,1,0.6625198939194282,1,0.4227391924709082,1
5364,0.8712282309619089,1,0.1310896632882456,0,0.1310896632882456,0,0.13108966359868646,0,0.9713526776370903,1,0.44716997975483536,1
5365,0.0605771467089653,0,0.12592529132962227,0,0.12592529505491257,0,0.05035587198411425,0,0.08207922475412488,0,0.08897256596634785,0
5366,0.6681747628996769,1,0.1386934189746777,0,0.1386934189746777,0,0.1386934189746777,0,0.6985587552189827,1,0.3565627550085385,1
5367,0.5144266459780434,1,0.1310896632882456,0,0.1310896632882456,0,0.4810695708729327,1,0.5570179445979496,1,0.3629386976050834,1
5368,0.1386934849433601,0,0.13869348571946225,0,0.13869348571946225,0,0.13869348742688695,0,0.13869348649556437,0,0.13869348606094717,0
5369,0.5115326590991268,1,0.14331739768385887,0,0.14331739768385887,0,0.4861371688699971,1,0.5532271272968501,1,0.3675063501267383,1
5370,0.4263830170966685,1,0.13108966359868646,0,0.13108966359868646,0,0.40971778441841405,1,0.45228247266883653,1,0.3101125202762584,1
5371,0.5959047546299795,1,0.1259253191140791,0,0.1259253191140791,0,0.5533132194541395,1,0.6625038989198705,1,0.4127145022464296,1
5372,0.23450633433337012,0,0.12592532066628337,0,0.12592532066628337,0,0.12592532687510052,0,0.22702233167365193,0,0.16786092684293785,0
5373,0.3187375109021862,1,0.14331742779662213,0,0.14331742779662213,0,0.31003387582798797,1,0.34374013418952626,1,0.2518292753025889,1
5374,0.13108971264834204,0,0.1310897129587829,0,0.1310897129587829,0,0.13108971264834204,0,0.13108971202746034,0,0.13108971264834204,0
5375,0.15536625621219477,0,0.14331741956993937,0,0.14331741956993937,0,0.15966988106568655,0,0.16317924546698728,0,0.15297004437694947,0
5376,0.23897753143683076,0,0.13869345048442483,0,0.13869345048442483,0,0.239459368865937,0,0.24096815132846436,0,0.19935839052001636,0
5377,0.5144266444258392,1,0.13108968905483684,0,0.13108968905483684,0,0.48106957801307243,1,0.5570179293863475,1,0.3629387059869866,1
5378,0.13869344598303238,0,0.13869344101597866,0,0.1386934413264195,0,0.13869344598303238,0,0.13869344598303238,0,0.13869344405829903,0
5379,0.12592531694099307,0,0.12592531632011136,0,0.12592531632011136,0,0.12592531787231565,0,0.12592531694099307,0,0.1259253168789049,0
5380,0.4530169079080224,1,0.12592529971152544,0,0.12592529971152544,0,0.40310960294057924,1,0.07101206997564684,0,0.23579783604945986,1
5381,0.40967514210691053,1,0.1310896947979927,0,0.1310896947979927,0,0.37631807569414377,1,0.4522664227212469,1,0.3000878060236573,1
5382,0.12592532252892852,0,0.1259253191140791,0,0.1259253191140791,0,0.12592532066628337,0,0.12592532252892852,0,0.12592532079045973,0
5383,0.7741515920497477,1,0.13108966359868646,0,0.13108966359868646,0,0.7417188490120074,1,0.8174512251280248,1,0.5191001986774306,1
5384,0.6078599514439702,1,0.13869341928511858,0,0.13869341928511858,0,0.5582662451391419,1,0.6599261136725545,1,0.42068782976518077,1
5385,1.000055195375656,1,0.11123646430981655,0,0.11123646430981655,0,0.9331140612096837,1,1.0730619114668418,1,0.6457408193343628,1
5386,0.43177268374711275,1,0.13869341928511858,0,0.13869341928511858,0,0.41556266353776056,1,0.4504551598802209,1,0.31503546914706626,1
5387,0.4977187773523231,1,0.13108966235692301,0,0.13108966235692301,0,0.44766985857859254,1,0.5570019190199673,1,0.35291397593294577,1
5388,0.32702117894465726,1,0.13869341742247343,0,0.13869341742247343,0,0.3108111531473696,1,0.34570365538820624,1,0.252184564465036,1
5389,0.6791957118548453,1,0.13869341757769385,0,0.13869341757769385,0,0.5962183101413151,1,0.7646455645250777,1,0.4634892843353251,1
5390,0.13869341757769385,0,0.13869341757769385,0,0.13869341757769385,0,0.13869341757769385,0,0.7343695162174603,1,0.25782863730564715,1
5391,0.11123646632768214,0,0.11123646648290257,0,0.11123646648290257,0,0.11123646632768214,0,0.11123646632768214,0,0.11123646638977032,0
5392,0.12592824206997952,0,0.12592789235835275,0,0.12592789577320218,0,0.12592831471314034,0,0.12592820652450123,0,0.12592811028783518,0
5393,0.13869348571946225,0,0.13869348432247838,0,0.13869348463291922,0,0.13869348571946225,0,0.13869348571946225,0,0.13869348522275687,0
5394,0.1310897983300189,0,0.13108979413906732,0,0.13108979382862648,0,0.13108979926134148,0,0.1310897913450996,0,0.13108979538083074,0
5395,0.22702233508850136,0,0.1259253191140791,0,0.1259253191140791,0,0.23450633278116584,0,0.24354595023517808,0,0.19138505126660071,0
5396,0.12592532314981023,0,0.12592532159760594,0,0.12592532252892852,0,0.1259253234602511,0,0.12592532066628337,0,0.12592532228057582,0
5397,0.11123646430981655,0,0.11123646430981655,0,0.11123646430981655,0,0.11123646430981655,0,0.11123646430981655,0,0.11123646430981655,0
5398,0.22887468702780703,0,0.11123647176039715,0,0.11123647176039715,0,0.22870092815719545,0,0.23511402596098682,0,0.1830325169333567,0
5399,0.5144266422527531,1,0.13108969060704112,0,0.13108969060704112,0,0.48106957832351327,1,0.5570179293863475,1,0.3629387062353392,1
5400,0.12592532066628337,0,0.12592532159760594,0,0.12592532159760594,0,0.1259253234602511,0,0.12592532066628337,0,0.12592532159760594,0
5401,0.1386934615050753,0,0.13869345281273127,0,0.13869345281273127,0,0.13869346243639788,0,0.1386934615050753,0,0.1386934582144022,0
5402,0.23897752646977702,0,0.13869346026331186,0,0.13869346010809144,0,0.23945937243600687,0,0.24096814279134074,0,0.1993583924137056,0
5403,0.22702233508850136,0,0.1259253191140791,0,0.1259253191140791,0,0.23450633278116584,0,0.24354595023517808,0,0.19138505126660071,0
5404,0.11123645530703168,0,0.11123645530703168,0,0.11123645530703168,0,0.11123645468614995,0,0.11123645530703168,0,0.11123645518285533,0
5405,0.14331741956993937,0,0.14331741786251465,0,0.14331741786251465,0,0.14331741956993937,0,0.15966988603274027,0,0.14658791217952966,0
5406,0.11123646679334342,0,0.11123647176039715,0,0.11123647176039715,0,0.11123646710378428,0,0.11123646679334342,0,0.11123646884225309,0
5407,0.15443902229890227,0,0.1310896632882456,0,0.1310896632882456,0,0.15342520254974565,0,0.16376219891632596,0,0.146761150068293,0
5408,0.1386934413264195,0,0.13869344241296253,0,0.13869344241296253,0,0.13869344101597866,0,0.1386934413264195,0,0.13869344169894854,0
5409,0.13869347019741932,0,0.13869346771389246,0,0.13869346771389246,0,0.13869347019741932,0,0.13869346911087632,0,0.13869346898669996,0
5410,0.1151847329068308,0,0.3100338755951573,0,0.14331740303896368,0,0.11518473317846656,0,0.11518473240236442,0,0.15978109542435653,0
5411,0.5189374350011349,1,0.13118394992003837,0,0.13118428566182652,0,0.5188618103663126,1,0.5289103471053144,1,0.3658155656109254,1
5412,0.42348902750139433,1,0.14331745045880476,0,0.14331744921704134,0,0.4147854056209326,1,0.44849164023374516,1,0.31468019460638363,1
5413,0.11719750566408038,0,0.24269507406279445,0,0.23365668207406998,0,0.11720514615687232,0,0.11719538317993283,0,0.16558995822755,0
5414,0.23069388939378163,0,0.1433173994688938,0,0.14331739419139922,0,0.2386820778095474,0,0.23900465690530837,0,0.1990030835537861,0
5415,0.3150660068107148,1,0.12592541488508383,0,0.12592541488508383,0,0.3058581855148077,1,0.34828144203250605,1,0.24421129282563925,1
5416,0.2390046598544965,0,0.143317397373418,0,0.143317397373418,0,0.23069387899401286,0,0.12600709168085208,0,0.1764680850552395,0
5417,0.6820542827869455,1,0.15432716254144907,0,0.15437114549179873,0,0.6045608393227061,1,0.7592615581428012,1,0.4709149976571402,1
5418,0.23358786214763919,0,0.13108968579520783,0,0.13108968579520783,0,0.2336144889704883,0,0.24279546039178967,0,0.19443543662006657,0
5419,0.15443901298567653,0,0.13108968563998738,0,0.13108968563998738,0,0.15342520689591765,0,0.16376219457015395,0,0.14676115714634458,0
5420,0.13108968563998738,0,0.13108968595042825,0,0.13108968595042825,0,0.13108968563998738,0,0.13108968812351426,0,0.1310896862608691,0
5421,0.23652027438705167,0,0.1259253191140791,0,0.1259253191140791,0,0.2223156406544149,0,0.2683732051712771,1,0.19581195168818036,1
5422,0.13108969278012714,0,0.13108969060704112,0,0.13108969060704112,0,0.13108969309056798,0,0.13108969278012714,0,0.1310896919729809,0
5423,0.2278158781118691,0,0.12811285707478723,0,0.12811991417159638,0,0.2359696264999608,0,0.24360159132629633,0,0.19272397343690198,0
5424,0.5066135600209236,1,0.13108969355622926,0,0.13108969355622926,0,0.438832380498449,1,0.5827041032413641,1,0.358065886174639,1
5425,0.13869348463291922,0,0.1386934844776988,0,0.1386934844776988,0,0.13869348432247838,0,0.13869348463291922,0,0.1386934845087429,0
5426,0.11123646679334342,0,0.11123647176039715,0,0.11123647176039715,0,0.11123646710378428,0,0.11123646679334342,0,0.11123646884225309,0
5427,0.11699598818086088,0,0.15342522334928313,0,0.13108972320333123,0,0.11699598864652216,0,0.11699598398990929,0,0.12710058147398134,0
5428,0.8599093856755644,1,0.1433173898452272,0,0.1433173898452272,0,0.8204029640958955,1,0.9162104880282035,1,0.5766315234980236,1
5429,0.2389775331442555,0,0.1386934525022904,0,0.1386934525022904,0,0.23945937119424343,0,0.2409681474479536,0,0.19935839135820665,0
5430,0.2424826629770299,0,0.13108969060704112,0,0.13108969060704112,0,0.22477701290821037,0,0.26849767767513794,1,0.1995873469548921,1
5431,0.13869346243639788,0,0.13869346243639788,0,0.13869346243639788,0,0.1386934630572796,0,0.13869346538558602,0,0.13869346315041184,0
5432,0.23868207563646138,0,0.14331739450184008,0,0.14331739450184008,0,0.14331739450184008,0,0.23069388597893217,0,0.17986562902418277,0
5433,0.15443902043625712,0,0.13108969029660025,0,0.13108969029660025,0,0.15342521372561654,0,0.16376219022398195,0,0.1467611609958112,0
5434,0.15443901795273027,0,0.13108969340100884,0,0.13108969060704112,0,0.1534252155882617,0,0.16376218743001422,0,0.14676116099581124,0
5435,0.23358790328105292,0,0.13108978575716415,0,0.13108978575716415,0,0.2336145075969398,0,0.24279540621985993,0,0.1944354777224362,0
5436,0.13871895475313067,0,0.13871390232816339,0,0.1387139563448727,0,0.1387185943312943,0,0.13871839844311276,0,0.13871676124011476,0
5437,0.5121452421881258,1,0.1259253166305522,0,0.1259253166305522,0,0.5162113242161771,1,0.5285436593306562,1,0.3617501717992127,1
5438,0.4155626739375293,1,0.13869344225774208,0,0.13869344225774208,0,0.13869344598303238,0,0.43177268498887617,1,0.2526831378849844,1
5439,0.43177267846961814,1,0.13869348649556437,0,0.13869348680600524,0,0.4155626868208249,1,0.45045513411362964,1,0.31503549454112845,1
5440,0.13869346010809144,0,0.1386934503292044,0,0.1386934503292044,0,0.1386934615050753,0,0.13869345917676887,0,0.1386934562896689,0
5441,0.5204508564590166,1,0.14331739915845296,0,0.14331739915845296,0,0.5273353930097073,1,0.5261786358896643,1,0.37211993673505883,1
5442,0.13108966359868646,0,0.13108966359868646,0,0.13108966359868646,0,0.13108966359868646,0,0.13108966359868646,0,0.13108966359868646,0
5443,0.13108966390912732,0,0.13108966390912732,0,0.13108966390912732,0,0.13108966390912732,0,0.13108966390912732,0,0.13108966390912732,0
5444,0.13109016325324774,0,0.1310901364001135,0,0.1310901379523178,0,0.13109016604721546,0,0.13109016014883915,0,0.13109015276034672,0
5445,0.12592532252892852,0,0.1259253191140791,0,0.1259253191140791,0,0.12592532066628337,0,0.12592532252892852,0,0.12592532079045973,0
5446,0.12603490334004164,0,0.1260122504706184,0,0.1260125550131003,0,0.12603313041230044,0,0.12603232450783253,0,0.12602503274877866,0
5447,0.15536687949982783,0,0.14332282442289093,0,0.14332282566465437,0,0.1596728873749574,0,0.16317811903233329,0,0.15297270719893277,0
5448,0.12592532252892852,0,0.1259253191140791,0,0.1259253191140791,0,0.12592532066628337,0,0.12592532252892852,0,0.12592532079045973,0
5449,0.13112021035825214,0,0.1311143416290482,0,0.13111440232023597,0,0.13111978194986781,0,0.13111953887467584,0,0.13111765502641598,0
5450,0.1386934540544947,0,0.13869345048442483,0,0.13869345048442483,0,0.13869346010809144,0,0.13869345281273127,0,0.13869345358883342,0
5451,0.1596698819193989,0,0.14331739915845296,0,0.14331739915845296,0,0.14331739977933466,0,0.15536626451648772,0,0.14899766890642546,0
5452,0.1259255806605021,0,0.12592555675655603,0,0.12592556156838933,0,0.1259255806605021,0,0.12592557786653438,0,0.12592557150249678,0
5453,0.13871138154839477,0,0.1387096893352767,0,0.13870972922692695,0,0.13871200724194446,0,0.13871114483724037,0,0.13871079043795664,0
5454,0.1310896937114497,0,0.13108969340100884,0,0.13108969340100884,0,0.13108969355622926,0,0.13108969309056798,0,0.13108969343205293,0
5455,0.12592535264169177,0,0.12592534410456815,0,0.12592534410456815,0,0.12592536009227237,0,0.12592535108948746,0,0.1259253504065176,0
5456,0.23945936793461442,0,0.13869342813268304,0,0.13869342813268304,0,0.1386934290640056,0,0.2389775364038845,0,0.17890343793357413,0
5457,0.13108969060704112,0,0.13108969029660025,0,0.13108969029660025,0,0.13108969060704112,0,0.13108969060704112,0,0.13108969048286476,0
5458,0.11123646632768214,0,0.11123646648290257,0,0.11123646648290257,0,0.11123646632768214,0,0.11123646632768214,0,0.11123646638977032,0
5459,0.31003434498173493,1,0.14331887437341115,0,0.1433188704929004,0,0.14331911938885847,0,0.3187372650330265,1,0.21174569485398628,1
5460,0.15342521372561654,0,0.13108968905483684,0,0.13108968905483684,0,0.13108969060704112,0,0.15443902043625712,0,0.1402266605757177,0
5461,0.5875631233987709,1,0.1259253191140791,0,0.1259253191140791,0,0.12592532066628337,0,0.6001888813140491,1,0.31310559272145233,1
5462,0.13108969060704112,0,0.13108969029660025,0,0.13108969029660025,0,0.13108969340100884,0,0.13108969060704112,0,0.1310896910416583,0
5463,0.4810695818935831,1,0.13108969510843357,0,0.13108969510843357,0,0.131089694177111,0,0.5144266495481133,1,0.27775306316713494,1
5464,0.15966988634318113,0,0.14331741724163294,0,0.14331741724163294,0,0.14331741739685336,0,0.1553662596270442,0,0.1489976795700689,0
5465,0.13869344101597866,0,0.13869344225774208,0,0.13869344225774208,0,0.13869344101597866,0,0.13869344101597866,0,0.13869344151268403,0
5466,0.1399333563943704,0,0.1396873857205113,0,0.13968834498276314,0,0.13990929691741863,0,0.13990833517163992,0,0.13982534383734066,0
5467,0.13108966359868646,0,0.13108966359868646,0,0.13108966359868646,0,0.13108966359868646,0,0.13108966359868646,0,0.13108966359868646,0
5468,0.9142479060683399,1,0.1433173935705175,0,0.1433173935705175,0,0.14331739294963577,0,1.0397944576883067,1,0.47679890876946346,1
5469,0.1250179870209346,0,0.12501798733137548,0,0.12501798733137548,0,0.12501798733137548,0,0.12501798725376526,0,0.12501798725376526,0
5470,0.1596698819193989,0,0.14331739915845296,0,0.14331739915845296,0,0.14331739791668952,0,0.15536626451648772,0,0.14899766853389643,0
5471,0.22870092846763632,0,0.11123646167106926,0,0.11123646167106926,0,0.11123646710378428,0,0.2288746873382479,0,0.1582570012503614,0
5472,0.23361448788394532,0,0.131089694177111,0,0.131089694177111,0,0.13108969697107872,0,0.2335878713056445,0,0.17209428890297812,0
5473,0.13109072018414736,0,0.1310906088910997,0,0.131090614789476,0,0.13109074269110957,0,0.13109069146836796,0,0.1310906756048401,0
5474,0.23868207323054472,0,0.143317397373418,0,0.143317397373418,0,0.14331740334940454,0,0.2306938854356607,0,0.1798656313524892,0
5475,0.12592532066628337,0,0.12592532159760594,0,0.12592532159760594,0,0.12592532314981023,0,0.12592532066628337,0,0.12592532153551778,0
5476,0.13869358614707986,0,0.1386935810248057,0,0.13869358009348312,0,0.13869358614707986,0,0.13869358350833258,0,0.13869358338415622,0
5477,0.13869344303384423,0,0.13869344225774208,0,0.13869344225774208,0,0.13869344598303238,0,0.13869344101597866,0,0.13869344290966787,0
5478,0.23252447632451853,0,0.22569989413022995,0,0.2252589197208484,0,0.23232008454700312,0,0.23143094095091024,0,0.22944686313470206,0
5479,0.12683841787899533,0,0.12663983507081866,0,0.12664229422807693,0,0.12681960050637522,0,0.12681692745536566,0,0.12675141502792636,0
5480,0.1310913460329175,0,0.13109119500344,0,0.13109120276446143,0,0.13109140191227198,0,0.13109133671969175,0,0.13109129648655654,0
5481,0.15967006445862353,0,0.14331777145465216,0,0.14331776446973285,0,0.14331781732228896,0,0.15536629882020256,0,0.14899794330510002,0
5482,0.13108979274208346,0,0.13108977861702442,0,0.13108977861702442,0,0.13108979615693292,0,0.13108979413906732,0,0.1310897880544265,0
5483,0.12592830446859202,0,0.12592793675139546,0,0.1259279497899115,0,0.12592838083704314,0,0.1259282665948073,0,0.12592816768834988,0
5484,0.1544390277316173,0,0.1310897239794334,0,0.1310897239794334,0,0.1534252262984713,0,0.16376218665391207,0,0.1467611777285735,0
5485,0.13108968377734223,0,0.13108968563998738,0,0.13108968563998738,0,0.13108968377734223,0,0.13108968377734223,0,0.13108968452240027,0
5486,0.2386820778095474,0,0.14331739419139922,0,0.14331739419139922,0,0.14331740040021637,0,0.23069388939378163,0,0.17986563119726878,0
5487,0.23361448710784316,0,0.13108969029660025,0,0.13108969029660025,0,0.13108969340100884,0,0.23358786556248864,0,0.17209428533290821,0
5488,0.11123646493069828,0,0.11123646493069828,0,0.11123646493069828,0,0.11123646493069828,0,0.11123646493069828,0,0.11123646493069828,0
5489,0.13869347050786018,0,0.13869347019741932,0,0.13869347019741932,0,0.13869347050786018,0,0.13869347050786018,0,0.13869347038368382,0
5490,0.11992284750643496,0,0.14331740334940454,0,0.14331740334940454,0,0.1631792492698878,0,0.1250944769126363,0,0.13896627607755363,0
5491,0.23951228273411593,0,0.13879656326025724,0,0.13879680229971805,0,0.13881051385154328,0,0.23899633499483267,0,0.17898249942809344,0
5492,0.1259254300966859,0,0.12592542807882032,0,0.12592542621617517,0,0.1259254300966859,0,0.125925425440073,0,0.12592542798568807,0
5493,0.13108969278012714,0,0.13108969060704112,0,0.13108969060704112,0,0.13108969278012714,0,0.13108969340100884,0,0.1310896920350691,0
5494,0.11123646648290257,0,0.11123646524113913,0,0.11123646524113913,0,0.11123646648290257,0,0.11123646648290257,0,0.11123646598619719,0
5495,0.23218330880627036,0,0.2256528714982172,0,0.22515655045087138,0,0.23206106883784136,0,0.23106681757296124,0,0.2292241234332323,0
5496,0.13108968812351426,0,0.13108968595042825,0,0.13108968595042825,0,0.13108968563998738,0,0.13108968812351426,0,0.1310896867575745,0
5497,0.1386934652303656,0,0.13869346243639788,0,0.13869346243639788,0,0.13869346538558602,0,0.13869346460948387,0,0.13869346401964625,0
5498,0.1259253496925036,0,0.12592534410456815,0,0.12592534441500902,0,0.1259253501581649,0,0.12592534814029932,0,0.125925347302109,0
5499,0.23868207695583502,0,0.14331742779662213,0,0.14331742779662213,0,0.14331742779662213,0,0.23069386587788662,0,0.17986564524471763,0
5500,0.1386934812180698,0,0.13869347873454294,0,0.1386934774927795,0,0.13869348308071494,0,0.13869348152851066,0,0.13869348041092358,0
5501,0.13870433097084364,0,0.13870330822343627,0,0.1387033541686833,0,0.1387047697789967,0,0.13870420151700577,0,0.13870399293179314,0
5502,0.12592529971152544,0,0.12592529971152544,0,0.12592529971152544,0,0.12592529971152544,0,0.12592529971152544,0,0.12592529971152544,0
5503,0.5204508508710811,1,0.14331739294963577,0,0.14331739294963577,0,0.5273353895948579,1,0.5261786371314278,1,0.37211993269932764,1
5504,0.23450633216028413,0,0.12592531756187478,0,0.12592531756187478,0,0.12592531942451993,0,0.22702234129731855,0,0.16786092560117444,0
5505,0.11833770262698333,0,0.14331739294963577,0,0.14331739294963577,0,0.1260070746842151,0,0.11460469826124609,0,0.12911685229434322,0
5506,0.1386934844776988,0,0.13869348152851066,0,0.13869348152851066,0,0.1386934844776988,0,0.13869348354637623,0,0.13869348311175905,0
5507,0.13108972273766994,0,0.1310897182362775,0,0.1310897182362775,0,0.1310897241346538,0,0.13108972273766994,0,0.13108972121650972,0
5508,0.12592534348368645,0,0.12592534379412731,0,0.12592534379412731,0,0.12592534348368645,0,0.12592534131060043,0,0.1259253431732456,0
5509,0.13108969697107872,0,0.131089694177111,0,0.131089694177111,0,0.13108969697107872,0,0.13108969697107872,0,0.13108969585349164,0
5510,0.13869346600646773,0,0.13869346243639788,0,0.13869346057375273,0,0.13869346243639788,0,0.13869346538558602,0,0.13869346336772045,0
5511,0.13871978875249624,0,0.13871456372241178,0,0.13871460827067494,0,0.13871940054620305,0,0.13871919674177965,0,0.13871751160671314,0
5512,0.13264336111024022,0,0.1323413037074109,0,0.13234200049191713,0,0.13261308505510291,0,0.13261329956973592,0,0.1325106099868814,0
5513,0.13108969060704112,0,0.13108968905483684,0,0.13108968905483684,0,0.13108969060704112,0,0.13108969060704112,0,0.1310896899861594,0
5514,0.12624438448498645,0,0.12617644714191556,0,0.12617735285311937,0,0.12623839173465967,0,0.12623681935171285,0,0.12621467911327877,0
5515,0.13870519337554774,0,0.13870294221366444,0,0.13870296875635782,0,0.1387050631456077,0,0.1387049319843451,0,0.13870421989510456,0
5516,0.15967093291692436,0,0.14331924255626896,0,0.14331926071705917,0,0.14331969424771765,0,0.15536646475084126,0,0.14899911903776225,0
5517,0.13871178310364485,0,0.13870824330175915,0,0.13870828645303845,0,0.13871156595026454,0,0.13871138418714204,0,0.1387102525991698,0
5518,0.13108968563998738,0,0.13108968595042825,0,0.13108968595042825,0,0.13108968563998738,0,0.13108968563998738,0,0.13108968576416372,0
5519,0.13108968563998738,0,0.13108968563998738,0,0.13108968563998738,0,0.13108968377734223,0,0.13108968563998738,0,0.13108968526745834,0
5520,0.23362170982485017,0,0.13111472191909948,0,0.131114794096599,0,0.13112022262066603,0,0.23359590924034515,0,0.17211347154031195,0
5521,0.1313386756616334,0,0.13131495409955582,0,0.1313154852638642,0,0.13134625786915421,0,0.1313357430820664,0,0.1313302231952548,0
5522,0.13134866176793972,0,0.131296219304204,0,0.13129669070864716,0,0.13134380228196582,0,0.13134305039420724,0,0.1313256848913928,0
5523,0.13108968377734223,0,0.13108968563998738,0,0.13108968563998738,0,0.13108968377734223,0,0.13108968377734223,0,0.13108968452240027,0
5524,0.12729268133019409,0,0.12699368766819438,0,0.12699736592670283,0,0.127264102610449,0,0.12726058391854167,0,0.12716168429081637,0
5525,0.1288316797775527,0,0.12818813153232136,0,0.12819488517319164,0,0.12876698607578874,0,0.12876510558029017,0,0.12854935762782893,0
5526,0.1259253383614123,0,0.12592532966906825,0,0.12592532966906825,0,0.1259253383614123,0,0.1259253383614123,0,0.12592533488447466,0
5527,0.30901329529782134,1,0.2921659555286169,0,0.2913259540994962,0,0.3080420798311631,1,0.3066383457432191,1,0.30143712610006335,1
5528,0.12592751858755946,0,0.12592724819357196,0,0.12592726247385144,0,0.12592758191749454,0,0.12592748133465648,0,0.12592741850142677,0
5529,0.13109071040526032,0,0.1310905913511912,0,0.1310905939899385,0,0.13109073555096984,0,0.13109069767718515,0,0.131090665794909,0
5530,0.13871035647268096,0,0.13870890826607743,0,0.13870894024148583,0,0.13871102780103683,0,0.13871016974250475,0,0.13870988050475713,0
5531,0.13869341804335514,0,0.13869341866423687,0,0.13869341866423687,0,0.13869341804335514,0,0.13869341804335514,0,0.13869341829170784,0
5532,0.13869345389927426,0,0.13869344800089797,0,0.13869344800089797,0,0.1386934492426614,0,0.13869345374405384,0,0.13869345057755708,0
5533,0.14783280435949564,0,0.14656940940767527,0,0.14654535769174495,0,0.14772366484006247,0,0.1476939128090938,0,0.14727302982161444,0
5534,0.13869346911087632,0,0.13869346771389246,0,0.13869346771389246,0,0.13869347019741932,0,0.13869346911087632,0,0.13869346876939137,0
5535,0.13877173388997713,0,0.13875578561176857,0,0.13875597203150392,0,0.13877042553698024,0,0.13876997012024125,0,0.13876477743809423,0
5536,0.41556266058857244,1,0.13869341757769385,0,0.13869341757769385,0,0.13869341757769385,0,0.43177268638586,1,0.25268311994150283,1
5537,0.1312336872021357,0,0.13120473067586622,0,0.13120503847797713,0,0.1312311263754964,0,0.13123052567243576,0,0.13122102168078226,0
5538,0.13877993449568748,0,0.13877233335127434,0,0.13877251915012798,0,0.1387831799996396,0,0.13877894263714552,0,0.138777381926775,0
5539,0.13869345389927426,0,0.13869344800089797,0,0.13869344800089797,0,0.1386934492426614,0,0.13869345374405384,0,0.13869345057755708,0
5540,0.13869344862177968,0,0.1386934470695754,0,0.1386934470695754,0,0.13869344862177968,0,0.1386934470695754,0,0.13869344769045713,0
5541,0.11123900557868183,0,0.11123846261762083,0,0.11123847782922287,0,0.11123895885733266,0,0.11123895482160151,0,0.11123877194089193,0
5542,1.5231726154064138,1,0.1386934189746777,0,0.1386934189746777,0,0.13869341928511858,0,1.636185851258536,1,0.7150877447798848,1
5543,0.8762958255441239,1,0.14331739279441535,0,0.14331739279441535,0,0.14331739279441535,0,0.9684586960356683,1,0.45494133999260766,1
5544,0.30496627759809297,1,0.13108966359868646,0,0.13108966359868646,0,0.13108966359868646,0,0.32163150965546566,1,0.2039733556099236,1
5545,0.9806052821998795,1,0.13869341928511858,0,0.13869341928511858,0,0.13869341742247343,0,0.9942974370593826,1,0.4781965950503945,1
5546,0.08862693995858233,0,0.08862693995858233,0,0.08862693995858233,0,0.08862693995858233,0,0.08862693995858233,0,0.08862693995858233,0
5547,0.4527374537816892,1,0.14331739279441535,0,0.14331739279441535,0,0.14331739279441535,0,0.4948247957509011,1,0.27550288558316727,1
5548,0.4427563052158803,1,0.11123646493069828,0,0.11123646493069828,0,0.11123646493069828,0,0.4930055944714695,1,0.2538942588958889,1
5549,0.0609010166178147,0,1.230298483511433,1,1.0918123316174995,1,0.0609010166178147,0,0.0609010166178147,0,0.5009627729964753,1
5550,0.3813856580139448,1,0.14331739279441535,0,0.14331739279441535,0,0.14331739279441535,0,0.40678115693541866,1,0.2436237986665219,1
5551,0.300052723614499,1,0.11123646493069828,0,0.11123646493069828,0,0.11123646493069828,0,0.31691832677461207,1,0.19013608903624118,1
5552,0.11123646493069828,0,0.11123646493069828,0,0.11123646493069828,0,0.11123646493069828,0,0.11123646493069828,0,0.11123646493069828,0
5553,0.06525678311785062,0,0.06525678311785062,0,0.06525678311785062,0,0.06525678311785062,0,0.06525678311785062,0,0.06525678311785062,0
5554,0.5903734345920384,1,0.13108966359868646,0,0.13108966359868646,0,0.13108966359868646,0,0.6738060425656537,1,0.33148969359075026,1
5555,1.6475083586604644,1,0.14331739279441535,0,0.14331739279441535,0,0.14331739279441535,0,1.7730549115221947,1,0.770103089713181,1
5556,0.14328325764896968,0,0.11123646493069828,0,0.11123646493069828,0,0.11123646493069828,0,0.145053366276746,0,0.1244092037435621,0
5557,0.15966987679712474,0,0.14331739279441535,0,0.14331739279441535,0,0.14331739279441535,0,0.15536625815245012,0,0.14899766266656417,0
5558,0.8464703564532101,1,0.13108966359868646,0,0.13108966359868646,0,0.13108966359868646,0,0.8789030994909505,1,0.42372848934804397,1
5559,0.3813856580139448,1,0.14331739279441535,0,0.14331739279441535,0,0.14331739279441535,0,0.40678115693541866,1,0.2436237986665219,1
5560,0.6682539666847637,1,0.11123646493069828,0,0.11123646493069828,0,0.11123646430981655,0,0.6838606272358447,1,0.3371647976183643,1
5561,2.650963621446863,1,0.14331739279441535,0,0.14331739279441535,0,0.14331739279441535,0,2.857388474435235,1,1.1876608548530687,1
5562,0.9251544720027596,1,0.14331739279441535,0,0.14331739279441535,0,0.14331739279441535,0,0.9646608957555145,1,0.46395350922830403,1
5563,1.2060092534714688,1,0.14331739279441535,0,0.14331739279441535,0,0.14331739279441535,0,1.2622075208928436,1,0.5796337905495117,1
5564,0.14328325764896968,0,0.11123646493069828,0,0.11123646493069828,0,0.11123646493069828,0,0.145053366276746,0,0.1244092037435621,0
5565,0.11123646430981655,0,0.11123646493069828,0,0.11123646493069828,0,0.11123646430981655,0,0.11123646493069828,0,0.11123646468234558,0
5566,0.9251544720027596,1,0.14331739279441535,0,0.14331739279441535,0,0.14331739279441535,0,0.9646608957555145,1,0.46395350922830403,1
5567,0.4810695708729327,1,0.13108966359868646,0,0.13108966359868646,0,0.13108966359868646,0,0.5144266459780434,1,0.27775304152940705,1
5568,1.0857988006900996,1,0.14331739279441535,0,0.14331739279441535,0,0.14331739279441535,0,1.177961671181644,1,0.538742530050998,1
5569,2.540016292283932,1,0.1386934189746777,0,0.1386934189746777,0,0.1386934189746777,0,2.7031050585210323,1,1.1318403215457995,1
5570,0.5854598806084444,1,0.11123646493069828,0,0.11123646493069828,0,0.11123646493069828,0,0.6690928596848001,1,0.31765242701706786,1
5571,0.5475078120362014,1,0.11123646430981655,0,0.11123646430981655,0,0.11123646493069828,0,0.5977571025335541,1,0.29579486162401736,1
5572,0.9870608421818664,1,0.11123646430981655,0,0.11123646430981655,0,0.11123646430981655,0,1.0527430324970435,1,0.4747026535216719,1
5573,0.11123646648290257,0,0.11123646524113913,0,0.11123646524113913,0,0.11123646648290257,0,0.11123646524113913,0,0.11123646573784451,0
5574,0.547507812657083,1,0.11123646493069828,0,0.11123646493069828,0,0.11123646493069828,0,0.5977571019126723,1,0.29579486187237003,1
5575,0.40480423043482006,1,0.11123646493069828,0,0.11123646493069828,0,0.11123646493069828,0,0.42166983483669657,1,0.23203669201272228,1
5576,0.14328325764896968,0,0.11123646493069828,0,0.11123646493069828,0,0.11123646493069828,0,0.145053366276746,0,0.1244092037435621,0
5577,1.4767346928517024,1,0.1386934189746777,0,0.1386934189746777,0,0.1386934189746777,0,1.6431712973862886,1,0.7071972494324049,1
5578,0.7389218757549921,1,0.1386934189746777,0,0.1386934189746777,0,0.1386934189746777,0,0.8552829492837191,1,0.4020570163925489,1
5579,0.8917547510160754,1,0.14331739279441535,0,0.14331739279441535,0,0.14331739279441535,0,0.9479530184374502,1,0.4539319895673543,1
5580,0.44275630459499854,1,0.11123646430981655,0,0.11123646430981655,0,0.11123646430981655,0,0.49300559509235126,1,0.2538942585233599,1
5581,0.6902113880496472,1,0.11123646493069828,0,0.11123646493069828,0,0.11123646493069828,0,0.7738443671260029,1,0.359553029993549,1
5582,0.476156016268457,1,0.11123646430981655,0,0.11123646430981655,0,0.11123646430981655,0,0.5097134637180716,1,0.26391577458319565,1
5583,0.30005272299361724,1,0.11123646430981655,0,0.11123646430981655,0,0.11123646430981655,0,0.3169183273954938,1,0.19013608866371215,1
5584,0.9948627981357276,1,0.13869341742247343,0,0.13869341742247343,0,0.13869341757769385,0,1.0578005169518292,1,0.4937487135020396,1
5585,0.5916659366339445,1,0.1386934189746777,0,0.1386934189746777,0,0.1386934189746777,0,0.6245677998910347,1,0.32646279868980244,1
5586,0.547507812657083,1,0.11123646493069828,0,0.11123646493069828,0,0.11123646493069828,0,0.5977571019126723,1,0.29579486187237003,1
5587,0.1534252028601865,0,0.13108966359868646,0,0.13108966359868646,0,0.13108966359868646,0,0.15443902260934314,0,0.1402266432531178,0
5588,0.3108111557861169,1,0.1386934189746777,0,0.1386934189746777,0,0.1386934189746777,0,0.3270211759954691,1,0.21078251774112383,1
5589,0.1003424352966249,0,0.11123646493069828,0,0.11123646493069828,0,0.1003424352966249,0,0.1003424352966249,0,0.10470004715025424,0
5590,0.22870092536322773,0,0.11123646430981655,0,0.11123646430981655,0,0.11123646493069828,0,0.22887468485472104,0,0.15825700075365604,0
5591,0.15966987679712474,0,0.14331739279441535,0,0.14331739279441535,0,0.14331739279441535,0,0.15536625815245012,0,0.14899766266656417,0
5592,0.7328813676722348,1,0.13108966359868646,0,0.13108966359868646,0,0.13108966359868646,0,0.7830463863598803,1,0.3818393489656349,1
5593,0.21463505527935922,0,0.11123646493069828,0,0.11123646493069828,0,0.11123646493069828,0,0.23309700881751874,0,0.15628829177779455,0
5594,0.40678115693541866,1,0.14331739279441535,0,0.14331739279441535,0,0.3813856580139448,1,0.44847561613035697,1,0.3046554433337102,1
5595,0.3714045094481359,1,0.11123646493069828,0,0.11123646493069828,0,0.11123646493069828,0,0.4049619556559871,1,0.2220151719792436,1
5596,1.1316576620253425,1,0.13108966359868646,0,0.13108966359868646,0,1.0382824960785608,1,0.06158190034329891,0,0.498740277128915,1
5597,1.9651031916340191,1,0.1386934189746777,0,0.1386934189746777,0,1.7955652934809525,1,0.04712930756310622,0,0.8170369261254867,1
5598,0.38216294161975384,1,0.1386934189746777,0,0.1386934189746777,0,0.1386934189746777,0,0.4150648048768441,1,0.24266160068412618,1
5599,1.5245304682757705,1,0.14331739279441535,0,0.14331739279441535,0,1.4516403547022492,1,1.614215251756832,1,0.9754041720647365,1
5600,0.6288407476774106,1,0.14331739279441535,0,0.14331739279441535,0,0.14331739279441535,0,0.6876199333152423,1,0.34928257187517975,1
5601,0.22477700049057603,0,0.13108966359868646,0,0.13108966359868646,0,0.13108966359868646,0,0.24248266515011588,0,0.17210573128735024,0
5602,0.36358388521087665,1,0.11123646493069828,0,0.11123646493069828,0,0.3211406376988937,1,0.08750430463502805,0,0.19894035148123895,1
5603,0.23361447996770343,0,0.13108966359868646,0,0.13108966359868646,0,0.13108966359868646,0,0.23358786711469293,0,0.17209426757569116,0
5604,0.2389775337651372,0,0.1386934189746777,0,0.1386934189746777,0,0.23945935846616825,0,0.2409681649878621,0,0.1993583790337046,0
5605,0.11473855876829475,0,0.13869341928511858,0,0.13869341928511858,0,0.376458787980179,1,0.11974952276796103,0,0.1776667416173344,1
5606,0.522471483796835,1,0.1386934189746777,0,0.1386934189746777,0,0.5254711794356505,1,0.5295135974884033,1,0.3709686197340488,1
5607,0.5570019190199673,1,0.13108966359868646,0,0.13108966359868646,0,0.4977187773523231,1,0.08427349803969264,0,0.2802347043218712,1
5608,0.2315782072643439,0,0.1386934189746777,0,0.1386934189746777,0,0.1386934189746777,0,0.24861819483339787,1,0.179255331804355,1
5609,0.5164288314214597,1,0.14331739279441535,0,0.14331739279441535,0,0.14331739279441535,0,0.595584433603411,1,0.30839308868162335,1
5610,0.11123646493069828,0,0.11123646493069828,0,0.11123646493069828,0,0.11123646493069828,0,0.11123646493069828,0,0.11123646493069828,0
5611,0.23102167442751428,0,0.14331739279441535,0,0.14331739279441535,0,0.14331739279441535,0,0.24340990069322288,0,0.18087675070079665,0
5612,0.24340990069322288,0,0.14331739279441535,0,0.14331739279441535,0,0.23102167442751428,0,0.2679147398254524,1,0.20579622010700405,1
5613,0.11220466225252797,0,0.11510778916999698,0,0.3457036556986471,1,0.11220466225252797,0,0.11220466225252797,0,0.1594850863252456,1
5614,0.8997143830638379,1,0.11123646493069828,0,0.11123646493069828,0,0.11123646493069828,0,0.9833473621401936,1,0.44335422799922525,1
5615,0.15443902260934314,0,0.13108966359868646,0,0.13108966359868646,0,0.15342520161842307,0,0.16376219984764853,0,0.14676115025455755,0
5616,0.5986871852073818,1,0.14331739279441535,0,0.14331739279441535,0,0.14331739279441535,0,0.6084944932566335,1,0.3274267713694523,1
5617,0.34570365243901807,1,0.1386934189746777,0,0.1386934189746777,0,0.32702117630590993,1,0.11614370027867456,0,0.2132510733945916,1
5618,0.1631792523742964,0,0.14331739279441535,0,0.14331739279441535,0,0.15536625815245012,0,0.11992282847252984,0,0.1450206249176214,0
5619,0.36748058209195733,1,0.13108966359868646,0,0.13108966359868646,0,0.13108966359868646,0,0.41856993284697336,1,0.235863901146998,1
5620,1.0918123316174995,1,0.11123646493069828,0,0.11123646493069828,0,0.11123646493069828,0,1.1574945194491495,1,0.5166032491717487,1
5621,0.14328325764896968,0,0.11123646493069828,0,0.11123646493069828,0,0.11123646493069828,0,0.145053366276746,0,0.1244092037435621,0
5622,0.41856993284697336,1,0.13108966359868646,0,0.13108966359868646,0,0.36748058209195733,1,0.4779686410911381,1,0.30523969664548833,1
5623,1.3668307955376804,1,0.13108966359868646,0,0.13108966359868646,0,1.2232645419426262,1,0.027515875796477,1,0.5759581080948313,1
5624,0.13869341928511858,0,0.1386934189746777,0,0.1386934189746777,0,0.13869341928511858,0,0.13869341928511858,0,0.13869341916094222,0
5625,0.24279547777647772,0,0.13108966359868646,0,0.13108966359868646,0,0.23358786711469293,0,0.12304540533417214,0,0.17232161548454314,0
5626,1.0197766770919163,1,0.1386934189746777,0,0.1386934189746777,0,0.1386934189746777,0,1.152829594289263,1,0.5177373056610426,1
5627,0.11123646493069828,0,0.11123646493069828,0,0.11123646493069828,0,0.11123646493069828,0,0.11123646493069828,0,0.11123646493069828,0
5628,0.24248266515011588,0,0.13108966359868646,0,0.13108966359868646,0,0.22477700049057603,0,0.2684976872988045,1,0.19958733602737386,1
5629,0.547507812657083,1,0.11123646493069828,0,0.11123646493069828,0,0.11123646493069828,0,0.5977571019126723,1,0.29579486187237003,1
5630,0.7043277907650918,1,0.14331739279441535,0,0.14331739279441535,0,0.6622404487958798,1,0.7627140930077682,1,0.48318342363151406,1
5631,1.0180313945747912,1,0.13869341757769385,0,0.13869341757769385,0,0.9942974384563664,1,0.12159717742664118,0,0.4822625691226373,1
5632,0.145053366276746,0,0.11123646493069828,0,0.11123646493069828,0,0.14328325764896968,0,0.15411292583060762,0,0.13298449592354397,0
5633,0.6700389710410187,1,0.14331739279441535,0,0.14331739279441535,0,0.14331739279441535,0,0.6965381221380085,1,0.35930585431245465,1
5634,0.7769617366914948,1,0.13869341928511858,0,0.13869341928511858,0,0.747407709248364,1,0.8129648935670654,1,0.5229442356154322,1
5635,1.6201754480910797,1,0.13108966359868646,0,0.13108966359868646,0,1.510108443442732,1,0.04883629972270379,0,0.6882599036907776,1
5636,1.5627682180299114,1,0.14331739279441535,0,0.14331739279441535,0,0.14331739279441535,0,1.7024256963438045,1,0.7390292185513924,1
5637,0.6965381221380085,1,0.14331739279441535,0,0.14331739279441535,0,0.6700389710410187,1,0.7356495957355946,1,0.4777722949006905,1
5638,0.3764587876697381,1,0.1386934189746777,0,0.1386934189746777,0,0.3366618237147729,1,0.11473855954439689,0,0.22104920177565263,1
5639,0.0338159923752149,1,0.11123646493069828,0,0.11123646493069828,0,1.5445369398997475,1,0.06870648761590321,0,0.3739064699504524,1
5640,0.15411292583060762,0,0.11123646493069828,0,0.11123646493069828,0,0.145053366276746,0,0.10258851572871208,0,0.12484554753949247,0
5641,0.87125642116492,1,0.1310896632882456,0,0.1310896632882456,0,0.8119732794972757,1,0.09375019278377295,0,0.407831844004492,1
5642,0.23157820757478476,0,0.1386934189746777,0,0.1386934189746777,0,0.13869341928511858,0,0.24861819514383873,1,0.1792553319906195,1
5643,0.5114845025818795,1,0.11123646493069828,0,0.11123646493069828,0,0.11123646493069828,0,0.5119956661170969,1,0.2714379126982142,1
5644,0.10769408813212067,0,0.14331739279441535,0,0.14331739279441535,0,0.0992042310438895,0,0.11337148762928943,0,0.12138091847882607,0
5645,0.15342520254974565,0,0.1310896632882456,0,0.1310896632882456,0,0.13108966359868646,0,0.15443902229890227,0,0.14022664300476512,0
5646,0.23102167442751428,0,0.14331739279441535,0,0.14331739279441535,0,0.14331739279441535,0,0.24340990069322288,0,0.18087675070079665,0
5647,0.4810695708729327,1,0.13108966359868646,0,0.13108966359868646,0,0.13108966359868646,0,0.5144266459780434,1,0.27775304152940705,1
5648,0.3742817888657252,1,0.1386934189746777,0,0.1386934189746777,0,0.1386934189746777,0,0.4247054625302553,1,0.2430135016640027,1
5649,0.23361447996770343,0,0.13108966359868646,0,0.13108966359868646,0,0.13108966359868646,0,0.23358786711469293,0,0.17209426757569116,0
5650,0.38216294161975384,1,0.1386934189746777,0,0.1386934189746777,0,0.1386934189746777,0,0.4150648048768441,1,0.24266160068412618,1
5651,0.1509638245527943,0,0.12592530064284801,0,0.12592530064284801,0,0.1259253021950523,0,0.14847662020474672,0,0.13544326964765788,0
5652,0.36748058209195733,1,0.13108966359868646,0,0.13108966359868646,0,0.13108966359868646,0,0.41856993284697336,1,0.235863901146998,1
5653,1.2568344354319076,1,0.13108966235692301,0,0.13108966235692301,0,0.13108966359868646,0,1.373650720808655,1,0.604750828910619,1
5654,0.23102167442751428,0,0.14331739279441535,0,0.14331739279441535,0,0.14331739279441535,0,0.24340990069322288,0,0.18087675070079665,0
5655,0.7285246406681836,1,0.13108966235692301,0,0.13108966235692301,0,0.13108966359868646,0,0.7952654024896523,1,0.3834118062940736,1
5656,0.1112364554622521,0,0.11123646384415527,0,0.11123646384415527,0,0.1112364554622521,0,0.11123646384415527,0,0.11123646049139399,0
5657,0.30496627759809297,1,0.13108966359868646,0,0.13108966359868646,0,0.13108966359868646,0,0.32163150965546566,1,0.2039733556099236,1
5658,0.14331739279441535,0,0.14331739279441535,0,0.14331739279441535,0,0.14331739279441535,0,0.4147853796215107,1,0.1976109901598344,1
5659,0.11220465790635596,0,0.1386934189746777,0,0.1386934189746777,0,0.11220465798396617,0,0.11220465790635596,0,0.1228001623492067,0
5660,0.11123646493069828,0,0.11123646493069828,0,0.11123646493069828,0,0.11123646493069828,0,0.11123646493069828,0,0.11123646493069828,0
5661,0.5916659366339445,1,0.1386934189746777,0,0.1386934189746777,0,0.1386934189746777,0,0.6245677998910347,1,0.32646279868980244,1
5662,0.13108966359868646,0,0.13108966359868646,0,0.13108966359868646,0,0.13108966359868646,0,0.13108966359868646,0,0.13108966359868646,0
5663,0.13108966359868646,0,0.13108966359868646,0,0.13108966359868646,0,0.13108966359868646,0,0.13108966359868646,0,0.13108966359868646,0
5664,0.5198163123180469,1,0.1386934189746777,0,0.1386934189746777,0,0.48691444906095666,1,0.5551906314988931,1,0.36786164616545036,1
5665,0.6288407476774106,1,0.14331739279441535,0,0.14331739279441535,0,0.14331739279441535,0,0.6876199333152423,1,0.34928257187517975,1
5666,0.1605745522926251,0,0.1386934189746777,0,0.1386934189746777,0,0.16022640963395438,0,0.1669878282894691,0,0.1530351256330808,0
5667,0.07229586193958919,0,0.1433173935705175,0,0.1433173935705175,0,1.076952543342486,1,0.05765629063049952,0,0.298707896610722,1
5668,0.23361447996770343,0,0.13108966359868646,0,0.13108966359868646,0,0.13108966359868646,0,0.23358786711469293,0,0.17209426757569116,0
5669,0.16698783170431852,0,0.13869341928511858,0,0.13869341928511858,0,0.16057455570747456,0,0.13012286407562593,0,0.14701441801153123,0
5670,0.7082294213275114,1,0.1386934189746777,0,0.1386934189746777,0,0.688918107499679,1,0.11240223003551364,0,0.35738731936241186,1
5671,0.1310896632882456,0,0.1310896632882456,0,0.1310896632882456,0,0.1310896632882456,0,0.1310896632882456,0,0.1310896632882456,0
5672,0.2679147398254524,1,0.14331739279441535,0,0.14331739279441535,0,0.24340990069322288,0,0.0992042310438895,0,0.1794327314302791,1
5673,0.1386934189746777,0,0.1386934189746777,0,0.1386934189746777,0,0.1386934189746777,0,0.1386934189746777,0,0.1386934189746777,0
5674,0.707221772056073,1,0.1310896632882456,0,0.1310896632882456,0,0.6571728539032241,1,0.7665049137237171,1,0.478615773251901,1
5675,0.3245638844867547,1,0.12592529505491257,0,0.12592529505491257,0,0.2936674014975627,1,0.3731086564560731,1,0.2486381065100431,1
5676,0.13108966359868646,0,0.13108966359868646,0,0.13108966359868646,0,0.13108966359868646,0,0.13108966359868646,0,0.13108966359868646,0
5677,0.15536625815245012,0,0.14331739279441535,0,0.14331739279441535,0,0.15966987679712474,0,0.1631792523742964,0,0.15297003458254038,0
5678,0.2394593581557274,0,0.1386934189746777,0,0.1386934189746777,0,0.1386934189746777,0,0.23897753345469633,0,0.17890342970689135,0
5679,0.15536625815245012,0,0.14331739279441535,0,0.14331739279441535,0,0.15966987679712474,0,0.1631792523742964,0,0.15297003458254038,0
5680,0.15966987679712474,0,0.14331739279441535,0,0.14331739279441535,0,0.14331739279441535,0,0.15536625815245012,0,0.14899766266656417,0
5681,0.4147853796215107,1,0.14331739279441535,0,0.14331739279441535,0,0.14331739279441535,0,0.42348903549524647,1,0.2536453187000006,1
5682,0.13869341928511858,0,0.1386934189746777,0,0.1386934189746777,0,0.13869341928511858,0,0.13869341928511858,0,0.13869341916094222,0
5683,0.16376219984764853,0,0.13108966359868646,0,0.13108966359868646,0,0.15443902260934314,0,0.1172959942681094,0,0.1395353087844948,0
5684,0.9907414262803892,1,0.1310896632882456,0,0.1310896632882456,0,0.9739600933777789,1,1.0174647822665672,1,0.6488691257002452,1
5685,0.07951009490837653,0,0.14331739279441535,0,0.14331739279441535,0,0.7627140930077682,1,0.063374280774345,0,0.23844665085586408,1
5686,0.09588079092403252,0,0.11123646493069828,0,0.11123646493069828,0,0.09036254847887903,0,0.08141464119156201,0,0.09802618209117402,0
5687,1.052704525878653,1,0.14331739279441535,0,0.14331739279441535,0,0.9965062584572782,1,1.1256974632075678,1,0.6923086066264659,1
5688,0.3108111557861169,1,0.1386934189746777,0,0.1386934189746777,0,0.1386934189746777,0,0.3270211759954691,1,0.21078251774112383,1
5689,0.07951009490837653,0,0.14331739279441535,0,0.14331739279441535,0,0.7627140930077682,1,0.063374280774345,0,0.23844665085586408,1
5690,0.14505336581108472,0,0.11123646384415527,0,0.11123646384415527,0,0.1432832571833084,0,0.15411292598582804,0,0.13298449533370632,0
5691,0.31691832677461207,1,0.11123646493069828,0,0.11123646493069828,0,0.300052723614499,1,0.33984951248082024,1,0.23585869854626557,1
5692,0.4263830170966685,1,0.13108966359868646,0,0.13108966359868646,0,0.40971778503929573,1,0.45228247266883653,1,0.31011252040043474,1
5693,0.11522949545178562,0,0.13108966359868646,0,0.13108966359868646,0,0.45228247266883653,1,0.11021813100281481,0,0.18798188526416199,1
5694,0.6078599540827175,1,0.138693417267253,0,0.138693417267253,0,0.5582662421899537,1,0.6599261169321835,1,0.4206878295478722,1
5695,0.12234428928544124,0,0.13108966359868646,0,0.13108966359868646,0,0.119050021089303,0,0.11699592904187739,0,0.1241139133227989,0
5696,0.3726502117545654,1,0.14331739279441535,0,0.14331739279441535,0,0.3314535295745979,1,0.08131773273150127,0,0.21441125192989907,1
5697,0.553313201914231,1,0.12592529132962227,0,0.12592529132962227,0,0.12592529132962227,0,0.5959047401944796,1,0.3053987632195155,1
5698,0.8804150559784224,1,0.14331739279441535,0,0.14331739279441535,0,0.804944024188444,1,0.9721850480418652,1,0.5888357827595125,1
5699,0.12261017691344023,0,0.1386934189746777,0,0.1386934189746777,0,0.2717233157406251,1,0.12594535162982842,0,0.15953313644664985,1
5700,1.245499648541833,1,0.14331739279441535,0,0.14331739279441535,0,1.1726095349683117,1,1.3351844320228945,1,0.8079856802243739,1
5701,0.5995763031921039,1,0.14331739279441535,0,0.14331739279441535,0,0.557488961222892,1,0.6579626054347804,1,0.4203325310877214,1
5702,0.16057455570747456,0,0.13869341928511858,0,0.13869341928511858,0,0.16022640808175007,0,0.16698783170431852,0,0.15303512681275605,0
5703,0.1386936316266656,0,0.1386936162598431,0,0.1386936162598431,0,0.13869363659371933,0,0.13869362976402044,0,0.1386936261008183,0
5704,0.13869341742247343,0,0.13869341928511858,0,0.13869341928511858,0,0.13869341742247343,0,0.45351473583529395,1,0.2016576818500956,1
5705,0.22477700049057603,0,0.13108966359868646,0,0.13108966359868646,0,0.13108966359868646,0,0.24248266515011588,0,0.17210573128735024,0
5706,0.22870092598410943,0,0.11123646493069828,0,0.11123646493069828,0,0.11123646493069828,0,0.2288746842338393,0,0.1582570010020087,0
5707,1.2439613363239914,1,0.14331739279441535,0,0.14331739279441535,0,0.14331739279441535,0,1.3335432885990788,1,0.6014913606612632,1
5708,0.5162113041927417,1,0.12592529505491257,0,0.12592529505491257,0,0.12592529505491257,0,0.5121452218542496,1,0.2812264822423458,1
5709,1.1986769336896639,1,0.13108966359868646,0,0.13108966359868646,0,0.13108966359868646,0,1.264493363443762,1,0.5712878575858971,1
5710,0.11123646508591871,0,0.11123646462025742,0,0.11123646462025742,0,0.11123646508591871,0,0.11123646508591871,0,0.11123646489965419,0
5711,0.7490511667759469,1,0.14331739388095835,0,0.14331739388095835,0,0.14331739419139922,0,0.7718657471705228,1,0.39017381917995714,1
5712,0.40480423043482006,1,0.11123646430981655,0,0.11123646430981655,0,0.11123646430981655,0,0.42166983483669657,1,0.2320366916401933,1
5713,1.841799017895634,1,0.14331739279441535,0,0.14331739279441535,0,0.14331739279441535,0,1.9814564962095271,1,0.8506415384976815,1
5714,0.8443572618222485,1,0.11123646493069828,0,0.11123646493069828,0,0.11123646493069828,0,0.8766557629375408,1,0.41094448391037675,1
5715,0.9235110146303972,1,0.1386934189746777,0,0.1386934189746777,0,0.1386934189746777,0,0.9697568826377392,1,0.4618696308384339,1
5716,0.3813856580139448,1,0.14331739279441535,0,0.14331739279441535,0,0.14331739279441535,0,0.40678115693541866,1,0.2436237986665219,1
5717,1.0996142886579037,1,0.1386934189746777,0,0.1386934189746777,0,0.1386934189746777,0,1.1625520003338654,1,0.5356493091831604,1
5718,0.3108111557861169,1,0.1386934189746777,0,0.1386934189746777,0,0.1386934189746777,0,0.3270211759954691,1,0.21078251774112383,1
5719,0.11123646493069828,0,0.11123646493069828,0,0.11123646493069828,0,0.11123646493069828,0,0.11123646493069828,0,0.11123646493069828,0
5720,0.11123646493069828,0,0.11123646493069828,0,0.11123646493069828,0,0.11123646493069828,0,0.11123646493069828,0,0.11123646493069828,0
5721,0.4456335756306847,1,0.13869341928511858,0,0.13869341928511858,0,0.13869341928511858,0,0.5127490929638346,1,0.27489258528997496,1
5722,0.13869585671151677,0,0.1386954910121858,0,0.13869550234327713,0,0.13869587363054356,0,0.13869581449156007,0,0.13869570763781666,0
5723,0.302373757896324,1,0.14331797463819385,0,0.1433179813902825,0,0.14331809182961783,0,0.3314535953104496,1,0.21275628021297352,1
5724,0.23868222581222653,0,0.14331784145906568,0,0.14331784254560867,0,0.14331793443610272,0,0.2306937992107123,0,0.17986592869274318,0
5725,0.11123646430981655,0,0.11123646430981655,0,0.11123646430981655,0,0.11123646493069828,0,0.11123646430981655,0,0.1112364644339929,0
5726,0.1386934189746777,0,0.1386934189746777,0,0.1386934189746777,0,0.1386934189746777,0,0.1386934189746777,0,0.1386934189746777,0
5727,0.5273353875769923,1,0.14331739279441535,0,0.14331739279441535,0,0.14331739279441535,0,0.5204508507158607,1,0.2955476833352198,1
5728,0.7009698202212652,1,0.1386934189746777,0,0.1386934189746777,0,0.1386934189746777,0,0.7839472163468599,1,0.38019945869843164,1
5729,0.3108111557861169,1,0.1386934189746777,0,0.1386934189746777,0,0.1386934189746777,0,0.3270211759954691,1,0.21078251774112383,1
5730,0.9096955316296468,1,0.14331739279441535,0,0.14331739279441535,0,0.14331739279441535,0,0.9851665634196252,1,0.46496285468650356,1
5731,0.8204029645615568,1,0.14331739279441535,0,0.14331739279441535,0,0.14331739279441535,0,0.8599093883143117,1,0.42205290625182296,1
5732,0.21463505527935922,0,0.11123646493069828,0,0.11123646493069828,0,0.11123646493069828,0,0.23309700881751874,0,0.15628829177779455,0
5733,0.1386934189746777,0,0.1386934189746777,0,0.1386934189746777,0,0.1386934189746777,0,0.16022640963395438,0,0.14300001710653304,0
5734,0.40971778503929573,1,0.13108966359868646,0,0.13108966359868646,0,0.13108966359868646,0,0.4263830170966685,1,0.2458739585864047,1
5735,0.22870092598410943,0,0.11123646493069828,0,0.11123646493069828,0,0.11123646493069828,0,0.2288746842338393,0,0.1582570010020087,0
5736,0.12502092107509574,0,0.12092396880810459,0,0.24096737864116827,0,0.12502094567753375,0,0.12502086791209877,0,0.14739081642280022,0
5737,0.4810695708729327,1,0.13108966359868646,0,0.13108966359868646,0,0.13108966359868646,0,0.5144266459780434,1,0.27775304152940705,1
5738,0.11123646493069828,0,0.11123646493069828,0,0.11123646493069828,0,0.11123646493069828,0,0.11123646493069828,0,0.11123646493069828,0
5739,0.676055925587813,1,0.1386934189746777,0,0.1386934189746777,0,0.1386934189746777,0,0.688918107499679,1,0.356210858002305,1
5740,0.11123646493069828,0,0.11123646493069828,0,0.11123646493069828,0,0.11123646493069828,0,0.11123646493069828,0,0.11123646493069828,0
5741,0.8464703564532101,1,0.13108966359868646,0,0.13108966359868646,0,0.13108966359868646,0,0.8789030994909505,1,0.42372848934804397,1
5742,0.1534252028601865,0,0.13108966359868646,0,0.13108966359868646,0,0.13108966359868646,0,0.15443902260934314,0,0.1402266432531178,0
5743,0.23868207454991838,0,0.14331739279441535,0,0.14331739279441535,0,0.14331739279441535,0,0.23069388551327089,0,0.17986562768928707,0
5744,0.13108966359868646,0,0.13108966359868646,0,0.13108966359868646,0,0.13108966359868646,0,0.22477700049057603,0,0.14982713097706438,0
5745,0.37631806343172985,1,0.13108966359868646,0,0.13108966359868646,0,0.13108966359868646,0,0.4096751385368407,1,0.23585243855292598,1
5746,0.3108111557861169,1,0.1386934189746777,0,0.1386934189746777,0,0.1386934189746777,0,0.3270211759954691,1,0.21078251774112383,1
5747,0.9046279370474318,1,0.13108966359868646,0,0.13108966359868646,0,0.13108966359868646,0,0.9880605450210472,1,0.4571914945729077,1
5748,0.9536611255413542,1,0.11123646493069828,0,0.11123646493069828,0,0.11123646493069828,0,1.0360351595251511,1,0.46468113597171995,1
5749,0.13869344800089797,0,0.13869344303384423,0,0.13869344303384423,0,0.13869344722479582,0,0.6760559394024312,1,0.24616594413916273,1
5750,0.16022642236202955,0,0.13869344101597866,0,0.1386934413264195,0,0.13869344598303238,0,0.16057455632835627,0,0.14737626140316326,0
5751,0.5875631018231312,1,0.12592529505491257,0,0.12592529505491257,0,0.12592529505491257,0,0.6001888643950224,1,0.31310557027657826,1
5752,1.1968529508449137,1,0.13108966359868646,0,0.13108966359868646,0,0.13108966235692301,0,1.2459775381721556,1,0.5672198957142731,1
5753,0.10396967989314969,0,0.10396967981553946,0,0.10852615170491238,0,0.10396967989314969,0,0.10396967989314969,0,0.10488097423998018,0
5754,0.3100338721803079,1,0.14331739279441535,0,0.14331739279441535,0,0.14331739279441535,0,0.31873752805404365,1,0.21174471572351955,1
5755,0.8204029645615568,1,0.14331739279441535,0,0.14331739279441535,0,0.14331739279441535,0,0.8599093883143117,1,0.42205290625182296,1
5756,0.16022640963395438,0,0.1386934189746777,0,0.1386934189746777,0,0.1386934189746777,0,0.1605745522926251,0,0.1473762437701225,0
5757,0.30585811597605544,1,0.12592529505491257,0,0.12592529505491257,0,0.12592530064284801,0,0.3150659625728925,1,0.1997399938603242,1
5758,0.6615295719044904,1,0.13108966359868646,0,0.13108966359868646,0,0.13108966359868646,0,0.695002747544398,1,0.34996026204898956,1
5759,0.30496627759809297,1,0.13108966359868646,0,0.13108966359868646,0,0.13108966359868646,0,0.32163150965546566,1,0.2039733556099236,1
5760,0.5524213666406771,1,0.13108966359868646,0,0.13108966359868646,0,0.13108966359868646,0,0.6024702847935259,1,0.3096321284460525,1
5761,0.15966987679712474,0,0.14331739279441535,0,0.14331739279441535,0,0.14331739279441535,0,0.15536625815245012,0,0.14899766266656417,0
5762,0.15966987679712474,0,0.14331739279441535,0,0.14331739279441535,0,0.14331739279441535,0,0.15536625815245012,0,0.14899766266656417,0
5763,0.1534252028601865,0,0.13108966359868646,0,0.13108966359868646,0,0.13108966359868646,0,0.15443902260934314,0,0.1402266432531178,0
5764,0.13869341928511858,0,0.1386934189746777,0,0.1386934189746777,0,0.13869341928511858,0,0.13869341928511858,0,0.13869341916094222,0
5765,0.14328325826985142,0,0.11123646493069828,0,0.11123646493069828,0,0.11123646493069828,0,0.145053366276746,0,0.12440920386773846,0
5766,0.11123646493069828,0,0.11123646493069828,0,0.11123646493069828,0,0.11123646493069828,0,0.11123646493069828,0,0.11123646493069828,0
5767,0.23361447996770343,0,0.13108966359868646,0,0.13108966359868646,0,0.13108966359868646,0,0.23358786711469293,0,0.17209426757569116,0
5768,0.9759797384031117,1,0.1310896632882456,0,0.1310896632882456,0,0.13108966359868646,0,1.076104185078293,1,0.48907058273131654,1
5769,1.5213486986855667,1,0.1386934189746777,0,0.1386934189746777,0,0.1386934189746777,0,1.6176700952152412,1,0.7110198101649683,1
5770,2.5719903425779194,1,0.11123646493069828,0,0.11123646493069828,0,0.11123646493069828,0,2.787899115976567,1,1.1387197706693162,1
5771,0.22870092598410943,0,0.11123646493069828,0,0.11123646493069828,0,0.11123646493069828,0,0.2288746842338393,0,0.1582570010020087,0
5772,0.9806052843729655,1,0.1386934189746777,0,0.1386934189746777,0,0.1386934189746777,0,0.9942974336445332,1,0.4781965949883064,1
5773,0.14331739279441535,0,0.14331739279441535,0,0.14331739279441535,0,0.14331739279441535,0,0.5986871852073818,1,0.23439135127700866,1
5774,1.1141308724569778,1,0.1310896632882456,0,0.1310896632882456,0,0.13108966359868646,0,1.1975634801201522,1,0.5409926685504616,1
5775,0.13108966359868646,0,0.13108966359868646,0,0.13108966359868646,0,0.13108966359868646,0,0.13108966359868646,0,0.13108966359868646,0
5776,0.15966987679712474,0,0.14331739279441535,0,0.14331739279441535,0,0.14331739279441535,0,0.15536625815245012,0,0.14899766266656417,0
5777,0.5986871852073818,1,0.14331739279441535,0,0.14331739279441535,0,0.14331739279441535,0,0.6084944932566335,1,0.3274267713694523,1
5778,0.3049662772876521,1,0.1310896632882456,0,0.1310896632882456,0,0.1310896632882456,0,0.3216315093450248,1,0.20397335529948274,1
5779,0.3023734602611512,1,0.14331739279441535,0,0.14331739279441535,0,0.14331739279441535,0,0.3314535295745979,1,0.21275583364379905,1
5780,0.5828362995913873,1,0.11123646493069828,0,0.11123646493069828,0,0.11123646493069828,0,0.6000393086578697,1,0.3033170006082703,1
5781,0.5254711772625645,1,0.13869341742247343,0,0.13869341742247343,0,0.138693417267253,0,0.5224714872116843,1,0.29280458331728976,1
5782,0.1386961991277834,0,0.1386957826713721,0,0.13869578406835595,0,0.1386962312584122,0,0.13869614774982134,0,0.138696028975149,0
5783,0.238682239005963,0,0.14331785348864892,0,0.14331786047356823,0,0.14331794157624245,0,0.23069381372382244,0,0.17986594165364903,0
5784,1.1318775289691985,1,0.13108966235692301,0,0.13108966235692301,0,0.13108966359868646,0,1.2310776435770094,1,0.5512448321717481,1
5785,0.03399728983640671,1,1.7054134238666545,1,1.4714050445860873,1,0.03399728983640671,0,0.03399728983640671,1,0.6557620675923924,1
5786,1.2700287226277094,1,0.13108966359868646,0,0.13108966359868646,0,0.13108966359868646,0,1.3525369985339541,1,0.6031669423915446,1
5787,0.37720990274101496,1,0.12592530064284801,0,0.12592530064284801,0,0.1259253021950523,0,0.40310959859440726,1,0.23161908096323408,1
5788,0.4527374537816892,1,0.14331739279441535,0,0.14331739279441535,0,0.14331739279441535,0,0.4948247957509011,1,0.27550288558316727,1
5789,0.13108966359868646,0,0.13108966359868646,0,0.13108966359868646,0,0.13108966359868646,0,0.23361447996770343,0,0.15159462687248987,0
5790,0.11699592873143654,0,0.12234428680191438,0,0.1172959942681094,0,0.11699593183584511,0,0.11699592873143654,0,0.1181256140737484,0
5791,0.14328325764896968,0,0.11123646493069828,0,0.11123646493069828,0,0.11123646493069828,0,0.145053366276746,0,0.1244092037435621,0
5792,0.13108966359868646,0,0.13108966359868646,0,0.13108966359868646,0,0.13108966359868646,0,0.13108966359868646,0,0.13108966359868646,0
5793,0.6622404487958798,1,0.14331739279441535,0,0.14331739279441535,0,0.14331739279441535,0,0.7043277907650918,1,0.3593040835888435,1
5794,0.1310896632882456,0,0.1310896632882456,0,0.1310896632882456,0,0.1310896632882456,0,0.1310896632882456,0,0.1310896632882456,0
5795,0.7677692398428917,1,0.1386934189746777,0,0.1386934189746777,0,0.1386934189746777,0,0.81736294614772,1,0.40024248858292893,1
5796,0.13869341742247343,0,0.13869341928511858,0,0.13869341928511858,0,0.13869341742247343,0,0.13869341742247343,0,0.1386934181675315,0
5797,0.4147853796215107,1,0.14331739279441535,0,0.14331739279441535,0,0.14331739279441535,0,0.42348903549524647,1,0.2536453187000006,1
5798,0.9965062584572782,1,0.14331739279441535,0,0.14331739279441535,0,0.14331739279441535,0,1.052704525878653,1,0.4958325925438355,1
5799,0.1039696794662935,0,0.10852615108403067,0,0.3475309649171929,1,0.1039696794662935,0,0.1039696794662935,0,0.15359323088002083,1
5800,0.9150251895189285,1,0.1386934189746777,0,0.1386934189746777,0,0.1386934189746777,0,1.0480781067162752,1,0.4758367106318474,1
5801,0.1310896632882456,0,0.1310896632882456,0,0.1310896632882456,0,0.1310896632882456,0,0.1310896632882456,0,0.1310896632882456,0
5802,0.4048042307452609,1,0.11123646493069828,0,0.11123646493069828,0,0.1112364639993757,0,0.42166983483669657,1,0.23203669188854592,1
5803,0.13108969340100884,0,0.13108969060704112,0,0.13108969060704112,0,0.13108969278012714,0,0.13108969340100884,0,0.13108969215924543,0
5804,0.16022640963395438,0,0.1386934189746777,0,0.1386934189746777,0,0.1386934189746777,0,0.1605745522926251,0,0.1473762437701225,0
5805,0.40971778534973663,1,0.13108966390912732,0,0.13108966390912732,0,0.13108966390912732,0,0.4263830174071093,1,0.24587395889684557,1
5806,0.13108966359868646,0,0.13108966359868646,0,0.13108966359868646,0,0.13108966359868646,0,0.13108966359868646,0,0.13108966359868646,0
5807,0.2315782057121396,0,0.13869341928511858,0,0.13869341928511858,0,0.13869341742247343,0,0.2486181982482473,1,0.1792553319906195,1
5808,0.547507812657083,1,0.11123646493069828,0,0.11123646493069828,0,0.11123646493069828,0,0.5977571019126723,1,0.29579486187237003,1
5809,0.3023734602611512,1,0.14331739279441535,0,0.14331739279441535,0,0.14331739279441535,0,0.3314535295745979,1,0.21275583364379905,1
5810,0.23945935551698008,0,0.13869341757769385,0,0.13869341757769385,0,0.13869341757769385,0,0.2389775364038845,0,0.17890342893078923,0
5811,0.23945935846616825,0,0.13869341928511858,0,0.13869341928511858,0,0.13869341928511858,0,0.2389775337651372,0,0.17890343001733225,0
5812,0.4861371654551476,1,0.14331739279441535,0,0.14331739279441535,0,0.14331739279441535,0,0.5115326643766215,1,0.2855244016430031,1
5813,0.12501795551118752,0,0.12501795426942408,0,0.12501795426942408,0,0.12501795551118752,0,0.12501795551118752,0,0.12501795501448215,0
5814,0.13108968579520783,0,0.13108967958639064,0,0.13108967958639064,0,0.13108968579520783,0,0.13108968455344439,0,0.13108968306332827,0
5815,1.2039678264409304,1,0.12592529132962227,0,0.12592529132962227,0,0.12592529132962227,0,1.3117478545755148,1,0.5786983110010624,1
5816,0.22870092536322773,0,0.11123646430981655,0,0.11123646430981655,0,0.11123646493069828,0,0.22887468485472104,0,0.15825700075365604,0
5817,0.2394593581557274,0,0.1386934189746777,0,0.1386934189746777,0,0.1386934189746777,0,0.23897753345469633,0,0.17890342970689135,0
5818,0.2315782162671288,0,0.13869344225774208,0,0.13869344225774208,0,0.13869344598303238,0,0.24861819886912903,1,0.17925534912695487,1
5819,0.11123646648290257,0,0.11123646524113913,0,0.11123646524113913,0,0.11123646648290257,0,0.11123646648290257,0,0.11123646598619719,0
5820,0.13869341928511858,0,0.13869341928511858,0,0.13869341928511858,0,0.13869341928511858,0,0.3029299934084217,1,0.1715407341097792,1
5821,0.23361447996770343,0,0.13108966235692301,0,0.13108966235692301,0,0.13108966359868646,0,0.23358786711469293,0,0.17209426707898576,0
5822,0.15966987679712474,0,0.14331739279441535,0,0.14331739279441535,0,0.14331739310485622,0,0.15536625815245012,0,0.14899766272865236,0
5823,0.23868207454991838,0,0.14331739279441535,0,0.14331739279441535,0,0.14331739279441535,0,0.23069388551327089,0,0.17986562768928707,0
5824,0.15096381803353628,0,0.12592529505491257,0,0.12592529505491257,0,0.12592529505491257,0,0.148476613064607,0,0.13544326325257622,0
5825,0.22477700049057603,0,0.13108966359868646,0,0.13108966359868646,0,0.13108966359868646,0,0.24248266515011588,0,0.17210573128735024,0
5826,0.15342520254974565,0,0.1310896632882456,0,0.1310896632882456,0,0.1310896632882456,0,0.15443902229890227,0,0.14022664294267692,0
5827,0.13869341757769385,0,0.13869341757769385,0,0.13869341757769385,0,0.13869341757769385,0,0.13869341757769385,0,0.13869341757769385,0
5828,0.48196140428384143,1,0.12592529132962227,0,0.12592529132962227,0,0.12592529505491257,0,0.5078610988954703,1,0.27351967617869377,1
5829,0.14331739279441535,0,0.14331739279441535,0,0.14331739279441535,0,0.14331739279441535,0,0.15966987679712474,0,0.14658788959495722,0
5830,0.1386934189746777,0,0.1386934189746777,0,0.1386934189746777,0,0.1386934189746777,0,0.16022640963395438,0,0.14300001710653304,0
5831,0.09142200866093238,0,0.09142200866093238,0,0.097092344192788,0,0.09142200866093238,0,0.09142200866093238,0,0.09255607576730349,0
5832,0.3100338721803079,1,0.14331739279441535,0,0.14331739279441535,0,0.14331739279441535,0,0.31873752805404365,1,0.21174471572351955,1
5833,0.11123646493069828,0,0.11123646493069828,0,0.11123646493069828,0,0.11123646493069828,0,0.14328325764896968,0,0.11764582347435255,0
5834,0.1386934189746777,0,0.1386934189746777,0,0.1386934189746777,0,0.1386934189746777,0,0.2315782072643439,0,0.15727037663261095,0
5835,0.1310896632882456,0,0.1310896632882456,0,0.1310896632882456,0,0.1310896632882456,0,0.15342520254974565,0,0.1355567711405456,0
5836,0.14331739279441535,0,0.14331739279441535,0,0.14331739279441535,0,0.14331739279441535,0,0.6622404487958798,1,0.24710200399470822,1
5837,0.14331739279441535,0,0.14331739279441535,0,0.14331739279441535,0,0.14331739279441535,0,0.7413907668087631,1,0.26293206759728494,1
5838,0.13108966235692301,0,0.13108966235692301,0,0.13108966235692301,0,0.13108966235692301,0,0.13108966235692301,0,0.13108966235692301,0
5839,0.14331739310485622,0,0.14331739310485622,0,0.14331739310485622,0,0.14331739310485622,0,0.15966987648668388,0,0.14658788978122175,0
5840,0.14331739294963577,0,0.14331739294963577,0,0.14331739294963577,0,0.14331739294963577,0,0.1596698775732269,0,0.146587889874354,0
5841,0.13108966359868646,0,0.13108966359868646,0,0.13108966359868646,0,0.13108966359868646,0,0.40971778503929573,1,0.1868152878868083,1
5842,0.14331739279441535,0,0.14331739279441535,0,0.14331739279441535,0,0.14331739279441535,0,0.3100338721803079,1,0.17666068867159387,1
5843,0.13108966359868646,0,0.13108966359868646,0,0.13108966359868646,0,0.13108966359868646,0,0.13108966359868646,0,0.13108966359868646,0
5844,0.1259253021950523,0,0.1259253021950523,0,0.1259253021950523,0,0.1259253021950523,0,0.2345063192769885,0,0.14764150561143954,0
5845,0.14331739279441535,0,0.14331739279441535,0,0.14331739279441535,0,0.14331739279441535,0,0.23102167442751428,0,0.16085824912103514,0
5846,0.13108966235692301,0,0.13108966359868646,0,0.13108966359868646,0,0.13108966235692301,0,0.5858210578250388,1,0.22203594194725157,1
5847,0.13869341680159172,0,0.13869341680159172,0,0.13869341680159172,0,0.13869341680159172,0,0.13869341680159172,0,0.13869341680159172,0
5848,0.13108966359868646,0,0.1310896632882456,0,0.1310896632882456,0,0.13108966359868646,0,0.23361447996770343,0,0.1515946267483135,0
5849,0.11123646493069828,0,0.11123646493069828,0,0.11123646493069828,0,0.11123646493069828,0,0.14328325764896968,0,0.11764582347435255,0
5850,0.13869344163686037,0,0.13869344225774208,0,0.13869344225774208,0,0.13869344163686037,0,0.13869344101597866,0,0.1386934417610367,0
5851,0.11123646384415527,0,0.11123646384415527,0,0.11123646384415527,0,0.11123646384415527,0,0.22870092551844814,0,0.13472935617901385,0
5852,0.14331739279441535,0,0.14331739279441535,0,0.14331739279441535,0,0.14331739279441535,0,0.4861371654551476,1,0.2118813473265618,1
5853,0.1310896632882456,0,0.1310896632882456,0,0.1310896632882456,0,0.1310896632882456,0,0.7619243613444269,1,0.2572566028994818,1
5854,0.13869344225774208,0,0.13869343791157007,0,0.13869343791157007,0,0.13869344225774208,0,0.1602264198785027,0,0.1430000360434254,0
5855,0.1310896632882456,0,0.1310896632882456,0,0.1310896632882456,0,0.1310896632882456,0,0.15342520254974565,0,0.1355567711405456,0
5856,0.13108966359868646,0,0.13108966359868646,0,0.13108966359868646,0,0.13108966359868646,0,0.22477700049057603,0,0.14982713097706438,0
5857,0.14331739279441535,0,0.14331739279441535,0,0.14331739279441535,0,0.14331739279441535,0,0.23868207454991838,0,0.16239032914551596,0
5858,0.1259253021950523,0,0.1259253021950523,0,0.1259253021950523,0,0.12592529878020287,0,0.4485616985087593,1,0.1904525807748238,1
5859,0.13869344800089797,0,0.13869344303384423,0,0.13869344303384423,0,0.1386934470695754,0,0.13869344800089797,0,0.13869344582781198,0
5860,0.1386934189746777,0,0.1386934189746777,0,0.1386934189746777,0,0.1386934189746777,0,0.4155626632273197,1,0.1940672678252061,1
5861,0.12592529505491257,0,0.12592529505491257,0,0.12592529505491257,0,0.12592529505491257,0,0.30585811100900173,1,0.1619118582457304,1
5862,0.12592529878020287,0,0.12592529878020287,0,0.12592529878020287,0,0.12592529971152544,0,1.5895740929991007,1,0.4186550578102469,1
5863,0.14331739279441535,0,0.14331739279441535,0,0.14331739279441535,0,0.14331739279441535,0,0.3100338721803079,1,0.17666068867159387,1
5864,0.12592529132962227,0,0.12592529132962227,0,0.12592529132962227,0,0.12592529505491257,0,0.4485616944730282,1,0.19045257270336152,1
5865,0.12592529132962227,0,0.12592529132962227,0,0.12592529132962227,0,0.12592529132962227,0,0.3058581128716469,1,0.16191185563802718,1
5866,0.13108966390912732,0,0.13108966359868646,0,0.13108966359868646,0,0.13108966390912732,0,0.23361447996770343,0,0.1515946269966662,0
5867,0.14331739279441535,0,0.14331739310485622,0,0.14331739310485622,0,0.14331739279441535,0,0.23868207392903665,0,0.16239032914551596,0
5868,0.14331739279441535,0,0.14331739310485622,0,0.14331739310485622,0,0.14331739279441535,0,0.23868207392903665,0,0.16239032914551596,0
5869,0.1386934189746777,0,0.1386934189746777,0,0.1386934189746777,0,0.1386934189746777,0,0.2394593581557274,0,0.15884660681088764,0
5870,0.13869341757769385,0,0.13869341757769385,0,0.13869341757769385,0,0.13869341757769385,0,0.13869341757769385,0,0.13869341757769385,0
5871,0.14331739279441535,0,0.14331739279441535,0,0.14331739279441535,0,0.14331739279441535,0,0.15966987679712474,0,0.14658788959495722,0
5872,0.1386934189746777,0,0.1386934189746777,0,0.1386934189746777,0,0.1386934189746777,0,0.5254711794356505,1,0.21604897106687226,1
5873,0.1310896632882456,0,0.1310896632882456,0,0.1310896632882456,0,0.1310896632882456,0,0.1310896632882456,0,0.1310896632882456,0
5874,0.13108966359868646,0,0.1310896632882456,0,0.1310896632882456,0,0.13108966359868646,0,0.23361447996770343,0,0.1515946267483135,0
5875,0.14331739279441535,0,0.14331739279441535,0,0.14331739279441535,0,0.14331739279441535,0,0.3813856580139448,1,0.19093104583832124,1
5876,0.13108966359868646,0,0.13108966359868646,0,0.13108966359868646,0,0.13108966359868646,0,0.1534252028601865,0,0.13555677145098646,0
5877,0.1386934481561184,0,0.1386934481561184,0,0.1386934481561184,0,0.1386934481561184,0,0.1386934481561184,0,0.1386934481561184,0
5878,0.13869341928511858,0,0.1386934189746777,0,0.1386934189746777,0,0.13869341928511858,0,0.13869341928511858,0,0.13869341916094222,0
5879,0.11123646493069828,0,0.11123646493069828,0,0.11123646493069828,0,0.11123646493069828,0,0.21463505527935922,1,0.13191618300043045,1
5880,0.11123646493069828,0,0.11123646493069828,0,0.11123646493069828,0,0.11123646493069828,0,0.14328325826985142,0,0.1176458235985289,0
5881,0.13108966359868646,0,0.13108966359868646,0,0.13108966359868646,0,0.13108966359868646,0,0.1534252028601865,0,0.13555677145098646,0
5882,0.13869341757769385,0,0.13869341757769385,0,0.13869341757769385,0,0.13869341757769385,0,0.13869341757769385,0,0.13869341757769385,0
5883,0.11123646493069828,0,0.11123646493069828,0,0.11123646493069828,0,0.11123646493069828,0,0.14328325826985142,0,0.1176458235985289,0
5884,0.1386934189746777,0,0.1386934189746777,0,0.1386934189746777,0,0.1386934189746777,0,0.1386934189746777,0,0.1386934189746777,0
5885,0.11123646493069828,0,0.11123646493069828,0,0.11123646493069828,0,0.11123646493069828,0,0.11123646493069828,0,0.11123646493069828,0
5886,0.12592529505491257,0,0.12592529505491257,0,0.12592529505491257,0,0.12592529505491257,0,0.2223156156639258,1,0.1452033591767152,1
5887,0.13108966359868646,0,0.13108966359868646,0,0.13108966359868646,0,0.13108966359868646,0,0.30496627759809297,1,0.16586498639856778,1
5888,0.12592529132962227,0,0.12592529132962227,0,0.12592529132962227,0,0.12592529132962227,0,0.5162113060553869,1,0.20398249427477522,1
5889,0.13108966359868646,0,0.13108966359868646,0,0.13108966359868646,0,0.13108966359868646,0,0.30496627759809297,1,0.16586498639856778,1
5890,0.1386934189746777,0,0.1386934189746777,0,0.1386934189746777,0,0.1386934189746777,0,0.1386934189746777,0,0.1386934189746777,0
5891,0.11123646430981655,0,0.11123646493069828,0,0.11123646493069828,0,0.11123646430981655,0,0.44275630459499854,1,0.17754043261520563,1
5892,0.13108966359868646,0,0.13108966359868646,0,0.13108966359868646,0,0.13108966235692301,0,0.1534252028601865,0,0.13555677120263376,0
5893,0.12592529505491257,0,0.12592529505491257,0,0.12592529505491257,0,0.12592529505491257,0,0.12592529505491257,0,0.12592529505491257,0
5894,0.13109070404122272,0,0.1310905780022343,0,0.13109058840200305,0,0.1310907305839161,0,0.1310906888296207,0,0.13109065797179936,0
5895,0.11123646493069828,0,0.11123646493069828,0,0.11123646493069828,0,0.11123646493069828,0,0.11123646493069828,0,0.11123646493069828,0
5896,0.1310910014435649,0,0.13109095425655445,0,0.13109094308068356,0,0.13109100827326378,0,0.13109098374843597,0,0.13109097816050055,0
5897,0.12592529132962227,0,0.12592529132962227,0,0.12592529132962227,0,0.12592529132962227,0,0.12592529132962227,0,0.12592529132962227,0
5898,0.20913639975090823,0,0.20347790978848934,0,0.20315546790758768,0,0.2089080965767304,1,0.20828276934723058,1,0.20659212867418925,1
5899,0.13108966359868646,0,0.13108966359868646,0,0.13108966359868646,0,0.13108966359868646,0,0.7998764296062291,1,0.26484701680019496,1
5900,0.12592530312637487,0,0.12592530033240715,0,0.12592530033240715,0,0.12592530312637487,0,0.1509638245527943,0,0.13093300629407167,0
5901,0.13108966359868646,0,0.13108966359868646,0,0.13108966359868646,0,0.13108966359868646,0,0.6615295719044904,1,0.23717764525984722,1
5902,0.14331739279441535,0,0.14331739279441535,0,0.14331739279441535,0,0.14331739279441535,0,0.15966987679712474,0,0.14658788959495722,0
5903,0.1310896632882456,0,0.1310896632882456,0,0.1310896632882456,0,0.1310896632882456,0,0.4097177847288549,1,0.18681528757636745,1
5904,0.12592530312637487,0,0.12592530312637487,0,0.12592530312637487,0,0.12592530312637487,0,0.3058581141134103,1,0.16191186532378196,1
5905,0.1386934540544947,0,0.13869345048442483,0,0.13869345048442483,0,0.13869346010809144,0,0.13869345281273127,0,0.13869345358883342,0
5906,0.13402628588179746,0,0.1337847785713772,0,0.13378987399240336,0,0.13413132913410664,0,0.15467684731508294,0,0.1380818229789535,0
5907,0.14331818170224628,0,0.14331810649794838,0,0.1433181055666258,0,0.1433182095643133,0,0.23868229651513198,0,0.16239097996925314,0
5908,0.12592530312637487,0,0.12592530312637487,0,0.12592530312637487,0,0.12592530312637487,0,0.6580646907289823,1,0.23235318064689636,1
5909,0.1310896632882456,0,0.1310896632882456,0,0.1310896632882456,0,0.13108966359868646,0,0.23361447965726256,0,0.15159462662413717,0
5910,0.11123660928569734,0,0.11123659329799314,0,0.11123658988314371,0,0.11123661021701992,0,0.11123660882003605,0,0.11123660230077803,0
5911,0.13108966359868646,0,0.13108966359868646,0,0.13108966359868646,0,0.13108966359868646,0,0.13108966359868646,0,0.13108966359868646,0
5912,0.1310896632882456,0,0.1310896632882456,0,0.1310896632882456,0,0.1310896632882456,0,0.1310896632882456,0,0.1310896632882456,0
5913,0.14331739279441535,0,0.14331739279441535,0,0.14331739279441535,0,0.14331739279441535,0,0.5273353875769923,1,0.22012099175093072,1
5914,0.13108966359868646,0,0.13108966359868646,0,0.13108966359868646,0,0.13108966359868646,0,0.7417188490120074,1,0.2532155006813507,1
5915,0.11123646648290257,0,0.11123646524113913,0,0.11123646524113913,0,0.11123646648290257,0,0.22870092722587287,0,0.13472935813479125,0
5916,0.09142200835049152,0,0.09142200835049152,0,0.09142200835049152,0,0.09142200835049152,0,0.09142200835049152,0,0.09142200835049152,0
5917,0.12592529132962227,0,0.12592529132962227,0,0.12592529132962227,0,0.12592529132962227,0,0.12592529132962227,0,0.12592529132962227,0
5918,0.12592529132962227,0,0.12592529132962227,0,0.12592529132962227,0,0.12592529132962227,0,0.4106096203128497,1,0.18286215712626777,1
5919,0.1386934189746777,0,0.1386934189746777,0,0.1386934189746777,0,0.1386934189746777,0,0.1386934189746777,0,0.1386934189746777,0
5920,0.1310896632882456,0,0.1310896632882456,0,0.1310896632882456,0,0.13108966359868646,0,0.23361447965726256,0,0.15159462662413717,0
5921,0.1386934189746777,0,0.1386934189746777,0,0.1386934189746777,0,0.1386934189746777,0,0.16022640963395438,0,0.14300001710653304,0
5922,0.1311059103657802,0,0.13110287208110094,0,0.13110290622959533,0,0.13110571540892124,0,0.13110555475577712,0,0.13110459176823497,0
5923,0.11123645468614995,0,0.11123645468614995,0,0.11123645468614995,0,0.11123645530703168,0,0.11123645468614995,0,0.11123645481032632,0
5924,0.13869344412038723,0,0.13869344318906465,0,0.13869344318906465,0,0.1386934466039141,0,0.525471194802473,1,0.21604899438098074,1
5925,0.13108966359868646,0,0.13108966359868646,0,0.13108966359868646,0,0.13108966359868646,0,0.13108966359868646,0,0.13108966359868646,0
5926,0.13109349925071,0,0.13109335148086151,0,0.13109332462772727,0,0.13109351710105935,0,0.13109346463655433,0,0.1310934314193825,0
5927,0.1386934189746777,0,0.1386934189746777,0,0.1386934189746777,0,0.1386934189746777,0,0.16022640963395438,0,0.14300001710653304,0
5928,0.13869341757769385,0,0.13869341757769385,0,0.13869341757769385,0,0.13869341757769385,0,0.8187595042400062,1,0.2747066349101563,1
5929,0.12592529132962227,0,0.12592529132962227,0,0.12592529132962227,0,0.12592529132962227,0,0.4485616944730282,1,0.19045257195830345,1
5930,0.12592529132962227,0,0.12592529132962227,0,0.12592529132962227,0,0.12592529132962227,0,0.5867128937194744,1,0.21808281180759267,1
5931,0.11123674277526636,0,0.11123670164185266,0,0.1112367013314118,0,0.11123676015995443,0,0.11123674044695993,0,0.11123672927108903,0
5932,0.11123646648290257,0,0.11123646524113913,0,0.11123646524113913,0,0.11123646648290257,0,0.11123646524113913,0,0.11123646573784451,0
5933,0.13869341757769385,0,0.13869341757769385,0,0.13869341757769385,0,0.13869341757769385,0,0.13869341757769385,0,0.13869341757769385,0
5934,0.14331739310485622,0,0.14331739279441535,0,0.14331739279441535,0,0.14331739310485622,0,0.15966987648668388,0,0.14658788965704542,0
5935,0.11123646493069828,0,0.11123646493069828,0,0.11123646493069828,0,0.11123646493069828,0,0.11123646493069828,0,0.11123646493069828,0
5936,0.13108968595042825,0,0.13108968579520783,0,0.13108968579520783,0,0.13108968595042825,0,0.15342521031076709,0,0.13555679076040786,0
5937,0.1259253191140791,0,0.1259253203558425,0,0.1259253203558425,0,0.1259253191140791,0,0.15096383836741248,0,0.13093302346145114,0
5938,0.13869341757769385,0,0.13869341757769385,0,0.13869341757769385,0,0.13869341757769385,0,0.23945935551698008,0,0.1588466051655511,0
5939,0.11858180211856961,0,0.12233776513797541,0,0.16363769707580408,0,0.11858180211856961,0,0.11858180211856961,0,0.12834417371389767,0
5940,0.12592529505491257,0,0.12592529505491257,0,0.12592529505491257,0,0.12592529505491257,0,0.15096381803353628,0,0.13093299965063732,0
5941,0.14331739279441535,0,0.14331739279441535,0,0.14331739279441535,0,0.14331739279441535,0,0.15966987679712474,0,0.14658788959495722,0
5942,0.13108967042838535,0,0.13108967042838535,0,0.13108967042838535,0,0.13108967042838535,0,0.22477700980380177,0,0.14982713830346864,0
5943,0.11107406003793585,0,0.14331739279441535,0,0.14331739279441535,0,0.4484916516424467,1,0.09677445211370166,0,0.18859498987658296,1
5944,0.12592529132962227,0,0.12592529132962227,0,0.12592529132962227,0,0.12592529132962227,0,0.7424573848644892,1,0.24923171003659564,1
5945,0.11123664809080462,0,0.11123663939846058,0,0.11123662961957355,0,0.11123664917734762,0,0.11123663831191759,0,0.11123664091962078,0
5946,0.13108967042838535,0,0.13108967011794448,0,0.13108967011794448,0,0.13108967042838535,0,0.23361448741828403,0,0.15159463370218876,0
5947,0.1310896632882456,0,0.1310896632882456,0,0.1310896632882456,0,0.13108966359868646,0,1.0939254253171384,1,0.3236568157561123,1
5948,0.13108966359868646,0,0.13108966359868646,0,0.13108966359868646,0,0.13108966359868646,0,0.23361447996770343,0,0.15159462687248987,0
5949,0.14331739279441535,0,0.14331739279441535,0,0.14331739279441535,0,0.14331739279441535,0,0.4861371654551476,1,0.2118813473265618,1
5950,0.12592529505491257,0,0.12592529505491257,0,0.12592529505491257,0,0.12592529505491257,0,0.12592529505491257,0,0.12592529505491257,0
5951,0.1386934189746777,0,0.1386934189746777,0,0.1386934189746777,0,0.1386934189746777,0,0.48691444906095666,1,0.20833762499193348,1
5952,0.1310900510288775,0,0.13109001548339924,0,0.1310900142416358,0,0.13109006453305483,0,0.13109005025277534,0,0.13109003910794853,0
5953,0.14331745534824827,0,0.1433174409903586,0,0.14331744036947688,0,0.1433174512349069,0,0.15966991086800894,0,0.14658793976219991,0
5954,0.13108968595042825,0,0.13108968579520783,0,0.13108968579520783,0,0.13108968595042825,0,0.13108968595042825,0,0.13108968588834008,0
5955,0.14331739419139922,0,0.14331739388095835,0,0.14331739388095835,0,0.14331739419139922,0,0.15966987695234516,0,0.14658789061941205,0
5956,0.13869344598303238,0,0.13869344225774208,0,0.13869344225774208,0,0.13869344598303238,0,0.13869344303384423,0,0.13869344390307864,0
5957,0.1433173951227218,0,0.14331739388095835,0,0.14331739388095835,0,0.1433173951227218,0,0.23102167551405728,0,0.1608582507042835,0
5958,0.14331739419139922,0,0.14331739388095835,0,0.14331739388095835,0,0.1433173951227218,0,0.6776993809423099,1,0.2501937916036695,1
5959,0.13869341788813472,0,0.13869341804335514,0,0.13869341804335514,0,0.13869341866423687,0,0.13869341788813472,0,0.1386934181054433,0
5960,0.14331739294963577,0,0.1433173935705175,0,0.1433173935705175,0,0.14331739294963577,0,0.15966987695234516,0,0.14658788999853034,0
5961,0.1386934189746777,0,0.1386934189746777,0,0.1386934189746777,0,0.1386934189746777,0,0.1386934189746777,0,0.1386934189746777,0
5962,0.12592529132962227,0,0.12592529132962227,0,0.12592529132962227,0,0.12592529132962227,0,0.5867128937194744,1,0.21808281180759267,1
5963,0.13108966359868646,0,0.13108966359868646,0,0.13108966359868646,0,0.13108966359868646,0,0.13108966359868646,0,0.13108966359868646,0
5964,0.1386934189746777,0,0.1386934189746777,0,0.1386934189746777,0,0.1386934189746777,0,0.1386934189746777,0,0.1386934189746777,0
5965,0.14331739310485622,0,0.14331739310485622,0,0.14331739310485622,0,0.14331739310485622,0,1.59616787910151,1,0.43388749030418694,1
5966,0.13869550699989,0,0.13869522993142405,0,0.13869523629546165,0,0.1386955470467607,0,0.1386954573293527,0,0.13869539552057783,0
5967,0.13108967384323478,0,0.13108967384323478,0,0.13108967384323478,0,0.13108967322235307,0,0.13108967384323478,0,0.13108967371905844,0
5968,0.1433173935705175,0,0.14331739294963577,0,0.14331739294963577,0,0.1433173935705175,0,0.15966987695234516,0,0.14658788999853034,0
5969,0.13108967322235307,0,0.13108967384323478,0,0.13108967384323478,0,0.1310896760163208,0,0.15342520751679936,0,0.13555678088838857,0
5970,0.1386934189746777,0,0.1386934189746777,0,0.1386934189746777,0,0.1386934189746777,0,0.2394593581557274,0,0.15884660681088764,0
5971,0.13109078304842114,0,0.13109066570177674,0,0.13109067004794875,0,0.13109082092220584,0,0.13109078522150716,0,0.13109074498837192,0
5972,0.13869341757769385,0,0.13869341757769385,0,0.13869341757769385,0,0.13869341804335514,0,0.5248665212032696,1,0.21592803839594127,1
5973,0.14331739310485622,0,0.14331739310485622,0,0.14331739310485622,0,0.14331739310485622,0,0.15966987648668388,0,0.14658788978122175,0
5974,0.12501795457986495,0,0.23897753345469633,0,0.1386934189746777,0,0.12501795457986495,0,0.12501795457986495,0,0.1505449632337938,0
5975,0.1259253021950523,0,0.1259253021950523,0,0.1259253021950523,0,0.1259253021950523,0,1.0946639655157924,1,0.3196730348592003,1
5976,0.1259253021950523,0,0.12592530064284801,0,0.12592530064284801,0,0.1259253021950523,0,0.5875631077215075,1,0.21825286267946162,1
5977,0.12592529132962227,0,0.12592529132962227,0,0.12592529132962227,0,0.12592529132962227,0,0.12592529132962227,0,0.12592529132962227,0
5978,0.14331739279441535,0,0.14331739279441535,0,0.14331739279441535,0,0.14331739279441535,0,0.6776993829601755,1,0.25019379082756743,1
5979,0.12592529505491257,0,0.12592529505491257,0,0.12592529505491257,0,0.12592529505491257,0,0.6711055971682072,1,0.2349613554775715,1
5980,0.12592529132962227,0,0.12592529132962227,0,0.12592529132962227,0,0.12592529505491257,0,0.9185606880734364,1,0.28445237142344315,1
5981,0.1386934189746777,0,0.1386934189746777,0,0.1386934189746777,0,0.13869341928511858,0,0.74740771142145,1,0.26043627752612036,1
5982,0.12592529132962227,0,0.12592529132962227,0,0.12592529132962227,0,0.12592529132962227,0,0.15096381989618143,0,0.1309329970429341,0
5983,0.14331739279441535,0,0.14331739279441535,0,0.14331739279441535,0,0.14331739279441535,0,0.15966987679712474,0,0.14658788959495722,0
5984,0.14331739279441535,0,0.14331739279441535,0,0.14331739279441535,0,0.14331739279441535,0,0.15966987679712474,0,0.14658788959495722,0
5985,0.12592529132962227,0,0.12592529132962227,0,0.12592529132962227,0,0.12592529132962227,0,0.12592529132962227,0,0.12592529132962227,0
5986,0.13869344101597866,0,0.13869344225774208,0,0.13869344225774208,0,0.13869344256818295,0,0.13869344101597866,0,0.13869344182312487,0
5987,0.12594804416100183,0,0.12594537436962128,0,0.12594544111440578,0,0.12594868754968047,0,0.5162252482647697,1,0.20400255909189582,1
5988,0.09520221160103877,0,0.1433173994688938,0,0.1433173994688938,0,0.10072522220434621,0,0.11518472559206809,0,0.11954939166704812,0
5989,0.12881476489807633,0,0.23900466063059866,0,0.23868207222161195,0,0.12881476489807633,0,0.12881476489807633,0,0.1728262055092879,0
5990,0.11518472559206809,0,0.11518472526222467,0,0.11518472526222467,0,0.1151847256696783,0,0.11518472559206809,0,0.11518472547565277,0
5991,0.1386934189746777,0,0.1386934189746777,0,0.1386934189746777,0,0.1386934189746777,0,0.1386934189746777,0,0.1386934189746777,0
5992,0.10396968022299309,0,0.12187260649322222,0,0.6861079631683727,1,0.1039696802617982,0,0.10396968022299309,0,0.22397792207387587,1
5993,0.12592529505491257,0,0.12592529505491257,0,0.12592529505491257,0,0.12592529505491257,0,0.15096381803353628,0,0.13093299965063732,0
5994,0.12881476707116235,0,0.11460469701948266,0,0.1260070817467446,0,0.12881476536373762,0,0.12881476707116235,0,0.12541121565445792,0
5995,0.11123646648290257,0,0.11123646524113913,0,0.11123646524113913,0,0.11123646648290257,0,0.11123646648290257,0,0.11123646598619719,0
5996,0.13869341928511858,0,0.13869341928511858,0,0.13869341928511858,0,0.13869341928511858,0,0.3108111560965578,1,0.17311696664740645,1
5997,0.13110562212144336,0,0.13110504827151695,0,0.1311049503274262,0,0.1311056761381527,0,0.13110545479382077,0,0.131105350330472,0
5998,0.14332817727699876,0,0.14332775383566818,0,0.14332767490607998,0,0.14332820436296365,0,0.23868502769619226,0,0.16239936761558058,0
5999,0.1386934189746777,0,0.1386934189746777,0,0.1386934189746777,0,0.1386934189746777,0,0.1386934189746777,0,0.1386934189746777,0
6000,0.11220465790635596,0,0.12594535162982842,0,0.2717233157406251,0,0.11220465790635596,0,0.11220465790635596,0,0.14685652821790426,0
6001,0.1386934189746777,0,0.1386934189746777,0,0.1386934189746777,0,0.1386934189746777,0,0.1386934189746777,0,0.1386934189746777,0
6002,0.14331739279441535,0,0.14331739279441535,0,0.14331739279441535,0,0.14331739279441535,0,0.4861371654551476,1,0.2118813473265618,1
6003,0.14331739279441535,0,0.14331739279441535,0,0.14331739279441535,0,0.14331739279441535,0,0.15966987679712474,0,0.14658788959495722,0
6004,0.11194729222916067,0,0.4198174700140953,1,0.12592529505491257,0,0.11194729222916067,0,0.11194729222916067,0,0.17631692835129797,1
6005,0.12592529132962227,0,0.12592529132962227,0,0.12592529132962227,0,0.12592529132962227,0,0.23450631524125734,0,0.14764149611194927,0
6006,0.13108966359868646,0,0.13108966359868646,0,0.13108966359868646,0,0.13108966359868646,0,0.7619243616548678,1,0.2572566032099227,1
6007,0.11124063197833796,0,0.1112397270432363,0,0.11123973728778462,0,0.11124056725141902,0,0.11124052813587089,0,0.11124023833932976,0
6008,0.1386934189746777,0,0.1386934189746777,0,0.1386934189746777,0,0.1386934189746777,0,0.1386934189746777,0,0.1386934189746777,0
6009,0.13108966359868646,0,0.13108966359868646,0,0.13108966359868646,0,0.13108966359868646,0,0.13108966359868646,0,0.13108966359868646,0
6010,0.11123646493069828,0,0.11123646493069828,0,0.11123646493069828,0,0.11123646493069828,0,0.5114845025818795,1,0.19128607246093451,1
6011,0.13109831977635622,0,0.1310973671885828,0,0.13109738007187843,0,0.13109852730606994,0,0.13109819979096451,0,0.1310979588267704,0
6012,0.1310896632882456,0,0.1310896632882456,0,0.1310896632882456,0,0.1310896632882456,0,0.15342520254974565,0,0.1355567711405456,0
6013,0.14331739279441535,0,0.14331739279441535,0,0.14331739279441535,0,0.14331739279441535,0,0.5273353875769923,1,0.22012099175093072,1
6014,0.12592529878020287,0,0.12592529971152544,0,0.12592529971152544,0,0.12592529878020287,0,0.12592529878020287,0,0.1259252991527319,0
6015,0.11123646384415527,0,0.11123646384415527,0,0.11123646384415527,0,0.11123646384415527,0,0.22870092551844814,0,0.13472935617901385,0
6016,0.13108966359868646,0,0.13108966359868646,0,0.13108966359868646,0,0.13108966359868646,0,0.30496627759809297,1,0.16586498639856778,1
6017,0.13869341757769385,0,0.13869341757769385,0,0.13869341757769385,0,0.13869341757769385,0,0.13869341757769385,0,0.13869341757769385,0
6018,0.11123646493069828,0,0.11123646493069828,0,0.11123646493069828,0,0.11123646493069828,0,0.11123646493069828,0,0.11123646493069828,0
6019,0.1259253271855414,0,0.12592532159760594,0,0.12592532159760594,0,0.12592532687510052,0,0.23450633495425185,0,0.14764152644202114,0
6020,0.12592529132962227,0,0.12592529132962227,0,0.12592529132962227,0,0.12592529132962227,0,0.23450631524125734,0,0.14764149611194927,0
6021,0.13108966235692301,0,0.13108966359868646,0,0.13108966359868646,0,0.13108966235692301,0,0.13108966235692301,0,0.13108966285362839,0
6022,0.1386936961983641,0,0.13869367726147175,0,0.1386936758644879,0,0.13869369511182109,0,0.1386936924730738,0,0.13869368738184373,0
6023,0.1386934189746777,0,0.1386934189746777,0,0.1386934189746777,0,0.1386934189746777,0,0.1386934189746777,0,0.1386934189746777,0
6024,0.12592529505491257,0,0.12592529505491257,0,0.12592529505491257,0,0.12592529505491257,0,0.5875631018231312,1,0.21825285640855627,1
6025,0.13108966359868646,0,0.13108966359868646,0,0.13108966359868646,0,0.13108966359868646,0,0.23361447996770343,0,0.15159462687248987,0
6026,0.1386934189746777,0,0.1386934189746777,0,0.1386934189746777,0,0.1386934189746777,0,0.1386934189746777,0,0.1386934189746777,0
6027,0.1310896632882456,0,0.1310896632882456,0,0.1310896632882456,0,0.1310896632882456,0,0.1310896632882456,0,0.1310896632882456,0
6028,0.13869341757769385,0,0.138693417267253,0,0.138693417267253,0,0.13869341757769385,0,0.13869341757769385,0,0.13869341745351751,0
6029,0.1386934189746777,0,0.1386934189746777,0,0.1386934189746777,0,0.1386934189746777,0,0.1386934189746777,0,0.1386934189746777,0
6030,0.13869341866423687,0,0.13869341866423687,0,0.13869341866423687,0,0.13869341866423687,0,0.16022640746086836,0,0.14300001642356316,0
6031,0.14331739294963577,0,0.14331739294963577,0,0.14331739294963577,0,0.14331739294963577,0,0.5986871856730431,1,0.23439135149431722,1
6032,0.12592531694099307,0,0.12592531476790705,0,0.12592531476790705,0,0.12592531694099307,0,0.1259253166305522,0,0.12592531600967047,0
6033,0.11123646493069828,0,0.11123646493069828,0,0.11123646493069828,0,0.11123646493069828,0,0.11123646493069828,0,0.11123646493069828,0
6034,0.1310896632882456,0,0.1310896632882456,0,0.1310896632882456,0,0.1310896632882456,0,0.1310896632882456,0,0.1310896632882456,0
6035,0.14478246060510477,0,0.14310764893889427,0,0.14314870753635964,0,0.14557546035697064,0,0.14459470100700855,0,0.14424179568886758,0
6036,0.11123646648290257,0,0.1112364661724617,0,0.1112364661724617,0,0.11123646648290257,0,0.11123646648290257,0,0.11123646635872622,0
6037,0.12592529878020287,0,0.1259253021950523,0,0.1259253021950523,0,0.12592529878020287,0,0.23450631462037563,0,0.1476415033141772,0
6038,0.13869344101597866,0,0.13869344225774208,0,0.13869344225774208,0,0.13869344101597866,0,0.13869344101597866,0,0.13869344151268403,0
6039,0.1386934189746777,0,0.1386934189746777,0,0.1386934189746777,0,0.1386934189746777,0,0.16022640963395438,0,0.14300001710653304,0
6040,0.14331739279441535,0,0.14331739279441535,0,0.14331739279441535,0,0.14331739279441535,0,0.15966987679712474,0,0.14658788959495722,0
6041,0.13108966359868646,0,0.13108966359868646,0,0.13108966359868646,0,0.13108966359868646,0,1.2682047385411959,1,0.3585126785871883,1
6042,0.12592529878020287,0,0.1259253021950523,0,0.1259253021950523,0,0.12592529878020287,0,0.15096382051706314,0,0.1309330044935147,0
6043,0.12592530064284801,0,0.12592529505491257,0,0.12592529505491257,0,0.12592530126372972,0,0.15096382362147173,0,0.13093300312757492,0
6044,0.13869341757769385,0,0.13869341757769385,0,0.13869341757769385,0,0.13869341757769385,0,0.16022640699520707,0,0.1430000154611965,0
6045,0.13108966359868646,0,0.13108966359868646,0,0.13108966359868646,0,0.13108966359868646,0,0.1534252028601865,0,0.13555677145098646,0
6046,0.13869341757769385,0,0.13869341757769385,0,0.13869341757769385,0,0.13869341757769385,0,0.4535147347487509,1,0.20165768101190523,1
6047,0.13108966359868646,0,0.13108966359868646,0,0.13108966359868646,0,0.13108966359868646,0,0.1534252028601865,0,0.13555677145098646,0
6048,0.11123677863118549,0,0.11123674572445452,0,0.1112367451035728,0,0.11123678313257794,0,0.11123677490589519,0,0.11123676549953718,0
6049,0.11123646679334342,0,0.11123647191561759,0,0.11123647191561759,0,0.11123646710378428,0,0.11123646679334342,0,0.11123646890434125,0
6050,0.13108966359868646,0,0.13108966359868646,0,0.13108966359868646,0,0.13108966359868646,0,0.40971778503929573,1,0.1868152878868083,1
6051,0.14331739279441535,0,0.14331739279441535,0,0.14331739279441535,0,0.14331739279441535,0,0.23102167442751428,0,0.16085824912103514,0
6052,0.11123676093605657,0,0.11123671592213213,0,0.11123671747433643,0,0.111236763264363,0,0.11123675193327169,0,0.11123674190603197,0
6053,0.11756174204250176,0,0.1310896722910305,0,0.1310896722910305,0,0.11987760507812102,0,0.11699593455220263,0,0.12332292525097728,0
6054,0.1433173935705175,0,0.14331739294963577,0,0.1433173935705175,0,0.14331739294963577,0,0.2386820740842571,0,0.16239032942491274,0
6055,0.13869344598303238,0,0.1386934413264195,0,0.1386934413264195,0,0.13869344598303238,0,0.13869344598303238,0,0.13869344412038723,0
6056,0.16317925470260283,0,0.14331739388095835,0,0.14331739388095835,0,0.15536626048075655,0,0.11992283891110371,0,0.14502062837127594,0
6057,0.09142200866093238,0,0.13108966359868646,0,0.13108966359868646,0,0.09142200866093238,0,0.09142200866093238,0,0.10728907063603402,0
6058,0.1151847168803215,0,0.5986871852073818,1,0.14331739279441535,0,0.1151847168803215,0,0.1151847168803215,0,0.21751174572855234,1
6059,0.13869341757769385,0,0.13869341757769385,0,0.13869341757769385,0,0.13869341757769385,0,0.13869341757769385,0,0.13869341757769385,0
6060,0.1310896632882456,0,0.1310896632882456,0,0.1310896632882456,0,0.13108966359868646,0,0.1310896632882456,0,0.13108966335033376,0
6061,0.1386934189746777,0,0.1386934189746777,0,0.1386934189746777,0,0.1386934189746777,0,0.1386934189746777,0,0.1386934189746777,0
6062,0.1386934189746777,0,0.1386934189746777,0,0.1386934189746777,0,0.1386934189746777,0,0.74740771142145,1,0.2604362774640322,1
6063,0.14331739279441535,0,0.14331739279441535,0,0.14331739279441535,0,0.14331739279441535,0,0.23868207454991838,0,0.16239032914551596,0
6064,0.1310896632882456,0,0.1310896632882456,0,0.1310896632882456,0,0.1310896632882456,0,0.1310896632882456,0,0.1310896632882456,0
6065,0.1386934189746777,0,0.1386934189746777,0,0.1386934189746777,0,0.1386934189746777,0,0.1386934189746777,0,0.1386934189746777,0
6066,0.12592529505491257,0,0.12592529505491257,0,0.12592529505491257,0,0.12592529505491257,0,0.2345063133786122,0,0.1476414987196525,0
6067,0.11123646493069828,0,0.11123646493069828,0,0.11123646493069828,0,0.11123646493069828,0,0.22870092598410943,0,0.1347293571413805,0
6068,0.10804540221579373,0,0.13869341757769385,0,0.13869341757769385,0,0.07483909915511806,0,0.08861043537035584,0,0.10977635437933106,0
6069,0.14331739310485622,0,0.14331739279441535,0,0.14331739279441535,0,0.14331739310485622,0,0.23868207423947752,0,0.16239032920760416,0
6070,0.12592531880363822,0,0.12592531787231565,0,0.12592531787231565,0,0.12592531942451993,0,0.15096384178226194,0,0.13093302315101027,0
6071,0.1386934189746777,0,0.1386934189746777,0,0.1386934189746777,0,0.1386934189746777,0,0.2394593581557274,0,0.15884660681088764,0
6072,0.14331739279441535,0,0.14331739279441535,0,0.14331739279441535,0,0.14331739279441535,0,0.23868207454991838,0,0.16239032914551596,0
6073,0.12592529505491257,0,0.12592529132962227,0,0.12592529132962227,0,0.12592529505491257,0,0.2345063133786122,0,0.14764149722953637,0
6074,0.1310896632882456,0,0.1310896632882456,0,0.1310896632882456,0,0.1310896632882456,0,0.23361447965726256,0,0.15159462656204897,0
6075,0.11123645530703168,0,0.1112364554622521,0,0.1112364554622521,0,0.11123645530703168,0,0.22870091729176542,0,0.1347293477660666,0
6076,0.1310896760163208,0,0.13108967384323478,0,0.13108967384323478,0,0.1310896760163208,0,0.48106957459822297,1,0.20108565486346683,1
6077,0.12592529132962227,0,0.12592529132962227,0,0.12592529132962227,0,0.12592529132962227,0,0.12592529132962227,0,0.12592529132962227,0
6078,0.12592529132962227,0,0.12592529132962227,0,0.12592529132962227,0,0.12592529132962227,0,0.3058581128716469,1,0.16191185563802718,1
6079,0.13108966359868646,0,0.13108966359868646,0,0.13108966359868646,0,0.13108966359868646,0,0.1534252028601865,0,0.13555677145098646,0
6080,0.132159105502069,0,0.13194533018395305,0,0.13194638568287095,0,0.1321379255192975,0,0.13213751884177327,0,0.13206525314599277,0
6081,0.12592529505491257,0,0.12592529505491257,0,0.12592529505491257,0,0.12592529505491257,0,0.12592529505491257,0,0.12592529505491257,0
6082,0.13108966359868646,0,0.13108966359868646,0,0.13108966359868646,0,0.13108966359868646,0,0.13108966359868646,0,0.13108966359868646,0
6083,0.1259253021950523,0,0.1259253021950523,0,0.1259253021950523,0,0.1259253021950523,0,0.516211310091118,1,0.20398250377426544,1
6084,0.13108968595042825,0,0.13108968579520783,0,0.13108968579520783,0,0.13108968812351426,0,0.13108968595042825,0,0.1310896863229573,0
6085,0.1386934189746777,0,0.1386934189746777,0,0.1386934189746777,0,0.1386934189746777,0,0.1386934189746777,0,0.1386934189746777,0
6086,0.14331739279441535,0,0.14331739279441535,0,0.14331739279441535,0,0.14331739279441535,0,0.23868207454991838,0,0.16239032914551596,0
6087,0.12606093054637313,0,0.12603280212109289,0,0.1260331937422355,0,0.1260586897842586,0,0.1260577474410335,0,0.12604867272699874,0
6088,0.13869341757769385,0,0.13869341742247343,0,0.13869341742247343,0,0.13869341757769385,0,0.13869341757769385,0,0.13869341751560565,0
6089,0.11123645468614995,0,0.11123645530703168,0,0.11123645530703168,0,0.11123645468614995,0,0.11123645468614995,0,0.11123645493450265,0
6090,0.13108966390912732,0,0.13108966390912732,0,0.13108966390912732,0,0.13108966390912732,0,0.8332761484198272,1,0.2715269608112673,1
6091,0.138700891751796,0,0.13870003555590907,0,0.1387000665999949,0,0.13870108189682165,0,0.1387007919450601,0,0.13870057354991633,0
6092,0.1259253021950523,0,0.1259253021950523,0,0.1259253021950523,0,0.1259253021950523,0,0.516211310091118,1,0.20398250377426544,1
6093,0.049805944319814444,0,0.14331739310485622,0,0.14331739310485622,0,1.2241673852161814,1,0.057598697332044445,0,0.32364136261555054,1
6094,0.13869341866423687,0,0.13869341866423687,0,0.13869341866423687,0,0.13869341866423687,0,0.13869341866423687,0,0.13869341866423687,0
6095,0.11123646648290257,0,0.11123646648290257,0,0.11123646648290257,0,0.11123646632768214,0,0.11123646648290257,0,0.11123646645185847,0
6096,0.13869341742247343,0,0.13869341928511858,0,0.13869341928511858,0,0.13869341742247343,0,0.16022640808175007,0,0.1430000162993868,0
6097,0.12592800489316383,0,0.12592768125856915,0,0.1259277032998701,0,0.12592808405558267,0,0.23450774140655994,0,0.14764384298274913,0
6098,0.13108966390912732,0,0.13108966390912732,0,0.13108966390912732,0,0.13108966390912732,0,0.5101841577949623,1,0.20690856268629432,1
6099,0.14331739310485622,0,0.14331739310485622,0,0.14331739310485622,0,0.14331739310485622,0,0.23102167411707342,0,0.16085824930729967,0
6100,0.14587117296953997,0,0.1417390564456582,0,0.14173628762364388,0,0.14541885846604904,0,0.14548392376552025,0,0.14404985985408228,0
6101,0.12620599086706838,0,0.14347835878531137,0,0.14347817508193353,0,0.23896320870456597,0,0.11853227663474779,0,0.1541316020147254,0
6102,0.1112364639993757,0,0.11123646493069828,0,0.11123646493069828,0,0.1112364639993757,0,0.1112364639993757,0,0.11123646437190474,0
6103,0.13869344101597866,0,0.13869344225774208,0,0.13869344225774208,0,0.13869344520693025,0,0.13869344101597866,0,0.13869344235087436,0
6104,0.1386934189746777,0,0.1386934189746777,0,0.1386934189746777,0,0.1386934189746777,0,0.2394593581557274,0,0.15884660681088764,0
6105,0.13869344412038723,0,0.13869344318906465,0,0.13869344318906465,0,0.13869344862177968,0,0.13869344412038723,0,0.13869344464813668,0
6106,0.1112364639993757,0,0.11123646493069828,0,0.11123646493069828,0,0.1112364639993757,0,0.1112364639993757,0,0.11123646437190474,0
6107,0.12592529132962227,0,0.12592529132962227,0,0.12592529132962227,0,0.12592529132962227,0,0.15096381989618143,0,0.1309329970429341,0
6108,0.14331739279441535,0,0.14331739279441535,0,0.14331739279441535,0,0.14331739279441535,0,0.15966987679712474,0,0.14658788959495722,0
6109,0.13108966359868646,0,0.13108966359868646,0,0.13108966359868646,0,0.13108966359868646,0,0.13108966359868646,0,0.13108966359868646,0
6110,0.14331739279441535,0,0.14331739279441535,0,0.14331739279441535,0,0.14331739279441535,0,0.15966987679712474,0,0.14658788959495722,0
6111,0.12881476128435074,0,0.11992282847252984,0,0.15536625815245012,0,0.12881476128435074,0,0.12881476128435074,0,0.13234667409560646,0
6112,0.12592529505491257,0,0.12592529505491257,0,0.12592529505491257,0,0.12592529505491257,0,0.12592529505491257,0,0.12592529505491257,0
6113,0.13869341757769385,0,0.13869341757769385,0,0.13869341757769385,0,0.13869341757769385,0,0.13869341757769385,0,0.13869341757769385,0
6114,0.12592531430224577,0,0.1259253015741706,0,0.1259253015741706,0,0.12592531430224577,0,0.12592531430224577,0,0.1259253092110157,0
6115,0.13869341757769385,0,0.13869341742247343,0,0.13869341742247343,0,0.13869341757769385,0,0.23945935551698008,0,0.1588466051034629,0
6116,0.12592529505491257,0,0.12592529505491257,0,0.12592529505491257,0,0.12592529505491257,0,0.2223156156639258,1,0.1452033591767152,1
6117,0.12592529505491257,0,0.12592529505491257,0,0.12592529505491257,0,0.12592529505491257,0,0.12592529505491257,0,0.12592529505491257,0
6118,0.12592530126372972,0,0.12592529505491257,0,0.12592529505491257,0,0.1259253021950523,0,0.41060962341725826,1,0.18286216339717307,1
6119,0.1310896722910305,0,0.1310896760163208,0,0.1310896760163208,0,0.1310896722910305,0,0.1310896722910305,0,0.1310896737811466,0
6120,0.14331739294963577,0,0.1433173935705175,0,0.1433173935705175,0,0.14331739294963577,0,0.2386820740842571,0,0.16239032942491274,0
6121,0.14331739294963577,0,0.1433173935705175,0,0.1433173935705175,0,0.14331739294963577,0,0.1596698775732269,0,0.1465878901227067,0
6122,0.1386934189746777,0,0.1386934189746777,0,0.1386934189746777,0,0.1386934189746777,0,0.3108111557861169,1,0.17311696633696555,1
6123,0.12592529878020287,0,0.12592529878020287,0,0.12592529878020287,0,0.12592529971152544,0,0.23450631462037563,0,0.14764150213450195,0
6124,0.14331739279441535,0,0.14331739279441535,0,0.14331739279441535,0,0.14331739279441535,0,0.4147853796215107,1,0.1976109901598344,1
6125,0.13108966359868646,0,0.1310896632882456,0,0.1310896632882456,0,0.13108966359868646,0,0.13108966359868646,0,0.1310896634745101,0
6126,0.11858180056636532,0,0.11156434658914804,0,0.10153200897426966,0,0.11858180056636532,0,0.11858180056636532,0,0.11376835145250272,0
6127,0.12592529878020287,0,0.1259253021950523,0,0.1259253021950523,0,0.12592529878020287,0,0.23450631462037563,0,0.1476415033141772,0
6128,0.1310896632882456,0,0.1310896632882456,0,0.1310896632882456,0,0.1310896632882456,0,0.1310896632882456,0,0.1310896632882456,0
6129,0.10396968057223906,0,0.13108966390912732,0,0.13108966390912732,0,0.10396968057223906,0,0.10396968057223906,0,0.11481767390699435,0
6130,0.12592529878020287,0,0.1259253021950523,0,0.1259253021950523,0,0.12592529878020287,0,0.12592529878020287,0,0.12592530014614262,0
6131,0.1310896632882456,0,0.1310896632882456,0,0.1310896632882456,0,0.1310896632882456,0,0.1310896632882456,0,0.1310896632882456,0
6132,0.12592529971152544,0,0.12592529878020287,0,0.12592529878020287,0,0.12592529971152544,0,0.12592529971152544,0,0.1259252993389964,0
6133,0.16698783185953894,0,0.13869341757769385,0,0.13869341757769385,0,0.16057455586269498,0,0.1301228719530627,0,0.14701441896613687,0
6134,0.13108968595042825,0,0.13108968579520783,0,0.13108968579520783,0,0.13108968595042825,0,0.13108968595042825,0,0.13108968588834008,0
6135,0.13109171157702804,0,0.1310914826268951,0,0.131091488370051,0,0.13109176264454922,0,0.13109168224036694,0,0.13109162549177805,0
6136,0.5261786363553256,1,0.14331739279441535,0,0.14331739279441535,0,0.5204508507158607,1,0.09094729173618059,0,0.28484231287923956,1
6137,0.13108966359868646,0,0.13108966359868646,0,0.13108966359868646,0,0.13108966359868646,0,0.1534252028601865,0,0.13555677145098646,0
6138,0.13108966887618104,0,0.13108966887618104,0,0.13108966887618104,0,0.13108966887618104,0,0.2336144846243163,0,0.15159463202580808,0
6139,0.125925338982294,0,0.1259253383614123,0,0.1259253383614123,0,0.12592534301802516,0,0.1259253383614123,0,0.1259253394169112,0
6140,0.11123646493069828,0,0.11123646493069828,0,0.11123646493069828,0,0.11123646493069828,0,0.11123646493069828,0,0.11123646493069828,0
6141,0.13869341928511858,0,0.1386934189746777,0,0.1386934189746777,0,0.13869341928511858,0,0.13869341928511858,0,0.13869341916094222,0
6142,0.13869346833477417,0,0.13869346429904303,0,0.13869346429904303,0,0.13869346833477417,0,0.13869346538558602,0,0.1386934661306441,0
6143,0.11123646493069828,0,0.11123646493069828,0,0.11123646493069828,0,0.11123646493069828,0,0.11123646493069828,0,0.11123646493069828,0
6144,0.13108966359868646,0,0.13108966359868646,0,0.13108966359868646,0,0.13108966359868646,0,0.13108966359868646,0,0.13108966359868646,0
6145,0.13108969060704112,0,0.13108968905483684,0,0.13108968905483684,0,0.13108969060704112,0,0.13108969060704112,0,0.1310896899861594,0
6146,0.11123646089496712,0,0.11123646601724128,0,0.11123646601724128,0,0.11123646089496712,0,0.11123646632768214,0,0.1112364640304198,0
6147,0.14341375045478344,0,0.14190266809115806,0,0.1418626687179009,0,0.14329055262108645,0,0.14324157529821,0,0.14274224303662778,0
6148,0.13108966359868646,0,0.13108966359868646,0,0.13108966359868646,0,0.13108966359868646,0,0.23361447996770343,0,0.15159462687248987,0
6149,0.12592530079806843,0,0.12592530079806843,0,0.12592530079806843,0,0.125925301729391,0,0.22231561954443654,1,0.14520336473360657,1
6150,0.13108966359868646,0,0.13108966359868646,0,0.13108966359868646,0,0.13108966359868646,0,0.13108966359868646,0,0.13108966359868646,0
6151,0.10396968057223906,0,1.017464782577008,1,0.9739600933777789,1,0.10396968057223906,0,0.10396968057223906,0,0.4606667835343009,1
6152,0.12881475973214643,0,0.23069388551327089,0,0.14331739279441535,0,0.12881475973214643,0,0.12881475973214643,0,0.15209111150082508,0
6153,0.1386934247178336,0,0.13869342052688202,0,0.13869342052688202,0,0.1386934247178336,0,0.1386934247178336,0,0.138693423041453,0
6154,0.13108966359868646,0,0.13108966359868646,0,0.13108966359868646,0,0.13108966359868646,0,0.13108966359868646,0,0.13108966359868646,0
6155,0.12592529505491257,0,0.12592529132962227,0,0.12592529132962227,0,0.12592529505491257,0,0.12592529505491257,0,0.12592529356479645,0
6156,0.1259253021950523,0,0.1259253021950523,0,0.1259253021950523,0,0.1259253021950523,0,0.1259253021950523,0,0.1259253021950523,0
6157,0.13869341742247343,0,0.13869341928511858,0,0.13869341928511858,0,0.13869341742247343,0,0.13869341742247343,0,0.1386934181675315,0
6158,0.128814759576926,0,0.12509445337733874,0,0.1631792523742964,0,0.128814759576926,0,0.128814759576926,0,0.13494359689648264,0
6159,0.10557684279046953,0,0.1055768421695878,0,0.1055768421695878,0,0.10557684279046953,0,0.10557684232480824,0,0.10557684244898458,0
6160,0.12881475973214643,0,0.14331739279441535,0,0.14331739279441535,0,0.12881475973214643,0,0.12881475973214643,0,0.134615812957054,0
6161,0.12881475973214643,0,0.12881475973214643,0,0.1278349308607479,0,0.12881475973214643,0,0.12881475973214643,0,0.1286187939578667,0
6162,0.1112364639993757,0,0.11123646493069828,0,0.11123646493069828,0,0.1112364639993757,0,0.1112364639993757,0,0.11123646437190474,0
6163,0.1386934189746777,0,0.1386934189746777,0,0.1386934189746777,0,0.1386934189746777,0,0.1386934189746777,0,0.1386934189746777,0
6164,0.1151847168803215,0,0.1151847168803215,0,0.11337148762928943,0,0.1151847168803215,0,0.1151847168803215,0,0.1148220710301151,0
6165,0.11699592904187739,0,0.119050021089303,0,0.16376219984764853,0,0.11699592904187739,0,0.11699592904187739,0,0.12676000161251674,0
6166,0.13869344225774208,0,0.1386934417920808,0,0.1386934417920808,0,0.1386934413264195,0,0.13869344225774208,0,0.13869344188521304,0
6167,0.12881475740869064,0,0.1433173957436035,0,0.1433173957436035,0,0.12881475740869064,0,0.12881475740869064,0,0.13461581274265577,0
6168,0.11194729370375474,0,0.07749828820427258,0,0.6001888681203127,1,0.11194729370375474,0,0.11194729370375474,0,0.20270580748716988,1
6169,0.10989955347031355,0,0.14331739279441535,0,0.14331739279441535,0,0.09094729406448702,0,0.10656189437334736,0,0.11880870549939573,0
6170,0.11194729323809345,0,0.11194729316048324,0,0.11194729316048324,0,0.11194729300526281,0,0.11194729316048324,0,0.11194729314496119,0
6171,0.10396968057223906,0,0.13108966390912732,0,0.13108966390912732,0,0.11467044979023437,0,0.10396968053343396,0,0.11695782774283241,0
6172,0.12592529505491257,0,0.12592529505491257,0,0.12592529505491257,0,0.12592529505491257,0,0.12592529505491257,0,0.12592529505491257,0
6173,0.11858183502530058,0,0.12592531632011136,0,0.12592531632011136,0,0.11858183455963929,0,0.11858183502530058,0,0.12151922745009262,0
6174,0.13116515893489122,0,0.13115023728460073,0,0.13115040430178246,0,0.1311639272607863,0,0.13116350552688041,0,0.13115864666178823,0
6175,0.11699592904187739,0,0.15443902260934314,0,0.13108966359868646,0,0.11699592904187739,0,0.11699592904187739,0,0.12730329466673235,0
6176,0.1039696794662935,0,0.1310896632882456,0,0.1310896632882456,0,0.11467044726790239,0,0.1039696794662935,0,0.1169578265553961,0
6177,0.125925301729391,0,0.12592530079806843,0,0.12592530079806843,0,0.125925301729391,0,0.125925301729391,0,0.12592530135686197,0
6178,0.11518471730717768,0,0.14331739310485622,0,0.14331739310485622,0,0.11518471730717768,0,0.11518471730717768,0,0.1264377876262491,0
6179,0.12881475768032638,0,0.11992283456493169,0,0.15536625396149853,0,0.1288147604742941,0,0.12881475768032638,0,0.13234667287227542,0
6180,0.11699592896426718,0,0.11729599356961747,0,0.15443902229890227,0,0.11699592904187739,0,0.11699592896426718,0,0.12454456056778629,0
6181,0.13108967384323478,0,0.13108967384323478,0,0.13108967384323478,0,0.13108967384323478,0,0.13108967384323478,0,0.13108967384323478,0
6182,0.13191196989888945,0,0.13174711323032776,0,0.13174807000905275,0,0.1318958055538436,0,0.1318951747380197,0,0.13183962668602664,0
6183,0.1259253383614123,0,0.12592532966906825,0,0.12592532966906825,0,0.1259253383614123,0,0.1259253383614123,0,0.12592533488447466,0
6184,0.13869341757769385,0,0.13869341757769385,0,0.13869341757769385,0,0.13869341757769385,0,0.13869341757769385,0,0.13869341757769385,0
6185,0.13869509442398945,0,0.1386949010193348,0,0.13869490303720036,0,0.13869515045856437,0,0.1386950664843122,0,0.13869502308468024,0
6186,0.11194729222916067,0,0.11194729222916067,0,0.11194729222916067,0,0.11194729222916067,0,0.11194729222916067,0,0.11194729222916067,0
6187,0.13108966359868646,0,0.13108966359868646,0,0.13108966359868646,0,0.13108966359868646,0,0.13108966359868646,0,0.13108966359868646,0
6188,0.13108966359868646,0,0.1310896632882456,0,0.1310896632882456,0,0.13108966359868646,0,0.13108966359868646,0,0.1310896634745101,0
6189,0.1259253021950523,0,0.1259253021950523,0,0.1259253021950523,0,0.1259253021950523,0,0.1259253021950523,0,0.1259253021950523,0
6190,0.1386934189746777,0,0.1386934189746777,0,0.1386934189746777,0,0.1386934189746777,0,0.1386934189746777,0,0.1386934189746777,0
6191,0.11123646493069828,0,0.11123646493069828,0,0.11123646493069828,0,0.11123646493069828,0,0.11123646493069828,0,0.11123646493069828,0
6192,0.13108966359868646,0,0.13108966359868646,0,0.13108966359868646,0,0.13108966359868646,0,0.13108966359868646,0,0.13108966359868646,0
6193,0.1112365631852299,0,0.11123655992560089,0,0.11123656240912776,0,0.1112365631852299,0,0.11123656458221376,0,0.11123656265748046,0
6194,0.1386934189746777,0,0.1386934189746777,0,0.1386934189746777,0,0.1386934189746777,0,0.1386934189746777,0,0.1386934189746777,0
6195,0.13108966359868646,0,0.13108966359868646,0,0.13108966359868646,0,0.13108966390912732,0,0.13108966359868646,0,0.13108966366077462,0
6196,0.12592529505491257,0,0.12592529132962227,0,0.12592529132962227,0,0.12592529505491257,0,0.12592529505491257,0,0.12592529356479645,0
6197,0.080890285782516,0,0.11123646493069828,0,0.11123646493069828,0,0.080890285782516,0,0.080890285782516,0,0.09302875744178891,0
6198,0.13869341757769385,0,0.13869341757769385,0,0.13869341757769385,0,0.13869341757769385,0,0.13869341757769385,0,0.13869341757769385,0
6199,0.12592529505491257,0,0.12592529505491257,0,0.12592529505491257,0,0.12592529505491257,0,0.12592529505491257,0,0.12592529505491257,0
6200,0.1259253021950523,0,0.1259253021950523,0,0.1259253021950523,0,0.1259253021950523,0,0.1259253021950523,0,0.1259253021950523,0
6201,0.13869346010809144,0,0.1386934503292044,0,0.1386934503292044,0,0.13869346010809144,0,0.13869345917676887,0,0.1386934560102721,0
6202,0.1310899704694748,0,0.13108995355044803,0,0.13108995153258243,0,0.1310899700038135,0,0.13108997077991566,0,0.1310899632672469,0
6203,0.13108966359868646,0,0.13108966359868646,0,0.13108966359868646,0,0.13108966359868646,0,0.13108966359868646,0,0.13108966359868646,0
6204,0.1386934189746777,0,0.1386934189746777,0,0.1386934189746777,0,0.13869341928511858,0,0.1386934189746777,0,0.13869341903676588,0
6205,0.12592828491081795,0,0.1259279182801644,0,0.12592792805905142,0,0.12592835429434976,0,0.12592823461939892,0,0.12592814403275648,0
6206,0.12881509892758913,0,0.1553662766236812,0,0.14331769205940267,0,0.12881511169446944,0,0.12881509621123163,0,0.13702585510327484,0
6207,0.13869341757769385,0,0.13869341757769385,0,0.13869341757769385,0,0.13869341757769385,0,0.13869341757769385,0,0.13869341757769385,0
6208,0.5828363002122691,1,0.11123646493069828,0,0.11123646493069828,0,0.11123646493069828,0,0.6000393086578697,1,0.3033170007324467,1
6209,0.12783492992942533,0,0.14331739279441535,0,0.14331739279441535,0,0.12509445337733874,0,0.12881476128435074,0,0.13367578603598912,0
6210,0.12881476198284267,0,0.12881476198284267,0,0.12881476198284267,0,0.12881476198284267,0,0.12881476198284267,0,0.12881476198284267,0
6211,0.13869341866423687,0,0.13869341866423687,0,0.13869341866423687,0,0.13869341866423687,0,0.13869341866423687,0,0.13869341866423687,0
6212,0.13108966359868646,0,0.13108966359868646,0,0.13108966359868646,0,0.13108966359868646,0,0.13108966359868646,0,0.13108966359868646,0
6213,0.12881476128435074,0,0.14331739279441535,0,0.14331739279441535,0,0.12881476128435074,0,0.12881476128435074,0,0.1346158138883766,0
6214,0.13879483363901576,0,0.13877400926624736,0,0.13877424271777272,0,0.13879305434723696,0,0.13879254600033164,0,0.13878573719412088,0
6215,0.1003424352966249,0,0.11123646430981655,0,0.11123646430981655,0,0.1003424352966249,0,0.1003424352966249,0,0.10470004690190156,0
6216,0.12501795558879772,0,0.16698782859990993,0,0.16022640994439522,0,0.12501795465747514,0,0.12501795574401817,0,0.14045362090691924,0
6217,0.12592529505491257,0,0.12592529505491257,0,0.12592529505491257,0,0.12592529505491257,0,0.12592529505491257,0,0.12592529505491257,0
6218,0.12881476128435074,0,0.12881476128435074,0,0.12881476128435074,0,0.12881476128435074,0,0.12881476128435074,0,0.12881476128435074,0
6219,0.1288172046673329,0,0.16317889792844653,0,0.15967073113036653,0,0.12881716546447328,0,0.1288171445533711,0,0.14186022874879808,0
6220,0.13869794365018606,0,0.13869715497518578,0,0.13869717779258886,0,0.13869793278475603,0,0.13869786091769734,0,0.13869761402408282,0
6221,0.1541132032095144,0,0.1112373360277464,0,0.11123733509642382,0,0.1450539503712207,0,0.10258959020332743,0,0.12484628298164654,0
6222,0.11123646493069828,0,0.11123646493069828,0,0.11123646493069828,0,0.11123646493069828,0,0.11123646493069828,0,0.11123646493069828,0
6223,0.12592529505491257,0,0.12592529505491257,0,0.12592529505491257,0,0.12592529505491257,0,0.12592529505491257,0,0.12592529505491257,0
6224,0.11858180242901047,0,0.16363769707580408,0,0.15096381803353628,0,0.11858180242901047,0,0.11858180211856961,0,0.1340693844171862,0
6225,0.13869341757769385,0,0.13869341757769385,0,0.13869341757769385,0,0.13869341757769385,0,0.13869341757769385,0,0.13869341757769385,0
6226,0.1386934189746777,0,0.1386934189746777,0,0.1386934189746777,0,0.1386934189746777,0,0.1386934189746777,0,0.1386934189746777,0
6227,0.12881476128435074,0,0.12881476128435074,0,0.10989955218974501,0,0.12881476128435074,0,0.12881476128435074,0,0.1250317194654296,0
6228,0.1003424352966249,0,0.14328325764896968,0,0.11123646493069828,0,0.1003424352966249,0,0.1003424352966249,0,0.11110940569390852,0
6229,0.13108968595042825,0,0.13108968579520783,0,0.13108968579520783,0,0.13108968812351426,0,0.13108968595042825,0,0.1310896863229573,0
6230,0.13869341757769385,0,0.13869341757769385,0,0.13869341757769385,0,0.13869341757769385,0,0.13869341757769385,0,0.13869341757769385,0
6231,0.13870123897989592,0,0.13869979729255041,0,0.13869981405635676,0,0.13870116897548238,0,0.13870106249426803,0,0.1387006163597107,0
6232,0.11699593183584511,0,0.15342520161842307,0,0.13108966235692301,0,0.11699593183584511,0,0.11699593183584511,0,0.12710053189657627,0
6233,0.13108966359868646,0,0.13108966359868646,0,0.13108966359868646,0,0.13108966359868646,0,0.13108966359868646,0,0.13108966359868646,0
6234,0.1151847168803215,0,0.14331739279441535,0,0.14331739279441535,0,0.1175870419635127,0,0.1151847168803215,0,0.1269182522625973,0
6235,0.13161451990405718,0,0.13035037942851582,0,0.13036079534019032,0,0.131482336204499,0,0.1314886724576354,0,0.13105934066697955,0
6236,0.11123646493069828,0,0.11123646493069828,0,0.11123646493069828,0,0.11123646430981655,0,0.11123646493069828,0,0.11123646480652191,0
6237,0.13108966359868646,0,0.13108966359868646,0,0.13108966359868646,0,0.13108966359868646,0,0.13108966359868646,0,0.13108966359868646,0
6238,0.128814759576926,0,0.10989955218974501,0,0.5261786363553256,1,0.128814759576926,0,0.128814759576926,0,0.20450449345516972,1
6239,0.12592530995607376,0,0.12592530716210604,0,0.12592530716210604,0,0.12592530995607376,0,0.12592530995607376,0,0.12592530883848668,0
6240,0.13108966359868646,0,0.13108966359868646,0,0.13108966359868646,0,0.13108966359868646,0,0.13108966359868646,0,0.13108966359868646,0
6241,0.13108967042838535,0,0.13108967042838535,0,0.13108967042838535,0,0.13108967042838535,0,0.13108967042838535,0,0.13108967042838535,0
6242,0.13869344303384423,0,0.13869344225774208,0,0.13869344225774208,0,0.13869344598303238,0,0.13869344101597866,0,0.13869344290966787,0
6243,0.11123646493069828,0,0.11123646493069828,0,0.11123646493069828,0,0.11123646493069828,0,0.11123646493069828,0,0.11123646493069828,0
6244,0.11123681107225518,0,0.1112367536406964,0,0.11123675658988456,0,0.11123681790195405,0,0.11123681293490033,0,0.1112367904279381,0
6245,0.13869345917676887,0,0.13869345048442483,0,0.13869345048442483,0,0.13869346010809144,0,0.13869345312317213,0,0.13869345467537644,0
6246,0.138693462125957,0,0.1386934593319893,0,0.1386934593319893,0,0.13869346088419357,0,0.138693462125957,0,0.13869346076001723,0
6247,0.13869344163686037,0,0.13869343791157007,0,0.13869343791157007,0,0.13869344225774208,0,0.13869344225774208,0,0.13869344039509693,0
6248,0.1310897123379012,0,0.1310897070604066,0,0.13108970674996576,0,0.13108971218268076,0,0.13108970814694962,0,0.13108970929558078,0
6249,0.13869341680159172,0,0.13869341680159172,0,0.13869341680159172,0,0.13869341680159172,0,0.13869341680159172,0,0.13869341680159172,0
