cited,cites
W2194775991,W1536680647
W2194775991,W1677182931
W2194775991,W1836465849
W2194775991,W1903029394
W2194775991,W2097117768
W2194775991,W2117539524
W2194775991,W2613718673
W2194775991,W639708223
W1901129140,W1677182931
W1901129140,W1903029394
W1951724000,W2172199324
W2919115771,W2145339207
W639708223,W1536680647
W639708223,W1903029394
W639708223,W2097117768
W639708223,W2117539524
W639708223,W2194775991
W639708223,W2618530766
W639708223,W639708223
W2963446712,W1677182931
W2963446712,W1836465849
W2963446712,W1903029394
W2963446712,W2097117768
W2963446712,W2117539524
W2963446712,W2183341477
W2963446712,W2194775991
W2963446712,W2302255633
W2963446712,W2964137095
W2963037989,W1536680647
W2963037989,W2097117768
W2963037989,W2109255472
W2963037989,W2117539524
W2963037989,W639708223
W2896457183,W2525778437
W2896457183,W2962739339
W2896457183,W2963403868
W2896457183,W2963748441
W2618530766,W2097117768
W2618530766,W2194775991
W2799524357,W2311203695
W1903029394,W2097117768
W2963341956,W2962739339
W2963341956,W2963403868
W2963341956,W2963748441
W3106250896,W1536680647
W3106250896,W1903029394
W3106250896,W2097117768
W3106250896,W2117539524
W3106250896,W2183341477
W3106250896,W2194775991
W3106250896,W2613718673
W3106250896,W2949117887
W3106250896,W2963037989
W3106250896,W639708223
W2183341477,W1677182931
W2183341477,W1836465849
W2183341477,W1903029394
W2183341477,W2097117768
W2183341477,W2117539524
W2183341477,W3099206234
W2891378911,W2105321265
W2963150697,W1536680647
W2963150697,W1903029394
W2963150697,W2194775991
W2963150697,W2274287116
W2963150697,W2549139847
W2963150697,W2559085405
W2963150697,W2565639579
W2963150697,W2613718673
W2963150697,W2964350391
W2963150697,W603908379
W2963150697,W639708223
W2565639579,W1536680647
W2565639579,W1901129140
W2565639579,W1903029394
W2565639579,W2117539524
W2565639579,W2194775991
W2565639579,W2307770531
W2565639579,W2613718673
W2565639579,W2963150697
W2565639579,W2964137095
W2565639579,W3106250896
W2565639579,W639708223
W2161374186,W2169205464
W1836465849,W1677182931
W2752782242,W1514535095
W2752782242,W1677182931
W2752782242,W1836465849
W2752782242,W1903029394
W2752782242,W2097117768
W2752782242,W2117539524
W2752782242,W2183341477
W2752782242,W2194775991
W2752782242,W2274287116
W2752782242,W2302255633
W2752782242,W2307770531
W2752782242,W2531409750
W2752782242,W2549139847
W2752782242,W2612445135
W2752782242,W2613718673
W2752782242,W2884585870
W2752782242,W2951104886
W2752782242,W2963125010
W2752782242,W2963403868
W2752782242,W2963446712
W2752782242,W2964081807
W2752782242,W2964137095
W2752782242,W2964350391
W2752782242,W4297775537
W2752782242,W603908379
W2752782242,W639708223
W2963351448,W1536680647
W2963351448,W1903029394
W2963351448,W2194775991
W2963351448,W2565639579
W2963351448,W2570343428
W2963351448,W2613718673
W2963351448,W2963037989
W2963351448,W2963150697
W2963351448,W2964350391
W2963351448,W3106250896
W2963351448,W639708223
W2963163009,W2097117768
W2963163009,W2117539524
W2963163009,W2194775991
W2963163009,W2274287116
W2963163009,W2412782625
W2963163009,W2531409750
W2963163009,W2549139847
W2963163009,W2570343428
W2963163009,W2612445135
W2963163009,W2613718673
W2963163009,W2618530766
W2963163009,W2630837129
W2963163009,W2963125010
W2963163009,W2964081807
W2963163009,W2964350391
W2963163009,W3106250896
W2963163009,W4297775537
W2963163009,W639708223
W2963073614,W1836465849
W2963073614,W1901129140
W2963073614,W1903029394
W2963073614,W1905829557
W2963073614,W2099471712
W2963073614,W2117539524
W2963073614,W2173520492
W2963073614,W2331128040
W2963073614,W2340897893
W2963073614,W2475287302
W2963073614,W2949117887
W2963073614,W2963373786
W2963073614,W2963420272
W2963073614,W2963470893
W2963073614,W2963684088
W2962793481,W1903029394
W2962793481,W1905829557
W2962793481,W2099471712
W2962793481,W2117539524
W2962793481,W2173520492
W2962793481,W2194775991
W2962793481,W2331128040
W2962793481,W2340897893
W2962793481,W2475287302
W2962793481,W2963073614
W2962793481,W2963373786
W2962793481,W2963420272
W2962793481,W2963470893
W2962793481,W2963684088
W2412782625,W1536680647
W2412782625,W1901129140
W2412782625,W1903029394
W2412782625,W1905829557
W2412782625,W2097117768
W2412782625,W2194775991
W2412782625,W2271840356
W2412782625,W2302255633
W2412782625,W2340897893
W2412782625,W2613718673
W2412782625,W2963840672
W2412782625,W2963881378
W2412782625,W3106250896
W2412782625,W639708223
W2951912016,W2774072836
W2774486220,W1951724000
W2774486220,W2254509181
W1677182931,W1536680647
W1677182931,W1836465849
W1677182931,W2097117768
W1677182931,W2117539524
W1677182931,W2949117887
W3003668884,W2470646526
W3003668884,W3002539152
W3099878876,W2120575449
W3099878876,W2252795400
W3099878876,W2271840356
W3099878876,W2953384591
W3099878876,W2970971581
W3099878876,W3103145119
W3099878876,W3105353888
W3099878876,W4295312788
W2884585870,W1514535095
W2884585870,W2097117768
W2884585870,W2183341477
W2884585870,W2194775991
W2884585870,W2274287116
W2884585870,W2295107390
W2884585870,W2302255633
W2884585870,W2531409750
W2884585870,W2549139847
W2884585870,W2612445135
W2884585870,W2613718673
W2884585870,W2752782242
W2884585870,W2962858109
W2884585870,W2963446712
W2884585870,W2964137095
W2884585870,W2964350391
W2884585870,W3106250896
W2884585870,W603908379
W2963276645,W1973094248
W2963276645,W2401404581
W2963276645,W2504691963
W2963276645,W2766903152
W2963276645,W2807194798
W2570343428,W1536680647
W2570343428,W1836465849
W2570343428,W2097117768
W2570343428,W2117539524
W2570343428,W2194775991
W2570343428,W2274287116
W2570343428,W2949117887
W2570343428,W2963037989
W2570343428,W2964350391
W2570343428,W3106250896
W2570343428,W639708223
W2949117887,W1677182931
W2963881378,W1677182931
W2963881378,W1836465849
W2963881378,W1901129140
W2963881378,W1903029394
W2963881378,W1905829557
W2963881378,W2097117768
W2963881378,W2117539524
W2963881378,W2340897893
W2963881378,W2949117887
W2963881378,W2963840672
W2905811773,W2138071797
W2905811773,W2167344400
W2905811773,W2223470559
W2905811773,W2783817214
W2962858109,W1895577753
W2962858109,W1903029394
W2962858109,W1905882502
W2962858109,W1933349210
W2962858109,W2194775991
W2962858109,W2257979135
W2962858109,W2282821441
W2962858109,W2295107390
W2965373594,W2899663614
W2965373594,W2899771611
W2965373594,W2962784628
W2965373594,W2963323070
W2965373594,W2963341956
W2965373594,W2963403868
W2965373594,W2963748441
W2965373594,W2970597249
W2531409750,W1821462560
W2531409750,W1836465849
W2531409750,W2097117768
W2531409750,W2117539524
W2531409750,W2183341477
W2531409750,W2194775991
W2531409750,W2274287116
W2531409750,W2963285578
W2531409750,W2964350391
W2531409750,W4297775537
W2900569176,W1989277387
W2900569176,W2128601422
W2900569176,W2537623931
W2900569176,W2559588208
W2900569176,W4210702584
W2257979135,W2145339207
W2257979135,W2919115771
W3094502228,W2194775991
W3094502228,W2949117887
W3094502228,W2963091558
W3094502228,W2963341956
W3094502228,W2981689412
W3094502228,W3035524453
W3094502228,W3096609285
W2737217596,W2037496050
W2737217596,W2565282363
W2613718673,W1903029394
W2613718673,W2117539524
W2560023338,W1836465849
W2560023338,W1903029394
W2560023338,W2097117768
W2560023338,W2194775991
W2560023338,W2340897893
W2560023338,W2412782625
W2560023338,W2963840672
W2560023338,W2963881378
W2949177718,W2069089843
W2949177718,W2341539131
W2949177718,W2747877289
W2949177718,W2766437506
W2949177718,W2794480084
W2949177718,W2794521141
W2949177718,W2951506174
W2949177718,W2997280954
W2593436234,W2177317049
W2252795400,W4234856688
W2964309882,W1821462560
W2964309882,W1901129140
W2964309882,W1903029394
W2964309882,W1905829557
W2964309882,W2097117768
W2964309882,W2117539524
W2964309882,W2194775991
W2964309882,W2271840356
W2964309882,W2307770531
W2964309882,W2340897893
W2964309882,W2412782625
W2964309882,W2531409750
W2964309882,W2549139847
W2964309882,W2560023338
W2964309882,W2565639579
W2964309882,W2601564443
W2964309882,W2612445135
W2964309882,W2630837129
W2964309882,W2737258237
W2964309882,W2949117887
W2964309882,W2963125010
W2964309882,W2963881378
W2964309882,W2964081807
W2964350391,W1836465849
W2964350391,W2097117768
W2964350391,W2117539524
W2964350391,W2183341477
W2964350391,W2194775991
W2282821441,W1514535095
W2282821441,W1905882502
W2282821441,W2097117768
W2963420686,W1514535095
W2963420686,W1677182931
W2963420686,W1836465849
W2963420686,W1903029394
W2963420686,W2097117768
W2963420686,W2117539524
W2963420686,W2183341477
W2963420686,W2194775991
W2963420686,W2302255633
W2963420686,W2307770531
W2963420686,W2531409750
W2963420686,W2549139847
W2963420686,W2612445135
W2963420686,W2613718673
W2963420686,W2884585870
W2963420686,W2951104886
W2963420686,W2963125010
W2963420686,W2963403868
W2963420686,W2963446712
W2963420686,W2964081807
W2963420686,W2964137095
W2963420686,W2964350391
W2963420686,W4297775537
W2963420686,W4385245566
W2963420686,W603908379
W2963420686,W639708223
W2928665623,W1989277387
W2928665623,W2345356016
W2928665623,W2767891136
W2592929672,W1901129140
W2592929672,W1903029394
W2592929672,W1905882502
W2592929672,W2097117768
W2592929672,W2099471712
W2592929672,W2117539524
W2592929672,W2194775991
W2592929672,W2253429366
W2592929672,W2271840356
W2592929672,W2302255633
W2592929672,W2346062110
W2592929672,W2464708700
W2592929672,W2504150216
W2592929672,W2533800772
W2592929672,W2557738935
W2592929672,W2581082771
W2592929672,W2919115771
W2592929672,W2949650786
W2592929672,W2962914239
W2794480084,W2069089843
W2794480084,W2102212449
W2794480084,W2135937351
W2794480084,W2146512944
W2794480084,W2332292689
W2794480084,W2345356016
W2794480084,W2951506174
W2963470893,W1677182931
W2963470893,W1836465849
W2963470893,W1885185971
W2963470893,W1930824406
W2963470893,W2097117768
W2963470893,W2099471712
W2963470893,W2117539524
W2963470893,W2194775991
W2963470893,W2214802144
W2963470893,W2302255633
W2963470893,W2331128040
W2963470893,W2475287302
W2963470893,W2476548250
W2963470893,W2503339013
W2963470893,W2963684088
W2169205464,W1714980748
W2169205464,W2161374186
W2169205464,W2169205464
W2804822363,W2949223833
W2804822363,W4210702584
W2581082771,W2097117768
W2581082771,W2117539524
W2581082771,W2145339207
W2581082771,W2183341477
W2581082771,W2194775991
W2581082771,W2257979135
W2581082771,W2919115771
W2581082771,W2949117887
W3103145119,W2252795400
W3103145119,W2765081049
W2962739339,W2296283641
W2962739339,W2493916176
W2962739339,W2963748441
W2725897987,W2271840356
W2725897987,W2560167313
W2736601468,W1191599655
W2736601468,W1771410628
W2736601468,W2145339207
W2549139847,W1536680647
W2549139847,W1677182931
W2549139847,W1836465849
W2549139847,W1903029394
W2549139847,W2097117768
W2549139847,W2117539524
W2549139847,W2183341477
W2549139847,W2194775991
W2549139847,W2274287116
W2549139847,W2302255633
W2549139847,W2525778437
W2549139847,W2613718673
W2549139847,W2949382160
W2549139847,W2963150697
W2549139847,W2964137095
W2549139847,W2964350391
W2549139847,W639708223
W2964849163,W2102278945
W3036319615,W2406250479
W2340897893,W1536680647
W2340897893,W1903029394
W2340897893,W2117539524
W2340897893,W2613718673
W2340897893,W2919115771
W2340897893,W2963840672
W2340897893,W2963881378
W2340897893,W639708223
W2395611524,W1901129140
W2395611524,W1903029394
W2395611524,W2097117768
W2395611524,W2109255472
W2395611524,W2618530766
W2395611524,W2963840672
W2395611524,W639708223
W3005235420,W1900937478
W3005235420,W2614081736
W3005235420,W2917207851
W3005235420,W2949867654
W3005235420,W2951464304
W3005235420,W2952045272
W3005235420,W2963276645
W2963091558,W1522734439
W2963091558,W1677182931
W2963091558,W1836465849
W2963091558,W1947481528
W2963091558,W2117539524
W2963091558,W2194775991
W2963091558,W2549139847
W2963091558,W2565639579
W2963091558,W2619947201
W2963091558,W2949382160
W2963091558,W2963150697
W2963091558,W2963403868
W2963091558,W2963524571
W2963091558,W4385245566
W2963091558,W639708223
W3012099172,W3008696669
W2592811885,W2323326409
W2331128040,W1885185971
W2331128040,W1903029394
W2331128040,W1905829557
W2331128040,W1930824406
W2331128040,W2117539524
W2331128040,W2194775991
W2331128040,W2475287302
W2331128040,W2949117887
W2331128040,W2963684088
W2899283552,W2239232218
W2899283552,W2271840356
W2899283552,W2557283755
W2109255472,W2097117768
W2109255472,W2117539524
W2109255472,W2618530766
W2295107390,W2097117768
W2295107390,W2117539524
W3035524453,W1536680647
W3035524453,W1836465849
W3035524453,W1903029394
W3035524453,W2099471712
W3035524453,W2194775991
W3035524453,W2302255633
W3035524453,W2340897893
W3035524453,W2412782625
W3035524453,W2549139847
W3035524453,W2565639579
W3035524453,W2613718673
W3035524453,W2798991696
W3035524453,W2842511635
W3035524453,W2896457183
W3035524453,W2963150697
W3035524453,W2963341956
W3035524453,W2963420272
W3035524453,W3005680577
W3035524453,W4297808394
W3035524453,W639708223
W2302255633,W1677182931
W2302255633,W2097117768
W2302255633,W2117539524
W2302255633,W2183341477
W2302255633,W2194775991
W2302255633,W2274287116
W2302255633,W2949117887
W2302255633,W2963285578
W3126081245,W4236290419
W3096609285,W2194775991
W3096609285,W2565639579
W3096609285,W2896457183
W3096609285,W2962766617
W3096609285,W2962914239
W3096609285,W2963037989
W3096609285,W2963091558
W3096609285,W2963150697
W3096609285,W2963351448
W3096609285,W2963403868
W3096609285,W2964241181
W3096609285,W2964308564
W3096609285,W2970971581
W3096609285,W2982770724
W3096609285,W3106250896
W3096609285,W639708223
W2493916176,W2962784628
W2953384591,W2099471712
W2953384591,W2117539524
W2953384591,W2145339207
W2953384591,W2949117887
W2953384591,W2949650786
W2193503481,W1992193293
W2954996726,W1901129140
W2954996726,W1903029394
W2954996726,W1936750108
W2954996726,W2099471712
W2954996726,W2173520492
W2954996726,W2194775991
W2954996726,W2331128040
W2954996726,W2395579298
W2954996726,W2402144811
W2954996726,W2581082771
W2954996726,W2592929672
W2954996726,W2593414223
W2954996726,W2618530766
W2954996726,W2949117887
W2954996726,W2953106684
W2954996726,W2962760235
W2954996726,W2963207607
W2954996726,W2963446712
W2954996726,W2963470893
W2954996726,W2964024144
W2954996726,W3099206234
W2271840356,W2097117768
W2271840356,W2949117887
W2345356016,W1533942137
W2900756811,W2207291742
W2560609797,W1644641054
W2560609797,W1920022804
W2560609797,W2211722331
W2560609797,W603908379
W2763766763,W2149868499
W3096831136,W2099471712
W3096831136,W2559655401
W3096831136,W2612690371
W2513506562,W1999167944
W1522734439,W1947481528
W2786358356,W1951724000
W2786358356,W2749069611
W3018757597,W1536680647
W3018757597,W1677182931
W3018757597,W1903029394
W3018757597,W1936750108
W3018757597,W2109255472
W3018757597,W2183341477
W3018757597,W2194775991
W3018757597,W2279098554
W3018757597,W2412782625
W3018757597,W2549139847
W3018757597,W2565639579
W3018757597,W2570343428
W3018757597,W2612445135
W3018757597,W2613718673
W3018757597,W2765407302
W3018757597,W2796347433
W3018757597,W2884585870
W3018757597,W2949117887
W3018757597,W2955425717
W3018757597,W2962766617
W3018757597,W2963037989
W3018757597,W2963125010
W3018757597,W2963150697
W3018757597,W2963163009
W3018757597,W2963351448
W3018757597,W2963420686
W3018757597,W2963446712
W3018757597,W2963454111
W3018757597,W2963857746
W3018757597,W2964241181
W3018757597,W2982083293
W3018757597,W2982770724
W3018757597,W2997747012
W3018757597,W3035414587
W3018757597,W3106250896
W2766447205,W2145339207
W2766447205,W2192203593
W2766447205,W2194775991
W2766447205,W2257979135
W2766447205,W2919115771
W2766447205,W2949117887
W2766447205,W2964043796
W1902237438,W1514535095
W1902237438,W2964308564
W1885185971,W1930824406
W1885185971,W2618530766
W3099206234,W2097117768
W2962785568,W2117539524
W2962785568,W2242218935
W2962785568,W2279098554
W2962785568,W2331128040
W2962785568,W2475287302
W2962785568,W2963073614
W2962785568,W2963372104
W2962785568,W2963420272
W2962785568,W2963470893
W2754799758,W1780778418
W2754799758,W2305278139
W2754799758,W2524597629
W2607129810,W1533942137
W2607129810,W2012034410
W2612445135,W1821462560
W2612445135,W2117539524
W2612445135,W2119144962
W2612445135,W2183341477
W2612445135,W2194775991
W2612445135,W2274287116
W2612445135,W2279098554
W2612445135,W2949117887
W2612445135,W2953106684
W2612445135,W3099206234
W2612445135,W3106250896
W2884561390,W1536680647
W2884561390,W1903029394
W2884561390,W2194775991
W2884561390,W2274287116
W2884561390,W2549139847
W2884561390,W2565639579
W2884561390,W2570343428
W2884561390,W2613718673
W2884561390,W2963037989
W2884561390,W2963150697
W2884561390,W2964350391
W2884561390,W3106250896
W2884561390,W639708223
W2963524571,W1522734439
W2963524571,W1836465849
W2963524571,W1947481528
W2963524571,W2194775991
W2963524571,W2271840356
W2963524571,W2507009361
W2963524571,W2613718673
W2963524571,W2619947201
W2963524571,W2949117887
W2963524571,W639708223
W2611772571,W1989120577
W2611772571,W2607030186
W2611772571,W2611772571
W2962770929,W2475287302
W2962770929,W2603777577
W2962770929,W2804078698
W2962770929,W2962785568
W2962770929,W2963373786
W2962770929,W2963800363
W2962770929,W2963890275
W2962770929,W4294643831
W2962770929,W4295521014
W2962770929,W4301206121
W2962914239,W1677182931
W2962914239,W1901129140
W2962914239,W1903029394
W2962914239,W2194775991
W2962914239,W2464708700
W2901669506,W2105321265
W2901669506,W2891378911
W3001195213,W2903899730
W2559588208,W2110256992
W2559588208,W2173732482
W2559588208,W2178043251
W2239306219,W1495403436
W2239306219,W2239306219
W1897139626,W1767470961
W1901616594,W2145339207
W1901616594,W2618530766
W2963857521,W1821462560
W2963857521,W2117539524
W2963857521,W2145339207
W2963857521,W2183341477
W2963857521,W2194775991
W2963857521,W2243397390
W2963857521,W2257979135
W2963857521,W2963285578
W2963857521,W2964082701
W2963125010,W1821462560
W2963125010,W1836465849
W2963125010,W1895577753
W2963125010,W1903029394
W2963125010,W2097117768
W2963125010,W2117539524
W2963125010,W2119144962
W2963125010,W2183341477
W2963125010,W2194775991
W2963125010,W2279098554
W2963125010,W2300242332
W2963125010,W2302255633
W2963125010,W2531409750
W2963125010,W2549139847
W2963125010,W2613718673
W2963125010,W2752782242
W2963125010,W2949117887
W2963125010,W2963420686
W2963125010,W2964081807
W2963125010,W2964350391
W2963125010,W4297775537
W2963125010,W639708223
W1617145133,W1617145133
W1617145133,W2098082628
W1617145133,W2141970008
W1617145133,W2170552969
W1617145133,W2470481127
W1617145133,W2527824850
W3136918052,W4210702584
W2508457857,W1677182931
W2508457857,W1836465849
W2508457857,W1930824406
W2508457857,W1963882359
W2508457857,W2097117768
W2508457857,W2194775991
W2508457857,W2242218935
W2508457857,W2618530766
W2508457857,W2949117887
W2463195069,W1973094248
W2463195069,W1989277387
W2463195069,W2110256992
W2970641574,W2896457183
W2970641574,W2963341956
W2970641574,W2963403868
W2970641574,W2965373594
W2970641574,W2970597249
W2970641574,W3099206234
W2970641574,W4385245566
W2895486342,W2082704080
W2895486342,W2104549677
W2895486342,W2256016639
W2895486342,W2511515754
W2177603935,W1992769383
W2177603935,W4236463097
W2962784628,W1902237438
W2962784628,W2964308564
W3083406432,W2734356283
W3083406432,W3007643904
W3083406432,W3083406432
W3083406432,W3136918052
W2883251903,W1973094248
W2963864421,W2145339207
W2963864421,W2949117887
W2534691303,W2261135145
W2630837129,W2271840356
W2749069611,W1951724000
W2749069611,W2577537660
W2102212449,W2069089843
W2102212449,W2135937351
W3092861045,W1617145133
W3092861045,W2751884637
W3092861045,W2899773405
W3092861045,W2909678677
W3092861045,W2912654919
W3092861045,W3092849554
W3092861045,W3159281654
W1514535095,W1895577753
W1514535095,W1905882502
W1514535095,W1947481528
W1514535095,W2097117768
W1514535095,W2618530766
W1514535095,W2964308564
W2174661749,W2060427373
W2579533542,W2206071891
W2790166049,W2118836230
W2790166049,W2232384272
W2341539131,W2076154138
W2341539131,W2135937351
W2791453970,W1617145133
W2791453970,W1972643702
W2791453970,W2419228228
W2791453970,W2527824850
W2899760200,W2544360569
W2242218935,W1677182931
W2242218935,W1885185971
W2242218935,W1963882359
W2242218935,W2557283755
W2963857746,W1536680647
W2963857746,W1836465849
W2963857746,W1901129140
W2963857746,W1903029394
W2963857746,W2109255472
W2963857746,W2194775991
W2963857746,W2302255633
W2963857746,W2340897893
W2963857746,W2549139847
W2963857746,W2560023338
W2963857746,W2565639579
W2963857746,W2601564443
W2963857746,W2613718673
W2963857746,W2752782242
W2963857746,W2963150697
W2963857746,W2963351448
W2963857746,W2963420686
W2963857746,W2963446712
W2963857746,W2964350391
W2963857746,W3106250896
W2963857746,W639708223
W2793435880,W2503161491
W2952167528,W2950354111
W2417483443,W1533942137
W2417483443,W2060427373
W2417483443,W2417483443
W2559085405,W1936750108
W2559085405,W2194775991
W2559085405,W2307770531
W2559085405,W3106250896
W2762367303,W2124192278
W2762367303,W2279780730
W2762367303,W2324464036
W2762367303,W2503161491
W2953106684,W1903029394
W2803072880,W2104549677
W2803072880,W2113699335
W2803072880,W2195783463
W2803072880,W2324862792
W2803072880,W2613603864
W2577537660,W2577537660
W3034999214,W2606974598
W3034999214,W2899663614
W3034999214,W2949615363
W3034999214,W2962739339
W3034999214,W2963341956
W3034999214,W2963403868
W3034999214,W2963748441
W3034999214,W2965373594
W3034999214,W2970597249
W3034999214,W2996428491
W3034999214,W4288089799
W3034999214,W4385245566
W3107527779,W1989277387
W3107527779,W2110256992
W3107527779,W2896002881
W3107527779,W2898402099
W3107527779,W2911489562
W3107527779,W2950595506
W3107527779,W3136918052
W2786672974,W2750384547
W2786672974,W2902652978
W2768348081,W3102476541
W2557738935,W2117539524
W2557738935,W2919115771
W2173520492,W2099471712
W2173520492,W2949117887
W3014067025,W3003217347
W3014067025,W3004280078
W3014067025,W3004318991
W3014067025,W3004348779
W3014067025,W3007643904
W3014067025,W3008394341
W3014067025,W3009335299
W3014067025,W3009912996
W2800392236,W1973094248
W2800392236,W2069089843
W2800392236,W2102212449
W2800392236,W2747877289
W2800392236,W2919115771
W2800392236,W2951506174
W2796347433,W2949650786
W2796347433,W2953106684
W2979826702,W2896457183
W2979826702,W2962739339
W2979826702,W2965373594
W2979826702,W2970597249
W2979826702,W2978017171
W2979826702,W2996428491
W2979826702,W3034999214
W2979826702,W4288089799
W2979826702,W4385245566
W2963372104,W1901129140
W2963372104,W1930824406
W2963372104,W2194775991
W2963372104,W2214802144
W2963372104,W2242218935
W2963372104,W2274287116
W2963372104,W2476548250
W2963372104,W2503339013
W2963372104,W2963470893
W2963372104,W2964350391
W3005680577,W2097117768
W3005680577,W2099471712
W3005680577,W2117539524
W3005680577,W2194775991
W3005680577,W2798991696
W3005680577,W2842511635
W3005680577,W2949117887
W3005680577,W3099206234
W2984472267,W2146512944
W2984472267,W2345356016
W2984472267,W2766437506
W2984472267,W2786672974
W2984472267,W2794480084
W2984472267,W2794521141
W2984472267,W2889326414
W2984472267,W2902652978
W2984472267,W2951506174
W2884436604,W1901129140
W2884436604,W1903029394
W2884436604,W2346062110
W2884436604,W2395611524
W2884436604,W2963150697
W2884436604,W2963446712
W2565277564,W1622878345
W2565277564,W1732240353
W2565277564,W2216357226
W2565277564,W2342540942
W2402144811,W2097117768
W2402144811,W2117539524
W2402144811,W2122465391
W2402144811,W2145339207
W2402144811,W2194775991
W2402144811,W2525778437
W2402144811,W2618530766
W2402144811,W2949117887
W2476548250,W1522734439
W2476548250,W1885185971
W2476548250,W1903029394
W2476548250,W2097117768
W2476548250,W2117539524
W1895577753,W1836465849
W1895577753,W1956340063
W1895577753,W2117539524
W1895577753,W2949117887
W1895577753,W2964308564
W2981731882,W1514535095
W2981731882,W1821462560
W2981731882,W1947481528
W2981731882,W2282821441
W2981731882,W2295107390
W2981731882,W2412247133
W2981731882,W2493343568
W2981731882,W2559655401
W2981731882,W2594633041
W2981731882,W2612690371
W2981731882,W2891503716
W2981731882,W2945976633
W2981731882,W2962858109
W2981731882,W2962862931
W2981731882,W2963095307
W2981731882,W2963703618
W2981731882,W4297957988
W2805983714,W1533942137
W2805983714,W2104549677
W2805983714,W2113699335
W2805983714,W2195783463
W2805983714,W2324862792
W2805983714,W2613603864
W2805983714,W2725988230
W2805983714,W2803072880
W603908379,W1514535095
W603908379,W1836465849
W3112376646,W2051978340
W3112376646,W2950595506
W3112376646,W3136918052
W3112376646,W4210702584
W1989277387,W1989277387
W1989277387,W2128601422
W2279098554,W1677182931
W2279098554,W2119144962
W2279098554,W2274287116
W2279098554,W2949117887
W2279098554,W2949650786
W2279098554,W2963881378
W3034971973,W1536680647
W3034971973,W2194775991
W3034971973,W2531409750
W3034971973,W2549139847
W3034971973,W2565639579
W3034971973,W2570343428
W3034971973,W2613718673
W3034971973,W2796347433
W3034971973,W2955425717
W3034971973,W2963150697
W3034971973,W2963351448
W3034971973,W2963857746
W3034971973,W2964241181
W3034971973,W2964309882
W3034971973,W2982083293
W3034971973,W2982770724
W3034971973,W3106250896
W3034971973,W4293584584
W3034971973,W639708223
W1689711448,W1947481528
W2955058313,W1901129140
W2955058313,W1903029394
W2955058313,W2340897893
W2955058313,W2412782625
W2955058313,W2560023338
W2955058313,W2630837129
W2955058313,W2804078698
W2955058313,W2963091558
W2955058313,W2963403868
W2955058313,W4385245566
W2964081807,W1836465849
W2964081807,W2097117768
W2964081807,W2183341477
W2964081807,W2194775991
W2964081807,W2274287116
W2964081807,W2302255633
W2964081807,W2531409750
W2964081807,W2549139847
W2964081807,W2565639579
W2964081807,W2604763608
W2964081807,W2612445135
W2964081807,W2613718673
W2964081807,W2736601468
W2964081807,W2752782242
W2964081807,W2753160622
W2964081807,W2949117887
W2964081807,W2963125010
W2964081807,W2963263347
W2964081807,W2963285578
W2964081807,W2963351448
W2964081807,W2963420686
W2964081807,W2963446712
W2964081807,W2964350391
W2964081807,W3099206234
W2964081807,W4297775537
W2964081807,W639708223
W2945976633,W1731081199
W2945976633,W2493343568
W2945976633,W2963125461
W2582561810,W1686065478
W2582561810,W2303924600
W2173732482,W1767470961
W2593815020,W2321696461
W3095583226,W2224056471
W3095583226,W2898402099
W3095583226,W3136918052
W2982083293,W1821462560
W2982083293,W1903029394
W2982083293,W2117539524
W2982083293,W2274287116
W2982083293,W2279098554
W2982083293,W2300242332
W2982083293,W2340897893
W2982083293,W2412782625
W2982083293,W2560023338
W2982083293,W2612445135
W2982083293,W2630837129
W2982083293,W2752782242
W2982083293,W2951104886
W2982083293,W2963122961
W2982083293,W2963125010
W2982083293,W2963420686
W2982083293,W2964081807
W2982083293,W2964309882
W2982083293,W2964350391
W2982083293,W4297775537
W2756283300,W1568955415
W2756283300,W1622878345
W2756283300,W1732240353
W2756283300,W2216357226
W2756283300,W2264050319
W2756283300,W2565277564
W2973457155,W2734356283
W2973457155,W2786390877
W3015197879,W3004318991
W3015197879,W3006659024
W3015197879,W3007643904
W3015197879,W3009090768
W3015197879,W3009912996
W2964043796,W1191599655
W2964043796,W1771410628
W2964043796,W2145339207
W2964043796,W2155968351
W2964043796,W2173564293
W2510875395,W1973094248
W2510875395,W2102278945
W2510875395,W2104005232
W2510875395,W2146512944
W2115709314,W1556631438
W2605350416,W2194775991
W2605350416,W2475334473
W2762087180,W2265062179
W2762087180,W2549188196
W2601564443,W1536680647
W2601564443,W1903029394
W2601564443,W2194775991
W2601564443,W2274287116
W2601564443,W2340897893
W2601564443,W2412782625
W2601564443,W2565639579
W2601564443,W2613718673
W2601564443,W2963037989
W2601564443,W2963840672
W2601564443,W2964350391
W2601564443,W3106250896
W2601564443,W603908379
W2601564443,W639708223
W2464708700,W1901129140
W2464708700,W1903029394
W2464708700,W2183341477
W2464708700,W2949117887
W2475287302,W1903029394
W2475287302,W1905829557
W2475287302,W2117539524
W2475287302,W2331128040
W2475287302,W2603777577
W2475287302,W2949117887
W3101998545,W1677182931
W3101998545,W1834627138
W2580035316,W2529052661
W2964241181,W1536680647
W2964241181,W2109255472
W2964241181,W2194775991
W2964241181,W2565639579
W2964241181,W2601564443
W2964241181,W2613718673
W2964241181,W2963037989
W2964241181,W2963150697
W2964241181,W2963351448
W2964241181,W3106250896
W2964241181,W639708223
W2256742438,W2179036997
W2969985801,W1836465849
W2969985801,W2194775991
W2969985801,W2271840356
W2969985801,W2325939864
W2969985801,W2899771611
W2969985801,W2963466847
W2969985801,W2963839617
W2969985801,W3099206234
W2969985801,W3101998545
W2963373786,W2173520492
W2963373786,W2183341477
W2963373786,W2271840356
W2963373786,W2949117887
W2999615587,W2282821441
W2999615587,W2962862931
W2999615587,W3102476541
W2560647685,W2145339207
W2560647685,W2155968351
W2560647685,W2746553466
W2560647685,W2919115771
W2604763608,W1771410628
W2604763608,W1836465849
W2604763608,W2271840356
W2604763608,W2753160622
W2604763608,W2963207607
W3109746568,W2060427373
W3109746568,W2143463421
W3109746568,W2344644350
W3109746568,W2580767461
W3109746568,W2890167612
W3109746568,W3105982350
W2890167612,W2143463421
W2979750740,W1644641054
W2979750740,W1920022804
W2979750740,W2099471712
W2979750740,W2211722331
W2979750740,W2519887557
W2979750740,W2558748708
W2979750740,W2560609797
W2979750740,W2560722161
W2979750740,W2963091558
W2979750740,W2963121255
W2988396470,W1900937478
W2988396470,W2950954328
W2962949934,W1522734439
W2962949934,W1836465849
W2962949934,W1885185971
W2962949934,W1905829557
W2962949934,W1936750108
W2962949934,W2097117768
W2962949934,W2099471712
W2962949934,W2109255472
W2962949934,W2117539524
W2962949934,W2183341477
W2962949934,W2194775991
W2962949934,W2274287116
W2962949934,W2295107390
W2962949934,W2302255633
W2962949934,W2395611524
W2962949934,W2963037989
W2962949934,W2963285578
W2962949934,W2963840672
W2962949934,W2964299589
W2962949934,W3099206234
W2962949934,W3106250896
W2962949934,W3137695714
W2962949934,W639708223
W2911489562,W2525778437
W2911489562,W2896457183
W2911489562,W2919115771
W2911489562,W2962739339
W2911489562,W2963341956
W2911489562,W2963403868
W2911489562,W4385245566
W2253429366,W1903029394
W2253429366,W2097117768
W2253429366,W2109255472
W2253429366,W2117539524
W2253429366,W2395611524
W2253429366,W2412782625
W3034552520,W2097117768
W3034552520,W2183341477
W3034552520,W2194775991
W3034552520,W2302255633
W3034552520,W2531409750
W3034552520,W2549139847
W3034552520,W2565639579
W3034552520,W2752782242
W3034552520,W2883780447
W3034552520,W2884585870
W3034552520,W2955058313
W3034552520,W2963091558
W3034552520,W2963125010
W3034552520,W2963150697
W3034552520,W2963163009
W3034552520,W2963351448
W3034552520,W2963446712
W3034552520,W4288325606
W3034552520,W639708223
W1485009520,W1514535095
W1485009520,W1903029394
W1485009520,W1905882502
W1485009520,W1947481528
W1485009520,W2557283755
W3112701542,W1836465849
W3112701542,W1901129140
W3112701542,W2183341477
W3112701542,W2194775991
W3112701542,W2302255633
W3112701542,W2412782625
W3112701542,W2464708700
W3112701542,W2592929672
W3112701542,W2752782242
W3112701542,W2798122215
W3112701542,W2949117887
W3112701542,W2962914239
W3112701542,W2963420686
W3112701542,W2963446712
W3112701542,W2970971581
W3112701542,W4295312788
W3112701542,W4309845474
W2223470559,W2138071797
W2223470559,W2167344400
W2964321699,W603908379
W2746553466,W2145339207
W2883780447,W1836465849
W2883780447,W2097117768
W2883780447,W2117539524
W2883780447,W2183341477
W2883780447,W2194775991
W2883780447,W2274287116
W2883780447,W2302255633
W2883780447,W2531409750
W2883780447,W2549139847
W2883780447,W2612445135
W2883780447,W2752782242
W2883780447,W2962851801
W2883780447,W2963125010
W2883780447,W2963163009
W2883780447,W2963363373
W2883780447,W2963446712
W2883780447,W2964081807
W2883780447,W2964350391
W1947481528,W2097117768
W1947481528,W2117539524
W2767128594,W2919115771
W2899714098,W2587625522
W2899714098,W2593511418
W2899714098,W2953320394
W2982770724,W1536680647
W2982770724,W1903029394
W2982770724,W2194775991
W2982770724,W2549139847
W2982770724,W2565639579
W2982770724,W2570343428
W2982770724,W2613718673
W2982770724,W2796347433
W2982770724,W2916798096
W2982770724,W2963037989
W2982770724,W2963351448
W2982770724,W2964350391
W2982770724,W3106250896
W2982770724,W4293584584
W2982770724,W639708223
W2325939864,W2117539524
W2325939864,W3099206234
W2519887557,W2194775991
W2519887557,W2962756421
W2519887557,W2964321699
W2908201961,W1966716734
W2908201961,W2554980225
W2908201961,W2557283755
W2908201961,W2557738935
W2908201961,W2581082771
W2908201961,W2788633781
W2908201961,W2887114371
W2908201961,W2963420686
W2963420272,W1536680647
W2963420272,W1903029394
W2963420272,W2099471712
W2963420272,W2117539524
W2963420272,W2963684088
W2307770531,W1836465849
W2307770531,W1903029394
W2307770531,W1905829557
W2307770531,W1936750108
W2307770531,W2097117768
W2307770531,W2194775991
W2307770531,W2963881378
W3011366455,W2179036997
W3011366455,W2256742438
W2593414223,W1903029394
W2593414223,W2099471712
W2593414223,W2194775991
W2593414223,W2613718673
W2593414223,W2963073614
W2593414223,W2963373786
W2593414223,W2963470893
W2593414223,W2963684088
W2593414223,W639708223
W2765224588,W1985987855
W2765224588,W2028433016
W2765224588,W2949273159
W2243397390,W1963882359
W2243397390,W2097117768
W2243397390,W2963207607
W3008696669,W3001195213
W3008696669,W3002539152
W3008696669,W3003668884
W2919979744,W2031183907
W2919979744,W2290883490
W2919979744,W2585392941
W2919979744,W2738900493
W2919979744,W883434633
W3035574324,W1677182931
W3035574324,W1901129140
W3035574324,W2117539524
W3035574324,W2194775991
W3035574324,W2603777577
W3035574324,W2804078698
W3035574324,W2893749619
W3035574324,W2962760235
W3035574324,W2962770929
W3035574324,W2962785568
W3035574324,W2962879692
W3035574324,W2963981733
W3035574324,W2964024144
W3035574324,W4294643831
W3035574324,W4295521014
W2277195237,W1536680647
W2277195237,W1895577753
W2277195237,W1905882502
W2277195237,W1933349210
W2277195237,W1947481528
W2277195237,W1956340063
W2277195237,W2097117768
W2277195237,W2117539524
W2277195237,W2618530766
W2277195237,W2953106684
W1905882502,W1895577753
W1905882502,W1947481528
W1905882502,W1956340063
W1905882502,W2097117768
W1905882502,W2117539524
W2734356283,W2224056471
W2734356283,W2537623931
W2734356283,W4210702584
W4236476849,W1528251861
W4236476849,W1617328014
W4236476849,W2161374186
W4236476849,W2891378911
W2232317135,W883434633
W2745461083,W1514535095
W2745461083,W1905882502
W2745461083,W1933349210
W2745461083,W1947481528
W2745461083,W1956340063
W2745461083,W2117539524
W2745461083,W2194775991
W2745461083,W2277195237
W2745461083,W2302255633
W2745461083,W2613718673
W2745461083,W2963037989
W2745461083,W3106250896
W2745461083,W603908379
W2745461083,W639708223
W2470673105,W1514535095
W2470673105,W2170240176
W2470673105,W2265846598
W2470673105,W2949615363
W2470673105,W2963355447
W2470673105,W2964308564
W2473418344,W1677182931
W2473418344,W2097117768
W2473418344,W2257979135
W2473418344,W2271840356
W2473418344,W2473418344
W2473418344,W2618530766
W2902652978,W2616922646
W2902652978,W2786672974
W2902652978,W2794480084
W2902652978,W2800392236
W2902652978,W2889326414
W2624989916,W2134295053
W2624989916,W2195423816
W2523246573,W2271840356
W2523246573,W2949117887
W2739748921,W2099471712
W2739748921,W2173520492
W2739748921,W2964043796
W2593768305,W1731081199
W2593768305,W2099471712
W2593768305,W2194775991
W2593768305,W2964288524
W3041133507,W1731081199
W3041133507,W2097117768
W3041133507,W2099471712
W3041133507,W2194775991
W3041133507,W2253429366
W3041133507,W2395579298
W3041133507,W2593768305
W3041133507,W2962808524
W3041133507,W2964288524
W2866634454,W1885185971
W2866634454,W1930824406
W2866634454,W2099471712
W2866634454,W2194775991
W2866634454,W2214802144
W2866634454,W2242218935
W2866634454,W2331128040
W2866634454,W2476548250
W2866634454,W2503339013
W2866634454,W2607041014
W2866634454,W2752782242
W2866634454,W2899771611
W2866634454,W2963372104
W2866634454,W2963470893
W2866634454,W2964101377
W2866634454,W603908379
W2616922646,W1979283544
W2616922646,W2102212449
W2616922646,W2146512944
W2616922646,W2332292689
W3121948532,W2979586175
W3121948532,W3112066496
W2807194798,W2401404581
W2807194798,W2513506562
W2765407302,W2029538739
W2765407302,W2099471712
W2765407302,W2117539524
W2765407302,W2183341477
W2765407302,W2302255633
W2765407302,W2549139847
W2765407302,W2962879692
W2765407302,W2963207607
W2765407302,W2963446712
W2765407302,W2964137095
W2765407302,W3137695714
W2884367402,W1536680647
W2884367402,W1821462560
W2884367402,W1836465849
W2884367402,W1903029394
W2884367402,W2097117768
W2884367402,W2099471712
W2884367402,W2109255472
W2884367402,W2183341477
W2884367402,W2194775991
W2884367402,W2549139847
W2884367402,W2559085405
W2884367402,W2565639579
W2884367402,W2570343428
W2884367402,W2601564443
W2884367402,W2919115771
W2884367402,W2963037989
W2884367402,W2963150697
W2884367402,W3101998545
W2884367402,W3106250896
W2884367402,W603908379
W2884367402,W639708223
W2916798096,W1936750108
W2916798096,W2097117768
W2916798096,W2307770531
W2916798096,W2412782625
W2916798096,W2559085405
W2916798096,W2560023338
W2916798096,W2560474170
W2916798096,W2963150697
W2949650786,W1536680647
W2949650786,W1677182931
W2949650786,W1836465849
W2949650786,W1903029394
W2949650786,W2097117768
W2949650786,W2613718673
W2753051611,W1729017034
W2753051611,W2175751433
W2753051611,W2175954218
W2753051611,W2527824850
W2753051611,W2614578122
W2296283641,W1940872118
W2296283641,W2170240176
W3036167779,W1901129140
W3036167779,W2099471712
W3036167779,W2893749619
W3036167779,W2949382160
W3036167779,W2962760235
W3036167779,W2962770929
W3036167779,W2963091558
W3036167779,W2963373786
W3036167779,W2963403868
W3036167779,W2963755523
W3036167779,W2963981733
W3036167779,W3035574324
W2627092521,W2409656339
W2891503716,W1514535095
W2891503716,W1821462560
W2891503716,W2282821441
W2891503716,W2295107390
W2891503716,W2594633041
W2891503716,W2766447205
W2891503716,W2962862931
W2891503716,W2963095307
W2891503716,W2963125461
W2578528809,W2011458181
W2578528809,W2028433016
W2578528809,W2049553585
W2578528809,W2143772132
W2578528809,W2165456770
W2578528809,W2185075416
W2578528809,W2301131921
W2328134238,W4254736414
W4210702584,W2051978340
W2161041152,W2132262394
W2912800036,W2574735439
W2912800036,W2610102381
W2738900493,W2001979953
W2738900493,W2031183907
W2738900493,W2232317135
W2738900493,W2290883490
W2738900493,W414544266
W2738900493,W883434633
W2944545583,W1617495083
W2944545583,W1989277387
W2944545583,W2012034410
W2944545583,W2345356016
W2944545583,W2917207851
W2944545583,W3136918052
W2898402099,W2224056471
W2898402099,W2302501749
W2898402099,W4210702584
W2899773405,W1617145133
W2899773405,W2470481127
W2899773405,W2751884637
W2899773405,W2753051611
W2763355946,W2011458181
W2763355946,W2028433016
W2763355946,W2049553585
W2763355946,W2078271269
W2763355946,W2174661749
W2962766617,W2194775991
W2962766617,W2340897893
W2962766617,W2565639579
W2962766617,W2570343428
W2962766617,W2737258237
W2962766617,W2796347433
W2962766617,W2884561390
W2962766617,W2963037989
W2962766617,W2963150697
W2962766617,W2963857746
W2962766617,W3106250896
W2962766617,W4293584584
W2962766617,W639708223
W2978017171,W1821462560
W2978017171,W2963341956
W2978017171,W2963748441
W2978017171,W2965373594
W2963341924,W2097117768
W2963341924,W2117539524
W2963341924,W2183341477
W2963341924,W2618530766
W2963341924,W2949117887
W2963341924,W2964308564
W2886368623,W2249595199
W1528251861,W2284219800
W2938574745,W3136918052
W2603442821,W2328134238
W2950595506,W1989277387
W2544360569,W2463195069
W2912213068,W2257979135
W2912213068,W2473418344
W2964105864,W1836465849
W2964105864,W2097117768
W2964105864,W2194775991
W2964105864,W2601450892
W2964105864,W2604763608
W2964105864,W2753160622
W2964105864,W2963341924
W3030441098,W2128601422
W2996428491,W2896457183
W2996428491,W2899663614
W2996428491,W2963323070
W2996428491,W2963403868
W2996428491,W2963748441
W2996428491,W2964350391
W2996428491,W2965373594
W2934047558,W1927627425
W2934047558,W2006619554
W2934047558,W2075511306
W2934047558,W2527042386
W2603777577,W1836465849
W2603777577,W2099471712
W2603777577,W2331128040
W2603777577,W2475287302
W2603777577,W2949117887
W2603777577,W2963073614
W2603777577,W2963373786
W2603777577,W2963684088
W2173248099,W2145339207
W2173248099,W2949117887
W2963800363,W1901129140
W2963800363,W1903029394
W2963800363,W2194775991
W2963800363,W2331128040
W2963800363,W2340897893
W2963800363,W2475287302
W2963800363,W2560023338
W2963800363,W2593414223
W2963800363,W2737258237
W2963800363,W2962760235
W2963800363,W2962793481
W2963800363,W2963073614
W2963800363,W2963373786
W2963800363,W2963420272
W2963800363,W2963470893
W2963800363,W2963684088
W2963800363,W2964024144
W2963800363,W4294643831
W2962730651,W1936750108
W2962730651,W1967554269
W2962730651,W2194775991
W2962730651,W2307770531
W2962730651,W2559085405
W2962730651,W2570343428
W2962730651,W2613718673
W2962730651,W2963150697
W2962730651,W2963446712
W2962730651,W3106250896
W2962730651,W639708223
W2788228074,W2950354111
W2999309192,W1966716734
W2999309192,W2919115771
W2999309192,W3102476541
W3035574168,W1677182931
W3035574168,W2194775991
W3035574168,W2340897893
W3035574168,W2613718673
W3035574168,W2964062501
W3035574168,W2968296999
W3035574168,W3101998545
W3035574168,W3106250896
W3035574168,W639708223
W2604314403,W2519887557
W3102564565,W1895577753
W3102564565,W1903029394
W3102564565,W1905882502
W3102564565,W1933349210
W3102564565,W2183341477
W3102564565,W2194775991
W3102564565,W2257979135
W3102564565,W2282821441
W3102564565,W2295107390
W3102564565,W2963207607
W2204750386,W1949591461
W1901129140,W1677182931
W1901129140,W1903029394
W2799524357,W2311203695
W3004280078,W2903899730
W3009912996,W2470646526
W3009912996,W2799524357
W3009912996,W3001195213
W3009912996,W3002539152
W3009912996,W3004280078
W2963073614,W1836465849
W2963073614,W1901129140
W2963073614,W1903029394
W2963073614,W1905829557
W2963073614,W2099471712
W2963073614,W2117539524
W2963073614,W2173520492
W2963073614,W2331128040
W2963073614,W2340897893
W2963073614,W2475287302
W2963073614,W2949117887
W2963073614,W2963373786
W2963073614,W2963420272
W2963073614,W2963470893
W2963073614,W2963684088
W2774486220,W1951724000
W2774486220,W2254509181
W2963276645,W1973094248
W2963276645,W2401404581
W2963276645,W2504691963
W2963276645,W2766903152
W2963276645,W2807194798
W1523693806,W1523693806
W1523693806,W2738996050
W2962858109,W1895577753
W2962858109,W1903029394
W2962858109,W1905882502
W2962858109,W1933349210
W2962858109,W2194775991
W2962858109,W2257979135
W2962858109,W2282821441
W2962858109,W2295107390
W2900569176,W1989277387
W2900569176,W2128601422
W2900569176,W2537623931
W2900569176,W2559588208
W2900569176,W4210702584
W2560023338,W1836465849
W2560023338,W1903029394
W2560023338,W2097117768
W2560023338,W2194775991
W2560023338,W2340897893
W2560023338,W2412782625
W2560023338,W2963840672
W2560023338,W2963881378
W2949177718,W2069089843
W2949177718,W2341539131
W2949177718,W2747877289
W2949177718,W2766437506
W2949177718,W2794480084
W2949177718,W2794521141
W2949177718,W2951506174
W2949177718,W2997280954
W2593436234,W2177317049
W3003217347,W2113679889
W3003217347,W2804822363
W3003217347,W3004280078
W3004318991,W2559191318
W3004318991,W2804822363
W3004318991,W3002539152
W2928665623,W1989277387
W2928665623,W2345356016
W2928665623,W2767891136
W2794480084,W2069089843
W2794480084,W2102212449
W2794480084,W2135937351
W2794480084,W2146512944
W2794480084,W2332292689
W2794480084,W2345356016
W2794480084,W2951506174
W2804822363,W2949223833
W2804822363,W4210702584
W2620241325,W2620241325
W2964849163,W2102278945
W3036319615,W2406250479
W3005235420,W1900937478
W3005235420,W2614081736
W3005235420,W2917207851
W3005235420,W2949867654
W3005235420,W2951464304
W3005235420,W2952045272
W3005235420,W2963276645
W2592811885,W2323326409
W2256016639,W1533942137
W2256016639,W2051978340
W2256016639,W2104549677
W2331128040,W1885185971
W2331128040,W1903029394
W2331128040,W1905829557
W2331128040,W1930824406
W2331128040,W2117539524
W2331128040,W2194775991
W2331128040,W2475287302
W2331128040,W2949117887
W2331128040,W2963684088
W2899283552,W2239232218
W2899283552,W2271840356
W2899283552,W2557283755
W3007643904,W2587625522
W3007643904,W3002539152
W3007643904,W3003217347
W3007643904,W3003668884
W3007643904,W3004280078
W3007643904,W3004318991
W3007643904,W3004348779
W2345356016,W1533942137
W2900756811,W2207291742
W2320983896,W2320983896
W2513506562,W1999167944
W3009335299,W2376573086
W3009335299,W2587625522
W3009335299,W2587970647
W3009335299,W2734356283
W3009335299,W2899714098
W3009335299,W2973457155
W3009335299,W3004280078
W3009335299,W3004348779
W3009335299,W3007643904
W3009335299,W3008394341
W2909678677,W1999167944
W2909678677,W2141970008
W2909678677,W2175751433
W2909678677,W2605932719
W2909678677,W2765726697
W2909678677,W2766136866
W2909678677,W2808044704
W2909678677,W2895932308
W2909678677,W2899773405
W2607129810,W1533942137
W2607129810,W2012034410
W3029661147,W1844405070
W3029661147,W2256016639
W3029661147,W2761275051
W3029661147,W2889326414
W3001195213,W2903899730
W2559588208,W2110256992
W2559588208,W2173732482
W2559588208,W2178043251
W3009906937,W3003668884
W3009906937,W3004280078
W3009906937,W3004318991
W3136918052,W4210702584
W3005104290,W1950118853
W3005104290,W2296538017
W3005104290,W2786514708
W3005104290,W2900756811
W3005104290,W2904802348
W2463195069,W1973094248
W2463195069,W1989277387
W2463195069,W2110256992
W2895486342,W2082704080
W2895486342,W2104549677
W2895486342,W2256016639
W2895486342,W2511515754
W2049553585,W2028433016
W3005212621,W2255243349
W2883251903,W1973094248
W4205483821,W3111255098
W4205483821,W3111590711
W2749069611,W1951724000
W2749069611,W2577537660
W2324862792,W2113699335
W2102212449,W2069089843
W2102212449,W2135937351
W1514535095,W1895577753
W1514535095,W1905882502
W1514535095,W1947481528
W1514535095,W2097117768
W1514535095,W2618530766
W1514535095,W2964308564
W2579533542,W2206071891
W2899760200,W2544360569
W2952167528,W2950354111
W2786514708,W1950118853
W2786514708,W2170852633
W2786514708,W2207291742
W2417483443,W1533942137
W2417483443,W2060427373
W2417483443,W2417483443
W2559085405,W1936750108
W2559085405,W2194775991
W2559085405,W2307770531
W2559085405,W3106250896
W2803072880,W2104549677
W2803072880,W2113699335
W2803072880,W2195783463
W2803072880,W2324862792
W2803072880,W2613603864
W3107527779,W1989277387
W3107527779,W2110256992
W3107527779,W2896002881
W3107527779,W2898402099
W3107527779,W2911489562
W3107527779,W2950595506
W3107527779,W3136918052
W2735527928,W2522054313
W2593816418,W1523693806
W3010233963,W3002539152
W3010233963,W3003668884
W3010233963,W3004239190
W3014067025,W3003217347
W3014067025,W3004280078
W3014067025,W3004318991
W3014067025,W3004348779
W3014067025,W3007643904
W3014067025,W3008394341
W3014067025,W3009335299
W3014067025,W3009912996
W2800392236,W1973094248
W2800392236,W2069089843
W2800392236,W2102212449
W2800392236,W2747877289
W2800392236,W2919115771
W2800392236,W2951506174
W2984472267,W2146512944
W2984472267,W2345356016
W2984472267,W2766437506
W2984472267,W2786672974
W2984472267,W2794480084
W2984472267,W2794521141
W2984472267,W2889326414
W2984472267,W2902652978
W2984472267,W2951506174
W2565277564,W1622878345
W2565277564,W1732240353
W2565277564,W2216357226
W2565277564,W2342540942
W2981731882,W1514535095
W2981731882,W1821462560
W2981731882,W1947481528
W2981731882,W2282821441
W2981731882,W2295107390
W2981731882,W2412247133
W2981731882,W2493343568
W2981731882,W2559655401
W2981731882,W2594633041
W2981731882,W2612690371
W2981731882,W2891503716
W2981731882,W2945976633
W2981731882,W2962858109
W2981731882,W2962862931
W2981731882,W2963095307
W2981731882,W2963703618
W2981731882,W4297957988
W2805983714,W1533942137
W2805983714,W2104549677
W2805983714,W2113699335
W2805983714,W2195783463
W2805983714,W2324862792
W2805983714,W2613603864
W2805983714,W2725988230
W2805983714,W2803072880
W3112376646,W2051978340
W3112376646,W2950595506
W3112376646,W3136918052
W3112376646,W4210702584
W1989277387,W1989277387
W1989277387,W2128601422
W2951506174,W2102212449
W2951506174,W2135937351
W2951506174,W2332292689
W1629273100,W2075511306
W3008874180,W2903899730
W3008874180,W2999318660
W3008874180,W3003668884
W3008874180,W3004318991
W3008874180,W3004348779
W3008874180,W3005212621
W1689711448,W1947481528
W2955058313,W1901129140
W2955058313,W1903029394
W2955058313,W2340897893
W2955058313,W2412782625
W2955058313,W2560023338
W2955058313,W2630837129
W2955058313,W2804078698
W2955058313,W2963091558
W2955058313,W2963403868
W2955058313,W4385245566
W2173732482,W1767470961
W3017185871,W3010223921
W2752326209,W1523693806
W2752326209,W2301131921
W3095583226,W2224056471
W3095583226,W2898402099
W3095583226,W3136918052
W2756283300,W1568955415
W2756283300,W1622878345
W2756283300,W1732240353
W2756283300,W2216357226
W2756283300,W2264050319
W2756283300,W2565277564
W2510875395,W1973094248
W2510875395,W2102278945
W2510875395,W2104005232
W2510875395,W2146512944
W2762087180,W2265062179
W2762087180,W2549188196
W2927961455,W2311203695
W2927961455,W2336330109
W2903899730,W2470646526
W2788640168,W1864325817
W2788640168,W1882905539
W2788640168,W2265062179
W2788640168,W2301131921
W2788640168,W2549188196
W2788640168,W2752326209
W2788640168,W2762087180
W2791483720,W2011458181
W2791483720,W2028433016
W2791483720,W2299181842
W2791483720,W2587048937
W3010441732,W2587625522
W3010441732,W2593511418
W3010441732,W2899714098
W3010441732,W3004280078
W3010441732,W3007643904
W3011127849,W2903899730
W3011127849,W3003217347
W3011127849,W3004280078
W3011127849,W3004348779
W3011127849,W3007643904
W3011127849,W3008394341
W3011127849,W3008443627
W3109746568,W2060427373
W3109746568,W2143463421
W3109746568,W2344644350
W3109746568,W2580767461
W3109746568,W2890167612
W3109746568,W3105982350
W2736730167,W1986241711
W2736730167,W2012034410
W2736730167,W2134629862
W2736730167,W2161112598
W2736730167,W2329659234
W2988396470,W1900937478
W2988396470,W2950954328
W2253429366,W1903029394
W2253429366,W2097117768
W2253429366,W2109255472
W2253429366,W2117539524
W2253429366,W2395611524
W2253429366,W2412782625
W2329336071,W2329336071
W2410390527,W1992193293
W2410390527,W2193503481
W2410390527,W2337225114
W2738996050,W1523693806
W2746553466,W2145339207
W1533942137,W2076154138
W2767128594,W2919115771
W2301131921,W2301131921
W2963420272,W1536680647
W2963420272,W1903029394
W2963420272,W2099471712
W2963420272,W2117539524
W2963420272,W2963684088
W3048560297,W2950504429
W3048560297,W2996597775
W3010930696,W3005212621
W3092136311,W2903899730
W3092136311,W3001195213
W3092136311,W3002539152
W3092136311,W3003217347
W3092136311,W3003464757
W3092136311,W3003668884
W3092136311,W3004280078
W3092136311,W3004318991
W3092136311,W3004348779
W3092136311,W3005057892
W3092136311,W3005212621
W3092136311,W3005679569
W3092136311,W3007643904
W3092136311,W3008090866
W3092136311,W3008394341
W3092136311,W3008443627
W3092136311,W3009335299
W3092136311,W3009906937
W3092136311,W3009912996
W3092136311,W3010131837
W3092136311,W3010604545
W3092136311,W3011127849
W3092136311,W3012099172
W3092136311,W3012284084
W3092136311,W3013093478
W3092136311,W3013800395
W3092136311,W3022435472
W3092136311,W3039901154
W3092136311,W4210642183
W2593414223,W1903029394
W2593414223,W2099471712
W2593414223,W2194775991
W2593414223,W2613718673
W2593414223,W2963073614
W2593414223,W2963373786
W2593414223,W2963470893
W2593414223,W2963684088
W2593414223,W639708223
W2179036997,W2038752330
W2234115940,W1523693806
W3111590711,W4205225613
W2277195237,W1536680647
W2277195237,W1895577753
W2277195237,W1905882502
W2277195237,W1933349210
W2277195237,W1947481528
W2277195237,W1956340063
W2277195237,W2097117768
W2277195237,W2117539524
W2277195237,W2618530766
W2277195237,W2953106684
W2734356283,W2224056471
W2734356283,W2537623931
W2734356283,W4210702584
W2990618091,W2789843538
W2990618091,W2889019390
W2796207838,W1985987855
W2796207838,W2028433016
W2796207838,W2134629862
W2796207838,W2230320310
W2796207838,W2285093314
W2796207838,W2299181842
W2796207838,W2323326409
W2796207838,W2417483443
W2796207838,W2511515754
W2796207838,W2519132385
W2796207838,W2795989238
W2796207838,W2949273159
W3004348779,W2903899730
W3004348779,W3004280078
W3004348779,W3008394341
W2336828812,W2320983896
W2801309958,W1934094702
W2801309958,W1985987855
W2801309958,W2143772132
W2801309958,W2165456770
W2801309958,W2185075416
W2801309958,W2332292689
W2801309958,W2952001873
W2616922646,W1979283544
W2616922646,W2102212449
W2616922646,W2146512944
W2616922646,W2332292689
W3121948532,W2979586175
W3121948532,W3112066496
W3022285953,W2898402099
W3022285953,W2912990441
W3022285953,W3003217347
W3022285953,W3003464757
W3022285953,W3009912996
W3022285953,W311927316
W2765314233,W2011458181
W2765314233,W2049553585
W2765314233,W2165456770
W2765314233,W2185075416
W2765314233,W2578528809
W2807194798,W2401404581
W2807194798,W2513506562
W2587048937,W2011458181
W2587048937,W2028433016
W2587048937,W2049553585
W2587048937,W2143772132
W2587048937,W2165456770
W2587048937,W2185075416
W2587048937,W2299181842
W2884367402,W1536680647
W2884367402,W1821462560
W2884367402,W1836465849
W2884367402,W1903029394
W2884367402,W2097117768
W2884367402,W2099471712
W2884367402,W2109255472
W2884367402,W2183341477
W2884367402,W2194775991
W2884367402,W2549139847
W2884367402,W2559085405
W2884367402,W2565639579
W2884367402,W2570343428
W2884367402,W2601564443
W2884367402,W2919115771
W2884367402,W2963037989
W2884367402,W2963150697
W2884367402,W3101998545
W2884367402,W3106250896
W2884367402,W603908379
W2884367402,W639708223
W2627092521,W2409656339
W2011458181,W2028433016
W2011458181,W2049553585
W2578528809,W2011458181
W2578528809,W2028433016
W2578528809,W2049553585
W2578528809,W2143772132
W2578528809,W2165456770
W2578528809,W2185075416
W2578528809,W2301131921
W4210702584,W2051978340
W2912800036,W2574735439
W2912800036,W2610102381
W2944545583,W1617495083
W2944545583,W1989277387
W2944545583,W2012034410
W2944545583,W2345356016
W2944545583,W2917207851
W2944545583,W3136918052
W2898402099,W2224056471
W2898402099,W2302501749
W2898402099,W4210702584
W2763355946,W2011458181
W2763355946,W2028433016
W2763355946,W2049553585
W2763355946,W2078271269
W2763355946,W2174661749
W2332292689,W2049553585
W2332292689,W2076154138
W2332292689,W2102212449
W2950595506,W1989277387
W3039901154,W2470646526
W3039901154,W2587970647
W3039901154,W2903899730
W3039901154,W2952045272
W3039901154,W3001195213
W3039901154,W3004280078
W3039901154,W3004318991
W3039901154,W3007643904
W3039901154,W3009335299
W3039901154,W3009906937
W3039901154,W3009912996
W3039901154,W3010441732
W2544360569,W2463195069
W3030441098,W2128601422
W2765726697,W1617145133
W2765726697,W1715038780
W2765726697,W2098082628
W2765726697,W2141970008
W2765726697,W2175751433
W2765726697,W2412247133
W2765726697,W2607350314
W3016489853,W2470646526
W3016489853,W2900569176
W3016489853,W2903899730
W3016489853,W3001195213
W3016489853,W3003217347
W3016489853,W3009912996
W2898789672,W4210702584
W3015608194,W2470646526
W3015608194,W3003217347
W3015608194,W3003668884
W3015608194,W3004280078
W3015608194,W3005212621
W2588025094,W2134629862
W2622807556,W1979283544
W2622807556,W2102278945
W2788228074,W2950354111
W2204750386,W1949591461
W2564178799,W2567342708
W2737785069,W2737785069
W3020637112,W2990024397
W3020637112,W3004239190
W3020637112,W3008696669
W3020637112,W3012284084
W2785803176,W2049553585
W2785803176,W2299181842
W2785803176,W2606495925
W2887114371,W2194775991
W2887114371,W2557283755
W2887114371,W2559655401
W2887114371,W2963524571
W2761275051,W1533942137
W2761275051,W2076154138
W2761275051,W2104549677
W2761275051,W2214074259
W2761275051,W2256016639
W2302447233,W2302447233
W2748717829,W2497894926
W2748717829,W2574394697
W3012284084,W3002539152
W2886498337,W1910012553
W2886498337,W2028433016
W2886498337,W2299181842
W2886498337,W2587048937
W2886498337,W2655262992
W2886498337,W2749613778
W2886498337,W2785803176
W2886498337,W2949273159
W2792764867,W1689711448
W2792764867,W1903029394
W2792764867,W2194775991
W2792764867,W2949382160
W2792764867,W2963840672
W2792764867,W2964308564
W2901303766,W1533942137
W2901303766,W2104549677
W2901303766,W2302501749
W2901303766,W2773787581
W2986925300,W2889019390
W2986925300,W2951254987
W1933349210,W1895577753
W1933349210,W1905882502
W1933349210,W1947481528
W1933349210,W1956340063
W2898440040,W2134629862
W2195783463,W1844405070
W2195783463,W2153860431
W2788633781,W2183341477
W2788633781,W2557738935
W2788633781,W2618530766
W3013800395,W2903899730
W3013800395,W2973457155
W3013800395,W3003668884
W3013800395,W3004280078
W3013800395,W3004348779
W3013800395,W3007643904
W3013800395,W3008394341
W3013800395,W3009335299
W3013800395,W3009912996
W3013800395,W3014067025
W2766903152,W2049553585
W2766903152,W2128601422
W2766903152,W2143772132
W2766903152,W2185075416
W2766903152,W2256016639
W2766903152,W2299181842
W2766903152,W2513506562
W2949676527,W2192203593
W2949676527,W2618530766
W2949676527,W2899771611
W2912990441,W2919115771
W4211233744,W1950118853
W2784371446,W2049553585
W2784371446,W2228221433
W2784371446,W2578528809
W2784371446,W2587048937
W2784371446,W2917837889
W2951254987,W2206071891
W2951254987,W2588775853
W2951254987,W2950354111
W3007246056,W2201735116
W311927316,W2941307081
W3133859624,W1533942137
W3133859624,W1844405070
W3133859624,W2076154138
W3133859624,W2102278945
W3133859624,W2761275051
W3133859624,W2895486342
W3133859624,W2901303766
W3133859624,W2952001873
W3025320502,W3008443627
W4236357753,W2302501749
W3005057892,W2470646526
W3005057892,W3002539152
W3027286012,W1985987855
W3027286012,W2765224588
W3027286012,W2886498337
W3027286012,W2952001873
W2606974598,W1514535095
W2606974598,W2949615363
W2606974598,W2964308564
W2396849069,W2104549677
W4242318543,W2977386011
W2911892655,W2432612777
W4211168195,W1934094702
W4211168195,W2302003756
W4211168195,W2889646458
W4211168195,W2977895282
W2949273159,W1985987855
W2949273159,W2011458181
W2949273159,W2028433016
W2949273159,W2049553585
W2949273159,W2299181842
W3010131837,W3003668884
W3010131837,W3010131837
W3010131837,W3013188135
W2896002881,W1663154925
W2896002881,W2060427373
W2599417231,W2113679889
W2900629010,W2537623931
W2900629010,W2559588208
W2900629010,W2614081736
W4232620598,W2613362156
W4232620598,W2625856057
W3005679569,W2470646526
W3005679569,W3001195213
W3005679569,W3003668884
W3005679569,W3004280078
W2913323966,W1485009520
W2913323966,W1789155650
W2913323966,W2099471712
W2913323966,W2557283755
W2913323966,W2560167313
W2913323966,W2588003345
W2913323966,W2613718673
W2913323966,W2919115771
W3115880421,W2590568317
W3115880421,W2784570320
W2756821926,W2590568317
W3013352992,W2763871199
W3013352992,W4300198507
W3004804052,W3002539152
W2770026599,W2104549677
W2770026599,W2256016639
W2770026599,W2320983896
W2130811469,W2172199324
W2981137429,W2146512944
W2981137429,W2320983896
W2981137429,W2336828812
W2981137429,W2766599608
W2470646526,W311927316
W2510973425,W2104549677
W2510973425,W2511515754
W2946657092,W1533942137
W2946657092,W2607129810
W2946657092,W2749613778
W2946657092,W2796207838
W2943293743,W1864325817
W2943293743,W1882905539
W2239232218,W1901616594
W2896872272,W2406250479
W2337225114,W1992193293
W2337225114,W2193503481
W2337225114,W2410390527
W2603203130,W2613718673
W2603203130,W2964137095
W2603203130,W639708223
W2197124664,W2146512944
W2997280954,W2069089843
W2997280954,W2620721366
W2997280954,W2794480084
W2997280954,W2800392236
W2997280954,W2889326414
W2997280954,W2949177718
W3012189167,W2903899730
W3012189167,W3001456238
W3012189167,W3002539152
W3012189167,W3003217347
W3012189167,W3003464757
W3012189167,W3003668884
W3012189167,W3004280078
W3012189167,W3004318991
W3012189167,W3004348779
W3012189167,W3005212621
W2907514116,W2102212449
W2907514116,W2951506174
W2907514116,W2952001873
W2766437506,W2135937351
W2766437506,W2951506174
W2970686316,W2398894736
W2970686316,W2409656339
W2970686316,W2428595929
W2970686316,W2627092521
W2970686316,W2769542288
W2970686316,W2807728333
W2512899508,W2476542314
W2766599608,W2336828812
W2527042386,W2075511306
W2527042386,W2190169384
W3016016792,W1900937478
W3016016792,W2513727910
W3016016792,W2889019390
W3016016792,W2927961455
W3016016792,W2951254987
W3016016792,W2951464304
W2725988230,W1844405070
W2725988230,W2076154138
W2725988230,W2113699335
W2725988230,W2153860431
W2725988230,W2195783463
W2725988230,W2255138985
W2725988230,W2511515754
W2470481127,W2098082628
W2818417770,W2113699335
W2818417770,W2324862792
W2818417770,W2613603864
W2818417770,W2805983714
W2818417770,W2818417770
W2952001873,W1985987855
W2952001873,W2028433016
W2952001873,W2332292689
W2952001873,W2949273159
W2803664483,W2177317049
W2803664483,W2559588208
W2803664483,W2767683865
W2784350055,W1940496428
W2784350055,W2186567173
W2784350055,W2195453830
W2784350055,W2272908325
W2784350055,W2483057761
W2909679049,W2011458181
W2909679049,W2028433016
W2909679049,W2049553585
W2909679049,W2299181842
W2909679049,W2606495925
W2909679049,W2613362156
W2810423511,W2204688218
W2942610007,W1910012553
W2942610007,W1985987855
W2942610007,W2332292689
W2942610007,W2794480084
W2942610007,W2794521141
W2942610007,W2796207838
W2942610007,W2952001873
W2916020270,W2345356016
W2916020270,W2747877289
W2916020270,W2766437506
W2916020270,W2786672974
W2916020270,W2800392236
W2916020270,W2889326414
W2916020270,W2951506174
W2589067428,W2179036997
W2787024379,W2165869860
W2787024379,W2606915822
W2995576379,W1847607158
W2995576379,W2000380427
W2995576379,W2167344400
W2995576379,W2223470559
W2995576379,W2905811773
W2995576379,W2950750906
W2995576379,W957206343
W2614566443,W2039153962
W2614566443,W2113699335
W2614566443,W2324862792
W2770092353,W1533942137
W2770092353,W2039153962
W2770092353,W2051314902
W2770092353,W2076154138
W2770092353,W2082704080
W2770092353,W2104549677
W2770092353,W2256016639
W2770092353,W2417483443
W2473156356,W2097117768
W2473156356,W2117539524
W2473156356,W2194775991
W2473156356,W2919115771
W1578291413,W2161112598
W3047879827,W2302501749
W3047879827,W2773787581
W2135937351,W2102212449
W2128601422,W2128601422
W3013093478,W3004280078
W3013093478,W3009912996
W2582686270,W2165456770
W2230320310,W1973094248
W2230320310,W2146512944
W3008394341,W3004280078
W3008394341,W3004348779
W3083241614,W2204688218
W3083241614,W2563720483
W3083241614,W2998840182
W3028523516,W1910012553
W3028523516,W2049553585
W3022435472,W3003668884
W3022435472,W3004280078
W3022435472,W3004348779
W3022435472,W3007643904
W3022435472,W3008394341
W3022435472,W3009335299
W3022435472,W3009912996
W3022435472,W3013093478
W3022435472,W3013800395
W2767683865,W1989277387
W2767683865,W2128601422
W2767683865,W2177317049
W2767683865,W2504691963
W2767683865,W2559588208
W2767683865,W4210702584
W2285093314,W2028433016
W2997022986,W1989277387
W2997022986,W2214074259
W2997022986,W2345356016
W2997022986,W2559588208
W3003464757,W2799524357
W3003464757,W3002539152
W2978346165,W2104212223
W2978346165,W2397558774
W2978346165,W2422895071
W2978346165,W2557711433
W2978346165,W2610102381
W3097145107,W1989277387
W3097145107,W2177317049
W3097145107,W2767891136
W3097145107,W2899070097
W3097145107,W3136918052
W3112600195,W2302501749
W3112600195,W2773787581
W3112600195,W2900044275
W3112600195,W2950595506
W4211064852,W2134629862
W3028304854,W2761275051
W2723723801,W2082704080
W3011701533,W3001195213
W3011701533,W3003217347
W3011701533,W3004280078
W3011701533,W3009906937
W2901068426,W2476542314
W2901068426,W2586407709
W2901068426,W4211233744
W2950954328,W2224056471
W2904802348,W1950118853
W2904802348,W2170852633
W2904802348,W2786514708
W2904802348,W2900756811
W2905452503,W2256016639
W2905452503,W2417483443
W2905452503,W2770092353
W3040801404,W2604027935
W3040801404,W3004280078
W3040801404,W3005679569
W3040801404,W3007643904
W3040801404,W3008443627
W3040801404,W3009335299
W3040801404,W3009912996
W3040801404,W3010604545
W3040801404,W3010819577
W3040801404,W3013800395
W3040801404,W3014067025
W3040801404,W3015190630
W3040801404,W3015863623
W3040801404,W3017125154
W2804910112,W2130811469
W2804910112,W2564545777
W2606513998,W1523693806
W2606513998,W2593816418
W2905810301,W1895577753
W2905810301,W1901129140
W2905810301,W2099471712
W2905810301,W2117539524
W2905810301,W2257979135
W2905810301,W2271840356
W2905810301,W2396881363
W2905810301,W2557738935
W2905810301,W2581082771
W2905810301,W2592929672
W2905810301,W2788633781
W2905810301,W2919115771
W2609543937,W1568390176
W2749613778,W2012034410
W2749613778,W2234115940
W2749613778,W2559588208
W2889019390,W2112364185
W2889019390,W2315521535
W2889019390,W2579533542
W2606915822,W2165869860
W2296538017,W1950118853
W2736219668,W2216357226
W3015190630,W3003217347
W3015190630,W3004280078
W3015190630,W3007643904
W3015190630,W3009335299
W3015190630,W3009906937
W3015190630,W3009912996
W3015190630,W3010441732
W2606495925,W2049553585
W2606495925,W2256016639
W2563720483,W2143196592
W2563720483,W2165456770
W2563720483,W2185075416
W2655262992,W2049553585
W1644641054,W2097117768
W2583342343,W1810360004
W2583342343,W1863165817
W2583342343,W1971345082
W2583342343,W2037496050
W2583342343,W2228625904
W2583342343,W2229518787
W2583342343,W2264411566
W2583342343,W2286955579
W2583342343,W2300403628
W2583342343,W2405598407
W2583342343,W2546432926
W2583342343,W2565282363
W2899070097,W2177317049
W2899070097,W2224056471
W2899070097,W2559191318
W2899070097,W2559588208
W2899070097,W2767891136
W2899070097,W4210702584
W2424778531,W1514535095
W2424778531,W1895577753
W2424778531,W1947481528
W2424778531,W2964308564
W2618096841,W1972643702
W2618096841,W2435437921
W2588775853,W2206071891
W2299181842,W2049553585
W2763871199,W1523693806
W3001456238,W2470646526
W3001456238,W2903899730
W3001456238,W311927316
W2784570320,W2224056471
W1951724000,W2172199324
W2963037989,W1536680647
W2963037989,W2097117768
W2963037989,W2109255472
W2963037989,W2117539524
W2963037989,W639708223
W2565639579,W1536680647
W2565639579,W1901129140
W2565639579,W1903029394
W2565639579,W2117539524
W2565639579,W2194775991
W2565639579,W2307770531
W2565639579,W2613718673
W2565639579,W2963150697
W2565639579,W2964137095
W2565639579,W3106250896
W2565639579,W639708223
W1836465849,W1677182931
W2752782242,W1514535095
W2752782242,W1677182931
W2752782242,W1836465849
W2752782242,W1903029394
W2752782242,W2097117768
W2752782242,W2117539524
W2752782242,W2183341477
W2752782242,W2194775991
W2752782242,W2274287116
W2752782242,W2302255633
W2752782242,W2307770531
W2752782242,W2531409750
W2752782242,W2549139847
W2752782242,W2612445135
W2752782242,W2613718673
W2752782242,W2884585870
W2752782242,W2951104886
W2752782242,W2963125010
W2752782242,W2963403868
W2752782242,W2963446712
W2752782242,W2964081807
W2752782242,W2964137095
W2752782242,W2964350391
W2752782242,W4297775537
W2752782242,W603908379
W2752782242,W639708223
W2962793481,W1903029394
W2962793481,W1905829557
W2962793481,W2099471712
W2962793481,W2117539524
W2962793481,W2173520492
W2962793481,W2194775991
W2962793481,W2331128040
W2962793481,W2340897893
W2962793481,W2475287302
W2962793481,W2963073614
W2962793481,W2963373786
W2962793481,W2963420272
W2962793481,W2963470893
W2962793481,W2963684088
W2774486220,W1951724000
W2774486220,W2254509181
W1677182931,W1536680647
W1677182931,W1836465849
W1677182931,W2097117768
W1677182931,W2117539524
W1677182931,W2949117887
W2884585870,W1514535095
W2884585870,W2097117768
W2884585870,W2183341477
W2884585870,W2194775991
W2884585870,W2274287116
W2884585870,W2295107390
W2884585870,W2302255633
W2884585870,W2531409750
W2884585870,W2549139847
W2884585870,W2612445135
W2884585870,W2613718673
W2884585870,W2752782242
W2884585870,W2962858109
W2884585870,W2963446712
W2884585870,W2964137095
W2884585870,W2964350391
W2884585870,W3106250896
W2884585870,W603908379
W2905811773,W2138071797
W2905811773,W2167344400
W2905811773,W2223470559
W2905811773,W2783817214
W2962858109,W1895577753
W2962858109,W1903029394
W2962858109,W1905882502
W2962858109,W1933349210
W2962858109,W2194775991
W2962858109,W2257979135
W2962858109,W2282821441
W2962858109,W2295107390
W2965373594,W2899663614
W2965373594,W2899771611
W2965373594,W2962784628
W2965373594,W2963323070
W2965373594,W2963341956
W2965373594,W2963403868
W2965373594,W2963748441
W2965373594,W2970597249
W2531409750,W1821462560
W2531409750,W1836465849
W2531409750,W2097117768
W2531409750,W2117539524
W2531409750,W2183341477
W2531409750,W2194775991
W2531409750,W2274287116
W2531409750,W2963285578
W2531409750,W2964350391
W2531409750,W4297775537
W2257979135,W2145339207
W2257979135,W2919115771
W2252795400,W4234856688
W2964309882,W1821462560
W2964309882,W1901129140
W2964309882,W1903029394
W2964309882,W1905829557
W2964309882,W2097117768
W2964309882,W2117539524
W2964309882,W2194775991
W2964309882,W2271840356
W2964309882,W2307770531
W2964309882,W2340897893
W2964309882,W2412782625
W2964309882,W2531409750
W2964309882,W2549139847
W2964309882,W2560023338
W2964309882,W2565639579
W2964309882,W2601564443
W2964309882,W2612445135
W2964309882,W2630837129
W2964309882,W2737258237
W2964309882,W2949117887
W2964309882,W2963125010
W2964309882,W2963881378
W2964309882,W2964081807
W2964350391,W1836465849
W2964350391,W2097117768
W2964350391,W2117539524
W2964350391,W2183341477
W2964350391,W2194775991
W2592929672,W1901129140
W2592929672,W1903029394
W2592929672,W1905882502
W2592929672,W2097117768
W2592929672,W2099471712
W2592929672,W2117539524
W2592929672,W2194775991
W2592929672,W2253429366
W2592929672,W2271840356
W2592929672,W2302255633
W2592929672,W2346062110
W2592929672,W2464708700
W2592929672,W2504150216
W2592929672,W2533800772
W2592929672,W2557738935
W2592929672,W2581082771
W2592929672,W2919115771
W2592929672,W2949650786
W2592929672,W2962914239
W2725897987,W2271840356
W2725897987,W2560167313
W2736601468,W1191599655
W2736601468,W1771410628
W2736601468,W2145339207
W2549139847,W1536680647
W2549139847,W1677182931
W2549139847,W1836465849
W2549139847,W1903029394
W2549139847,W2097117768
W2549139847,W2117539524
W2549139847,W2183341477
W2549139847,W2194775991
W2549139847,W2274287116
W2549139847,W2302255633
W2549139847,W2525778437
W2549139847,W2613718673
W2549139847,W2949382160
W2549139847,W2963150697
W2549139847,W2964137095
W2549139847,W2964350391
W2549139847,W639708223
W4288079944,W1909359706
W4288079944,W2501864044
W4288079944,W2763117186
W4288079944,W2765081049
W4288079944,W2962843235
W4288079944,W4288079944
W4288079944,W4292875581
W3005235420,W1900937478
W3005235420,W2614081736
W3005235420,W2917207851
W3005235420,W2949867654
W3005235420,W2951464304
W3005235420,W2952045272
W3005235420,W2963276645
W2256016639,W1533942137
W2256016639,W2051978340
W2256016639,W2104549677
W2899283552,W2239232218
W2899283552,W2271840356
W2899283552,W2557283755
W2109255472,W2097117768
W2109255472,W2117539524
W2109255472,W2618530766
W2302255633,W1677182931
W2302255633,W2097117768
W2302255633,W2117539524
W2302255633,W2183341477
W2302255633,W2194775991
W2302255633,W2274287116
W2302255633,W2949117887
W2302255633,W2963285578
W2493916176,W2962784628
W2560609797,W1644641054
W2560609797,W1920022804
W2560609797,W2211722331
W2560609797,W603908379
W1522734439,W1947481528
W2754054868,W2105397247
W2786358356,W1951724000
W2786358356,W2749069611
W2766447205,W2145339207
W2766447205,W2192203593
W2766447205,W2194775991
W2766447205,W2257979135
W2766447205,W2919115771
W2766447205,W2949117887
W2766447205,W2964043796
W1885185971,W1930824406
W1885185971,W2618530766
W2754799758,W1780778418
W2754799758,W2305278139
W2754799758,W2524597629
W2962914239,W1677182931
W2962914239,W1901129140
W2962914239,W1903029394
W2962914239,W2194775991
W2962914239,W2464708700
W2239306219,W1495403436
W2239306219,W2239306219
W1897139626,W1767470961
W2883251903,W1973094248
W2963864421,W2145339207
W2963864421,W2949117887
W2630837129,W2271840356
W2749069611,W1951724000
W2749069611,W2577537660
W2324862792,W2113699335
W2895926103,W2751884637
W2895926103,W2889646458
W2174661749,W2060427373
W1909359706,W2962843235
W1909359706,W3105401162
W2963857746,W1536680647
W2963857746,W1836465849
W2963857746,W1901129140
W2963857746,W1903029394
W2963857746,W2109255472
W2963857746,W2194775991
W2963857746,W2302255633
W2963857746,W2340897893
W2963857746,W2549139847
W2963857746,W2560023338
W2963857746,W2565639579
W2963857746,W2601564443
W2963857746,W2613718673
W2963857746,W2752782242
W2963857746,W2963150697
W2963857746,W2963351448
W2963857746,W2963420686
W2963857746,W2963446712
W2963857746,W2964350391
W2963857746,W3106250896
W2963857746,W639708223
W2417483443,W1533942137
W2417483443,W2060427373
W2417483443,W2417483443
W2762367303,W2124192278
W2762367303,W2279780730
W2762367303,W2324464036
W2762367303,W2503161491
W2803072880,W2104549677
W2803072880,W2113699335
W2803072880,W2195783463
W2803072880,W2324862792
W2803072880,W2613603864
W2577537660,W2577537660
W2786672974,W2750384547
W2786672974,W2902652978
W3010233963,W3002539152
W3010233963,W3003668884
W3010233963,W3004239190
W3014067025,W3003217347
W3014067025,W3004280078
W3014067025,W3004318991
W3014067025,W3004348779
W3014067025,W3007643904
W3014067025,W3008394341
W3014067025,W3009335299
W3014067025,W3009912996
W3005680577,W2097117768
W3005680577,W2099471712
W3005680577,W2117539524
W3005680577,W2194775991
W3005680577,W2798991696
W3005680577,W2842511635
W3005680577,W2949117887
W3005680577,W3099206234
W2565277564,W1622878345
W2565277564,W1732240353
W2565277564,W2216357226
W2565277564,W2342540942
W2981731882,W1514535095
W2981731882,W1821462560
W2981731882,W1947481528
W2981731882,W2282821441
W2981731882,W2295107390
W2981731882,W2412247133
W2981731882,W2493343568
W2981731882,W2559655401
W2981731882,W2594633041
W2981731882,W2612690371
W2981731882,W2891503716
W2981731882,W2945976633
W2981731882,W2962858109
W2981731882,W2962862931
W2981731882,W2963095307
W2981731882,W2963703618
W2981731882,W4297957988
W2805983714,W1533942137
W2805983714,W2104549677
W2805983714,W2113699335
W2805983714,W2195783463
W2805983714,W2324862792
W2805983714,W2613603864
W2805983714,W2725988230
W2805983714,W2803072880
W603908379,W1514535095
W603908379,W1836465849
W2915478882,W2221837786
W2915478882,W2235523093
W3034971973,W1536680647
W3034971973,W2194775991
W3034971973,W2531409750
W3034971973,W2549139847
W3034971973,W2565639579
W3034971973,W2570343428
W3034971973,W2613718673
W3034971973,W2796347433
W3034971973,W2955425717
W3034971973,W2963150697
W3034971973,W2963351448
W3034971973,W2963857746
W3034971973,W2964241181
W3034971973,W2964309882
W3034971973,W2982083293
W3034971973,W2982770724
W3034971973,W3106250896
W3034971973,W4293584584
W3034971973,W639708223
W2964081807,W1836465849
W2964081807,W2097117768
W2964081807,W2183341477
W2964081807,W2194775991
W2964081807,W2274287116
W2964081807,W2302255633
W2964081807,W2531409750
W2964081807,W2549139847
W2964081807,W2565639579
W2964081807,W2604763608
W2964081807,W2612445135
W2964081807,W2613718673
W2964081807,W2736601468
W2964081807,W2752782242
W2964081807,W2753160622
W2964081807,W2949117887
W2964081807,W2963125010
W2964081807,W2963263347
W2964081807,W2963285578
W2964081807,W2963351448
W2964081807,W2963420686
W2964081807,W2963446712
W2964081807,W2964350391
W2964081807,W3099206234
W2964081807,W4297775537
W2964081807,W639708223
W3015391807,W3048882402
W2964043796,W1191599655
W2964043796,W1771410628
W2964043796,W2145339207
W2964043796,W2155968351
W2964043796,W2173564293
W2115709314,W1556631438
W2927961455,W2311203695
W2927961455,W2336330109
W2256742438,W2179036997
W2969985801,W1836465849
W2969985801,W2194775991
W2969985801,W2271840356
W2969985801,W2325939864
W2969985801,W2899771611
W2969985801,W2963466847
W2969985801,W2963839617
W2969985801,W3099206234
W2969985801,W3101998545
W2604763608,W1771410628
W2604763608,W1836465849
W2604763608,W2271840356
W2604763608,W2753160622
W2604763608,W2963207607
W2979750740,W1644641054
W2979750740,W1920022804
W2979750740,W2099471712
W2979750740,W2211722331
W2979750740,W2519887557
W2979750740,W2558748708
W2979750740,W2560609797
W2979750740,W2560722161
W2979750740,W2963091558
W2979750740,W2963121255
W2742075475,W2229124923
W2742075475,W2321696461
W2742075475,W2328134238
W2742075475,W2476116270
W2742075475,W2518099942
W2742075475,W2587767928
W2742075475,W2593815020
W2988396470,W1900937478
W2988396470,W2950954328
W2911489562,W2525778437
W2911489562,W2896457183
W2911489562,W2919115771
W2911489562,W2962739339
W2911489562,W2963341956
W2911489562,W2963403868
W2911489562,W4385245566
W3034552520,W2097117768
W3034552520,W2183341477
W3034552520,W2194775991
W3034552520,W2302255633
W3034552520,W2531409750
W3034552520,W2549139847
W3034552520,W2565639579
W3034552520,W2752782242
W3034552520,W2883780447
W3034552520,W2884585870
W3034552520,W2955058313
W3034552520,W2963091558
W3034552520,W2963125010
W3034552520,W2963150697
W3034552520,W2963163009
W3034552520,W2963351448
W3034552520,W2963446712
W3034552520,W4288325606
W3034552520,W639708223
W2746553466,W2145339207
W2899714098,W2587625522
W2899714098,W2593511418
W2899714098,W2953320394
W2898962279,W1982518595
W2898962279,W2237880282
W2898962279,W2614464134
W2898962279,W3104895181
W3011366455,W2179036997
W3011366455,W2256742438
W2919979744,W2031183907
W2919979744,W2290883490
W2919979744,W2585392941
W2919979744,W2738900493
W2919979744,W883434633
W2232317135,W883434633
W3105678606,W1909359706
W3105678606,W2501864044
W3105678606,W2763117186
W3105678606,W2765081049
W3105678606,W2962843235
W3105678606,W3105401162
W2902652978,W2616922646
W2902652978,W2786672974
W2902652978,W2794480084
W2902652978,W2800392236
W2902652978,W2889326414
W2624989916,W2134295053
W2624989916,W2195423816
W2523246573,W2271840356
W2523246573,W2949117887
W2593768305,W1731081199
W2593768305,W2099471712
W2593768305,W2194775991
W2593768305,W2964288524
W3041133507,W1731081199
W3041133507,W2097117768
W3041133507,W2099471712
W3041133507,W2194775991
W3041133507,W2253429366
W3041133507,W2395579298
W3041133507,W2593768305
W3041133507,W2962808524
W3041133507,W2964288524
W3121948532,W2979586175
W3121948532,W3112066496
W2765407302,W2029538739
W2765407302,W2099471712
W2765407302,W2117539524
W2765407302,W2183341477
W2765407302,W2302255633
W2765407302,W2549139847
W2765407302,W2962879692
W2765407302,W2963207607
W2765407302,W2963446712
W2765407302,W2964137095
W2765407302,W3137695714
W3036167779,W1901129140
W3036167779,W2099471712
W3036167779,W2893749619
W3036167779,W2949382160
W3036167779,W2962760235
W3036167779,W2962770929
W3036167779,W2963091558
W3036167779,W2963373786
W3036167779,W2963403868
W3036167779,W2963755523
W3036167779,W2963981733
W3036167779,W3035574324
W2891503716,W1514535095
W2891503716,W1821462560
W2891503716,W2282821441
W2891503716,W2295107390
W2891503716,W2594633041
W2891503716,W2766447205
W2891503716,W2962862931
W2891503716,W2963095307
W2891503716,W2963125461
W3009963727,W2302003756
W3009963727,W2951071083
W3009963727,W2999417355
W2738900493,W2001979953
W2738900493,W2031183907
W2738900493,W2232317135
W2738900493,W2290883490
W2738900493,W414544266
W2738900493,W883434633
W2962766617,W2194775991
W2962766617,W2340897893
W2962766617,W2565639579
W2962766617,W2570343428
W2962766617,W2737258237
W2962766617,W2796347433
W2962766617,W2884561390
W2962766617,W2963037989
W2962766617,W2963150697
W2962766617,W2963857746
W2962766617,W3106250896
W2962766617,W4293584584
W2962766617,W639708223
W2963341924,W2097117768
W2963341924,W2117539524
W2963341924,W2183341477
W2963341924,W2618530766
W2963341924,W2949117887
W2963341924,W2964308564
W2886368623,W2249595199
W3162195278,W2105397247
W3162195278,W2754054868
W3162195278,W2899669642
W2996428491,W2896457183
W2996428491,W2899663614
W2996428491,W2963323070
W2996428491,W2963403868
W2996428491,W2963748441
W2996428491,W2964350391
W2996428491,W2965373594
W2962730651,W1936750108
W2962730651,W1967554269
W2962730651,W2194775991
W2962730651,W2307770531
W2962730651,W2559085405
W2962730651,W2570343428
W2962730651,W2613718673
W2962730651,W2963150697
W2962730651,W2963446712
W2962730651,W3106250896
W2962730651,W639708223
W2999309192,W1966716734
W2999309192,W2919115771
W2999309192,W3102476541
W3035574168,W1677182931
W3035574168,W2194775991
W3035574168,W2340897893
W3035574168,W2613718673
W3035574168,W2964062501
W3035574168,W2968296999
W3035574168,W3101998545
W3035574168,W3106250896
W3035574168,W639708223
W2533800772,W1901129140
W2533800772,W1903029394
W2533800772,W1905882502
W2533800772,W2097117768
W2533800772,W2117539524
W2533800772,W2253429366
W2533800772,W2257979135
W2533800772,W2395611524
W2533800772,W2919115771
W2533800772,W2949117887
W2735301415,W1568390176
W2735301415,W2293040502
W2735301415,W2408017125
W2735301415,W3150893739
W2798122215,W1901129140
W2798122215,W1902237438
W2798122215,W1903029394
W2798122215,W2752782242
W2798122215,W2962914239
W2798122215,W2964308564
W2300242332,W1536680647
W2300242332,W1903029394
W2300242332,W2097117768
W2300242332,W2194775991
W2300242332,W2274287116
W2300242332,W2279098554
W2300242332,W2949117887
W2300242332,W2953106684
W2300242332,W2964299589
W2300242332,W2964350391
W2611395271,W2175118067
W2611395271,W2508920067
W2611395271,W3101113424
W2901303766,W1533942137
W2901303766,W2104549677
W2901303766,W2302501749
W2901303766,W2773787581
W2195783463,W1844405070
W2195783463,W2153860431
W2963076818,W1522734439
W2963076818,W2507009361
W2963076818,W2559085405
W2963076818,W2601564443
W2963076818,W2619947201
W2963076818,W2963355447
W2963076818,W2964015378
W2963076818,W2964134613
W2963076818,W2964321699
W2588003345,W3102476541
W4236357753,W2302501749
W2963767194,W1834627138
W2963767194,W2099471712
W2963767194,W2173520492
W2963767194,W2194775991
W2963767194,W2739748921
W2963767194,W2962793481
W2963767194,W2962879692
W2963767194,W2963073614
W2963767194,W2963470893
W2963767194,W2963684088
W2963767194,W2964024144
W2963767194,W4295521014
W2911892655,W2432612777
W2885195348,W1689711448
W2885195348,W2559655401
W2885195348,W2885195348
W2885195348,W2963755523
W2274287116,W1903029394
W2274287116,W2097117768
W2274287116,W2194775991
W2274287116,W2949117887
W2284386481,W1568955415
W2284386481,W4210764005
W2962989581,W1897139626
W2239232218,W1901616594
W2964101377,W1885185971
W2964101377,W1930824406
W2964101377,W2194775991
W2964101377,W2214802144
W2964101377,W2242218935
W2964101377,W2476548250
W2964101377,W2503339013
W2964101377,W2607041014
W2964101377,W2963372104
W2964101377,W2963470893
W2964101377,W2964350391
W2964101377,W4294643831
W2964059111,W2145339207
W2884430236,W2559394418
W2997280954,W2069089843
W2997280954,W2620721366
W2997280954,W2794480084
W2997280954,W2800392236
W2997280954,W2889326414
W2997280954,W2949177718
W2765811365,W1836465849
W2765811365,W2099471712
W2765811365,W2395611524
W2765811365,W2919115771
W2765811365,W2949117887
W2765811365,W2962793481
W2765811365,W2962879692
W2765811365,W2963073614
W2765811365,W2963373786
W2765811365,W2963470893
W2765811365,W2963684088
W2765811365,W4295521014
W2110818436,W2115709314
W3109585842,W2471962767
W3109585842,W2962785568
W3109585842,W2963403868
W3109585842,W2963627347
W2962879692,W2173520492
W2962879692,W2547875792
W2963641381,W2556784265
W3039647217,W2807669085
W3039647217,W3004804052
W3039647217,W3006659024
W3039647217,W3008696669
W3039647217,W3015197879
W2995576379,W1847607158
W2995576379,W2000380427
W2995576379,W2167344400
W2995576379,W2223470559
W2995576379,W2905811773
W2995576379,W2950750906
W2995576379,W957206343
W2604319603,W1677182931
W2604319603,W1731081199
W2604319603,W1821462560
W2604319603,W1836465849
W2604319603,W1903029394
W2604319603,W2097117768
W2604319603,W2117539524
W2604319603,W2119144962
W2604319603,W2183341477
W2604319603,W2194775991
W2604319603,W2257979135
W2604319603,W2279098554
W2604319603,W2300242332
W2604319603,W2319920447
W2604319603,W2531409750
W2604319603,W2581082771
W2604319603,W2612445135
W2604319603,W2919115771
W2604319603,W2949382160
W2604319603,W2963285578
W2604319603,W2964299589
W2604319603,W2964350391
W2604319603,W4297775537
W2614566443,W2039153962
W2614566443,W2113699335
W2614566443,W2324862792
W3100789280,W1191599655
W3100789280,W1514535095
W3100789280,W1771410628
W3100789280,W1821462560
W3100789280,W2099471712
W3100789280,W2145339207
W3100789280,W2155968351
W3100789280,W2173564293
W3100789280,W2192203593
W3100789280,W2257979135
W3100789280,W2736601468
W3100789280,W2746553466
W3100789280,W2919115771
W3100789280,W2951799221
W3100789280,W2963864421
W3100789280,W2964043796
W3047879827,W2302501749
W3047879827,W2773787581
W2211722331,W1677182931
W2211722331,W1920022804
W2211722331,W2919115771
W607505555,W2029538739
W2558748708,W1644641054
W2558748708,W1920022804
W2558748708,W2194775991
W2558748708,W2519887557
W2558748708,W2618530766
W2558748708,W2919115771
W2558748708,W2949382160
W2558748708,W2964015378
W2558748708,W2964321699
W2558748708,W603908379
W2790979755,W2097117768
W2790979755,W2274287116
W2790979755,W2473156356
W2790979755,W2919115771
W2790979755,W2964350391
W2971836485,W1909359706
W2971836485,W2252795400
W2971836485,W2437571239
W2971836485,W2621266390
W2971836485,W2765081049
W2971836485,W3105401162
W2971836485,W3105678606
W2971836485,W4234856688
W2971836485,W4292875581
W2560474170,W2307770531
W2559394418,W2919115771
W2170240176,W1552847225
W2170240176,W1689711448
W2798991696,W1536680647
W2798991696,W1821462560
W2798991696,W2099471712
W2798991696,W2117539524
W2798991696,W2194775991
W2798991696,W2601450892
W2798991696,W2613718673
W2798991696,W2963341924
W2798991696,W2963420272
W2798991696,W2963466847
W2798991696,W3099206234
W2798991696,W639708223
W2503339013,W1677182931
W2503339013,W1885185971
W2503339013,W1903029394
W2503339013,W1930824406
W2503339013,W2214802144
W2503339013,W2242218935
W3011701533,W3001195213
W3011701533,W3003217347
W3011701533,W3004280078
W3011701533,W3009906937
W2963155035,W1522734439
W2963155035,W1947481528
W2963155035,W2097117768
W2963155035,W2194775991
W2963155035,W2507009361
W2963155035,W2619947201
W2963155035,W2963446712
W2963155035,W2963524571
W2968296999,W1677182931
W2968296999,W1836465849
W2968296999,W2560609797
W2968296999,W2613718673
W2968296999,W2884561390
W2968296999,W2897529137
W2968296999,W2899771611
W2968296999,W2949117887
W2968296999,W2963121255
W2968296999,W2963150697
W2968296999,W2964062501
W2968296999,W3106250896
W2968296999,W639708223
W2807649309,W2781525129
W2804910112,W2130811469
W2804910112,W2564545777
W2997747012,W2570343428
W2997747012,W2962766617
W2997747012,W2963037989
W2997747012,W2982770724
W2997747012,W4293584584
W2997747012,W639708223
W1644641054,W2097117768
W919187098,W1601128533
W919187098,W271526086
W4211161891,W1904914631
W4211161891,W2175118067
W4211161891,W2494235437
W4211161891,W2611395271
W2475334473,W2194775991
W3037259832,W1922730584
W3112066496,W2979586175
W2982316857,W2145339207
W2982316857,W2194775991
W2982316857,W2257979135
W2982316857,W2919115771
W2982316857,W2963403868
W2982316857,W2964043796
W4238298460,W3039083618
W2899663614,W2963285578
W2899663614,W2964137095
W2964082701,W1821462560
W2964082701,W2557283755
W2964082701,W2919115771
W2964082701,W2963207607
W3101479050,W2781738013
W3101479050,W3101479050
W2595629513,W2138071797
W2595629513,W2167344400
W2786390877,W2734356283
W2963355447,W1895577753
W2963355447,W2964308564
W2795989238,W2161112598
W2795989238,W2366536035
W2900044275,W1989277387
W2953151710,W2069089843
W2953151710,W2102212449
W2953151710,W2135937351
W2953151710,W2794480084
W2953151710,W2951506174
W2803760365,W1901129140
W2803760365,W2145339207
W2803760365,W2253429366
W2803760365,W2257979135
W2803760365,W2504150216
W2803760365,W2533800772
W2803760365,W2557738935
W2803760365,W2581082771
W2803760365,W2592929672
W2803760365,W2610332124
W2803760365,W2919115771
W2989617484,W2890695304
W2998789541,W2174661749
W2998789541,W2327037637
W2998789541,W2763355946
W2998789541,W2767128594
W2511515754,W2104549677
W2214802144,W1677182931
W2214802144,W1885185971
W2214802144,W1903029394
W2214802144,W1963882359
W2963466847,W2097117768
W2963466847,W2194775991
W2963466847,W2325939864
W2963466847,W3099206234
W2963466847,W3101998545
W2913450733,W2109006689
W2619383789,W1514535095
W2619383789,W1836465849
W2619383789,W1895577753
W2619383789,W1905882502
W2619383789,W1933349210
W2619383789,W1956340063
W2619383789,W2099471712
W2619383789,W2327501763
W2619383789,W2964308564
W1581143213,W1581143213
W2607041014,W1677182931
W2607041014,W1885185971
W2607041014,W1930824406
W2607041014,W1963882359
W2607041014,W2214802144
W2607041014,W2242218935
W2607041014,W2331128040
W2607041014,W2476548250
W2607041014,W2503339013
W2607041014,W2963470893
W2782522152,W1514535095
W2782522152,W1522734439
W2782522152,W1903029394
W2782522152,W1947481528
W2782522152,W2097117768
W2782522152,W2194775991
W2782522152,W2618530766
W2782522152,W2963037989
W2782522152,W2964059111
W2782522152,W639708223
W2963627347,W1836465849
W2963627347,W1920022804
W2963627347,W2173520492
W2963627347,W2560609797
W2963627347,W2949117887
W2963627347,W2963073614
W2963627347,W2963121255
W2963627347,W2963684088
W2963627347,W2964321699
W2963627347,W2979750740
W2963627347,W4294643831
W3099862724,W2146512944
W1857884451,W1895577753
W1857884451,W1903029394
W1857884451,W1963882359
W1857884451,W2117539524
W1857884451,W2158592639
W2524597629,W1780778418
W2524597629,W2305278139
W2949382160,W2949650786
W2996597775,W1780778418
W2996597775,W2305278139
W2996597775,W2524597629
W2996597775,W2754799758
W2996597775,W2900619723
W2996597775,W2950504429
W3035060554,W1677182931
W3035060554,W1836465849
W3035060554,W1903029394
W3035060554,W2099471712
W3035060554,W2117539524
W3035060554,W2145339207
W3035060554,W2173248099
W3035060554,W2183341477
W3035060554,W2194775991
W3035060554,W2613718673
W3035060554,W2798991696
W3035060554,W2842511635
W3035060554,W2963263347
W3035060554,W2963420272
W3035060554,W2963470893
W3035060554,W2964043796
W3035060554,W2964159205
W3035060554,W3005680577
W2753160622,W2194775991
W2753160622,W2525778437
W2753160622,W2949117887
W2953532875,W2789970635
W2910597635,W2346505350
W2910597635,W2597150627
W2910597635,W2783918566
W2962843235,W1909359706
W2962843235,W2501864044
W2962843235,W3105401162
W2613603864,W2113699335
W2613603864,W2129905273
W2613603864,W2324862792
W2928165649,W1903029394
W2928165649,W2097117768
W2928165649,W2109255472
W2928165649,W2117539524
W2928165649,W2183341477
W2928165649,W2194775991
W2928165649,W2274287116
W2928165649,W2412782625
W2928165649,W2531409750
W2928165649,W2549139847
W2928165649,W2560023338
W2928165649,W2565639579
W2928165649,W2613718673
W2928165649,W2630837129
W2928165649,W2752782242
W2928165649,W2883780447
W2928165649,W2916798096
W2928165649,W2962858109
W2928165649,W2963150697
W2928165649,W2963420686
W2928165649,W2963446712
W2928165649,W2964137095
W2928165649,W2964309882
W2928165649,W2964350391
W2928165649,W3106250896
W2928165649,W4309845474
W2928165649,W639708223
W2282942319,W2282942319
W2408017125,W1511920456
W2408017125,W1528251861
W2408017125,W1568390176
W1963882359,W2949117887
W2031183907,W2001979953
W2594633041,W2117539524
W2594633041,W2525778437
W2594633041,W2557738935
W2594633041,W2963207607
W2963433607,W2559655401
W1844405070,W2076154138
W1844405070,W2153860431
W1844405070,W2195783463
W2991012415,W2559191318
W2991012415,W2898402099
W1904914631,W2131665769
W1904914631,W2175118067
W1904914631,W3101113424
W2964024144,W1836465849
W2964024144,W2099471712
W2964024144,W2183341477
W2964024144,W2194775991
W2964024144,W2963073614
W2964024144,W2963373786
W2964024144,W2963470893
W2964024144,W2963684088
W3008092789,W2520676852
W3008092789,W2607307034
W3008092789,W2752698709
W3008092789,W843007777
W2750168540,W2105321265
W2963122961,W1836465849
W2963122961,W2097117768
W2963122961,W2183341477
W2963122961,W2194775991
W2963122961,W2279098554
W2963122961,W2300242332
W2963122961,W2612445135
W2963122961,W2963125010
W2963122961,W2963446712
W2963122961,W2964299589
W2963122961,W3106250896
W2963122961,W4297775537
W2789758093,W2919115771
W2789758093,W3102476541
W2962974533,W1836465849
W2962974533,W2099471712
W2962974533,W2194775991
W2962974533,W2340897893
W2962974533,W2412782625
W2962974533,W2593414223
W2962974533,W2603777577
W2962974533,W2737258237
W2962974533,W2739748921
W2962974533,W2804078698
W2962974533,W2893749619
W2962974533,W2962770929
W2962974533,W2962793481
W2962974533,W2963073614
W2962974533,W2963800363
W2962974533,W2963890275
W2962974533,W2963981733
W2962974533,W2964024144
W2962974533,W4301206121
W2519603001,W2984280663
W2559191318,W2224056471
W2787091153,W1821462560
W2787091153,W1901129140
W2787091153,W1903029394
W2787091153,W1905829557
W2787091153,W2097117768
W2787091153,W2117539524
W2787091153,W2194775991
W2787091153,W2271840356
W2787091153,W2412782625
W2787091153,W2531409750
W2787091153,W2549139847
W2787091153,W2560023338
W2787091153,W2565639579
W2787091153,W2612445135
W2787091153,W2630837129
W2787091153,W2949117887
W2787091153,W2963125010
W2787091153,W2963881378
W2787091153,W2964081807
W2327721819,W2003478788
W2327721819,W2190169384
W414544266,W2001979953
W414544266,W2031183907
W2998885490,W2193503481
W2998885490,W2337225114
W2998885490,W2600399632
W2998885490,W2738516213
W2998885490,W2981104727
W3005332201,W2037496050
W3005332201,W2041307272
W3005332201,W2169904088
W3005332201,W2609067898
W3005332201,W2737217596
W3005332201,W2762862468
W2981689412,W1901129140
W2981689412,W1903029394
W2981689412,W2194775991
W2981689412,W2340897893
W2981689412,W2412782625
W2981689412,W2560023338
W2981689412,W2601564443
W2981689412,W2630837129
W2981689412,W2737258237
W2981689412,W2752782242
W2981689412,W2955058313
W2981689412,W2963091558
W2981689412,W2963150697
W2981689412,W2963403868
W2981689412,W2963840672
W2981689412,W2964309882
W2981689412,W4385245566
W2944339144,W2468221858
W2963782415,W1901129140
W2963782415,W2412782625
W2963782415,W2560474170
W2963782415,W2963446712
W2963782415,W2963840672
W2963782415,W603908379
W2767346351,W2285118877
W2998508940,W1836465849
W2998508940,W2183341477
W2998508940,W2194775991
W2998508940,W2204750386
W2998508940,W2302255633
W2998508940,W2511791013
W2998508940,W2549139847
W2998508940,W2750384547
W2998508940,W2964137095
W2998508940,W3137695714
W2585392941,W2001979953
W2949708697,W1536680647
W2949708697,W1644641054
W2949708697,W2211722331
W2949708697,W2560609797
W2949708697,W2565639579
W2949708697,W2570343428
W2949708697,W2884561390
W2949708697,W2897529137
W2949708697,W2963037989
W2949708697,W2963121255
W2949708697,W2963150697
W2949708697,W2964062501
W2949708697,W3106250896
W2949708697,W4293584584
W2949708697,W639708223
W2964062501,W1644641054
W2964062501,W1920022804
W2964062501,W2211722331
W2964062501,W2560609797
W2964062501,W2565639579
W2964062501,W2613718673
W2964062501,W2963121255
W2964062501,W2963150697
W2964062501,W603908379
W2964062501,W639708223
W2774320778,W1901129140
W2774320778,W1903029394
W2774320778,W2097117768
W2774320778,W2194775991
W2774320778,W2302255633
W2774320778,W639708223
W2988916019,W1536680647
W2988916019,W1677182931
W2988916019,W1821462560
W2988916019,W1903029394
W2988916019,W1920022804
W2988916019,W2097117768
W2988916019,W2117539524
W2988916019,W2183341477
W2988916019,W2194775991
W2988916019,W2274287116
W2988916019,W2279098554
W2988916019,W2295107390
W2988916019,W2307770531
W2988916019,W2395611524
W2988916019,W2412782625
W2988916019,W2531409750
W2988916019,W2549139847
W2988916019,W2557283755
W2988916019,W2565639579
W2988916019,W2570343428
W2988916019,W2592929672
W2988916019,W2601564443
W2988916019,W2612445135
W2988916019,W2752782242
W2988916019,W2782522152
W2988916019,W2916798096
W2988916019,W2919115771
W2988916019,W2949117887
W2988916019,W2962749812
W2988916019,W2962766617
W2988916019,W2962949934
W2988916019,W2963037989
W2988916019,W2963125010
W2988916019,W2963150697
W2988916019,W2963207607
W2988916019,W2963351448
W2988916019,W2963420686
W2988916019,W2963446712
W2988916019,W2963840672
W2988916019,W2963857746
W2988916019,W2964062501
W2988916019,W2964081807
W2988916019,W2964241181
W2988916019,W2964299589
W2988916019,W2964350391
W2988916019,W3101998545
W2988916019,W3106250896
W2988916019,W603908379
W2988916019,W639708223
W2963890275,W2099471712
W2963890275,W2183341477
W2963890275,W2194775991
W2963890275,W2331128040
W2963890275,W2340897893
W2963890275,W2475287302
W2963890275,W2593414223
W2963890275,W2603777577
W2963890275,W2739748921
W2963890275,W2899771611
W2963890275,W2962760235
W2963890275,W2962785568
W2963890275,W2962793481
W2963890275,W2963073614
W2963890275,W2963420272
W2963890275,W2963767194
W2963890275,W2963800363
W2963890275,W2964024144
W2774178591,W1803102843
W2774178591,W2173732482
W2774178591,W2950954328
W2774178591,W4211196614
W3014974411,W2031183907
W3014974411,W2232317135
W3014974411,W2290883490
W3014974411,W2738900493
W3014974411,W2919979744
W3014974411,W883434633
W2155968351,W2145339207
W2963363373,W1536680647
W2963363373,W1836465849
W2963363373,W2097117768
W2963363373,W2194775991
W2963363373,W2300242332
W2963363373,W2531409750
W2963363373,W2549139847
W2963363373,W2949117887
W2963363373,W2963037989
W2963363373,W2964299589
W2963363373,W3106250896
W2963363373,W639708223
W2962691117,W2134295053
W2964054038,W1836465849
W2964054038,W1895577753
W2964054038,W2097117768
W2964054038,W2117539524
W2964054038,W2194775991
W2964054038,W2302255633
W2964054038,W2523246573
W2964054038,W2949117887
W2964054038,W2963446712
W2610784388,W2266720690
W2922509574,W1677182931
W2922509574,W1836465849
W2922509574,W2097117768
W2922509574,W2117539524
W2922509574,W2183341477
W2922509574,W2194775991
W2922509574,W2302255633
W2922509574,W2549139847
W2922509574,W2601564443
W2922509574,W2752782242
W2922509574,W2866634454
W2922509574,W2883780447
W2922509574,W2884585870
W2922509574,W2949117887
W2922509574,W2963125010
W2922509574,W2963163009
W2922509574,W2963420686
W2922509574,W2963446712
W2922509574,W2963840672
W2922509574,W2964308564
W2922509574,W2964350391
W2922509574,W4297775537
W2922509574,W603908379
W2963677766,W1903029394
W2963677766,W1905829557
W2963677766,W2194775991
W2963677766,W2200124539
W2963677766,W2340897893
W2963677766,W2412782625
W2963677766,W2560023338
W2963677766,W2560647685
W2963677766,W2630837129
W2963677766,W2963150697
W2963677766,W2963840672
W2963677766,W2963881378
W2963677766,W2964137095
W2962749812,W1836465849
W2962749812,W2097117768
W2962749812,W2194775991
W2962749812,W2277195237
W2962749812,W2570343428
W2962749812,W2949117887
W2962749812,W3106250896
W2962749812,W639708223
W2964243274,W1836465849
W2610332124,W1901616594
W2610332124,W2060427373
W2610332124,W2097117768
W2610332124,W2271840356
W2610332124,W2282821441
W2610332124,W2473418344
W2610332124,W2557738935
W2610332124,W2581082771
W2610332124,W2919115771
W2610332124,W2949615363
W2963842104,W1903029394
W2963842104,W1949591461
W2963842104,W2194775991
W2963842104,W2204750386
W2963842104,W2274287116
W2963842104,W2307770531
W2963842104,W2511791013
W2963842104,W2559085405
W2963842104,W2964350391
W2963842104,W3106250896
W2897529137,W1536680647
W2897529137,W2884561390
W2897529137,W2963037989
W2897529137,W2963150697
W2897529137,W2963351448
W2897529137,W2964062501
W2897529137,W3106250896
W2951799803,W2519132385
W2605102758,W1771410628
W2605102758,W2145339207
W2605102758,W2919115771
W2327501763,W1514535095
W2327501763,W2964308564
W2962851801,W1677182931
W2962851801,W1836465849
W2962851801,W1903029394
W2962851801,W2097117768
W2962851801,W2194775991
W2962851801,W2300242332
W2962851801,W2302255633
W2962851801,W2949117887
W2962851801,W2963446712
W2962851801,W2964299589
W2744904120,W1976441470
W2990613095,W1644641054
W2990613095,W1920022804
W2990613095,W2194775991
W2990613095,W2211722331
W2990613095,W2558748708
W2990613095,W2560609797
W2990613095,W2601564443
W2990613095,W2963121255
W2990613095,W2964321699
W2990613095,W2979750740
W2784327149,W1989120577
W2784327149,W2530960585
W2784327149,W2614464134
W2784327149,W3104895181
W3043075211,W2476548250
W3043075211,W2963881378
W3043075211,W3106250896
W2562637781,W1677182931
W2562637781,W2618530766
W2319920447,W2145339207
W2319920447,W2257979135
W2319920447,W2949117887
W2319920447,W2964308564
W2574952845,W1885185971
W2574952845,W1901129140
W2574952845,W1903029394
W2574952845,W1963882359
W2574952845,W2117539524
W2574952845,W2194775991
W2574952845,W2242218935
W2574952845,W2508457857
W2574952845,W2919115771
W2949223833,W1031578623
W2949223833,W2206954826
W2792643794,W2750384547
W2785768358,W2564178799
W2785768358,W2567342708
W2197824282,W1629273100
W2197824282,W2075511306
W3045004532,W1901616594
W3045004532,W2271840356
W3045004532,W3102476541
W2952757700,W1951724000
W2952757700,W2101971030
W1927627425,W1629273100
W1927627425,W2006619554
W1927627425,W2075511306
W2842511635,W1494198834
W2842511635,W1836465849
W2842511635,W1895577753
W2842511635,W2117539524
W2842511635,W2302255633
W2842511635,W2949382160
W2842511635,W2963403868
W2842511635,W2964043796
W2842511635,W3099206234
W2936503027,W1834627138
W2936503027,W2117539524
W2936503027,W2183341477
W2936503027,W2194775991
W2936503027,W2557283755
W2936503027,W2559655401
W2936503027,W2618530766
W2936503027,W2899771611
W2936503027,W2919115771
W2936503027,W2963037989
W2936503027,W2963351448
W2936503027,W2963446712
W2936503027,W3099206234
W2936503027,W3106250896
W2900619723,W1780778418
W2900619723,W2149868499
W2900619723,W2305278139
W2900619723,W2524597629
W2900619723,W2754799758
W2208550830,W1731081199
W2208550830,W3150893739
W2963755523,W2194775991
W2937307539,W2504150216
W2937307539,W2594183968
W2937307539,W2905810301
W2937307539,W2919115771
W2200124539,W2097117768
W2794521141,W2102212449
W2794521141,W2135937351
W2794521141,W2146512944
W2794521141,W2951506174
W2951104886,W2604763608
W2951104886,W2612445135
W2951104886,W2899771611
W2951104886,W2949117887
W2951104886,W2963125010
W2951104886,W2963446712
W2951104886,W2964081807
W2526050071,W1836465849
W2526050071,W1927052826
W2526050071,W2183341477
W2526050071,W2194775991
W2526050071,W2593116425
W2805837749,W2320983896
W2805837749,W2336828812
W2805837749,W2766599608
W2963323070,W2949615363
W2963323070,W2951534261
W2963323070,W2962739339
W2963323070,W2963748441
W2995065029,W3013171296
W2734349601,W1901129140
W2734349601,W2962914239
W3025949386,W1989120577
W3025949386,W2611772571
W2737217596,W2037496050
W2737217596,W2565282363
W3012099172,W3008696669
W2193503481,W1992193293
W2611772571,W1989120577
W2611772571,W2607030186
W2611772571,W2611772571
W2909240409,W1485504984
W2909240409,W2221837786
W2607350314,W1617145133
W2607350314,W2141970008
W2410390527,W1992193293
W2410390527,W2193503481
W2410390527,W2337225114
W2898962279,W1982518595
W2898962279,W2237880282
W2898962279,W2614464134
W2898962279,W3104895181
W2261645655,W2611772571
W2806569362,W1999167944
W2806569362,W2340972631
W2603442821,W2328134238
W2588003345,W3102476541
W3007246056,W2201735116
W3014125413,W1989120577
W2130811469,W2172199324
W2337225114,W1992193293
W2337225114,W2193503481
W2337225114,W2410390527
W3104895181,W2261645655
W2784350055,W1940496428
W2784350055,W2186567173
W2784350055,W2195453830
W2784350055,W2272908325
W2784350055,W2483057761
W2604316091,W1810360004
W2604316091,W2037496050
W2574987849,W2220596051
W2574987849,W2323275360
W2518099942,W2321696461
W2583342343,W1810360004
W2583342343,W1863165817
W2583342343,W1971345082
W2583342343,W2037496050
W2583342343,W2228625904
W2583342343,W2229518787
W2583342343,W2264411566
W2583342343,W2286955579
W2583342343,W2300403628
W2583342343,W2405598407
W2583342343,W2546432926
W2583342343,W2565282363
W2761590587,W1863165817
W2761590587,W2037496050
W2761590587,W2609067898
W2905218447,W1940496428
W2905218447,W2753273584
W2461419449,W2195453830
W2598701004,W1843763927
W2598701004,W1974424100
W2598701004,W2473009902
W3037259832,W1922730584
W2564630286,W1974424100
W2564630286,W2564630286
W2886281704,W2320249130
W2886281704,W2766136866
W2999590263,W2082019533
W2999590263,W2784506527
W2999590263,W2792783390
W2999590263,W2886600502
W2999590263,W2909990379
W2766136866,W2195453830
W2766136866,W2328487243
W2766136866,W2461419449
W2766136866,W4246438352
W2901199346,W1971345082
W2901199346,W2227598340
W2901199346,W2260274902
W2901199346,W2557127383
W2901199346,W2737217596
W2901199346,W4211010233
W2781567654,W2588770771
W2895932308,W1999167944
W2895932308,W2130811469
W2895932308,W2605932719
W2523591818,W2012136380
W2983762108,W2796568833
W2983762108,W4211137059
W2620099204,W1810360004
W2620099204,W1971345082
W2620099204,W2037496050
W2620099204,W2169904088
W2620099204,W2286955579
W2620099204,W2300403628
W2620099204,W2405598407
W2620099204,W2609067898
W2998885490,W2193503481
W2998885490,W2337225114
W2998885490,W2600399632
W2998885490,W2738516213
W2998885490,W2981104727
W2530960585,W1955806497
W2530960585,W2401580071
W3005332201,W2037496050
W3005332201,W2041307272
W3005332201,W2169904088
W3005332201,W2609067898
W3005332201,W2737217596
W3005332201,W2762862468
W2800203331,W2119642490
W2800203331,W2575591472
W2800203331,W2600399632
W2886600502,W1629273100
W2886600502,W2340005653
W2886600502,W2615203216
W2886600502,W2784506527
W2332136976,W2067847820
W2336998050,W1196712433
W2747319455,W2227280755
W1971345082,W2041307272
W2483057761,W2037496050
W1951564719,W1930021590
W1951564719,W1955806497
W1951564719,W1999167944
W1951564719,W2036479846
W1951564719,W2127597920
W1951564719,W2170327428
W2476116270,W2328134238
W2941803205,W2567342708
W2941803205,W2737217596
W2941803205,W2784681531
W2941803205,W2806520197
W2784327149,W1989120577
W2784327149,W2530960585
W2784327149,W2614464134
W2784327149,W3104895181
W3087333805,W2037496050
W3087333805,W2737217596
W3087333805,W2762862468
W3087333805,W2890522215
W3087333805,W2914665624
W2190546151,W1999167944
W2809880805,W2487518233
W2809880805,W2505574534
W2593083124,W1863165817
W2593083124,W1971345082
W2593083124,W2228625904
W2593083124,W2229518787
W2593083124,W2230820137
W2593083124,W2405598407
W3109968655,W2620099204
W3109968655,W2771511416
W3109968655,W2809418529
W3109968655,W2908304050
W2999458928,W1999468792
W2999458928,W2012136380
W2999458928,W2523591818
W2999458928,W2753273584
W2999458928,W2796444718
W2999458928,W2911892655
W2999458928,W2942915186
W3093432062,W1989120577
W3093432062,W2119642490
W3093432062,W2193503481
W3093432062,W2295931476
W3093432062,W2573821892
W3093432062,W2887558848
W3093432062,W2915336810
W3093432062,W2972407136
W3093432062,W2979653715
W3093432062,W2981104727
W3093432062,W2982338710
W3093432062,W3014125413
W3093432062,W3026582775
W3093432062,W3093432062
W2779282391,W1810360004
W2779282391,W1863165817
W2779282391,W1971345082
W2779282391,W2037496050
W2779282391,W2228625904
W2779282391,W2230820137
W2779282391,W2264411566
W2779282391,W2405598407
W2779282391,W2565282363
W2779282391,W2583342343
W2779282391,W2620099204
W2748928903,W1990681348
W2618708155,W1951564719
W2618708155,W2401580071
W2618708155,W2508512371
W2731951690,W2227280755
W2731951690,W2513922847
W2772366318,W1523078206
W2772366318,W2318568688
W3026582775,W2979653715
W3026582775,W3010223921
W3026582775,W3023441241
W2972407136,W2009225674
W2972407136,W2119642490
W2972407136,W2337225114
W2972407136,W2410390527
W2972407136,W2560167313
W2972407136,W2564545777
W2972407136,W2573821892
W2972407136,W2600399632
W2908304050,W2761590587
W2908304050,W2766101344
W2908304050,W2785715629
W2908304050,W2901309204
W2736456658,W2200817828
W2736456658,W2557800876
W2890701797,W1617145133
W2890701797,W2577537660
W2890701797,W2607350314
W2789575335,W2328134238
W2782625861,W1515587369
W2340005653,W2075511306
W2600399632,W2119642490
W2600399632,W2575591472
W2600399632,W2904255904
W4211137059,W1984432465
W4211137059,W2258661450
W4211137059,W2321696461
W4211137059,W2328134238
W4211137059,W2518099942
W4211137059,W2587767928
W4211137059,W2742075475
W2966722893,W1974527622
W2966722893,W2260274902
W2948574679,W1810360004
W2948574679,W2565282363
W2948574679,W2620099204
W2948574679,W2737217596
W2948574679,W2771511416
W2948574679,W2776544319
W2918895016,W1810360004
W2918895016,W1863165817
W2918895016,W2228625904
W2918895016,W2300403628
W2918895016,W2405598407
W2918895016,W2546432926
W2918895016,W2580804322
W2918895016,W2620099204
W2918895016,W2725420826
W2918895016,W2737217596
W2918895016,W2779212101
W2782456798,W1951724000
W2782456798,W2596630349
W2782456798,W2619701599
W2990024397,W2886281704
W2944057425,W2227598340
W2944057425,W2564545777
W2944057425,W2772366318
W2977747666,W1863165817
W2977747666,W2037496050
W2977747666,W2286955579
W2977747666,W2565282363
W2977747666,W2776544319
W2977747666,W2948574679
W2914665624,W2037496050
W2914665624,W2583342343
W2914665624,W2604316091
W2914665624,W2609067898
W2914665624,W2737217596
W2914665624,W2762862468
W2609067898,W1946435840
W2609067898,W2037496050
W2609067898,W2169904088
W2609067898,W2546432926
W2990705976,W2800203331
W2990705976,W2890701797
W2990705976,W2908510209
W2901377336,W2589816650
W2771511416,W2037496050
W2771511416,W2264411566
W2771511416,W2286955579
W2771511416,W2300403628
W2771511416,W2546432926
W2771511416,W2583342343
W2771511416,W2604316091
W2771511416,W2605932959
W2771511416,W2737217596
W2783192416,W2160206675
W2783192416,W2253902135
W2783192416,W2588003345
W3013474995,W2810507576
W2811133697,W1940496428
W2811133697,W2195453830
W2811133697,W2257992222
W2811133697,W2410390527
W2811133697,W2487948636
W2779212101,W1810360004
W2779212101,W1863165817
W2779212101,W1971345082
W2779212101,W2041307272
W2779212101,W2228625904
W2779212101,W2255762950
W2779212101,W2286955579
W2779212101,W2405598407
W2779212101,W2546432926
W2779212101,W2583342343
W2779212101,W2593083124
W2605932719,W2517342784
W2923879367,W2037496050
W2923879367,W2565277564
W3017092394,W3001195213
W3017092394,W3003217347
W3017092394,W3028152077
W2579486704,W2328487243
W2619701599,W1843763927
W2619701599,W2461419449
W2619701599,W2596630349
W2619701599,W862767725
W2936566509,W1485504984
W2936566509,W2286955579
W2936566509,W2565282363
W2955316307,W2588003345
W2955316307,W2614464134
W2955316307,W2766136866
W2955316307,W2885696803
W2286955579,W1810360004
W2941324425,W2011141753
W2941324425,W2166774843
W2941324425,W2178640296
W2941324425,W2256613245
W2405598407,W2228625904
W2947992368,W2523591818
W2947992368,W2792232172
W2988278250,W2195453830
W2988278250,W2579486704
W2988278250,W2737217596
W2988278250,W2766136866
W2988278250,W2803438242
W2988278250,W2804406438
W2988278250,W2806520197
W2988278250,W2915336810
W2988278250,W2941803205
W2908898337,W1982518595
W2908898337,W2009225674
W3016207602,W3010441732
W3016207602,W3012099172
W3016207602,W3013188135
W2328487243,W2409219597
W2981104727,W2009225674
W2899260625,W2027563442
W2899260625,W2094413778
W2899260625,W2220596051
W2899260625,W2328134238
W2899260625,W2476116270
W2899260625,W2497894926
W2899260625,W2593815020
W2899260625,W2742075475
W2899260625,W4254736414
W2952982270,W1999167944
W2952982270,W2009225674
W2952982270,W2253902135
W2952982270,W2557127383
W2952982270,W2588770771
W2952982270,W2598701004
W2952982270,W2781567654
W2952982270,W2804910112
W2952982270,W2883416811
W2952982270,W4211010233
W2532505215,W2148999460
W2518198314,W2214163154
W2013536899,W3149443718
W2894499460,W2586297008
W2884775052,W1617145133
W2884775052,W2038752330
W2884737554,W2119767565
W2804894055,W2611772571
W2621679044,W2037496050
W2782017479,W2483057761
W2948673221,W2006619554
W2948673221,W2082019533
W2948673221,W2340005653
W2948673221,W2615203216
W2948673221,W2784506527
W2948673221,W2886600502
W2948673221,W2909990379
W2901997077,W2487518233
W2912799455,W2253030359
W2912799455,W2557583925
W2912799455,W2790834180
W2885696803,W2181552524
W2885696803,W2336426693
W2885696803,W2771714473
W2908510209,W2532505215
W2908510209,W2575591472
W2908510209,W2611772571
W2908510209,W2800203331
W2901309204,W1863165817
W2901309204,W2037496050
W2901309204,W2785715629
W2901309204,W2791727655
W3028152077,W3001195213
W3028152077,W3010604545
W3028152077,W3017092394
W2605932959,W1863165817
W2605932959,W2037496050
W2605932959,W2169904088
W2605932959,W2255762950
W2605932959,W2300403628
W2255762950,W2037496050
W2983606184,W2130811469
W2979653715,W1989120577
W2979653715,W2119642490
W2979653715,W2295931476
W2979653715,W2573821892
W2979653715,W2887558848
W2979653715,W2915336810
W2979653715,W2979653715
W2979653715,W2981104727
W2979653715,W2982338710
W2907773784,W1810360004
W2907773784,W1863165817
W2907773784,W1971345082
W2907773784,W2228625904
W2907773784,W2229518787
W2907773784,W2255762950
W2907773784,W2405598407
W2907773784,W2525607701
W2907773784,W2546432926
W2907773784,W2580804322
W2907773784,W2625112519
W2907773784,W2725420826
W2907773784,W2779212101
W2403600955,W2041307272
W2517342784,W1999167944
W2517342784,W2130811469
W2941378544,W2583342343
W2941378544,W2605932959
W2941378544,W2737217596
W2941378544,W2771511416
W2941378544,W2883912728
W2229518787,W1971345082
W2229518787,W2037496050
W2983402152,W2518099942
W2983402152,W2895295357
W2980464326,W2255447065
W2980464326,W2622898554
W2808187500,W2091575974
W2922633580,W2336426693
W2790834180,W2253030359
W2790834180,W2557583925
W2790834180,W2565813131
W2791727655,W2037496050
W2791727655,W2176331526
W2791727655,W2604316091
W2791727655,W2737217596
W2791727655,W2791727655
W2905091597,W2260274902
W2618578455,W2183186634
W2991848483,W1930021590
W2991848483,W2193503481
W2991848483,W2214163154
W2991848483,W2336426693
W2991848483,W2518198314
W2991848483,W2617056706
W2991848483,W2766136866
W2991848483,W2885696803
W2991848483,W2890263737
W2991848483,W2912077313
W2991848483,W2913323966
W2991848483,W2915336810
W2991848483,W2922633580
W2991848483,W2955316307
W2176331526,W1556631438
W2176331526,W2037496050
W2915336810,W1989120577
W2915336810,W2119642490
W2915336810,W2295931476
W2915336810,W2573821892
W2915336810,W2887558848
W2883416811,W2513506562
W2606549030,W2260274902
W2622898554,W2255447065
W2883893555,W2022423925
W2883893555,W2588003345
W2883893555,W2736456658
W2603761640,W2534737939
W2905450617,W3104062568
W3027710877,W2229124923
W3027710877,W2340600715
W3027710877,W2515146993
W3027710877,W2809502094
W3015207233,W2737217596
W3015207233,W2749550903
W2913631090,W1182682356
W2913631090,W2077766806
W2913631090,W2227280755
W2913631090,W2461419449
W2913631090,W2527891094
W2913631090,W2747319455
W3006332078,W1182682356
W3006332078,W2747319455
W3006332078,W2969017260
W2796944804,W2596630349
W2796944804,W2619701599
W2796944804,W2782456798
W2770385631,W2488815739
W2576077683,W2090553396
W2271174547,W1523078206
W2271174547,W1999167944
W2755306482,W1971345082
W3048882402,W3015391807
W2088494848,W2102288184
W2605441478,W2038752330
W2885126584,W1863165817
W2885126584,W1946435840
W2885126584,W2037496050
W2885126584,W2041307272
W2885126584,W2229518787
W2885126584,W2620099204
W2883912728,W2037496050
W2883912728,W2264411566
W2883912728,W2286955579
W2883912728,W2546432926
W2883912728,W2737217596
W2883912728,W2753819772
W2883912728,W2771511416
W2998500935,W2193503481
W2796444718,W2228940409
W2796444718,W2523591818
W2344328155,W2344328155
W3092621662,W2190546151
W3092621662,W2337225114
W3092621662,W2410390527
W3006275595,W2037496050
W3006275595,W2230820137
W3006275595,W2620099204
W3006275595,W2761590587
W3006275595,W2776544319
W3006275595,W2785715629
W3006275595,W2809418529
W3006275595,W2885126584
W3006275595,W2901309204
W3006275595,W2948574679
W2557800876,W2200817828
W2964203982,W2751884637
W2806520197,W2195453830
W2567342708,W4254736414
W2793814093,W2264050319
W2809286029,W1951564719
W2809286029,W2336426693
W2753819772,W1810360004
W2753819772,W1863165817
W2753819772,W1971345082
W2753819772,W2037496050
W2753819772,W2176331526
W2753819772,W2200817828
W2753819772,W2228625904
W2753819772,W2264411566
W2753819772,W2403600955
W2753819772,W2405598407
W2753819772,W2546432926
W2753819772,W2583342343
W2977539872,W1476478267
W2977539872,W2200817828
W2977539872,W2318568688
W2977539872,W2736456658
W2977539872,W2883893555
W3030446301,W2193503481
W3030446301,W2337225114
W3030446301,W2887558848
W3030446301,W2979653715
W1946435840,W2037496050
W1946435840,W2041307272
W2525607701,W1810360004
W2525607701,W1971345082
W2525607701,W2041307272
W2525607701,W2405598407
W2509613771,W1989120577
W2509613771,W2515518038
W2989970761,W2557127383
W2989970761,W2766136866
W2989970761,W3159281654
W2989970761,W4311260493
W2776544319,W1810360004
W2776544319,W2176331526
W2776544319,W2286955579
W2776544319,W2300403628
W2776544319,W2565282363
W2776544319,W2583342343
W2776544319,W2620099204
W2776544319,W2755306482
W3044029393,W2037496050
W3044029393,W2041307272
W3044029393,W2286955579
W3044029393,W2604316091
W3044029393,W2737217596
W3044029393,W2755306482
W3044029393,W2762862468
W3044029393,W2766101344
W3044029393,W2771511416
W3044029393,W2791727655
W3044029393,W2809418529
W3044029393,W2890522215
W3044029393,W2907773784
W3044029393,W2914665624
W3044029393,W2966967676
W2951038469,W2505574534
W2951038469,W2520676852
W2951038469,W2565813131
W2951038469,W2618578455
W2951038469,W2790834180
W2607030186,W2611772571
W3095961138,W1951724000
W3095961138,W2735301415
W3095961138,W3008443627
W2766499163,W2038752330
W2766499163,W2236556070
W2919496064,W2473009902
W2919496064,W2596630349
W2919496064,W2598701004
W2919496064,W2782456798
W2919496064,W2886357179
W2919496064,W862767725
W2809418529,W1863165817
W2809418529,W1946435840
W2809418529,W2176331526
W2809418529,W2300403628
W2809418529,W2604316091
W2809418529,W2609067898
W2809418529,W2620099204
W2809418529,W2761590587
W2809418529,W2776544319
W2804406438,W1992193293
W2804406438,W2130811469
W2804406438,W2195453830
W2804406438,W2328487243
W2804406438,W2410390527
W2804406438,W2531773248
W2804406438,W2579486704
W2804406438,W2766136866
W2804406438,W2784350055
W2886357179,W2048170654
W2886357179,W2473009902
W2886357179,W2513922847
W2886357179,W2596630349
W2497894926,W2220596051
W2300403628,W2037496050
W3012481340,W2294827616
W3012481340,W2340972631
W3012481340,W2621679044
W3012481340,W2749550903
W3012481340,W2785715629
W3012481340,W3012481340
W2546432926,W1810360004
W2546432926,W1863165817
W2546432926,W1971345082
W2546432926,W2037496050
W2546432926,W2228625904
W2546432926,W2405598407
W2264411566,W2229518787
W2983376237,W2261059368
W2983376237,W2473156356
W2983376237,W2587466508
W2983376237,W2725897987
W2983376237,W2790979755
W2983376237,W2913323966
W2737609272,W2485420366
W2081395300,W2272908325
W2565282363,W1810360004
W2565282363,W2037496050
W2565282363,W2286955579
W2195453830,W4246438352
W2345254164,W1989120577
W2908141928,W2183186634
W2908141928,W2332136976
W2908141928,W2606549030
W3032857945,W3012099172
W3032857945,W3016207602
W3023535864,W2565813131
W2671169680,W1994677076
W2671169680,W2090553396
W2671169680,W2589067428
W2800819102,W1485009520
W2800819102,W2588003345
W2998496658,W2753273584
W2998496658,W2920912088
W2998496658,W4211137059
W2565813131,W2042745860
W2565813131,W2131740028
W2725420826,W1810360004
W2725420826,W1946435840
W2725420826,W2228625904
W2725420826,W2405598407
W2725420826,W2546432926
W2725420826,W2580804322
W1843763927,W1999167944
W2186567173,W1940496428
W2887558848,W2193503481
W2887558848,W2337225114
W2887558848,W2887558848
W2508512371,W1999167944
W2945485796,W2586297008
W2945485796,W2894499460
W2515518038,W2509613771
W2897319235,W1999167944
W2897319235,W2081395300
W2897319235,W2155657253
W2897319235,W2320249130
W3008439211,W2557283755
W3008439211,W2782522152
W3008439211,W2913323966
W3008439211,W2919115771
W2982338710,W2193503481
W2982338710,W2337225114
W2982338710,W2915336810
W2589012190,W2513922847
W2978355872,W2009225674
W2978355872,W2088494848
W2978355872,W2237880282
W2978355872,W2883416811
W2978355872,W2952982270
W2762862468,W1810360004
W2762862468,W1971345082
W2762862468,W2037496050
W2762862468,W2176331526
W2762862468,W2604316091
W3048501727,W2193503481
W3048501727,W2195453830
W3048501727,W2337225114
W3048501727,W2600399632
W3048501727,W2804406438
W2480570580,W1991531442
W2480570580,W2332136976
W2912631182,W2119767565
W2912631182,W2257992222
W2912631182,W2884737554
W2557127383,W2081395300
W2557127383,W2473009902
W2531773248,W2195453830
W2531773248,W2461419449
W3080319602,W2725897987
W2801080873,W1989120577
W2770206078,W2119642490
W2557583925,W2253030359
W2580804322,W1810360004
W2580804322,W1946435840
W2580804322,W1971345082
W2580804322,W2228625904
W2580804322,W2405598407
W2580804322,W2546432926
W2766101344,W1971345082
W2766101344,W2037496050
W2766101344,W2620099204
W2766101344,W2755306482
W2766101344,W4246317302
W3043773840,W1984432465
W3043773840,W2340600715
W3043773840,W2916252188
W1994677076,W1577441875
W3081879483,W1608669614
W3081879483,W2915336810
W3081879483,W3026582775
W2625112519,W2041307272
W2625112519,W2169904088
W2625112519,W2583342343
W2625112519,W2605932959
W2789738056,W2037496050
W2789738056,W2230820137
W2789738056,W2236556070
W3002343708,W3002343708
W3025837085,W3010604545
W3025837085,W3015571324
W3025837085,W3017092394
W3025837085,W3028152077
W2988596226,W1999167944
W2988596226,W2555544367
W2988596226,W2747319455
W2966967676,W1810360004
W2966967676,W2037496050
W2966967676,W2286955579
W2966967676,W2565282363
W2966967676,W2737217596
W2966967676,W2914665624
W3011037688,W2257992222
W3011037688,W2564178799
W3011037688,W2610784388
W3011037688,W2912631182
W2745770579,W1523078206
W2745770579,W2328487243
W2745770579,W2588003345
W2745770579,W3102476541
W2889646458,W2302003756
W2889646458,W2917837889
W2799524357,W2311203695
W3106250896,W1536680647
W3106250896,W1903029394
W3106250896,W2097117768
W3106250896,W2117539524
W3106250896,W2183341477
W3106250896,W2194775991
W3106250896,W2613718673
W3106250896,W2949117887
W3106250896,W2963037989
W3106250896,W639708223
W2752782242,W1514535095
W2752782242,W1677182931
W2752782242,W1836465849
W2752782242,W1903029394
W2752782242,W2097117768
W2752782242,W2117539524
W2752782242,W2183341477
W2752782242,W2194775991
W2752782242,W2274287116
W2752782242,W2302255633
W2752782242,W2307770531
W2752782242,W2531409750
W2752782242,W2549139847
W2752782242,W2612445135
W2752782242,W2613718673
W2752782242,W2884585870
W2752782242,W2951104886
W2752782242,W2963125010
W2752782242,W2963403868
W2752782242,W2963446712
W2752782242,W2964081807
W2752782242,W2964137095
W2752782242,W2964350391
W2752782242,W4297775537
W2752782242,W603908379
W2752782242,W639708223
W2911188335,W2235523093
W2911188335,W2518536270
W2999417355,W2235523093
W2999417355,W2518536270
W2774486220,W1951724000
W2774486220,W2254509181
W3003668884,W2470646526
W3003668884,W3002539152
W2949117887,W1677182931
W2272984102,W2170552969
W2272984102,W2917837889
W2235523093,W2158922990
W2235523093,W2979291688
W2900569176,W1989277387
W2900569176,W2128601422
W2900569176,W2537623931
W2900569176,W2559588208
W2900569176,W4210702584
W2570618306,W2235523093
W3092849554,W2751884637
W3092849554,W2912654919
W3092849554,W2998853022
W3092849554,W3092861045
W2560023338,W1836465849
W2560023338,W1903029394
W2560023338,W2097117768
W2560023338,W2194775991
W2560023338,W2340897893
W2560023338,W2412782625
W2560023338,W2963840672
W2560023338,W2963881378
W2751884637,W1617145133
W2751884637,W2527824850
W2751884637,W2753051611
W2751884637,W2754967293
W2252795400,W4234856688
W2170552969,W2158922990
W2282821441,W1514535095
W2282821441,W1905882502
W2282821441,W2097117768
W2912654919,W2751884637
W4288079944,W1909359706
W4288079944,W2501864044
W4288079944,W2763117186
W4288079944,W2765081049
W4288079944,W2962843235
W4288079944,W4288079944
W4288079944,W4292875581
W3008090866,W2286228001
W3008090866,W2470646526
W3008090866,W3004239190
W3012099172,W3008696669
W2256016639,W1533942137
W2256016639,W2051978340
W2256016639,W2104549677
W2899283552,W2239232218
W2899283552,W2271840356
W2899283552,W2557283755
W2302255633,W1677182931
W2302255633,W2097117768
W2302255633,W2117539524
W2302255633,W2183341477
W2302255633,W2194775991
W2302255633,W2274287116
W2302255633,W2949117887
W2302255633,W2963285578
W4292875581,W2962843235
W4292875581,W4292875581
W3096609285,W2194775991
W3096609285,W2565639579
W3096609285,W2896457183
W3096609285,W2962766617
W3096609285,W2962914239
W3096609285,W2963037989
W3096609285,W2963091558
W3096609285,W2963150697
W3096609285,W2963351448
W3096609285,W2963403868
W3096609285,W2964241181
W3096609285,W2964308564
W3096609285,W2970971581
W3096609285,W2982770724
W3096609285,W3106250896
W3096609285,W639708223
W2765081049,W1909359706
W2765081049,W2252795400
W2765081049,W2437571239
W2765081049,W2621266390
W2765081049,W2766754978
W2765081049,W3105401162
W2765081049,W4234856688
W2765081049,W4292875581
W2612445135,W1821462560
W2612445135,W2117539524
W2612445135,W2119144962
W2612445135,W2183341477
W2612445135,W2194775991
W2612445135,W2274287116
W2612445135,W2279098554
W2612445135,W2949117887
W2612445135,W2953106684
W2612445135,W3099206234
W2612445135,W3106250896
W2963524571,W1522734439
W2963524571,W1836465849
W2963524571,W1947481528
W2963524571,W2194775991
W2963524571,W2271840356
W2963524571,W2507009361
W2963524571,W2613718673
W2963524571,W2619947201
W2963524571,W2949117887
W2963524571,W639708223
W2962770929,W2475287302
W2962770929,W2603777577
W2962770929,W2804078698
W2962770929,W2962785568
W2962770929,W2963373786
W2962770929,W2963800363
W2962770929,W2963890275
W2962770929,W4294643831
W2962770929,W4295521014
W2962770929,W4301206121
W4210642183,W3015571324
W2798336535,W147232447
W2798336535,W3103145119
W2798336535,W3105353888
W3113178943,W2899773405
W3113178943,W3092849554
W3113178943,W3092861045
W2508457857,W1677182931
W2508457857,W1836465849
W2508457857,W1930824406
W2508457857,W1963882359
W2508457857,W2097117768
W2508457857,W2194775991
W2508457857,W2242218935
W2508457857,W2618530766
W2508457857,W2949117887
W3012320055,W3002539152
W3012320055,W3003668884
W3012320055,W3004239190
W3012320055,W3010233963
W3105401162,W2962843235
W2793369479,W2047675913
W2793369479,W2787584289
W2963864421,W2145339207
W2963864421,W2949117887
W2534691303,W2261135145
W1909359706,W2962843235
W1909359706,W3105401162
W2963857746,W1536680647
W2963857746,W1836465849
W2963857746,W1901129140
W2963857746,W1903029394
W2963857746,W2109255472
W2963857746,W2194775991
W2963857746,W2302255633
W2963857746,W2340897893
W2963857746,W2549139847
W2963857746,W2560023338
W2963857746,W2565639579
W2963857746,W2601564443
W2963857746,W2613718673
W2963857746,W2752782242
W2963857746,W2963150697
W2963857746,W2963351448
W2963857746,W2963420686
W2963857746,W2963446712
W2963857746,W2964350391
W2963857746,W3106250896
W2963857746,W639708223
W2527824850,W1617145133
W2527824850,W1729017034
W2527824850,W2098082628
W3034999214,W2606974598
W3034999214,W2899663614
W3034999214,W2949615363
W3034999214,W2962739339
W3034999214,W2963341956
W3034999214,W2963403868
W3034999214,W2963748441
W3034999214,W2965373594
W3034999214,W2970597249
W3034999214,W2996428491
W3034999214,W4288089799
W3034999214,W4385245566
W3107527779,W1989277387
W3107527779,W2110256992
W3107527779,W2896002881
W3107527779,W2898402099
W3107527779,W2911489562
W3107527779,W2950595506
W3107527779,W3136918052
W2574394697,W2027563442
W2574394697,W2497894926
W2173520492,W2099471712
W2173520492,W2949117887
W3010223921,W2999318660
W3010223921,W3003668884
W3010223921,W3004239190
W3010223921,W3004318991
W3010223921,W311927316
W1895577753,W1836465849
W1895577753,W1956340063
W1895577753,W2117539524
W1895577753,W2949117887
W1895577753,W2964308564
W3034971973,W1536680647
W3034971973,W2194775991
W3034971973,W2531409750
W3034971973,W2549139847
W3034971973,W2565639579
W3034971973,W2570343428
W3034971973,W2613718673
W3034971973,W2796347433
W3034971973,W2955425717
W3034971973,W2963150697
W3034971973,W2963351448
W3034971973,W2963857746
W3034971973,W2964241181
W3034971973,W2964309882
W3034971973,W2982083293
W3034971973,W2982770724
W3034971973,W3106250896
W3034971973,W4293584584
W3034971973,W639708223
W1689711448,W1947481528
W2560322684,W1617145133
W2560322684,W2527824850
W2560322684,W2751884637
W2560322684,W2753051611
W2560322684,W2889646458
W2560322684,W2911188335
W2560322684,W2912654919
W2593815020,W2321696461
W2982083293,W1821462560
W2982083293,W1903029394
W2982083293,W2117539524
W2982083293,W2274287116
W2982083293,W2279098554
W2982083293,W2300242332
W2982083293,W2340897893
W2982083293,W2412782625
W2982083293,W2560023338
W2982083293,W2612445135
W2982083293,W2630837129
W2982083293,W2752782242
W2982083293,W2951104886
W2982083293,W2963122961
W2982083293,W2963125010
W2982083293,W2963420686
W2982083293,W2964081807
W2982083293,W2964309882
W2982083293,W2964350391
W2982083293,W4297775537
W2973457155,W2734356283
W2973457155,W2786390877
W3015197879,W3004318991
W3015197879,W3006659024
W3015197879,W3007643904
W3015197879,W3009090768
W3015197879,W3009912996
W2464708700,W1901129140
W2464708700,W1903029394
W2464708700,W2183341477
W2464708700,W2949117887
W2604763608,W1771410628
W2604763608,W1836465849
W2604763608,W2271840356
W2604763608,W2753160622
W2604763608,W2963207607
W2161586993,W3033078819
W2742075475,W2229124923
W2742075475,W2321696461
W2742075475,W2328134238
W2742075475,W2476116270
W2742075475,W2518099942
W2742075475,W2587767928
W2742075475,W2593815020
W2998853022,W2144589352
W2998853022,W2751884637
W2998853022,W2899773405
W2998853022,W2912654919
W2746553466,W2145339207
W2909990379,W2082019533
W2909990379,W2615203216
W2325939864,W2117539524
W2325939864,W3099206234
W2898962279,W1982518595
W2898962279,W2237880282
W2898962279,W2614464134
W2898962279,W3104895181
W2627001981,W2175118067
W2627001981,W2335370736
W2766046358,W2182578492
W3005957464,W1617145133
W3005957464,W2470481127
W3005957464,W2613483874
W3005957464,W2751884637
W3005957464,W2899773405
W3005957464,W2912654919
W2593414223,W1903029394
W2593414223,W2099471712
W2593414223,W2194775991
W2593414223,W2613718673
W2593414223,W2963073614
W2593414223,W2963373786
W2593414223,W2963470893
W2593414223,W2963684088
W2593414223,W639708223
W3035574324,W1677182931
W3035574324,W1901129140
W3035574324,W2117539524
W3035574324,W2194775991
W3035574324,W2603777577
W3035574324,W2804078698
W3035574324,W2893749619
W3035574324,W2962760235
W3035574324,W2962770929
W3035574324,W2962785568
W3035574324,W2962879692
W3035574324,W2963981733
W3035574324,W2964024144
W3035574324,W4294643831
W3035574324,W4295521014
W3105678606,W1909359706
W3105678606,W2501864044
W3105678606,W2763117186
W3105678606,W2765081049
W3105678606,W2962843235
W3105678606,W3105401162
W2286228001,W2115709314
W2754967293,W2098082628
W2754967293,W2527824850
W2754967293,W2751884637
W2754967293,W2753051611
W2593768305,W1731081199
W2593768305,W2099471712
W2593768305,W2194775991
W2593768305,W2964288524
W2866634454,W1885185971
W2866634454,W1930824406
W2866634454,W2099471712
W2866634454,W2194775991
W2866634454,W2214802144
W2866634454,W2242218935
W2866634454,W2331128040
W2866634454,W2476548250
W2866634454,W2503339013
W2866634454,W2607041014
W2866634454,W2752782242
W2866634454,W2899771611
W2866634454,W2963372104
W2866634454,W2963470893
W2866634454,W2964101377
W2866634454,W603908379
W3015571324,W3003668884
W3015571324,W3008696669
W2587048937,W2011458181
W2587048937,W2028433016
W2587048937,W2049553585
W2587048937,W2143772132
W2587048937,W2165456770
W2587048937,W2185075416
W2587048937,W2299181842
W2916798096,W1936750108
W2916798096,W2097117768
W2916798096,W2307770531
W2916798096,W2412782625
W2916798096,W2559085405
W2916798096,W2560023338
W2916798096,W2560474170
W2916798096,W2963150697
W3036167779,W1901129140
W3036167779,W2099471712
W3036167779,W2893749619
W3036167779,W2949382160
W3036167779,W2962760235
W3036167779,W2962770929
W3036167779,W2963091558
W3036167779,W2963373786
W3036167779,W2963403868
W3036167779,W2963755523
W3036167779,W2963981733
W3036167779,W3035574324
W2328134238,W4254736414
W2603442821,W2328134238
W2996428491,W2896457183
W2996428491,W2899663614
W2996428491,W2963323070
W2996428491,W2963403868
W2996428491,W2963748441
W2996428491,W2964350391
W2996428491,W2965373594
W3010819577,W3002539152
W3010819577,W3003668884
W3010819577,W3004280078
W3010819577,W3004318991
W3010819577,W3007643904
W2963800363,W1901129140
W2963800363,W1903029394
W2963800363,W2194775991
W2963800363,W2331128040
W2963800363,W2340897893
W2963800363,W2475287302
W2963800363,W2560023338
W2963800363,W2593414223
W2963800363,W2737258237
W2963800363,W2962760235
W2963800363,W2962793481
W2963800363,W2963073614
W2963800363,W2963373786
W2963800363,W2963420272
W2963800363,W2963470893
W2963800363,W2963684088
W2963800363,W2964024144
W2963800363,W4294643831
W2962730651,W1936750108
W2962730651,W1967554269
W2962730651,W2194775991
W2962730651,W2307770531
W2962730651,W2559085405
W2962730651,W2570343428
W2962730651,W2613718673
W2962730651,W2963150697
W2962730651,W2963446712
W2962730651,W3106250896
W2962730651,W639708223
W1994682257,W2078271269
W2204750386,W1949591461
W2564178799,W2567342708
W2798122215,W1901129140
W2798122215,W1902237438
W2798122215,W1903029394
W2798122215,W2752782242
W2798122215,W2962914239
W2798122215,W2964308564
W2611395271,W2175118067
W2611395271,W2508920067
W2611395271,W3101113424
W2886498337,W1910012553
W2886498337,W2028433016
W2886498337,W2299181842
W2886498337,W2587048937
W2886498337,W2655262992
W2886498337,W2749613778
W2886498337,W2785803176
W2886498337,W2949273159
W2951071083,W2911188335
W2587767928,W2197550433
W2587767928,W2321696461
W2606974598,W1514535095
W2606974598,W2949615363
W2606974598,W2964308564
W2944851425,W1689711448
W2944851425,W2559655401
W2594373254,W2302003756
W2594373254,W2570618306
W2594373254,W2915478882
W2507009361,W1522734439
W2507009361,W1947481528
W2507009361,W2097117768
W2507009361,W2949117887
W2962989581,W1897139626
W2999318660,W2255243349
W2999318660,W2470646526
W2239232218,W1901616594
W2603203130,W2613718673
W2603203130,W2964137095
W2603203130,W639708223
W2614578122,W2527824850
W2614578122,W2751884637
W3034310241,W2739439285
W2951539866,W2261135145
W2951539866,W2299593614
W2951539866,W2408247608
W2951539866,W2534691303
W2510604673,W2087606978
W2917207851,W2323326409
W2917207851,W2341539131
W2917207851,W2432815617
W2917207851,W2592811885
W2784350055,W1940496428
W2784350055,W2186567173
W2784350055,W2195453830
W2784350055,W2272908325
W2784350055,W2483057761
W2206954826,W1031578623
W2963641381,W2556784265
W2801702920,W2480133395
W2993250673,W2560322684
W2993250673,W2889646458
W2993250673,W2895926103
W2408247608,W2299593614
W3104062568,W2798336535
W2936349953,W1633529777
W2936349953,W2252795400
W2437571239,W2252795400
W2437571239,W4234856688
W2535690855,W1821462560
W2535690855,W2473418344
W2971836485,W1909359706
W2971836485,W2252795400
W2971836485,W2437571239
W2971836485,W2621266390
W2971836485,W2765081049
W2971836485,W3105401162
W2971836485,W3105678606
W2971836485,W4234856688
W2971836485,W4292875581
W2560474170,W2307770531
W2559394418,W2919115771
W2570760970,W1767470961
W2570760970,W2134305330
W2570760970,W2169205464
W2570760970,W2408017125
W2170240176,W1552847225
W2170240176,W1689711448
W4213259675,W147232447
W4213259675,W2798336535
W4213259675,W3099878876
W4213259675,W3105353888
W2963155035,W1522734439
W2963155035,W1947481528
W2963155035,W2097117768
W2963155035,W2194775991
W2963155035,W2507009361
W2963155035,W2619947201
W2963155035,W2963446712
W2963155035,W2963524571
W2574987849,W2220596051
W2574987849,W2323275360
W2895126220,W1927627425
W2895126220,W2190169384
W2895126220,W2292281710
W2895126220,W2471277370
W2895126220,W2527042386
W2890019883,W1980790675
W2890019883,W2087606978
W2890019883,W2229124923
W2890019883,W2531080479
W2518099942,W2321696461
W2766754978,W1909359706
W2766754978,W2252795400
W2766754978,W2437571239
W2766754978,W2621266390
W2766754978,W2765081049
W2766754978,W3105401162
W2766754978,W4292875581
W2971763914,W2119767565
W3035414587,W1821462560
W3035414587,W1836465849
W3035414587,W2119144962
W3035414587,W2194775991
W3035414587,W2300242332
W3035414587,W2531409750
W3035414587,W2565639579
W3035414587,W2612445135
W3035414587,W2613718673
W3035414587,W2618530766
W3035414587,W2752782242
W3035414587,W2883780447
W3035414587,W2963122961
W3035414587,W2963125010
W3035414587,W2963163009
W3035414587,W2963351448
W3035414587,W2963363373
W3035414587,W2964081807
W3035414587,W2964299589
W3035414587,W2982083293
W3035414587,W4297775537
W3035414587,W639708223
W2619947201,W1927052826
W2619947201,W2271840356
W2619947201,W2893425640
W2424778531,W1514535095
W2424778531,W1895577753
W2424778531,W1947481528
W2424778531,W2964308564
W1553661931,W2006304022
W1553661931,W2006619554
W1553661931,W2075511306
W2588775853,W2206071891
W2905218447,W1940496428
W2905218447,W2753273584
W2321696461,W1984432465
W2415475836,W1994520136
W4211161891,W1904914631
W4211161891,W2175118067
W4211161891,W2494235437
W4211161891,W2611395271
W2461419449,W2195453830
W2201607793,W1588685142
W2201607793,W2098082628
W2201607793,W2751884637
W2000714505,W2000714505
W2512971201,W2949117887
W2899663614,W2963285578
W2899663614,W2964137095
W3101479050,W2781738013
W3101479050,W3101479050
W2161112598,W1578291413
W2161112598,W2170552969
W2222589778,W2404280981
W2979291688,W2781525129
W2979291688,W2911188335
W2979291688,W2915478882
W2979291688,W2951071083
W2963355447,W1895577753
W2963355447,W2964308564
W2803760365,W1901129140
W2803760365,W2145339207
W2803760365,W2253429366
W2803760365,W2257979135
W2803760365,W2504150216
W2803760365,W2533800772
W2803760365,W2557738935
W2803760365,W2581082771
W2803760365,W2592929672
W2803760365,W2610332124
W2803760365,W2919115771
W3027658010,W2143196592
W3027658010,W2165456770
W3027658010,W2182578492
W3027658010,W2185075416
W3027658010,W2765314233
W3027658010,W2766903152
W1905829557,W1903029394
W1905829557,W2097117768
W2886281704,W2320249130
W2886281704,W2766136866
W3003058300,W1934094702
W3003058300,W2512899508
W3003058300,W2785803176
W2794284562,W2109255472
W2794284562,W2395611524
W2794284562,W639708223
W2999590263,W2082019533
W2999590263,W2784506527
W2999590263,W2792783390
W2999590263,W2886600502
W2999590263,W2909990379
W2346062110,W1677182931
W2346062110,W2097117768
W2346062110,W2919115771
W3099862724,W2146512944
W2524597629,W1780778418
W2524597629,W2305278139
W2501864044,W3105401162
W2190169384,W1629273100
W2190169384,W2006304022
W2190169384,W2075511306
W2968810373,W2950077417
W2586407709,W2476542314
W2586407709,W4211233744
W2615203216,W2082019533
W2615203216,W2304458631
W2256362396,W1885185971
W2256362396,W2097117768
W2256362396,W2117539524
W2781738013,W2559394418
W2781738013,W2735457220
W2781738013,W2919115771
W2781738013,W3037447387
W2515146993,W1984432465
W2515146993,W2340600715
W2963839617,W2194775991
W2963839617,W2325939864
W2963839617,W2752782242
W2963839617,W2963420686
W2963839617,W3099206234
W2963839617,W3101998545
W2753160622,W2194775991
W2753160622,W2525778437
W2753160622,W2949117887
W2796568833,W2008426812
W2796568833,W2197550433
W2796568833,W2518099942
W2796568833,W2567205822
W2796568833,W2587767928
W2796568833,W2742075475
W2953532875,W2789970635
W3027308092,W2911997094
W3027308092,W3101095095
W2784506527,W2082019533
W2784506527,W2304458631
W2784506527,W2615203216
W2983762108,W2796568833
W2983762108,W4211137059
W2962843235,W1909359706
W2962843235,W2501864044
W2962843235,W3105401162
W2928165649,W1903029394
W2928165649,W2097117768
W2928165649,W2109255472
W2928165649,W2117539524
W2928165649,W2183341477
W2928165649,W2194775991
W2928165649,W2274287116
W2928165649,W2412782625
W2928165649,W2531409750
W2928165649,W2549139847
W2928165649,W2560023338
W2928165649,W2565639579
W2928165649,W2613718673
W2928165649,W2630837129
W2928165649,W2752782242
W2928165649,W2883780447
W2928165649,W2916798096
W2928165649,W2962858109
W2928165649,W2963150697
W2928165649,W2963420686
W2928165649,W2963446712
W2928165649,W2964137095
W2928165649,W2964309882
W2928165649,W2964350391
W2928165649,W3106250896
W2928165649,W4309845474
W2928165649,W639708223
W2282942319,W2282942319
W2964159205,W1836465849
W2964159205,W2099471712
W2964159205,W2271840356
W2964159205,W2302255633
W2964159205,W2963207607
W2964159205,W2963373786
W2964159205,W2963446712
W2964159205,W2964059111
W3009468976,W3003668884
W3009468976,W3004239190
W2963433607,W2559655401
W2527913842,W2317036840
W1904914631,W2131665769
W1904914631,W2175118067
W1904914631,W3101113424
W3008092789,W2520676852
W3008092789,W2607307034
W3008092789,W2752698709
W3008092789,W843007777
W2569658671,W2143463421
W2569658671,W2177603935
W2964134613,W1947481528
W2543927648,W2097117768
W2543927648,W2117539524
W2543927648,W2194775991
W2543927648,W2243397390
W2543927648,W2963207607
W2304845716,W1575104486
W2893450414,W2143463421
W2893450414,W2344644350
W2893450414,W2791483720
W2596636257,W2134295053
W2596636257,W2416799949
W2792783390,W2082019533
W2792783390,W2304458631
W2792783390,W2615203216
W2801625478,W2161374186
W2998885490,W2193503481
W2998885490,W2337225114
W2998885490,W2600399632
W2998885490,W2738516213
W2998885490,W2981104727
W2752849906,W2145339207
W2752849906,W2257979135
W2752849906,W2618530766
W2752849906,W2919115771
W2963782415,W1901129140
W2963782415,W2412782625
W2963782415,W2560474170
W2963782415,W2963446712
W2963782415,W2963840672
W2963782415,W603908379
W2798241172,W2008426812
W2593116425,W2097117768
W2593116425,W2117539524
W2593116425,W2194775991
W2593116425,W2526050071
W2585392941,W2001979953
W3046751266,W2739439285
W2964062501,W1644641054
W2964062501,W1920022804
W2964062501,W2211722331
W2964062501,W2560609797
W2964062501,W2565639579
W2964062501,W2613718673
W2964062501,W2963121255
W2964062501,W2963150697
W2964062501,W603908379
W2964062501,W639708223
W3006419170,W3002539152
W3006419170,W3003668884
W3006419170,W3004280078
W3006419170,W3005212621
W2155968351,W2145339207
W2964054038,W1836465849
W2964054038,W1895577753
W2964054038,W2097117768
W2964054038,W2117539524
W2964054038,W2194775991
W2964054038,W2302255633
W2964054038,W2523246573
W2964054038,W2949117887
W2964054038,W2963446712
W2914907359,W2590568317
W2914907359,W2756821926
W2763117186,W1909359706
W2763117186,W2501864044
W2763117186,W3105401162
W2763117186,W4292875581
W3102687315,W1909359706
W3102687315,W2962843235
W3102687315,W3105401162
W3102687315,W4292875581
W4211017340,W2011458181
W4211017340,W2049553585
W4211017340,W2174661749
W4211017340,W2272984102
W4211017340,W2796207838
W4211017340,W2889646458
W1927052826,W2117539524
W2570166109,W1980790675
W2570166109,W2135522286
W2570166109,W2206837932
W2570166109,W2335370736
W2615715350,W1957890759
W2981863007,W2770717476
W2759136286,W1552847225
W2621266390,W2252795400
W2621266390,W2437571239
W2621266390,W4234856688
W2621266390,W4292875581
W2292281710,W2317036840
W2175118067,W3101113424
W2890904471,W2346505350
W2890904471,W2597150627
W2522054313,W1864325817
W2522054313,W1882905539
W3043220753,W2950077417
W3043220753,W2968810373
W3043220753,W3043220753
W2078271269,W1994682257
W2476116270,W2328134238
W3001362559,W1568955415
W3001362559,W4210764005
W2562637781,W1677182931
W2562637781,W2618530766
W2937483840,W2889646458
W2319920447,W2145339207
W2319920447,W2257979135
W2319920447,W2949117887
W2319920447,W2964308564
W2964268978,W2257979135
W2964268978,W2265846598
W2594183968,W2117539524
W2594183968,W2319902168
W2594183968,W2606780347
W2594183968,W2919115771
W2949223833,W1031578623
W2949223833,W2206954826
W2946372752,W2201607793
W2946372752,W2409656339
W2946372752,W2627092521
W2999458928,W1999468792
W2999458928,W2012136380
W2999458928,W2523591818
W2999458928,W2753273584
W2999458928,W2796444718
W2999458928,W2911892655
W2999458928,W2942915186
W2588237306,W1617145133
W4211132876,W2911188335
W1957890759,W1521578411
W1957890759,W2149868499
W3047141442,W2102212449
W3047141442,W2766437506
W3047141442,W2800392236
W3047141442,W2889326414
W2197824282,W1629273100
W2197824282,W2075511306
W2226753360,W1992769383
W4211139529,W2892013400
W2736441330,W2498106012
W2952757700,W1951724000
W2952757700,W2101971030
W1927627425,W1629273100
W1927627425,W2006619554
W1927627425,W2075511306
W2793543443,W2606397457
W2793543443,W2609973983
W4210987525,W2892013400
W4210987525,W3014251530
W2923019151,W1629273100
W2923019151,W2075511306
W2471277370,W1629273100
W2471277370,W2006304022
W2471277370,W2190169384
W2340338776,W1523693806
W3211488171,W2560322684
W3211488171,W2889646458
W3211488171,W2911188335
W3211488171,W2912654919
W2949615363,W2964308564
W4211058450,W2527824850
W2963323070,W2949615363
W2963323070,W2951534261
W2963323070,W2962739339
W2963323070,W2963748441
W3037962468,W1702559537
W3037962468,W2566076131
W3037962468,W4211212552
W2796854462,W2008426812
W3011439019,W2903899730
W3011439019,W3004318991
W2966926453,W1536680647
W2966926453,W1821462560
W2966926453,W2194775991
W2966926453,W2295107390
W2966926453,W2412782625
W2966926453,W2549139847
W2966926453,W2565639579
W2966926453,W2601564443
W2966926453,W2613718673
W2966926453,W2953106684
W2966926453,W2963091558
W2966926453,W2963150697
W2966926453,W2963403868
W2966926453,W4385245566
W2966926453,W603908379
W2183341477,W1677182931
W2183341477,W1836465849
W2183341477,W1903029394
W2183341477,W2097117768
W2183341477,W2117539524
W2183341477,W3099206234
W3111255098,W3007643904
W3111255098,W3010233963
W2737217596,W2037496050
W2737217596,W2565282363
W3126081245,W4236290419
W3001195213,W2903899730
W1943745580,W1943745580
W2582561810,W1686065478
W2582561810,W2303924600
W3015197879,W3004318991
W3015197879,W3006659024
W3015197879,W3007643904
W3015197879,W3009090768
W3015197879,W3009912996
W2223470559,W2138071797
W2223470559,W2167344400
W2902652978,W2616922646
W2902652978,W2786672974
W2902652978,W2794480084
W2902652978,W2800392236
W2902652978,W2889326414
W2806569362,W1999167944
W2806569362,W2340972631
W2912800036,W2574735439
W2912800036,W2610102381
W3020637112,W2990024397
W3020637112,W3004239190
W3020637112,W3008696669
W3020637112,W3012284084
W1956340063,W1895577753
W1956340063,W1905882502
W1956340063,W1947481528
W1956340063,W1956340063
W2422895071,W2104212223
W2887114371,W2194775991
W2887114371,W2557283755
W2887114371,W2559655401
W2887114371,W2963524571
W2911892655,W2432612777
W3138377669,W2230443023
W3138377669,W2272908325
W2784350055,W1940496428
W2784350055,W2186567173
W2784350055,W2195453830
W2784350055,W2272908325
W2784350055,W2483057761
W2604319603,W1677182931
W2604319603,W1731081199
W2604319603,W1821462560
W2604319603,W1836465849
W2604319603,W1903029394
W2604319603,W2097117768
W2604319603,W2117539524
W2604319603,W2119144962
W2604319603,W2183341477
W2604319603,W2194775991
W2604319603,W2257979135
W2604319603,W2279098554
W2604319603,W2300242332
W2604319603,W2319920447
W2604319603,W2531409750
W2604319603,W2581082771
W2604319603,W2612445135
W2604319603,W2919115771
W2604319603,W2949382160
W2604319603,W2963285578
W2604319603,W2964299589
W2604319603,W2964350391
W2604319603,W4297775537
W2978346165,W2104212223
W2978346165,W2397558774
W2978346165,W2422895071
W2978346165,W2557711433
W2978346165,W2610102381
W2953522645,W1901616594
W2953522645,W2902634493
W2736219668,W2216357226
W3012690896,W3003668884
W2761590587,W1863165817
W2761590587,W2037496050
W2761590587,W2609067898
W3105081694,W2194775991
W3105081694,W2919115771
W3105081694,W2963446712
W3105081694,W3010604545
W919187098,W1601128533
W919187098,W271526086
W2473930607,W1821462560
W2473930607,W1857884451
W2473930607,W1963882359
W2473930607,W2117539524
W2473930607,W2560647685
W2898069736,W1965746216
W2898069736,W2290426788
W2898069736,W2782348312
W2898069736,W2810507576
W2810262932,W3049032936
W2810262932,W3124803286
W2810262932,W78473010
W2891125414,W2808044704
W2606213502,W2303531378
W2606213502,W2507126430
W2737258237,W1903029394
W2737258237,W2117539524
W2737258237,W2412782625
W2737258237,W2963840672
W2789444712,W2528223815
W2789444712,W2606213502
W2791781902,W2179036997
W2211074832,W1511920456
W2211074832,W1528251861
W2910597635,W2346505350
W2910597635,W2597150627
W2910597635,W2783918566
W3111521801,W1901129140
W3111521801,W2194775991
W3111521801,W2302255633
W3111521801,W2475287302
W3111521801,W2559655401
W3111521801,W2962730651
W3111521801,W2962770929
W3111521801,W2963150697
W3111521801,W3099878876
W2895932308,W1999167944
W2895932308,W2130811469
W2895932308,W2605932719
W2742330194,W2232384272
W2742330194,W2919115771
W2270567475,W3176682987
W2969625533,W2076587863
W2969625533,W2526781987
W2969625533,W2767346351
W2969625533,W2786141192
W2969625533,W2891503716
W2969625533,W2963095307
W2767346351,W2285118877
W2336998050,W1196712433
W2756791498,W2589424942
W2912077313,W2336426693
W2912077313,W2518198314
W2912077313,W2885696803
W2175751433,W1999167944
W2175751433,W2137011837
W2175751433,W2155657253
W2799670133,W2551675031
W2799670133,W2800663167
W2786141192,W2581082771
W2587466508,W2574735439
W2908815325,W2574735439
W2908815325,W2597150627
W2908815325,W2606213502
W2908815325,W2767346351
W2908815325,W2805611890
W2908815325,W2888648656
W2190546151,W1999167944
W2897109701,W2038752330
W2897109701,W2179036997
W2897109701,W2189116376
W2897109701,W2207760002
W2897109701,W2589067428
W2518959324,W2518959324
W2587970647,W2587970647
W3026582775,W2979653715
W3026582775,W3010223921
W3026582775,W3023441241
W2738241474,W2483540831
W2610102381,W2397558774
W2610102381,W2530432988
W2610102381,W2574735439
W2610102381,W271526086
W2908304050,W2761590587
W2908304050,W2766101344
W2908304050,W2785715629
W2908304050,W2901309204
W2763133679,W2403824339
W2167344400,W2138071797
W2899357412,W2290426788
W2899357412,W2629433172
W2904649625,W2483540831
W2904649625,W2530432988
W2904649625,W2610102381
W2904649625,W2738241474
W2904649625,W2739126509
W2950750906,W2138071797
W2950750906,W2783817214
W2950750906,W2905811773
W3013188135,W3003217347
W3013188135,W3003668884
W3013188135,W3004280078
W3013188135,W3004318991
W2530432988,W2397558774
W2530432988,W271526086
W2966722893,W1974527622
W2966722893,W2260274902
W3000603264,W2412247133
W3000603264,W2466381818
W3000603264,W2581082771
W3000603264,W2582336686
W3035597798,W3020637112
W3004612364,W2557738935
W3004612364,W2581082771
W2621222172,W1802734970
W2621222172,W2327721819
W2621222172,W2527042386
W2914665624,W2037496050
W2914665624,W2583342343
W2914665624,W2604316091
W2914665624,W2609067898
W2914665624,W2737217596
W2914665624,W2762862468
W3013474995,W2810507576
W2811133697,W1940496428
W2811133697,W2195453830
W2811133697,W2257992222
W2811133697,W2410390527
W2811133697,W2487948636
W2493343568,W2529466265
W2883908928,W2134295053
W2883908928,W2303531378
W2883908928,W2507126430
W2883908928,W2515300481
W2883908928,W2528223815
W2883908928,W2607075461
W2883908928,W2791987562
W2888648656,W2303531378
W2888648656,W2507126430
W2888648656,W2574735439
W2888648656,W2597150627
W2923879367,W2037496050
W2923879367,W2565277564
W2487200295,W2302800291
W2625464253,W2336317428
W2625464253,W3123123374
W2899351518,W2000380427
W2899351518,W2550156300
W2899351518,W2736051199
W2897264299,W1709784975
W2897264299,W2625737531
W3035686316,W2037710531
W3035686316,W2133880275
W3035686316,W2422895071
W3035686316,W2557711433
W3035686316,W2969625533
W3035686316,W2979963738
W2262752710,W3176682987
W4211170237,W2182051792
W2891146712,W1553661931
W2891146712,W1629273100
W2891146712,W1927627425
W2891146712,W2075511306
W2891146712,W2527042386
W2891146712,W2621222172
W2603592506,W1617145133
W2906323621,W1949455802
W2906323621,W2079300606
W2906323621,W3124209104
W602304841,W314550734
W2940549837,W2530432988
W2940549837,W2582561810
W2940549837,W2610102381
W2940549837,W271526086
W2940549837,W2739126509
W2940549837,W2913649461
W2940549837,W3151843510
W1759037920,W1601128533
W1759037920,W3118149923
W3016207602,W3010441732
W3016207602,W3012099172
W3016207602,W3013188135
W2303531378,W2526781987
W2941705808,W1999167944
W2941705808,W2412247133
W2941705808,W2432612777
W2941705808,W2806569362
W2941705808,W2811133697
W2941705808,W2909678677
W271526086,W1601128533
W2803371618,W1559136758
W2803371618,W2335755599
W2803371618,W4300127641
W1191599655,W2173248099
W3124209104,W1949455802
W3124209104,W2810262932
W3124209104,W3049032936
W2981104727,W2009225674
W2607075461,W2574735439
W314550734,W602304841
W2303924600,W1686065478
W2884775052,W1617145133
W2884775052,W2038752330
W2894528744,W2526781987
W2894528744,W2786141192
W1802734970,W2006304022
W1802734970,W2006619554
W1802734970,W2075511306
W2335755599,W2335755599
W2912799455,W2253030359
W2912799455,W2557583925
W2912799455,W2790834180
W3121274724,W1686065478
W3121274724,W2468221858
W3121274724,W2790166049
W2885167492,W1980790675
W2885167492,W2258661450
W2885167492,W2564178799
W2963928582,W2117539524
W2963928582,W2256362396
W2963928582,W2331128040
W2963928582,W2340897893
W2963928582,W2565639579
W2963928582,W2570343428
W2963928582,W2613718673
W2963928582,W3106250896
W2963928582,W639708223
W2913649461,W1686065478
W2913649461,W2232384272
W2913649461,W2582561810
W2913649461,W2790166049
W2979906316,W2145339207
W2979906316,W2786141192
W2979906316,W2894528744
W2979906316,W2919115771
W2950221693,W1973094248
W2950221693,W2197124664
W2950221693,W2592811885
W2951799221,W1191599655
W2951799221,W2145339207
W2951799221,W2257979135
W2951799221,W2919115771
W2980464326,W2255447065
W2980464326,W2622898554
W3124188010,W2810262932
W3124188010,W3049032936
W3124188010,W3124803286
W3014604938,W2286228001
W3014604938,W3003217347
W3014604938,W3004804052
W3014604938,W3005212621
W3014604938,W3008090866
W3014604938,W3010604545
W3014604938,W3010930696
W3014604938,W3012099172
W3014604938,W3185956067
W2336317428,W2625464253
W2996508375,W2038752330
W2996508375,W2189116376
W2996508375,W2791781902
W2996508375,W2897109701
W2996508375,W4242318543
W2605868587,W1951724000
W3015372994,W3006659024
W2622898554,W2255447065
W2997638503,W2254884657
W2997638503,W2388726286
W2997638503,W2526781987
W2997638503,W2528223815
W2997638503,W2597150627
W2997638503,W2606213502
W2997638503,W2607075461
W2997638503,W2783918566
W2997638503,W2789444712
W2997638503,W2806407311
W2997638503,W2810507576
W2997638503,W2811256013
W2997638503,W2888648656
W2810507576,W2034717186
W2810507576,W2302800291
W2810507576,W2528223815
W2810507576,W2607075461
W1714980748,W1714980748
W2788597170,W2590404804
W3088283486,W2551675031
W3088283486,W2795321837
W3088283486,W2799670133
W3088283486,W2904649625
W3088283486,W2912800036
W3088283486,W2978346165
W2951826594,W1629273100
W2951826594,W2923019151
W2951826594,W2951826594
W2979963738,W1686065478
W2271174547,W1523078206
W2271174547,W1999167944
W3015960835,W2034717186
W3015960835,W2810507576
W3015960835,W3013474995
W2620721366,W2102278945
W2620721366,W2323326409
W2922443589,W1984432465
W2922443589,W2229124923
W2922443589,W2328134238
W2922443589,W2518099942
W2922443589,W2587767928
W3003658253,W1984432465
W3003658253,W2742075475
W3003658253,W2916252188
W2462906003,W1191599655
W2462906003,W2099471712
W2462906003,W2145339207
W2462906003,W2257979135
W2462906003,W2526781987
W2462906003,W2963207607
W2462906003,W2964059111
W2582336686,W2526781987
W2582336686,W2560647685
W2912633426,W2190990375
W4211054514,W2889884634
W4211054514,W4211054514
W3033094519,W3003217347
W3033094519,W3003668884
W3033094519,W3009468976
W3033094519,W3010131837
W3033094519,W3012284084
W3033094519,W3013188135
W3016802478,W3014604938
W3016802478,W4206534230
W3006275595,W2037496050
W3006275595,W2230820137
W3006275595,W2620099204
W3006275595,W2761590587
W3006275595,W2776544319
W3006275595,W2785715629
W3006275595,W2809418529
W3006275595,W2885126584
W3006275595,W2901309204
W3006275595,W2948574679
W2799571143,W1622878345
W2799571143,W1732240353
W2799571143,W2216357226
W2799571143,W2342540942
W2799571143,W2565277564
W2799571143,W2736219668
W2799571143,W2756283300
W3121502504,W3176682987
W3013473577,W3121274724
W2793814093,W2264050319
W2785818155,W1999167944
W2785818155,W2079300606
W2785818155,W2195453830
W2785818155,W2412247133
W3127891378,W2618037459
W3127891378,W2809502094
W2795321837,W2590404804
W2173564293,W2145339207
W2173564293,W2155968351
W2173564293,W2257979135
W2173564293,W2919115771
W2557711433,W2104212223
W2557711433,W2422895071
W2557711433,W3151843510
W2951534261,W2194775991
W2951534261,W2949615363
W2951534261,W2964308564
W2550156300,W2345458209
W2910027323,W1686065478
W2910027323,W2582561810
W2910027323,W2790166049
W3015769695,W3010223921
W2629433172,W1559136758
W2629433172,W2290426788
W1884571572,W2526781987
W2724821146,W2468221858
W2754517384,W1191599655
W2754517384,W1771410628
W2754517384,W2173248099
W2754517384,W2257979135
W2754517384,W2736601468
W2754517384,W2963864421
W2754517384,W2964043796
W3113033734,W3035915797
W3043617920,W3126081245
W2989970761,W2557127383
W2989970761,W2766136866
W2989970761,W3159281654
W2989970761,W4311260493
W3028352916,W1567215247
W3028352916,W2162040794
W2809502094,W2328134238
W2809502094,W2564178799
W2783817214,W2000380427
W2783817214,W2167344400
W2783817214,W2223470559
W2783817214,W2595629513
W3012481340,W2294827616
W3012481340,W2340972631
W3012481340,W2621679044
W3012481340,W2749550903
W3012481340,W2785715629
W3012481340,W3012481340
W2762041969,W2076587863
W2800663167,W1601128533
W2983376237,W2261059368
W2983376237,W2473156356
W2983376237,W2587466508
W2983376237,W2725897987
W2983376237,W2790979755
W2983376237,W2913323966
W2783918566,W2346505350
W2783918566,W2597150627
W2081395300,W2272908325
W2981720610,W2029538739
W2981720610,W2194775991
W2981720610,W2593768305
W2981720610,W2962793481
W2981720610,W2962808524
W4232698832,W4232698832
W1557570256,W1999167944
W1557570256,W78473010
W3032857945,W3012099172
W3032857945,W3016207602
W3125969230,W3124803286
W2594141822,W2026942921
W2594141822,W2527300705
W2671169680,W1994677076
W2671169680,W2090553396
W2671169680,W2589067428
W2207291742,W2170852633
W2473015971,W1999167944
W2473015971,W2093445010
W2996233037,W2906323621
W2996233037,W3124188010
W2996233037,W3124209104
W2996233037,W3125586325
W2996233037,W3125969230
W2948999417,W1984432465
W2948999417,W2328134238
W2948999417,W2514318270
W2948999417,W2518099942
W2948999417,W2564178799
W2948999417,W2587767928
W2948999417,W2593815020
W2948999417,W2761046937
W2948999417,W2789575335
W2948999417,W2796568833
W2948999417,W2796854462
W2948999417,W2798241172
W2810801192,W2342540942
W2810801192,W2561205308
W2810801192,W2565277564
W2810801192,W78473010
W2527300705,W2026942921
W2589012190,W2513922847
W2999414134,W2473015971
W2999414134,W2886281704
W2811256013,W2134295053
W2811256013,W2254884657
W2811256013,W2302800291
W2811256013,W2303531378
W2811256013,W2507126430
W2811256013,W2597150627
W2811256013,W2606213502
W2811256013,W2607075461
W2811256013,W2783918566
W2977895282,W3217485783
W3002058265,W1927627425
W3002058265,W2621222172
W3002058265,W2951826594
W2590404804,W3122061554
W2593137067,W2293040502
W2561205308,W1567215247
W2769398801,W948640695
W2739126509,W1585881858
W2739126509,W2530432988
W2739126509,W2610102381
W2739126509,W271526086
W2504150216,W2504150216
W2504150216,W2919115771
W3034825141,W3012099172
W3034825141,W3015571324
W3034825141,W311927316
W2791987562,W2303531378
W2791987562,W2507126430
W2995164493,W1617145133
W2995164493,W2432612777
W2995164493,W2895932308
W2995164493,W2909678677
W3026117698,W3015769695
W3026117698,W3016752284
W3026117698,W3043617920
W3121623025,W2162040794
W3016024765,W2342540942
W3016024765,W2565277564
W2782348312,W1732240353
W2782348312,W2216357226
W2782348312,W2264050319
W2782348312,W948640695
W2806407311,W2303531378
W2806407311,W2528223815
W2806407311,W2780588074
W3125586325,W3049032936
W3125586325,W3124209104
W2965234081,W1999468792
W3009999522,W2273267066
W2771030840,W2526568049
