cited,cites
W2194775991,W1903029394
W2194775991,W1677182931
W2194775991,W2124509324
W2194775991,W1536680647
W2194775991,W2102605133
W2194775991,W2097117768
W2194775991,W2066941820
W2194775991,W1533861849
W2194775991,W639708223
W2194775991,W2163605009
W2194775991,W2117539524
W2194775991,W1861492603
W2194775991,W2155893237
W2194775991,W1665214252
W2194775991,W2179352600
W1901129140,W1677182931
W1901129140,W2155893237
W1901129140,W1903029394
W1901129140,W2163605009
W1951724000,W2172199324
W2163605009,W2097117768
W2163605009,W1665214252
W2919115771,W2022508996
W2919115771,W2160815625
W2919115771,W2163922914
W2919115771,W2157331557
W2919115771,W2145339207
W2131271579,W2170551349
W2131271579,W2036897871
W2099540110,W2167279371
W2170551349,W2119180969
W2170551349,W2141458291
W2170551349,W4247053599
W2170551349,W2171777347
W2169456326,W2041257508
W2169456326,W2166810745
W2169456326,W2096465161
W639708223,W2179352600
W639708223,W1536680647
W639708223,W2088049833
W639708223,W2102605133
W639708223,W1903029394
W639708223,W639708223
W639708223,W1861492603
W639708223,W1849277567
W639708223,W2117539524
W639708223,W2155893237
W639708223,W1665214252
W639708223,W2097117768
W639708223,W2194775991
W2152207030,W2132632499
W2152207030,W2140803428
W2097117768,W2102605133
W2097117768,W2163605009
W2097117768,W1849277567
W2097117768,W2168231600
W2097117768,W104184427
W2160378127,W4320301318
W2160378127,W2127322768
W2963446712,W2183341477
W2963446712,W2097117768
W2963446712,W1677182931
W2963446712,W2194775991
W2963446712,W2302255633
W2963446712,W2117539524
W2963446712,W1903029394
W2963446712,W2163605009
W2963446712,W2095705004
W2963446712,W104184427
W2963446712,W2156387975
W2963446712,W2964137095
W2153635508,W1576520375
W2132632499,W2111211467
W1969360633,W2024175762
W1969360633,W2101547779
W1861492603,W2031454541
W1861492603,W2102605133
W1861492603,W125693051
W1861492603,W1861492603
W1861492603,W2110158442
W1861492603,W2031342017
W1861492603,W2163605009
W2146512944,W2137526110
W2146512944,W2138207763
W2146512944,W2134526812
W2146512944,W1999574084
W2146512944,W2110905563
W2146512944,W2107018762
W2146512944,W2107060225
W2146512944,W2010457001
W2117539524,W2110158442
W2117539524,W2037227137
W2117539524,W2115579991
W2117539524,W2102605133
W2117539524,W2179352600
W2117539524,W2163605009
W2117539524,W1861492603
W2117539524,W1606858007
W2117539524,W2141125852
W2117539524,W2031342017
W2117539524,W2088049833
W2117539524,W2027922120
W2117539524,W1849277567
W2117539524,W2155893237
W2799524357,W2311203695
W1903029394,W1849277567
W1903029394,W2102605133
W1903029394,W2155893237
W1903029394,W2022508996
W1903029394,W2037227137
W1903029394,W125693051
W1903029394,W2163605009
W1903029394,W2097117768
W1903029394,W2179352600
W2095705004,W2145094598
W2095705004,W2163605009
W2095705004,W1524333225
W2891378911,W2091538045
W2891378911,W2105321265
W2891378911,W2084154288
W2891378911,W2299177375
W2250539671,W2141599568
W2250539671,W2146502635
W2141052558,W2111211467
W2141052558,W1983102293
W2098923148,W2098923148
W2401404581,W2128769815
W2401404581,W2072970694
W2401404581,W2088833470
W2401404581,W2117457769
W2401404581,W2013371150
W2401404581,W2166171121
W2401404581,W2136879569
W2034285706,W2034285706
W2034285706,W2072970694
W2034285706,W2114392707
W2034285706,W2124351063
W2102605133,W2088049833
W2102605133,W2022508996
W2102605133,W2163922914
W2102605133,W2163605009
W2963341956,W2250539671
W2963341956,W2251939518
W2963341956,W2963748441
W2183341477,W1903029394
W2183341477,W54257720
W2183341477,W1677182931
W2183341477,W2102605133
W2183341477,W2016053056
W2183341477,W2097117768
W2183341477,W2163605009
W2183341477,W104184427
W2183341477,W2117539524
W2051978340,W2059145105
W2051978340,W2160995259
W2051978340,W2076357933
W2051978340,W2089335658
W2140190241,W1570448133
W2140190241,W1554944419
W2140190241,W2009570821
W2140190241,W2029538739
W2140190241,W2799061466
W2105846236,W2138071797
W2105846236,W1988050849
W2105846236,W2130892515
W2105846236,W2036736987
W2105846236,W1545460766
W2105846236,W2100739170
W2105846236,W2772487859
W2105846236,W2000380427
W2145339207,W1665214252
W2145339207,W2163605009
W2963150697,W2088049833
W2963150697,W2549139847
W2963150697,W2102605133
W2963150697,W2194775991
W2963150697,W1536680647
W2963150697,W2080873731
W2963150697,W1903029394
W2963150697,W2565639579
W2963150697,W2179352600
W2963150697,W2559085405
W2963150697,W639708223
W2963150697,W1665214252
W2963150697,W2274287116
W2963150697,W2163605009
W2963150697,W1861492603
W2565639579,W2117539524
W2565639579,W2088049833
W2565639579,W1536680647
W2565639579,W2102605133
W2565639579,W2179352600
W2565639579,W2194775991
W2565639579,W1903029394
W2565639579,W1861492603
W2565639579,W2964137095
W2565639579,W2163605009
W2565639579,W2963150697
W2565639579,W2307770531
W2565639579,W639708223
W2565639579,W1901129140
W2132454074,W1969360633
W1536680647,W2155893237
W1536680647,W2102605133
W1536680647,W2088049833
W1536680647,W2163605009
W1536680647,W2179352600
W1536680647,W1861492603
W2121745948,W2165242200
W2121745948,W2051416171
W2121745948,W1974038018
W2138207763,W2152239989
W2138207763,W1999574084
W2138207763,W2110905563
W2138207763,W2130116522
W2138207763,W2102619694
W2138207763,W2141458291
W2138207763,W2137526110
W1570448133,W2140190241
W1570448133,W64096637
W2970684805,W2104675861
W2970684805,W2098923148
W2970684805,W1714980748
W2120902911,W2032518018
W2752782242,W2117539524
W2752782242,W1903029394
W2752782242,W2194775991
W2752782242,W2963446712
W2752782242,W2531409750
W2752782242,W1677182931
W2752782242,W2549139847
W2752782242,W2183341477
W2752782242,W2097117768
W2752782242,W1665214252
W2752782242,W2097998348
W2752782242,W2964137095
W2752782242,W1861492603
W2752782242,W2163605009
W2752782242,W2274287116
W2752782242,W2302255633
W2752782242,W639708223
W2752782242,W2307770531
W2752782242,W2963125010
W2752782242,W2884585870
W2111647009,W2111211467
W2111647009,W1983102293
W2161374186,W2171811563
W2161374186,W2169205464
W2951912016,W2131271579
W2951912016,W2774072836
W2951912016,W2170551349
W2951912016,W2036897871
W2102278945,W2100305481
W2102278945,W2160333540
W2102278945,W2140729960
W2102278945,W2169456326
W2102278945,W2170551349
W1031578623,W2160544821
W1031578623,W2146411229
W2157331557,W2156387975
W2157331557,W2163605009
W2157331557,W2147768505
W2157331557,W2144499799
W2963351448,W2088049833
W2963351448,W1536680647
W2963351448,W2102605133
W2963351448,W2963150697
W2963351448,W2194775991
W2963351448,W1903029394
W2963351448,W2570343428
W2963351448,W1861492603
W2963351448,W2565639579
W2963351448,W2179352600
W2963351448,W2163605009
W2963351448,W639708223
W2963163009,W2549139847
W2963163009,W639708223
W2963163009,W2531409750
W2963163009,W2037227137
W2963163009,W2194775991
W2963163009,W1861492603
W2963163009,W2097998348
W2963163009,W2117539524
W2963163009,W2274287116
W2963163009,W2412782625
W2963163009,W2155893237
W2963163009,W2570343428
W2963163009,W2097117768
W2963163009,W2963125010
W2099471712,W2156387975
W2099471712,W2163605009
W2134526812,W2131271579
W2134526812,W2131478115
W2134526812,W2138207763
W2134526812,W2102619694
W2134526812,W2146292423
W2134526812,W2179438025
W2963276645,W2766903152
W2963276645,W2401404581
W2963276645,W2807194798
W2963276645,W2504691963
W2963276645,W2110300022
W2963276645,W2056279562
W2963276645,W1973094248
W2774486220,W1951724000
W2774486220,W1671063336
W2774486220,W2254509181
W2774486220,W260994251
W2412782625,W2022508996
W2412782625,W2340897893
W2412782625,W2102605133
W2412782625,W1536680647
W2412782625,W2088049833
W2412782625,W2155893237
W2412782625,W2302255633
W2412782625,W1903029394
W2412782625,W639708223
W2412782625,W1861492603
W2412782625,W2163605009
W2412782625,W1849277567
W2412782625,W2179352600
W2412782625,W2097117768
W2412782625,W2194775991
W2412782625,W1901129140
W2412782625,W2037227137
W2412782625,W1905829557
W2962793481,W2117539524
W2962793481,W1903029394
W2962793481,W2475287302
W2962793481,W2194775991
W2962793481,W2340897893
W2962793481,W1905829557
W2962793481,W2331128040
W2962793481,W2963684088
W2962793481,W2099471712
W2962793481,W2963470893
W2056279562,W2072970694
W2056279562,W2117801354
W2056279562,W2133360663
W2056279562,W2080283023
W2056279562,W2128769815
W2056279562,W2032230795
W2884585870,W1861492603
W2884585870,W2194775991
W2884585870,W2964137095
W2884585870,W2549139847
W2884585870,W2097117768
W2884585870,W2531409750
W2884585870,W2962858109
W2884585870,W2963446712
W2884585870,W2183341477
W2884585870,W2752782242
W2884585870,W1849277567
W2884585870,W2295107390
W2884585870,W2302255633
W2884585870,W2163605009
W2884585870,W2274287116
W2128880918,W2136482257
W2128880918,W2155142785
W2905811773,W2138071797
W2905811773,W1988050849
W2905811773,W3123722757
W2905811773,W1591013228
W2905811773,W2036736987
W2905811773,W2130892515
W2905811773,W2100739170
W2905811773,W2223470559
W2905811773,W2105846236
W2905811773,W2167344400
W2905811773,W2783817214
W2905811773,W3147343449
W2905811773,W2755862626
W2905811773,W1545460766
W2008854521,W2008854521
W2962858109,W2257979135
W2962858109,W2282821441
W2962858109,W2102605133
W2962858109,W2194775991
W2962858109,W2155893237
W2962858109,W1903029394
W2962858109,W1933349210
W2962858109,W2163922914
W2962858109,W2295107390
W2962858109,W1905882502
W2962858109,W1895577753
W2962858109,W2163605009
W2962858109,W1849277567
W2962858109,W2962851944
W2259938310,W2096465161
W2259938310,W2166810745
W2259938310,W2141831115
W2259938310,W1964963969
W2259938310,W2117792884
W2259938310,W2171777347
W2259938310,W1979594866
W2259938310,W2141820415
W2570343428,W2117539524
W2570343428,W1861492603
W2570343428,W1536680647
W2570343428,W2163605009
W2570343428,W2194775991
W2570343428,W2097117768
W2570343428,W639708223
W2570343428,W2274287116
W1677182931,W2145287260
W1677182931,W2179352600
W1677182931,W2155893237
W1677182931,W2141125852
W1677182931,W1536680647
W1677182931,W2102605133
W1677182931,W2095705004
W1677182931,W1665214252
W1677182931,W2117539524
W1677182931,W1533861849
W1677182931,W2163605009
W1677182931,W2097117768
W2111211467,W2031611770
W2900569176,W4210702584
W2900569176,W2105924489
W2900569176,W2096173332
W2900569176,W2537623931
W2900569176,W2559588208
W2900569176,W2118258530
W2900569176,W1989277387
W2900569176,W2128601422
W2900569176,W2162151166
W3003668884,W2470646526
W3003668884,W3002539152
W2531409750,W2097117768
W2531409750,W1849277567
W2531409750,W2117539524
W2531409750,W2183341477
W2531409750,W2274287116
W2531409750,W2163605009
W2531409750,W2963285578
W2531409750,W2194775991
W2096093282,W2138122982
W2096093282,W2143485490
W2096093282,W2094201044
W2096093282,W4320301318
W2076063813,W2163922914
W2076063813,W2141125852
W2076063813,W2147768505
W2076063813,W2022508996
W2076063813,W2160815625
W2076063813,W2016053056
W2076063813,W2138913040
W2076063813,W1665214252
W2076063813,W2062118960
W2076063813,W2293634267
W2076063813,W2067713319
W2076063813,W2143612262
W2076063813,W2146502635
W2076063813,W2097117768
W2076063813,W2102605133
W2076063813,W3149745985
W2076063813,W1849277567
W2076063813,W2163605009
W2076063813,W2341171179
W2076063813,W2156387975
W2061438946,W2963103847
W2061438946,W2154943049
W2088833470,W2128769815
W2088833470,W1973831267
W2088833470,W2086865963
W2088833470,W2136879569
W2088833470,W2072970694
W2088833470,W2101120467
W2088833470,W2124351063
W2139168999,W1528251861
W2139168999,W1511920456
W2614081736,W1969042907
W2614081736,W2133870991
W2614081736,W2111647009
W2614081736,W2111211467
W2614081736,W2026062398
W2149992227,W2171777347
W2149992227,W2119180969
W4248872320,W2147874841
W2152239989,W2107018762
W2152239989,W1973628995
W2302501749,W2302501749
W2302501749,W4242729757
W2302501749,W2739999456
W2737217596,W2037496050
W2737217596,W2143362587
W2737217596,W2565282363
W2737217596,W1665009454
W2021341670,W2171777347
W2021341670,W2161289668
W2949177718,W2794480084
W2949177718,W2169456326
W2949177718,W2794521141
W2949177718,W2014677321
W2949177718,W2179438025
W2949177718,W2032518018
W2949177718,W2747877289
W2949177718,W2102619694
W2949177718,W2341539131
W2949177718,W2069089843
W2949177718,W2894687190
W2949177718,W2739492614
W2949177718,W2817838603
W2949177718,W2951506174
W2949177718,W2997280954
W2949177718,W2766437506
W2114843025,W2149441684
W2114843025,W2107633226
W2114843025,W2123696077
W2114843025,W2096283457
W2114843025,W2262414037
W2114843025,W2275877493
W2114843025,W2043398720
W2114843025,W2157852151
W2114843025,W2021341670
W2257979135,W2145339207
W2257979135,W2919115771
W2257979135,W2126316555
W2257979135,W2168231600
W2257979135,W2163605009
W1849277567,W2141125852
W1849277567,W2102605133
W1849277567,W2031342017
W1849277567,W2962851944
W1849277567,W2163605009
W2136879569,W2124351063
W2136879569,W2101120467
W2159707944,W2161289668
W2159707944,W2123696077
W2159707944,W2107060225
W2159707944,W2129905273
W2159707944,W3147310958
W2614464134,W1867005924
W2593436234,W2043509228
W2593436234,W2169678694
W2593436234,W2009867031
W2593436234,W2177317049
W2593436234,W2153635508
W2031611770,W2111211467
W2017871657,W2092044679
W2024966118,W2106963750
W2024966118,W2054653365
W2560023338,W2097117768
W2560023338,W2194775991
W2560023338,W2155893237
W2560023338,W2340897893
W2560023338,W1903029394
W2560023338,W2163605009
W2560023338,W2179352600
W2560023338,W2412782625
W2560023338,W1861492603
W2789843538,W2168133698
W2789843538,W2169456326
W2789843538,W2170551349
W2789843538,W4247053599
W2789843538,W2784788330
W2789843538,W2021341670
W2928665623,W2767891136
W2928665623,W4250359879
W2928665623,W2345356016
W2928665623,W1979594866
W2928665623,W2611604995
W2928665623,W1989277387
W2089525884,W1998062017
W2089525884,W2015693422
W2089525884,W1970996323
W2089525884,W1963712116
W3036319615,W2406250479
W3036319615,W2119205648
W3036319615,W2086561953
W3036319615,W2037993016
W3036319615,W2111647009
W2104005232,W2160333540
W2104005232,W2126419817
W2104005232,W1999574084
W2104005232,W2141458291
W2104005232,W2140729960
W2104005232,W2259938310
W2794480084,W2135937351
W2794480084,W2102212449
W2794480084,W2951506174
W2794480084,W1984883254
W2794480084,W2069089843
W2794480084,W2190545194
W2794480084,W2236822143
W2794480084,W2146512944
W2794480084,W2471536144
W2794480084,W2332292689
W2794480084,W2345356016
W2794480084,W2068767807
W2794480084,W1875842236
W2150066425,W2031454541
W2150066425,W2153635508
W2964849163,W2171777347
W2964849163,W2096791516
W2964849163,W2018838463
W2964849163,W2116041602
W2964849163,W2102278945
W2964849163,W2129933858
W2964849163,W2170551349
W2964849163,W2124362779
W2964849163,W2149992227
W3005235420,W2917207851
W3005235420,W2963276645
W3005235420,W1900937478
W3005235420,W2111211467
W3005235420,W2952045272
W3005235420,W2951464304
W3005235420,W2614081736
W3005235420,W2949867654
W3005235420,W2133870991
W3005235420,W1983102293
W3005235420,W2111647009
W3005235420,W2031611770
W3005235420,W2141052558
W2045204781,W2124351063
W2950504429,W81685006
W2252795400,W4234856688
W2252795400,W1994870116
W1832693441,W2146502635
W1832693441,W2163605009
W1832693441,W2251939518
W1832693441,W2143612262
W1832693441,W2062118960
W2164278908,W2189465200
W2164278908,W2798909945
W2164278908,W1554944419
W2155628349,W2138122982
W2155628349,W2107772251
W2964309882,W2037227137
W2964309882,W2340897893
W2964309882,W2737258237
W2964309882,W2097117768
W2964309882,W1903029394
W2964309882,W2179352600
W2964309882,W1901129140
W2964309882,W2560023338
W2964309882,W2194775991
W2964309882,W2531409750
W2964309882,W2963125010
W2964309882,W2022508996
W2964309882,W1905829557
W2964309882,W2412782625
W2964309882,W2307770531
W2964309882,W2565639579
W2964309882,W2549139847
W2964309882,W2117539524
W2964309882,W2601564443
W2964309882,W1861492603
W2964309882,W2163605009
W2282821441,W1905882502
W2282821441,W2097117768
W2147880316,W2009570821
W2135625048,W2147875900
W2135625048,W2146292423
W2135625048,W2139937287
W2214074259,W2043398720
W2214074259,W2010457001
W2214074259,W2148977460
W2214074259,W2161289668
W2127396309,W1990074132
W2290883490,W2154943049
W2290883490,W1999284878
W2290883490,W2061438946
W2290883490,W2963103847
W2592929672,W2163922914
W2592929672,W2157331557
W2592929672,W2464708700
W2592929672,W2581082771
W2592929672,W2022508996
W2592929672,W2557738935
W2592929672,W2194775991
W2592929672,W1903029394
W2592929672,W2533800772
W2592929672,W2253429366
W2592929672,W2097117768
W2592929672,W2346062110
W2592929672,W1901129140
W2592929672,W2163605009
W2592929672,W2145094598
W2592929672,W1905882502
W2592929672,W2099471712
W2592929672,W2302255633
W2592929672,W2097998348
W2592929672,W2155893237
W2592929672,W1849277567
W2592929672,W2919115771
W2592929672,W2117539524
W2099085143,W2119180969
W2099085143,W2149992227
W2099085143,W2033151532
W2099085143,W2099085143
W2099085143,W2096791516
W2100305481,W2160333540
W2100305481,W2141458291
W2100305481,W2136482257
W2100305481,W2152239989
W2100305481,W2126419817
W2100305481,W2021341670
W2804822363,W2149525061
W2804822363,W4210702584
W2804822363,W2949223833
W2899283552,W1019830208
W2899283552,W2239232218
W2899283552,W2557283755
W2899283552,W2163605009
W2581082771,W2919115771
W2581082771,W2117539524
W2581082771,W2183341477
W2581082771,W2097117768
W2581082771,W2194775991
W2581082771,W2145339207
W2581082771,W2257979135
W2581082771,W2163605009
W2725897987,W1981213426
W2725897987,W2560167313
W2169205464,W2171811563
W2169205464,W2161374186
W2169205464,W2098923148
W2169205464,W2119605658
W2169205464,W2104675861
W2169205464,W2169205464
W2169205464,W2108696783
W2169205464,W1714980748
W2163922914,W2141125852
W2163922914,W2147768505
W2163922914,W2160815625
W2163922914,W2156387975
W2163922914,W2145094598
W2163922914,W1665214252
W2163922914,W2163605009
W2163922914,W1533861849
W2163922914,W2097998348
W2108921801,W2180229411
W2108921801,W2124026197
W2108921801,W2114622716
W2592811885,W2158485828
W2592811885,W2323326409
W2592811885,W2170551349
W2963420686,W2963125010
W2963420686,W1677182931
W2963420686,W2964137095
W2963420686,W2183341477
W2963420686,W2531409750
W2963420686,W2117539524
W2963420686,W2194775991
W2963420686,W2963446712
W2963420686,W2549139847
W2963420686,W1903029394
W2963420686,W2097117768
W2963420686,W639708223
W2963420686,W2302255633
W2963420686,W2163605009
W2963420686,W1861492603
W2963420686,W2307770531
W2963420686,W1665214252
W2963420686,W2884585870
W2963420686,W2097998348
W2110052313,W2108344016
W2110052313,W2069977802
W2110052313,W2125065061
W2963470893,W1930824406
W2963470893,W2302255633
W2963470893,W2214802144
W2963470893,W1677182931
W2963470893,W2194775991
W2963470893,W2475287302
W2963470893,W2097117768
W2963470893,W1885185971
W2963470893,W2476548250
W2963470893,W2503339013
W2963470893,W2963684088
W2963470893,W54257720
W2963470893,W2163605009
W2963470893,W2099471712
W2963470893,W2117539524
W2963470893,W2331128040
W2963470893,W1849277567
W2106578986,W1984068087
W2106578986,W2119180969
W2106578986,W2149992227
W2755950973,W2135455887
W2755950973,W3125707221
W2111619626,W2105103777
W2111619626,W2170577408
W3096831136,W2559655401
W3096831136,W2612690371
W3096831136,W2099471712
W2549139847,W2183341477
W2549139847,W2097117768
W2549139847,W2117539524
W2549139847,W2102605133
W2549139847,W1677182931
W2549139847,W2194775991
W2549139847,W1903029394
W2549139847,W1536680647
W2549139847,W2964137095
W2549139847,W2155893237
W2549139847,W2163605009
W2549139847,W639708223
W2549139847,W1861492603
W2549139847,W2274287116
W2549139847,W2963150697
W2549139847,W2302255633
W1992985800,W2000536749
W2340897893,W2088049833
W2340897893,W2919115771
W2340897893,W1536680647
W2340897893,W2102605133
W2340897893,W2117539524
W2340897893,W2031454541
W2340897893,W2037227137
W2340897893,W2115579991
W2340897893,W1903029394
W2340897893,W639708223
W2340897893,W1861492603
W2340897893,W2163605009
W2155893237,W2102605133
W2155893237,W2163605009
W2155893237,W2088049833
W3035524453,W2194775991
W3035524453,W2963150697
W3035524453,W2549139847
W3035524453,W2798991696
W3035524453,W1536680647
W3035524453,W2102605133
W3035524453,W2340897893
W3035524453,W2565639579
W3035524453,W1903029394
W3035524453,W2412782625
W3035524453,W2302255633
W3035524453,W2099471712
W3035524453,W2963341956
W3035524453,W639708223
W3035524453,W1861492603
W2157795344,W2157795344
W2573377826,W2032100925
W2573377826,W2323309348
W2573377826,W1981539053
W2573377826,W2497894926
W2573377826,W2133406747
W2573377826,W2514157351
W2573377826,W2323275360
W2573377826,W4254736414
W1981213426,W2093540905
W1981213426,W2166394891
W1981213426,W2001510610
W2954996726,W2163605009
W2954996726,W2395579298
W2954996726,W2250539671
W2954996726,W2581082771
W2954996726,W2592929672
W2954996726,W2331128040
W2954996726,W1901129140
W2954996726,W569478347
W2954996726,W2593414223
W2954996726,W54257720
W2954996726,W2145287260
W2954996726,W2402144811
W2954996726,W2953106684
W2954996726,W2095705004
W2954996726,W2194775991
W2954996726,W1903029394
W2954996726,W2099471712
W2954996726,W2102605133
W2954996726,W2963446712
W2954996726,W2963470893
W2954996726,W2138011018
W2954996726,W1936750108
W2109255472,W2153635508
W2109255472,W2145287260
W2109255472,W2027922120
W2109255472,W2102605133
W2109255472,W2062118960
W2109255472,W2163605009
W2109255472,W1606858007
W2109255472,W2117539524
W2109255472,W2037227137
W2109255472,W2097117768
W2109255472,W2179352600
W2193503481,W2108940449
W2193503481,W2054653365
W2193503481,W1992193293
W2193503481,W2024966118
W2193503481,W1991308688
W2193503481,W2981420978
W2131568786,W1640894779
W2131568786,W2159401492
W2763766763,W2103879113
W2763766763,W81685006
W2763766763,W377384883
W2763766763,W2149868499
W2763766763,W1990415494
W2395611524,W639708223
W2395611524,W2155893237
W2395611524,W2022508996
W2395611524,W1903029394
W2395611524,W2097117768
W2395611524,W2109255472
W2395611524,W1849277567
W2395611524,W2179352600
W2395611524,W1901129140
W2395611524,W125693051
W2963091558,W2117539524
W2963091558,W2565639579
W2963091558,W639708223
W2963091558,W1677182931
W2963091558,W2194775991
W2963091558,W2105101328
W2963091558,W2549139847
W2963091558,W1947481528
W2963091558,W2963150697
W2963091558,W1522734439
W2963091558,W1861492603
W2963091558,W1665214252
W2963091558,W2147880316
W2014451195,W1973408623
W2345356016,W2010457001
W2345356016,W2070050178
W2345356016,W1533942137
W2345356016,W2118258530
W2345356016,W1979594866
W2170747616,W2124351063
W2170747616,W2125826054
W2962785568,W2242218935
W2962785568,W2475287302
W2962785568,W2117539524
W2962785568,W2141983208
W2962785568,W2331128040
W2962785568,W2963470893
W2962785568,W2163605009
W3126081245,W3122846673
W3126081245,W2891649320
W3126081245,W3021143228
W3126081245,W4236290419
W2786358356,W1951724000
W2786358356,W2749069611
W2786358356,W2144673831
W2962756421,W2163922914
W2962756421,W2010457001
W2962756421,W2250539671
W2295107390,W2102605133
W2295107390,W2062118960
W2295107390,W2117539524
W2295107390,W2962851944
W2295107390,W1849277567
W2295107390,W2163605009
W2295107390,W2097117768
W2118258530,W2259938310
W2118258530,W2519244818
W2607129810,W2158485828
W2607129810,W1533942137
W2607129810,W2018838463
W2607129810,W2012034410
W2404280981,W2161605421
W2404280981,W2060872117
W2404280981,W2332712348
W2130430382,W2117692326
W2130430382,W2049491375
W2130430382,W2161289668
W2130430382,W2123696077
W2130430382,W2096283457
W2130430382,W2262414037
W2130430382,W2275877493
W2130430382,W2041440766
W2130430382,W2006617902
W2130430382,W2118278569
W2130430382,W2150575159
W2130430382,W1999574084
W2130430382,W2043398720
W2130430382,W2157795344
W3012099172,W3004896487
W3012099172,W3008696669
W2801159594,W2026062398
W2801159594,W2130362098
W2801159594,W2148698435
W2160815625,W2147768505
W2160815625,W1533861849
W2160815625,W2145094598
W2323326409,W2140729960
W2323326409,W2141458291
W2323326409,W2134526812
W2323326409,W1999574084
W2107772251,W2120902911
W2107772251,W2141920662
W2141708418,W2085876742
W2754799758,W2524597629
W2754799758,W2305278139
W2754799758,W1780778418
W2754799758,W2097116556
W2754799758,W409344806
W1803102843,W2037312364
W1803102843,W2059145105
W2513506562,W2072970694
W2513506562,W2124351063
W2513506562,W2088833470
W2513506562,W2136879569
W2513506562,W2128769815
W2513506562,W2034285706
W2513506562,W1999167944
W2513506562,W2128711701
W2117228865,W1491719799
W1976770755,W1515587369
W1976770755,W4299588845
W2331393505,W2103879113
W2331393505,W2108696783
W2331128040,W1885185971
W2331128040,W1903029394
W2331128040,W1905829557
W2331128040,W2475287302
W2331128040,W2022508996
W2331128040,W2121058967
W2331128040,W1930824406
W2331128040,W2194775991
W2331128040,W2117539524
W2331128040,W1861492603
W2331128040,W2141983208
W2331128040,W54257720
W2331128040,W2963684088
W2302255633,W2194775991
W2302255633,W2117539524
W2302255633,W1861492603
W2302255633,W2183341477
W2302255633,W2097117768
W2302255633,W1677182931
W2302255633,W1665214252
W2302255633,W2963285578
W2302255633,W2274287116
W2406250479,W2180481128
W2406250479,W2114843025
W2582524520,W2129497119
W2951464304,W2111211467
W2951464304,W1983102293
W2951464304,W2111647009
W2319902168,W2319902168
W2319902168,W1969360633
W2085028749,W2044858486
W2901669506,W2105321265
W2901669506,W2084154288
W2901669506,W2091538045
W2901669506,W2891378911
W2028046413,W2028056984
W2028046413,W2169678694
W2028046413,W1965092590
W1998025025,W2100533358
W1998025025,W4294541781
W1998025025,W2097360283
W1998025025,W1554944419
W2493916176,W1810943226
W2915783575,W2129031626
W1982855075,W2119180969
W1982855075,W2170551349
W1982855075,W2117131162
W2121607567,W2058541903
W2121607567,W1978906881
W1605984840,W2117801354
W2560609797,W2211722331
W2560609797,W1644641054
W2560609797,W1920022804
W2080283023,W2072970694
W2587625522,W114517082
W2587625522,W104184427
W1522734439,W2155893237
W1522734439,W2016053056
W1522734439,W2105101328
W1522734439,W1947481528
W1522734439,W2163605009
W1522734439,W2102605133
W1522734439,W1849277567
W1885185971,W2155893237
W1885185971,W1930824406
W1885185971,W2121058967
W1885185971,W2179352600
W1885185971,W1665214252
W1885185971,W54257720
W1885185971,W2163605009
W2145555293,W2171811563
W2145555293,W2002463857
W2145555293,W2108696783
W2151207643,W2015693422
W2117131162,W2021341670
W2117131162,W2171777347
W2117131162,W2149992227
W2117131162,W2161289668
W2117131162,W2153056550
W2239306219,W2085028749
W2239306219,W2239306219
W2970641574,W2963341956
W2970641574,W2250539671
W2970641574,W2251939518
W2115579991,W2150066425
W2101291993,W2094201044
W2101291993,W4320301318
W2884561390,W2194775991
W2884561390,W1903029394
W2884561390,W2549139847
W2884561390,W2088049833
W2884561390,W2565639579
W2884561390,W2963150697
W2884561390,W2570343428
W2884561390,W1536680647
W2884561390,W2102605133
W2884561390,W1861492603
W2884561390,W2274287116
W2884561390,W2179352600
W2884561390,W2163605009
W2884561390,W639708223
W1996941025,W2050379798
W1996941025,W2119913861
W1996941025,W2066309940
W2611772571,W2165242200
W2611772571,W2121745948
W2611772571,W1978648105
W2611772571,W1989120577
W2611772571,W2607030186
W2611772571,W2051416171
W2611772571,W1974038018
W2611772571,W2611772571
W2137070227,W2024306642
W2559588208,W2110256992
W2559588208,W2173732482
W2559588208,W2739999456
W2559588208,W2178043251
W2766447205,W2919115771
W2766447205,W2194775991
W2766447205,W2145339207
W2766447205,W2257979135
W2766447205,W2126316555
W2766447205,W2606722458
W2766447205,W1977655452
W2766447205,W2192203593
W2766447205,W2163605009
W2432815617,W2137586531
W2116327492,W2951826594
W2895486342,W2082704080
W2895486342,W2040547343
W2895486342,W2256016639
W2895486342,W2104549677
W2895486342,W2511515754
W2895486342,W2116868464
W2895486342,W2102213696
W2033151532,W2155496693
W1901616594,W4292363360
W1901616594,W2076063813
W1901616594,W2163605009
W1901616594,W2160815625
W1901616594,W2145339207
W1901616594,W2174706414
W1901616594,W1554944419
W2143612262,W2160815625
W2143612262,W2144499799
W2984472267,W2794480084
W2984472267,W2794521141
W2984472267,W2951506174
W2984472267,W2146512944
W2984472267,W2766437506
W2984472267,W2169456326
W2984472267,W2889326414
W2984472267,W2902652978
W2984472267,W2070050178
W2984472267,W2345356016
W3083406432,W2153544371
W3083406432,W3136918052
W3083406432,W2734356283
W3083406432,W3007643904
W3083406432,W3083406432
W3092861045,W2341244791
W3092861045,W2110052313
W3092861045,W2912654919
W3092861045,W2160517070
W3092861045,W2909678677
W3092861045,W3159281654
W3092861045,W2530597942
W3092861045,W2751884637
W2011657487,W2100305481
W2011657487,W2126419817
W2011657487,W2096128575
W2011657487,W1999574084
W2011657487,W2152239989
W2011657487,W2141458291
W2011657487,W2107018762
W2011657487,W2021341670
W2011657487,W2170551349
W2011657487,W2036897871
W1902237438,W2157331557
W2159211495,W2180229411
W2159211495,W2114622716
W2803072880,W2195783463
W2803072880,W2113699335
W2803072880,W2324862792
W2803072880,W2613603864
W2803072880,W1905058580
W2803072880,W2104549677
W2295124130,W2145962650
W2963125010,W2117539524
W2963125010,W1895577753
W2963125010,W2183341477
W2963125010,W2097117768
W2963125010,W2155893237
W2963125010,W2102605133
W2963125010,W2194775991
W2963125010,W1903029394
W2963125010,W2531409750
W2963125010,W639708223
W2963125010,W2302255633
W2963125010,W2752782242
W2963125010,W1861492603
W2963125010,W2300242332
W2963125010,W2963420686
W2963125010,W2163605009
W2963125010,W2549139847
W2149074973,W2160517070
W2149074973,W2125826054
W2149074973,W2071841602
W2149074973,W2004549986
W2149074973,W2164386968
W2149074973,W2147790901
W2113679889,W2120902911
W2113679889,W2107772251
W2113679889,W2170551349
W2113679889,W2129933858
W2113679889,W2141920662
W2113679889,W2125826054
W2883251903,W1973094248
W2463195069,W2023010129
W2463195069,W2170776626
W2463195069,W1973094248
W2463195069,W2036321220
W2463195069,W1490161904
W2463195069,W2043274355
W2463195069,W2140729960
W2463195069,W2169456326
W2463195069,W2128551987
W2463195069,W2153635508
W2463195069,W2110256992
W2463195069,W2739999456
W2463195069,W2157795344
W2463195069,W1989277387
W2463195069,W1554944419
W2508457857,W2097117768
W2508457857,W1677182931
W2508457857,W2194775991
W2508457857,W1930824406
W2508457857,W2242218935
W2508457857,W1963882359
W2508457857,W2121058967
W2508457857,W2146502635
W2508457857,W2163605009
W2749069611,W1951724000
W2749069611,W2577537660
W2749069611,W2144673831
W2749069611,W260994251
W2749069611,W2119160928
W2749069611,W2963977107
W2751583588,W2160378127
W2751583588,W2127322768
W2751583588,W2135621733
W2341539131,W2014677321
W2341539131,W2158789637
W2341539131,W2259938310
W2341539131,W2076154138
W2341539131,W2135937351
W2341539131,W2519244818
W3001195213,W2903899730
W2054692642,W2116334496
W2054692642,W2103972037
W2054692642,W2084304524
W2054692642,W2147601077
W2026616100,W2106787323
W2026616100,W2117340355
W2417483443,W2163924952
W2417483443,W2060427373
W2417483443,W2096465161
W2417483443,W2417483443
W2417483443,W2096791516
W2417483443,W2059145105
W2417483443,W1970413157
W2417483443,W2259938310
W2417483443,W2160995259
W2417483443,W2116868464
W2417483443,W2154866190
W2417483443,W2106578986
W2417483443,W1533942137
W2417483443,W1984068087
W2097998348,W1533861849
W2097998348,W2153635508
W2800392236,W2069089843
W2800392236,W1984883254
W2800392236,W2190545194
W2800392236,W2951506174
W2800392236,W2102212449
W2800392236,W2747877289
W2800392236,W1973094248
W2800392236,W2146292423
W2800392236,W2342249984
W2800392236,W2181523240
W2800392236,W2919115771
W3136918052,W4210702584
W3136918052,W4250359879
W3107527779,W2896002881
W3107527779,W1985213868
W3107527779,W2096173332
W3107527779,W2105924489
W3107527779,W2110256992
W3107527779,W2950595506
W3107527779,W3136918052
W3107527779,W2898402099
W3107527779,W2911489562
W3107527779,W1989277387
W2134295053,W2114623221
W2134295053,W2111619626
W2134295053,W2105103777
W2963857746,W2963351448
W2963857746,W2565639579
W2963857746,W2088049833
W2963857746,W2549139847
W2963857746,W2155893237
W2963857746,W2560023338
W2963857746,W2109255472
W2963857746,W2963150697
W2963857746,W2194775991
W2963857746,W2963446712
W2963857746,W2601564443
W2963857746,W1536680647
W2963857746,W2102605133
W2963857746,W2340897893
W2963857746,W1903029394
W2963857746,W2302255633
W2963857746,W2163605009
W2963857746,W1861492603
W2963857746,W1901129140
W2963857746,W2963420686
W2963857746,W639708223
W2963857746,W2752782242
W2963857746,W1849277567
W2133151341,W4206050372
W2133151341,W2110465139
W2133151341,W2027404493
W2133151341,W2144304061
W2534691303,W2039061417
W2534691303,W2078492700
W2534691303,W1991258650
W2534691303,W2020462182
W2534691303,W2066578528
W2534691303,W2261135145
W2534691303,W1992985800
W2144574847,W1965464747
W2144574847,W2169328609
W2144574847,W2081640113
W2144574847,W2133130045
W2952167528,W1983403167
W2952167528,W2950354111
W2952167528,W2120902911
W2952167528,W2170551349
W2952167528,W1982855075
W2952167528,W2107772251
W2952167528,W2157539385
W2952167528,W2575750030
W2884436604,W2963150697
W2884436604,W2963446712
W2884436604,W1903029394
W2884436604,W1901129140
W2884436604,W2346062110
W2884436604,W2395611524
W2070050178,W2010457001
W2070050178,W2259938310
W2070050178,W2043398720
W2070050178,W2141458291
W2177603935,W1994724903
W2177603935,W2159182565
W2177603935,W2042397184
W2177603935,W2094145140
W2177603935,W2002547950
W2177603935,W1992769383
W2177603935,W4236463097
W2526781987,W3124124240
W2526781987,W1508296537
W2526781987,W579193340
W2174661749,W2060427373
W2174661749,W2169961966
W2174661749,W2169895148
W2174661749,W2150575159
W2174661749,W1980497534
W2174661749,W2128739912
W2174661749,W2103004421
W2174661749,W2083927153
W2805983714,W2104549677
W2805983714,W2113699335
W2805983714,W2324862792
W2805983714,W2195783463
W2805983714,W2127768736
W2805983714,W2103783427
W2805983714,W2073836327
W2805983714,W1533942137
W2805983714,W2264585211
W2805983714,W2613603864
W2805983714,W2770598799
W2805983714,W2238851414
W2805983714,W2119605658
W2805983714,W2803072880
W2805983714,W2163924952
W2805983714,W2725988230
W2805983714,W2116868464
W2805983714,W2153118028
W2805983714,W2328393125
W2790166049,W2232384272
W2790166049,W3121315632
W2790166049,W2040467972
W2790166049,W2118836230
W1990134753,W2089572795
W1990134753,W1875112053
W2950354111,W1983403167
W2950354111,W2950150251
W2950354111,W2575750030
W2950354111,W1982855075
W2107060225,W2107018762
W2981731882,W2493343568
W2981731882,W2891503716
W2981731882,W1787224781
W2981731882,W2062118960
W2981731882,W2945976633
W2981731882,W2412247133
W2981731882,W2962851944
W2981731882,W1849277567
W2981731882,W2962858109
W2981731882,W2282821441
W2981731882,W1947481528
W2981731882,W2498119267
W2981731882,W2559655401
W2981731882,W2295107390
W2981731882,W4297957988
W2981731882,W2612690371
W2981731882,W2487770199
W2140092196,W2476732026
W2140092196,W1990513740
W1579271636,W2519132385
W2130892515,W1988050849
W2130892515,W2495001861
W2105824687,W2161498332
W2105824687,W2119605658
W2105824687,W4296816736
W2105824687,W2049069390
W2102212449,W2135937351
W2102212449,W2019552331
W2102212449,W2069089843
W1731081199,W1722318740
W1731081199,W2110158442
W1731081199,W2095705004
W1731081199,W2163605009
W2396881363,W2396881363
W2952481429,W2099540110
W2952481429,W2167279371
W2952481429,W2118246710
W2793435880,W2064299621
W2793435880,W2503161491
W2793435880,W2048644480
W2793435880,W1984670836
W1834627138,W2179352600
W1834627138,W2145287260
W1834627138,W2062118960
W1834627138,W2163605009
W3034971973,W2549139847
W3034971973,W2570343428
W3034971973,W2982770724
W3034971973,W2963150697
W3034971973,W2194775991
W3034971973,W2964241181
W3034971973,W2531409750
W3034971973,W2037227137
W3034971973,W1536680647
W3034971973,W2565639579
W3034971973,W2963351448
W3034971973,W2963857746
W3034971973,W1861492603
W3034971973,W639708223
W3034971973,W2964309882
W2091875228,W2151207643
W2091875228,W2089525884
W2091875228,W2153511586
W2579533542,W2151350595
W2579533542,W2154071138
W2579533542,W2034285706
W2579533542,W2121055398
W2579533542,W2206071891
W2579533542,W2141052558
W2579533542,W2124351063
W2579533542,W2110300022
W2579533542,W2175094144
W1617328014,W2144625636
W1617328014,W2010699829
W1617328014,W2098923148
W2979826702,W2123442489
W2979826702,W2996428491
W2979826702,W4288089799
W2242218935,W1677182931
W2242218935,W1963882359
W2242218935,W1885185971
W2242218935,W54257720
W2242218935,W2557283755
W2242218935,W2121058967
W2160544821,W1965092590
W2537623931,W2739999456
W2537623931,W2057545775
W2537623931,W2105924489
W2537623931,W2096173332
W2537623931,W2162151166
W2762367303,W2503161491
W2762367303,W2089783281
W2762367303,W2098459033
W2762367303,W2279780730
W2762367303,W2014734472
W2762367303,W2124192278
W2062269633,W2002799357
W2062269633,W2094145140
W2110256992,W2131848047
W2110256992,W2739999456
W4237239309,W2002882686
W2120012334,W2617606220
W2023718959,W10512124
W2945976633,W2493343568
W2945976633,W1731081199
W2169434152,W2105501846
W2169434152,W2121671360
W2416799949,W2114296561
W2416799949,W2114623221
W2416799949,W2119738171
W2416799949,W2111619626
W2416799949,W2189465200
W2123442489,W2251939518
W2464708700,W2026616100
W2464708700,W2155893237
W2464708700,W1903029394
W2464708700,W1901129140
W2464708700,W2183341477
W2899760200,W2899760200
W2899760200,W4250359879
W2899760200,W2544360569
W2510875395,W2140729960
W2510875395,W2141458291
W2510875395,W2100305481
W2510875395,W2102278945
W2510875395,W2104005232
W2510875395,W2169456326
W2510875395,W2126419817
W2510875395,W1999574084
W2510875395,W2179438025
W2510875395,W2166820820
W2510875395,W2066231767
W2510875395,W2170551349
W2510875395,W1973094248
W2510875395,W2146512944
W2510875395,W2026006003
W2781738013,W3037447387
W2781738013,W2161685427
W2781738013,W2919115771
W2781738013,W2559394418
W2781738013,W2030867075
W2110999179,W2020084508
W2110999179,W2159449603
W2110999179,W1987435915
W2565277564,W1966481002
W2565277564,W1732240353
W2565277564,W2020833085
W2565277564,W2216357226
W2565277564,W2113991966
W2565277564,W2007878524
W2565277564,W1975675278
W2565277564,W1622878345
W2565277564,W2342540942
W2791453970,W2160517070
W2791453970,W2107832644
W2791453970,W2341244791
W2791453970,W2262354148
W2791453970,W2115801316
W2791453970,W2153118028
W2791453970,W2130483595
W2791453970,W1972643702
W2791453970,W2789732774
W2791453970,W2527824850
W2791453970,W2168630917
W2791453970,W2117834225
W2791453970,W2155477484
W2791453970,W2125065061
W2791453970,W44429629
W2791453970,W2159975225
W2791453970,W2147018083
W2791453970,W2077674022
W2559085405,W2194775991
W2559085405,W1936750108
W2559085405,W2080873731
W2559085405,W2307770531
W2559085405,W1861492603
W2037227137,W2102605133
W2037227137,W2163605009
W2037227137,W2031342017
W2037227137,W2088049833
W2037227137,W1849277567
W2037227137,W2153635508
W279724836,W2049318638
W2332712348,W1968984443
W3095583226,W2898402099
W3095583226,W2224056471
W3095583226,W3136918052
W2002799357,W2042397184
W2150131459,W2171777347
W2150131459,W2149992227
W2150131459,W2168133698
W2150131459,W4247053599
W2755331695,W2149992227
W2755331695,W1990074132
W2557738935,W2919115771
W2557738935,W2168231600
W2557738935,W2163605009
W2557738935,W2117539524
W1919257374,W2171777347
W1919257374,W2168133698
W1919257374,W2107916366
W1919257374,W4247053599
W1919257374,W2119180969
W2168974130,W2127322768
W2168974130,W2160378127
W2999615587,W2282821441
W2129497119,W2582524520
W2577537660,W2577537660
W2577537660,W2101687185
W2577537660,W2963977107
W2138122982,W2009570821
W3034552520,W2963091558
W3034552520,W2183341477
W3034552520,W2097117768
W3034552520,W2963125010
W3034552520,W2549139847
W3034552520,W2963150697
W3034552520,W2194775991
W3034552520,W2752782242
W3034552520,W2963446712
W3034552520,W2531409750
W3034552520,W2955058313
W3034552520,W2963351448
W3034552520,W2565639579
W3034552520,W639708223
W3034552520,W2963163009
W3034552520,W2884585870
W3034552520,W2883780447
W3034552520,W2163605009
W3034552520,W1861492603
W3034552520,W2302255633
W3034552520,W1665214252
W2988396470,W2045204781
W2988396470,W2950954328
W2988396470,W1900937478
W2988396470,W2031611770
W2988396470,W2111647009
W2988396470,W2141052558
W2988396470,W2160378127
W2963864421,W2145339207
W2963864421,W2158782408
W2963864421,W2156387975
W2963864421,W2163605009
W3112376646,W3136918052
W3112376646,W4210702584
W3112376646,W2950595506
W3112376646,W2051978340
W3112376646,W2983166786
W2105321265,W2084154288
W2476548250,W2097117768
W2476548250,W1849277567
W2476548250,W2121058967
W2476548250,W1522734439
W2476548250,W2117539524
W2476548250,W1885185971
W2476548250,W54257720
W2476548250,W2163605009
W2476548250,W1903029394
W1564897360,W1565212980
W2145962650,W2103972604
W2145962650,W2118550318
W2228338508,W1549552139
W2762087180,W1997183854
W2762087180,W2549188196
W2762087180,W2265062179
W2762087180,W2189205651
W2762087180,W2002490399
W2026062398,W2130362098
W2555870966,W2060872117
W2555870966,W2109154308
W2756283300,W2565277564
W2756283300,W1732240353
W2756283300,W2216357226
W2756283300,W1622878345
W2756283300,W2264050319
W2756283300,W1568955415
W2973457155,W2180229411
W2973457155,W2154197653
W2973457155,W2786390877
W2973457155,W2124026197
W2973457155,W2734356283
W2973457155,W2765322245
W2973457155,W2114622716
W2141682101,W2147601077
W2141682101,W2084304524
W2141682101,W1971443733
W2173732482,W1767470961
W2173732482,W2739999456
W2173732482,W2077327925
W2173732482,W2167898988
W2173732482,W2110375946
W2101196063,W1990513740
W2251939518,W2146502635
W3014067025,W3004280078
W3014067025,W3003217347
W3014067025,W3004318991
W3014067025,W3009335299
W3014067025,W3008394341
W3014067025,W3009912996
W3014067025,W3007643904
W3014067025,W3004348779
W2050480410,W2045435533
W2050480410,W2019670881
W2050480410,W2120503144
W2050480410,W2064815984
W2050480410,W2003171404
W2050480410,W2096261947
W2050480410,W2039705224
W2050480410,W1976391205
W2050480410,W1973260880
W2050480410,W2170039745
W2050480410,W2160051211
W2050480410,W2101749257
W2050480410,W2077659966
W2050480410,W2036176224
W2050480410,W2167380395
W1998062017,W2064454797
W1998062017,W2015693422
W2048644480,W2076922024
W1204404493,W3125449341
W2955058313,W1903029394
W2955058313,W2412782625
W2955058313,W2560023338
W2955058313,W2340897893
W2955058313,W2963091558
W2955058313,W1901129140
W3109746568,W2143463421
W3109746568,W2060427373
W3109746568,W2890167612
W3109746568,W2344644350
W3109746568,W2580767461
W3109746568,W2039551908
W3109746568,W3105982350
W2145287260,W2163605009
W2145287260,W2168231600
W2171811563,W2108696783
W2171811563,W43308025
W2601564443,W1903029394
W2601564443,W2565639579
W2601564443,W2194775991
W2601564443,W1536680647
W2601564443,W2102605133
W2601564443,W2340897893
W2601564443,W2117228865
W2601564443,W1861492603
W2601564443,W2412782625
W2601564443,W2163605009
W2601564443,W639708223
W2601564443,W2179352600
W2601564443,W2274287116
W2908201961,W1968670396
W2908201961,W1966716734
W2908201961,W2787816121
W2908201961,W2581082771
W2908201961,W2557738935
W2908201961,W2788633781
W2908201961,W2554980225
W2908201961,W2796559433
W2908201961,W2887114371
W2908201961,W2163605009
W2908201961,W2117539524
W2908201961,W2557283755
W2908201961,W2963420686
W2470052926,W2141152740
W2470052926,W2142428670
W2470052926,W2096093282
W2470052926,W2124351063
W2470052926,W2739999456
W2321005010,W2005307077
W2765224588,W2066671159
W2765224588,W1985987855
W2765224588,W1107917109
W2765224588,W2949273159
W2765224588,W2028433016
W2765224588,W2507880739
W2765224588,W2049491375
W2765224588,W2157852151
W2964199361,W2157331557
W2964199361,W1810943226
W2402144811,W2146502635
W2402144811,W2145339207
W2402144811,W2194775991
W2402144811,W2016053056
W2402144811,W104184427
W2402144811,W2117539524
W2402144811,W2097117768
W2402144811,W2160815625
W2402144811,W2168231600
W2049069390,W4296816736
W2049069390,W2108696783
W2147526198,W2138122982
W2147526198,W4320301318
W2147526198,W2031611770
W1689711448,W2157331557
W1689711448,W1810943226
W1689711448,W2144499799
W1689711448,W2143612262
W1689711448,W2097998348
W1689711448,W1947481528
W1689711448,W104184427
W1689711448,W2293634267
W2015159529,W2167279371
W2015159529,W2099540110
W2015159529,W2146292423
W2015159529,W2117228865
W2160995259,W2059145105
W2160995259,W2259938310
W2160995259,W2096791516
W2116206245,W2119160928
W2116206245,W2753666478
W2116206245,W3149745985
W2888532099,W2135625048
W2888532099,W4292875581
W2888532099,W2146292423
W2888532099,W1909359706
W2560647685,W2919115771
W2560647685,W2145339207
W2560647685,W2163605009
W2560647685,W2155968351
W2964241181,W2088049833
W2964241181,W1536680647
W2964241181,W2102605133
W2964241181,W2963150697
W2964241181,W2194775991
W2964241181,W2601564443
W2964241181,W2155893237
W2964241181,W2963351448
W2964241181,W2565639579
W2964241181,W2179352600
W2964241181,W1861492603
W2964241181,W2109255472
W2964241181,W639708223
W2224056471,W4320301318
W2224056471,W2739999456
W2224056471,W2147526198
W2953106684,W2102605133
W2953106684,W1903029394
W2953106684,W2179352600
W2103879113,W2113537253
W2103879113,W4299588845
W2103879113,W1515587369
W2016053056,W2062118960
W2016053056,W2022508996
W2016053056,W2102605133
W2016053056,W2168231600
W2016053056,W2163605009
W1867005924,W1989839776
W2593815020,W2089525884
W2593815020,W2021172010
W2593815020,W1972767018
W2593815020,W2151207643
W2593815020,W2153511586
W2593815020,W2321696461
W2593815020,W2064454797
W2143463421,W2153771870
W2143463421,W2130166533
W2094145140,W2125053394
W2582561810,W1686065478
W2582561810,W2303924600
W2122559203,W4320301318
W2109887283,W1511920456
W2109887283,W4299627282
W2091161882,W2125053394
W2605350416,W2127795553
W2605350416,W2194775991
W2605350416,W2295739661
W2605350416,W2156387975
W2605350416,W2475334473
W1895577753,W2157331557
W1895577753,W1861492603
W1895577753,W1810943226
W1895577753,W2117539524
W1895577753,W1956340063
W2911489562,W2250539671
W2911489562,W2963341956
W2911489562,W2919115771
W2979750740,W2558748708
W2979750740,W2211722331
W2979750740,W2101491865
W2979750740,W1644641054
W2979750740,W2963091558
W2979750740,W1920022804
W2979750740,W2963121255
W2979750740,W2163605009
W2979750740,W2560609797
W2979750740,W2099471712
W2979750740,W569478347
W2088049833,W2110158442
W2088049833,W1606858007
W2890167612,W2143463421
W2040959430,W2089525884
W2040959430,W2060543343
W2040959430,W2115010843
W2040959430,W2021403769
W2040959430,W2104814752
W2052319966,W1973408623
W2052319966,W1976156302
W2052319966,W2081870623
W1989277387,W1490161904
W1989277387,W1989277387
W1989277387,W1985213868
W1989277387,W2128601422
W1989277387,W1998767819
W2616922646,W1979283544
W2616922646,W2332292689
W2616922646,W2146512944
W2616922646,W2102212449
W2616922646,W1985213868
W2261059368,W2156665896
W2261059368,W2063907334
W2883780447,W2531409750
W2883780447,W2194775991
W2883780447,W2302255633
W2883780447,W2963363373
W2883780447,W2752782242
W2883780447,W2963446712
W2883780447,W1861492603
W2883780447,W2962851801
W2883780447,W2117539524
W2883780447,W2963163009
W2883780447,W2097117768
W2883780447,W2183341477
W2883780447,W2549139847
W2883780447,W2963125010
W2883780447,W2163605009
W2883780447,W2274287116
W3015197879,W3006659024
W3015197879,W3004318991
W3015197879,W3007643904
W3015197879,W3009912996
W3015197879,W3009090768
W2969718750,W1490161904
W2969718750,W2131848047
W1641498739,W2136145485
W1641498739,W2118246710
W1641498739,W2172156083
W1641498739,W2117340355
W1641498739,W2160382843
W1641498739,W2163605009
W2223470559,W2138071797
W2223470559,W1988050849
W2223470559,W2036736987
W2223470559,W2130892515
W2223470559,W2105846236
W2223470559,W2167344400
W2223470559,W2100739170
W2223470559,W3147343449
W2223470559,W2131568786
W2058401212,W2105103777
W2580035316,W2099540110
W2580035316,W2167279371
W2767128594,W2103004421
W2767128594,W2128739912
W2767128594,W2919115771
W2767128594,W2026616100
W2962949934,W2395611524
W2962949934,W1885185971
W2962949934,W2109255472
W2962949934,W2007339694
W2962949934,W1993482030
W2962949934,W639708223
W2962949934,W2022508996
W2962949934,W2160815625
W2962949934,W2295107390
W2962949934,W1522734439
W2962949934,W2097117768
W2962949934,W1861492603
W2962949934,W2168231600
W2962949934,W2099471712
W2962949934,W2183341477
W2962949934,W2194187530
W2962949934,W2117539524
W2962949934,W2194775991
W2962949934,W2037227137
W2962949934,W2102605133
W2962949934,W1849277567
W2962949934,W2088049833
W2962949934,W2274287116
W2962949934,W2016053056
W2962949934,W2302255633
W2962949934,W1936750108
W2962949934,W2963285578
W2962949934,W1905829557
W2962949934,W1665214252
W2962949934,W104184427
W2962949934,W1533861849
W2024729467,W2067456724
W2024729467,W1983208069
W2024729467,W2089572795
W2024729467,W4295750005
W2024729467,W2581259096
W2024729467,W2008854521
W2024729467,W2167311298
W2024729467,W2166073443
W2159560463,W2061123122
W2159560463,W2065210647
W2159560463,W2140380746
W2159560463,W1985859986
W2159560463,W2055348159
W2120575449,W2146292423
W2475287302,W2155893237
W2475287302,W1903029394
W2475287302,W2163605009
W2475287302,W2603777577
W2475287302,W1861492603
W2475287302,W2331128040
W2475287302,W2962851944
W2475287302,W2117539524
W2475287302,W1905829557
W2141975087,W2141975087
W2141975087,W2174706414
W2141975087,W1886337131
W2141975087,W1494137514
W1987134040,W2037312364
W2130509491,W2150326250
W2130509491,W2752099845
W2102166818,W1982471090
W2395579298,W1570448133
W2395579298,W1722318740
W2293040502,W2161498332
W3011366455,W1992716708
W3011366455,W2256742438
W3011366455,W2179036997
W2085001923,W2169434152
W2085001923,W1990513740
W2085001923,W2158467768
W2133870991,W2111211467
W2154889144,W2089961441
W2154889144,W2124211486
W2154889144,W1964846093
W2256742438,W1992716708
W2256742438,W2031441006
W2256742438,W2179036997
W3125707221,W2174706414
W3125707221,W2135455887
W2982770724,W2549139847
W2982770724,W2565639579
W2982770724,W2963351448
W2982770724,W1536680647
W2982770724,W2194775991
W2982770724,W1903029394
W2982770724,W2570343428
W2982770724,W639708223
W2982770724,W1861492603
W2982770724,W2916798096
W1990415494,W1521578411
W2253429366,W2097117768
W2253429366,W2062118960
W2253429366,W2155893237
W2253429366,W1641498739
W2253429366,W2037227137
W2253429366,W2109255472
W2253429366,W2022508996
W2253429366,W1849277567
W2253429366,W2395611524
W2253429366,W1903029394
W2253429366,W2117539524
W2253429366,W2163605009
W2253429366,W2412782625
W2324576880,W2046537181
W1494198834,W1524333225
W2108638835,W2125826054
W1983208069,W2977883299
W1983208069,W1990134753
W2131374955,W2026343134
W3041133507,W2253429366
W3041133507,W2593768305
W3041133507,W2964288524
W3041133507,W2395579298
W3041133507,W1722318740
W3041133507,W2097117768
W3041133507,W2194775991
W3041133507,W2163605009
W3041133507,W1731081199
W3041133507,W2099471712
W114517082,W2147880316
W114517082,W2029538739
W3030441098,W2110300022
W3030441098,W1998767819
W3030441098,W2128601422
W2739439285,W2067718414
W2129933858,W2141920662
W2129933858,W2129933858
W2153791616,W2148764920
W2949676527,W2192203593
W2949676527,W2899771611
W2154197653,W2180229411
W2154197653,W2124026197
W2154197653,W2159211495
W2154197653,W2108921801
W2154197653,W2114622716
W2919979744,W2290883490
W2919979744,W2061438946
W2919979744,W883434633
W2919979744,W2096166399
W2919979744,W2154943049
W2919979744,W2738900493
W2919979744,W2585392941
W2919979744,W2031183907
W2919979744,W1999284878
W2156387975,W1533861849
W2156387975,W1665214252
W2053219565,W1970320842
W2053219565,W613060151
W54257720,W1849277567
W54257720,W2163605009
W54257720,W2121058967
W54257720,W1665214252
W2788228074,W1983403167
W2788228074,W2950354111
W2788228074,W2120902911
W2788228074,W1982855075
W2807194798,W2401404581
W2807194798,W2154026962
W2807194798,W2072970694
W2807194798,W2513506562
W2807194798,W2124351063
W2807194798,W2124799197
W2807194798,W2166171121
W2807194798,W2160947363
W2807194798,W2086865963
W2807194798,W2766358903
W2554773181,W2153771870
W2554773181,W2110634891
W2554773181,W2164841185
W2554773181,W2130166533
W2554773181,W2033278321
W2554773181,W2076922024
W2122673596,W2170747616
W2122673596,W2096093282
W2902652978,W2889326414
W2902652978,W2800392236
W2902652978,W2794480084
W2902652978,W2616922646
W2902652978,W1875842236
W2734356283,W2224056471
W2734356283,W2153544371
W2734356283,W2537623931
W2734356283,W2146292423
W2734356283,W2127322768
W2734356283,W4210702584
W1982471090,W2153635508
W2099813784,W2251939518
W3027286012,W2586629973
W3027286012,W2952001873
W3027286012,W2533508881
W3027286012,W2507880739
W3027286012,W1985987855
W3027286012,W2765224588
W3027286012,W2158485828
W3027286012,W1999574084
W3027286012,W2153056550
W3027286012,W2157852151
W3027286012,W2886498337
W2116846792,W2162088497
W2116846792,W2125826054
W2116846792,W2128769815
W2116846792,W2139884694
W2116846792,W2023506796
W2116846792,W2087292184
W2116846792,W2032230795
W2116846792,W1968105193
W2899714098,W2587625522
W2899714098,W2953320394
W2899714098,W2104234755
W2899714098,W2593511418
W2031211461,W1973260880
W2031211461,W2036176224
W2127795553,W1533861849
W2042468043,W1965464747
W2042468043,W2171105325
W1515749184,W2157426451
W2125188192,W2128254161
W2473418344,W2473418344
W2473418344,W2257979135
W2473418344,W1677182931
W2473418344,W2107438106
W2473418344,W2163605009
W2473418344,W2250539671
W2473418344,W2097117768
W2473418344,W2146502635
W2473418344,W3141595720
W2912800036,W2148060162
W2912800036,W2610102381
W2912800036,W2163040809
W2912800036,W2075763914
W2912800036,W2574735439
W2912800036,W202954878
W2912800036,W279724836
W2563535234,W2133870991
W2563535234,W2059359550
W1947481528,W2155893237
W1947481528,W2016053056
W1947481528,W2964199361
W1947481528,W2163605009
W1947481528,W1849277567
W1947481528,W1861492603
W1947481528,W2097117768
W1947481528,W1810943226
W1947481528,W2117539524
W1500693574,W1583059097
W2499800833,W1983208069
W2499800833,W2024729467
W2499800833,W4295750005
W2499800833,W4241074797
W2499800833,W2067456724
W2154026962,W2101120467
W2154026962,W2031611770
W2232317135,W1999284878
W2232317135,W883434633
W2232317135,W2154943049
W2232317135,W2963103847
W2916798096,W2560023338
W2916798096,W1936750108
W2916798096,W2080873731
W2916798096,W2963150697
W2916798096,W2560474170
W2916798096,W2097117768
W2916798096,W2412782625
W2916798096,W2307770531
W2916798096,W1861492603
W2916798096,W2559085405
W2192203593,W2097998348
W2051416171,W2165242200
W2051416171,W2121745948
W2051416171,W1974038018
W2866634454,W54257720
W2866634454,W1885185971
W2866634454,W2503339013
W2866634454,W2194775991
W2866634454,W2752782242
W2866634454,W1930824406
W2866634454,W2331128040
W2866634454,W2242218935
W2866634454,W2214802144
W2866634454,W2607041014
W2866634454,W2963470893
W2866634454,W2476548250
W2866634454,W2964101377
W2866634454,W1665214252
W2866634454,W2099471712
W2866634454,W2899771611
W2096166399,W2402846924
W2096166399,W1879678483
W2336400828,W2111647009
W2336400828,W2141052558
W2336400828,W2111211467
W2336400828,W2133870991
W2336400828,W1983102293
W2336400828,W1969042907
W4236476849,W2970684805
W4236476849,W1617328014
W4236476849,W2891378911
W4236476849,W2161374186
W4236476849,W1528251861
W2243397390,W2097117768
W2243397390,W2160815625
W2243397390,W2155893237
W2243397390,W1963882359
W2243397390,W2163605009
W2912213068,W2473418344
W2912213068,W2257979135
W2763355946,W2103004421
W2763355946,W2128739912
W2763355946,W2174661749
W2763355946,W2078271269
W2763355946,W2106787323
W2763355946,W2011458181
W2763355946,W2028433016
W2763355946,W2049553585
W2964321699,W2101491865
W2886368623,W2249595199
W2944545583,W2345356016
W2944545583,W2027847170
W2944545583,W2611604995
W2944545583,W2917207851
W2944545583,W1617495083
W2944545583,W2012034410
W2944545583,W3136918052
W2944545583,W2010457001
W2944545583,W1969353942
W2944545583,W2537679995
W2944545583,W1989277387
W2739748921,W2099471712
W2307770531,W2097117768
W2307770531,W2194775991
W2307770531,W1936750108
W2307770531,W2080873731
W2307770531,W1903029394
W2307770531,W2022508996
W2307770531,W1905829557
W2307770531,W569478347
W2307770531,W2163605009
W2891503716,W2766447205
W2891503716,W1787224781
W2891503716,W1975675278
W2891503716,W2295107390
W2891503716,W2282821441
W2891503716,W2962851944
W2891503716,W1849277567
W2593414223,W1903029394
W2593414223,W2194775991
W2593414223,W2963684088
W2593414223,W639708223
W2593414223,W2099471712
W2593414223,W2963470893
W2896872272,W2152061559
W2896872272,W2262414037
W2896872272,W2096283457
W2896872272,W1255676896
W2896872272,W2149441684
W2896872272,W2406250479
W2896872272,W2131478115
W2896872272,W2009720434
W2896872272,W2114031931
W2896872272,W2157852151
W2896872272,W2044433401
W2896872272,W2044702943
W2156194072,W1879678483
W2884367402,W2160815625
W2884367402,W2919115771
W2884367402,W2031454541
W2884367402,W2155893237
W2884367402,W2559085405
W2884367402,W2097117768
W2884367402,W2194775991
W2884367402,W2088049833
W2884367402,W2109255472
W2884367402,W2565639579
W2884367402,W2963150697
W2884367402,W2115579991
W2884367402,W2183341477
W2884367402,W639708223
W2884367402,W2601564443
W2884367402,W1903029394
W2884367402,W2102605133
W2884367402,W1536680647
W2884367402,W2549139847
W2884367402,W2099471712
W2884367402,W1606858007
W2884367402,W1665214252
W2884367402,W1861492603
W2884367402,W2037227137
W2884367402,W2163605009
W2884367402,W2570343428
W2884367402,W1849277567
W2624989916,W2114296561
W2624989916,W2150166076
W2624989916,W631335369
W2624989916,W2134295053
W2624989916,W2054692642
W2624989916,W2068849277
W2624989916,W2141682101
W2624989916,W2195423816
W2624989916,W2114623221
W2999309192,W2919115771
W2999309192,W1966976587
W2999309192,W1966716734
W2999309192,W4294214983
W2578528809,W2049553585
W2578528809,W2291298003
W2578528809,W2104885590
W2578528809,W2143772132
W2578528809,W2044835625
W2578528809,W1994993231
W2578528809,W2124427232
W2578528809,W2097995306
W2578528809,W2039123767
W2578528809,W2042699075
W2578528809,W2066671159
W2578528809,W2101653483
W2578528809,W2028433016
W2578528809,W2011458181
W2578528809,W2010121426
W2578528809,W2185075416
W2578528809,W2301131921
W2325939864,W2145287260
W2325939864,W2117539524
W2325939864,W2163605009
W2325939864,W1861492603
W2277195237,W1933349210
W2277195237,W2031454541
W2277195237,W1947481528
W2277195237,W1536680647
W2277195237,W2102605133
W2277195237,W1905882502
W2277195237,W2163605009
W2277195237,W1861492603
W2277195237,W2123442489
W2277195237,W1606858007
W2277195237,W2117539524
W2277195237,W125693051
W2277195237,W2097117768
W2277195237,W1956340063
W2277195237,W1895577753
W2277195237,W2953106684
W2946657092,W1533942137
W2946657092,W2018838463
W2946657092,W2158485828
W2946657092,W2607129810
W2946657092,W2796207838
W2946657092,W2749613778
W2331458798,W2015693422
W2331458798,W2089525884
W2331458798,W2064454797
W2331458798,W2021403769
W2125102738,W1581228648
W2125102738,W2110999179
W2125102738,W2020084508
W2962851944,W2141125852
W2962851944,W2163605009
W2962851944,W1849277567
W2962851944,W1606858007
W2038194220,W2068849277
W2038194220,W2170577408
W2038194220,W2105103777
W2038194220,W2111619626
W2005404508,W2164526292
W2005404508,W2133892291
W2005404508,W2014173070
W2005404508,W2069157258
W2975424845,W2119605658
W2975424845,W2156665896
W2975424845,W2139168999
W2745461083,W2117539524
W2745461083,W1933349210
W2745461083,W2194775991
W2745461083,W2302255633
W2745461083,W1905882502
W2745461083,W2157331557
W2745461083,W1947481528
W2745461083,W1956340063
W2745461083,W2088049833
W2745461083,W639708223
W2745461083,W2277195237
W2745461083,W1861492603
W2898402099,W2898402099
W2898402099,W2138122982
W2898402099,W2224056471
W2898402099,W2302501749
W2898402099,W4210702584
W10833075,W1522588346
W1905882502,W2250539671
W1905882502,W179875071
W1905882502,W2102605133
W1905882502,W1956340063
W1905882502,W1947481528
W1905882502,W2163605009
W1905882502,W2117539524
W1905882502,W2097117768
W1905882502,W1861492603
W1905882502,W1895577753
W2887114371,W2194775991
W2887114371,W2167279371
W2887114371,W2080873731
W2887114371,W2557283755
W2887114371,W2163605009
W2887114371,W2559655401
W2981869278,W2893425640
W2045287414,W2114296561
W2627092521,W2166562121
W2627092521,W2149074973
W2627092521,W2409656339
W2627092521,W2116846792
W2020007931,W1994028888
W2544360569,W2036321220
W2544360569,W2170776626
W2544360569,W2463195069
W2544360569,W2141091417
W2544360569,W2128551987
W1977601452,W2133360663
W2950595506,W1989277387
W3008696669,W3002539152
W3008696669,W3001195213
W3008696669,W3003668884
W2167101736,W2153635508
W2203714058,W2963977107
W1999284878,W2402846924
W2951254987,W2127303481
W2951254987,W2124351063
W2951254987,W2045204781
W2951254987,W2206071891
W2951254987,W2588775853
W2951254987,W2950354111
W2951254987,W2950150251
W2951254987,W2736920791
W2951254987,W2121055398
W2034932701,W2092044679
W2034932701,W2017871657
W2034932701,W2132568564
W2034932701,W2000564135
W2163225965,W2167183660
W2747877289,W1984883254
W2747877289,W2165835468
W2593768305,W2031342017
W2593768305,W125693051
W2593768305,W1731081199
W2593768305,W1722318740
W2593768305,W2155893237
W2593768305,W2964288524
W2593768305,W2194775991
W2593768305,W2099471712
W4236357753,W2002463857
W4236357753,W4296816736
W4236357753,W2049069390
W4236357753,W3043135743
W4236357753,W2302501749
W2080232352,W2169895148
W2110808180,W2147874841
W2110808180,W2159211495
W2110808180,W2108921801
W2986925300,W2138122982
W2986925300,W2143485490
W2986925300,W2951254987
W2986925300,W2889019390
W1709815505,W2140952049
W3152893301,W2903871660
W3152893301,W2919115771
W3152893301,W2117539524
W3152893301,W2157331557
W3152893301,W2604314403
W3152893301,W2962756421
W3152893301,W2963446712
W3152893301,W2127795553
W3152893301,W2560609797
W3152893301,W2963341956
W3152893301,W2163605009
W3152893301,W2194775991
W3152893301,W2979750740
W3152893301,W2101491865
W3152893301,W2302255633
W3152893301,W2963091558
W3152893301,W2963076818
W3152893301,W2558748708
W2136145485,W3141151088
W2885195348,W2144499799
W2885195348,W2559655401
W2885195348,W1689711448
W2885195348,W2885195348
W2885195348,W1810943226
W2885195348,W2293634267
W3123722757,W1988050849
W3123722757,W2036736987
W3123722757,W2130892515
W3123722757,W3147343449
W3123722757,W1545460766
W2944851425,W2144499799
W2944851425,W1689711448
W2944851425,W1861492603
W2944851425,W2559655401
W2944851425,W1810943226
W1504052325,W2089758604
W2474747771,W2018838463
W3122812581,W2029941278
W2328134238,W1998062017
W2328134238,W2151207643
W2328134238,W2089525884
W2328134238,W2159915276
W2328134238,W1972767018
W2328134238,W2125658152
W2328134238,W1987262360
W2328134238,W4254736414
W2328134238,W2040959430
W2328134238,W2035206741
W2738900493,W2061438946
W2738900493,W2290883490
W2738900493,W1999284878
W2738900493,W883434633
W2738900493,W2001979953
W2738900493,W2232317135
W2738900493,W414544266
W2738900493,W2963103847
W2738900493,W2031183907
W1983183519,W1990134753
W2603442821,W2089525884
W2603442821,W2104814752
W2603442821,W2060543343
W2603442821,W2021403769
W2603442821,W2040959430
W2603442821,W2049965679
W2603442821,W2331458798
W2603442821,W2328134238
W2040340473,W1994926493
W2148540129,W2159401492
W2144512297,W1511920456
W2470673105,W2123442489
W2470673105,W1832693441
W2470673105,W2251939518
W2103783427,W2153118028
W2103783427,W1976844911
W2126129668,W2772487859
W2604314403,W2127795553
W2139921601,W613060151
W1992716708,W2031441006
W2163278718,W2002463857
W2163278718,W2036193982
W2163278718,W2163278718
W2513727910,W2026062398
W2513727910,W2056279562
W2513727910,W1605984840
W2513727910,W2141052558
W2067670322,W4300198507
W2165869860,W2064815984
W2165869860,W2120503144
W2165869860,W2019670881
W2165869860,W2036176224
W2165869860,W2096261947
W2165869860,W2000046950
W2165869860,W2045435533
W2165869860,W2086561953
W2165869860,W2199695484
W2165869860,W2031611770
W2165869860,W2070614858
W2128711701,W2080283023
W2128711701,W2157539385
W2128711701,W2170551349
W2128711701,W2157107905
W2119205648,W4242729757
W2603777577,W2475287302
W2603777577,W1861492603
W2603777577,W2331128040
W2603777577,W2099471712
W2603777577,W2963684088
W2962730651,W2570343428
W2962730651,W2080873731
W2962730651,W1936750108
W2962730651,W2963446712
W2962730651,W2307770531
W2962730651,W2559085405
W2962730651,W2963150697
W2962730651,W2194775991
W2962730651,W1861492603
W2962730651,W639708223
W2962730651,W1533861849
W2079985616,W2116064024
W2009867031,W2043509228
W2252568502,W2045435533
W2252568502,W2003171404
W2252568502,W2064815984
W2252568502,W1973260880
W2252568502,W2077659966
W2252568502,W2167380395
W2252568502,W2036176224
W2252568502,W2031211461
W2252568502,W2100122648
W2252568502,W2114031931
W2252568502,W2043398720
W2252568502,W2010457001
W2252568502,W2152505144
W2252568502,W2170551349
W2131478115,W2102619694
W2161041152,W2136072582
W2161041152,W2132262394
W2322562148,W2021172010
W2322562148,W2046034814
W2322562148,W2020451212
W2900629010,W4250359879
W2900629010,W2537623931
W2900629010,W2127322768
W2900629010,W2614081736
W2900629010,W2111647009
W2900629010,W1983102293
W2900629010,W2559588208
W2900629010,W2949841808
W2938574745,W2101291993
W2938574745,W3136918052
W2938574745,W2160378127
W4210702584,W2739999456
W4210702584,W2051978340
W2274287116,W54257720
W2274287116,W2102605133
W2274287116,W2016053056
W2274287116,W2163605009
W2274287116,W1903029394
W2274287116,W104184427
W2274287116,W2097117768
W2274287116,W2168231600
W2274287116,W2194775991
W1983102293,W2130362098
W1983102293,W2111211467
W1983102293,W2148698435
W1528251861,W2284219800
W2934047558,W2169328609
W2934047558,W1965464747
W2934047558,W1998343415
W2934047558,W2075511306
W2934047558,W2054093403
W2934047558,W2100716359
W2934047558,W2006619554
W2934047558,W2527042386
W1998933811,W2023718959
W1998933811,W10512124
W2997022986,W1989277387
W2997022986,W2559588208
W2997022986,W2345356016
W2997022986,W2214074259
W2997022986,W2096173332
W2020451212,W2050993261
W1920022804,W125693051
W1920022804,W2163605009
W4211152862,W2119913861
W4211152862,W2027563442
W2765322245,W2180229411
W2765322245,W2124026197
W2765322245,W2734356283
W2765322245,W2114622716
W2101547779,W2110808180
W2101547779,W2147874841
W2482083820,W1970996323
W2482083820,W2151207643
W2482083820,W2125658152
W2482083820,W1976156302
W2482083820,W2153511586
W2101870168,W2117247812
W2101870168,W2121091193
W2143325926,W2134852597
W2143325926,W2037993016
W2997280954,W2179438025
W2997280954,W2069089843
W2997280954,W2794480084
W2997280954,W2949177718
W2997280954,W2800392236
W2997280954,W2190545194
W2997280954,W2130116522
W2997280954,W2152239989
W2997280954,W2620721366
W2997280954,W2137526110
W2997280954,W2739492614
W2997280954,W2889326414
W2761275051,W2076154138
W2761275051,W1533942137
W2761275051,W2104549677
W2761275051,W2256016639
W2761275051,W2073836327
W2761275051,W2328393125
W2761275051,W2116868464
W2761275051,W1848939527
W2761275051,W2214074259
W2761275051,W2096791516
W2761275051,W2102619694
W2761275051,W1969353942
W2142428670,W4242729757
W2142428670,W1998767819
W1981729886,W2014451195
W2963076818,W2559085405
W2963076818,W2163605009
W2963076818,W1522734439
W2963076818,W2507009361
W2963076818,W2964321699
W2963076818,W2601564443
W2963076818,W2964134613
W1956340063,W1956340063
W1956340063,W1947481528
W1956340063,W1905882502
W1956340063,W2037227137
W1956340063,W1861492603
W1956340063,W1895577753
W2117834225,W1976844911
W2533800772,W2076063813
W2533800772,W2919115771
W2533800772,W2160815625
W2533800772,W2145287260
W2533800772,W1905882502
W2533800772,W2257979135
W2533800772,W2117539524
W2533800772,W2253429366
W2533800772,W1901129140
W2533800772,W1903029394
W2533800772,W2097117768
W2533800772,W2156387975
W2533800772,W2145094598
W2533800772,W2095705004
W2533800772,W1533861849
W2533800772,W2395611524
W2533800772,W2163605009
W2533800772,W1665214252
W2533800772,W104184427
W2516809705,W2251939518
W2516809705,W2282821441
W2195783463,W2103783427
W2195783463,W2163924952
W2195783463,W2155496693
W2195783463,W2033151532
W2195783463,W2153860431
W2195783463,W2139852368
W2195783463,W2107916366
W2195783463,W1844405070
W2044172327,W2160544821
W2044172327,W2161605421
W2044172327,W2169678694
W2044172327,W2045683699
W2044172327,W2142868265
W2901303766,W2901303766
W2901303766,W1533942137
W2901303766,W2104549677
W2901303766,W2163013660
W2901303766,W2302501749
W2219591537,W2163278718
W1979371521,W2134716155
W2012587360,W2014694192
W2012587360,W2028783209
W2012587360,W2052319966
W2012587360,W2017871657
W2012587360,W1981053966
W2012587360,W2092044679
W2012587360,W1504531927
W2012587360,W1984535384
W2012587360,W2034932701
W2012587360,W2092711669
W2012587360,W2143889004
W2012587360,W2020332193
W2012587360,W2102074887
W2012587360,W2070931774
W2013674306,W2120583949
W2013674306,W3039083618
W2083927153,W2083927153
W2912990441,W2094201044
W2912990441,W2170747616
W2912990441,W2919115771
W2912990441,W2095705004
W883434633,W2061438946
W883434633,W2096166399
W883434633,W2963103847
W2296283641,W2147880316
W2337225114,W2193503481
W2337225114,W1968176769
W2337225114,W2171984413
W2337225114,W2054653365
W2337225114,W1964308073
W2337225114,W1992193293
W2337225114,W2410390527
W2337225114,W2024966118
W2337225114,W1991308688
W2337225114,W2981420978
W3014125413,W1867005924
W3014125413,W1989120577
W2991188715,W2319902168
W2066131315,W1994433187
W2066131315,W2166394891
W2062118960,W2145287260
W2062118960,W2163605009
W2062118960,W2102605133
W2062118960,W1849277567
W4211196614,W4242729757
W4211196614,W2160378127
W4211196614,W2037312364
W2010049072,W2085028749
W2010049072,W2126340581
W3028304854,W2149441684
W3028304854,W2117131162
W3028304854,W3006500278
W3028304854,W2761275051
W3028304854,W2796153844
W3042011474,W2963163009
W3042011474,W2549139847
W3042011474,W2963446712
W3042011474,W2963857746
W3042011474,W2194775991
W3042011474,W2963125010
W3042011474,W2883780447
W3042011474,W2964137095
W3042011474,W1861492603
W3042011474,W2928165649
W1787224781,W2962851944
W1787224781,W2163605009
W1787224781,W2027922120
W1787224781,W1606858007
W1787224781,W1849277567
W2992308087,W2117539524
W2992308087,W2183341477
W2992308087,W2097117768
W2992308087,W1857884451
W2992308087,W2412782625
W2992308087,W1903029394
W2992308087,W2295107390
W2992308087,W2194775991
W2992308087,W2963446712
W2992308087,W1895577753
W2992308087,W2549139847
W2992308087,W2998508940
W2992308087,W2899771611
W2992308087,W2163605009
W2992308087,W1861492603
W2992308087,W639708223
W2992308087,W2752782242
W2992308087,W2274287116
W2992308087,W2095705004
W3034310241,W2067718414
W3034310241,W2739439285
W3034310241,W2028046413
W2089572795,W2067456724
W2089572795,W2101420429
W2089572795,W4295750005
W2089572795,W1990134753
W2089572795,W1875112053
W2963800363,W125693051
W2963800363,W2963470893
W2963800363,W2593414223
W2963800363,W1903029394
W2963800363,W2737258237
W2963800363,W2962793481
W2963800363,W2560023338
W2963800363,W2475287302
W2963800363,W2194775991
W2963800363,W2340897893
W2963800363,W2331128040
W2963800363,W1901129140
W2963800363,W2963684088
W2809254203,W2919115771
W2809254203,W2117539524
W2809254203,W2557738935
W2809254203,W2581082771
W2809254203,W2103004421
W2809254203,W2128739912
W2809254203,W2083927153
W2809254203,W2194775991
W2809254203,W2097117768
W2809254203,W2963446712
W2809254203,W1901129140
W2809254203,W2574952845
W2809254203,W639708223
W2809254203,W2250539671
W2809254203,W2295107390
W2809254203,W2962858109
W2809254203,W2156387975
W2809254203,W1849277567
W2809254203,W1665214252
W2057327092,W1994324487
W2057327092,W1893938325
W2588003345,W1969543759
W2588003345,W2160615957
W2588003345,W2890624634
W2913323966,W1789155650
W2913323966,W2588003345
W2913323966,W2126479957
W2913323966,W1979723077
W2913323966,W2919115771
W2913323966,W1019830208
W2913323966,W1981213426
W2913323966,W2560167313
W2913323966,W2052648234
W2913323966,W2076063813
W2913323966,W2099471712
W2913323966,W2557283755
W2801702920,W2480133395
W2801702920,W1535520578
W2963727135,W2172156083
W2963727135,W2194775991
W2963727135,W2211722331
W2963727135,W2570343428
W2963727135,W2163605009
W2963727135,W2102605133
W2963727135,W2963351448
W2963727135,W1536680647
W2963727135,W2560609797
W2963727135,W2963121255
W2963727135,W2150066425
W2606722458,W2302255633
W2606722458,W2117539524
W2606722458,W2257979135
W2606722458,W2097117768
W2392113277,W2335755599
W1780778418,W2097116556
W1780778418,W1503159956
W2170830174,W2131478115
W2170830174,W2035618305
W2603203130,W2252355370
W2603203130,W2964137095
W2603203130,W639708223
W2092663520,W2092663520
W2068767807,W2019552331
W2068767807,W2100305481
W2470394683,W2124211486
W2470394683,W2154889144
W2470394683,W1857884451
W2470394683,W2117539524
W2470394683,W2089961441
W2470394683,W2062118960
W2470394683,W2325939864
W2470394683,W1963882359
W2470394683,W1677182931
W2470394683,W2145287260
W2470394683,W2163605009
W2896002881,W1663154925
W2896002881,W2043398720
W2896002881,W2060427373
W2896002881,W2106779017
W2284386481,W1568955415
W2981137429,W2174602966
W2981137429,W2045435533
W2981137429,W2064815984
W2981137429,W2003171404
W2981137429,W2336828812
W2981137429,W2766599608
W2981137429,W2224398381
W2981137429,W2146512944
W2981137429,W2320983896
W2981137429,W1999574084
W2162896254,W2085067988
W2162896254,W2112615110
W2162896254,W1913957972
W2950954328,W2127175247
W2950954328,W2124351063
W2950954328,W2045204781
W2950954328,W2224056471
W2950954328,W2138122982
W3109585842,W2471962767
W3109585842,W2962785568
W2969424089,W1971443733
W2969424089,W2082432933
W2969424089,W2103972037
W2969424089,W2950077417
W2086865963,W2162088497
W2086865963,W2080283023
W2086865963,W2072970694
W2086865963,W2166171121
W2086865963,W2124351063
W2901954177,W2026062398
W2901954177,W2091705028
W2901954177,W2807308836
W1999052699,W1499047121
W2179438025,W2130116522
W2179438025,W2152239989
W2179438025,W2097360283
W2179438025,W2166820820
W2179438025,W2137526110
W2179438025,W2004014148
W2179438025,W4294541781
W2179438025,W2131478115
W2179438025,W2134526812
W2179438025,W2138207763
W2179438025,W2140729960
W2179438025,W1554944419
W2117692326,W2061123122
W2117692326,W2077436902
W2117692326,W2118278569
W2117692326,W2005334224
W2117692326,W2028415754
W2117692326,W2058648826
W2117692326,W2028593825
W2117692326,W2169895148
W2131271579,W2170551349
W2131271579,W2036897871
W2169456326,W2041257508
W2169456326,W2166810745
W2169456326,W2096465161
W2152207030,W2132632499
W2152207030,W2140803428
W2311203695,W2034285706
W2311203695,W2152207030
W2311203695,W2103296919
W2160378127,W4320301318
W2160378127,W2127322768
W2132632499,W2111211467
W2146512944,W2137526110
W2146512944,W2138207763
W2146512944,W2134526812
W2146512944,W1999574084
W2146512944,W2110905563
W2146512944,W2107018762
W2146512944,W2107060225
W2146512944,W2010457001
W2799524357,W2311203695
W2401404581,W2128769815
W2401404581,W2072970694
W2401404581,W2088833470
W2401404581,W2117457769
W2401404581,W2013371150
W2401404581,W2166171121
W2401404581,W2136879569
W2034285706,W2034285706
W2034285706,W2072970694
W2034285706,W2114392707
W2034285706,W2124351063
W2051978340,W2059145105
W2051978340,W2160995259
W2051978340,W2076357933
W2051978340,W2089335658
W2138207763,W2152239989
W2138207763,W1999574084
W2138207763,W2110905563
W2138207763,W2130116522
W2138207763,W2102619694
W2138207763,W2141458291
W2138207763,W2137526110
W2120902911,W2032518018
W2102278945,W2100305481
W2102278945,W2160333540
W2102278945,W2140729960
W2102278945,W2169456326
W2102278945,W2170551349
W3004280078,W2166867592
W3004280078,W2903899730
W1999574084,W2141458291
W1999574084,W2152239989
W1999574084,W2126419817
W2126419817,W2141458291
W3009912996,W3002539152
W3009912996,W3001195213
W3009912996,W2470646526
W3009912996,W2799524357
W3009912996,W3004280078
W2056279562,W2072970694
W2056279562,W2117801354
W2056279562,W2133360663
W2056279562,W2080283023
W2056279562,W2128769815
W2056279562,W2032230795
W2104549677,W2171777347
W2104549677,W2096791516
W2104549677,W1912672559
W2104549677,W2091705028
W2104549677,W2259938310
W2259938310,W2096465161
W2259938310,W2166810745
W2259938310,W2141831115
W2259938310,W1964963969
W2259938310,W2117792884
W2259938310,W2171777347
W2259938310,W1979594866
W2259938310,W2141820415
W2900569176,W4210702584
W2900569176,W2105924489
W2900569176,W2096173332
W2900569176,W2537623931
W2900569176,W2559588208
W2900569176,W2118258530
W2900569176,W1989277387
W2900569176,W2128601422
W2900569176,W2162151166
W2096093282,W2138122982
W2096093282,W2143485490
W2096093282,W2094201044
W2096093282,W4320301318
W2149441684,W2149441684
W2149441684,W2123696077
W2149441684,W2107633226
W2149441684,W2021341670
W2149441684,W4320301318
W2088833470,W2128769815
W2088833470,W1973831267
W2088833470,W2086865963
W2088833470,W2136879569
W2088833470,W2072970694
W2088833470,W2101120467
W2088833470,W2124351063
W2045435533,W2120503144
W2614081736,W1969042907
W2614081736,W2133870991
W2614081736,W2111647009
W2614081736,W2111211467
W2614081736,W2026062398
W2149992227,W2171777347
W2149992227,W2119180969
W2152239989,W2107018762
W2152239989,W1973628995
W2021341670,W2171777347
W2021341670,W2161289668
W2133856765,W2087292184
W2133856765,W2136482257
W2133856765,W2101120467
W2133856765,W2157795344
W2114843025,W2149441684
W2114843025,W2107633226
W2114843025,W2123696077
W2114843025,W2096283457
W2114843025,W2262414037
W2114843025,W2275877493
W2114843025,W2043398720
W2114843025,W2157852151
W2114843025,W2021341670
W2064815984,W2045435533
W2064815984,W2019670881
W2064815984,W2120503144
W2064815984,W2003171404
W2136879569,W2124351063
W2136879569,W2101120467
W2159707944,W2161289668
W2159707944,W2123696077
W2159707944,W2107060225
W2159707944,W2129905273
W2159707944,W3147310958
W2012034410,W2012034410
W2012034410,W2259938310
W2012034410,W2167898988
W2012034410,W2094201044
W2012034410,W2262414037
W2012034410,W2051025382
W2012034410,W2141458291
W2012034410,W2519244818
W2789843538,W2168133698
W2789843538,W2169456326
W2789843538,W2170551349
W2789843538,W4247053599
W2789843538,W2784788330
W2789843538,W2021341670
W2126525177,W2069519394
W2126525177,W2080094749
W2126525177,W2117692326
W2126525177,W2058484936
W2126525177,W2127063807
W2126525177,W1523693806
W2104005232,W2160333540
W2104005232,W2126419817
W2104005232,W1999574084
W2104005232,W2141458291
W2104005232,W2140729960
W2104005232,W2259938310
W2794480084,W2135937351
W2794480084,W2102212449
W2794480084,W2951506174
W2794480084,W1984883254
W2794480084,W2069089843
W2794480084,W2190545194
W2794480084,W2236822143
W2794480084,W2146512944
W2794480084,W2471536144
W2794480084,W2332292689
W2794480084,W2345356016
W2794480084,W2068767807
W2794480084,W1875842236
W2964849163,W2171777347
W2964849163,W2096791516
W2964849163,W2018838463
W2964849163,W2116041602
W2964849163,W2102278945
W2964849163,W2129933858
W2964849163,W2170551349
W2964849163,W2124362779
W2964849163,W2149992227
W3005235420,W2917207851
W3005235420,W2963276645
W3005235420,W1900937478
W3005235420,W2111211467
W3005235420,W2952045272
W3005235420,W2951464304
W3005235420,W2614081736
W3005235420,W2949867654
W3005235420,W2133870991
W3005235420,W1983102293
W3005235420,W2111647009
W3005235420,W2031611770
W3005235420,W2141052558
W2045204781,W2124351063
W2140729960,W2169456326
W2140729960,W2170551349
W2044702943,W2096283457
W2044702943,W2123696077
W2044702943,W2005895632
W2044702943,W2017426710
W2044702943,W2044702943
W2155628349,W2138122982
W2155628349,W2107772251
W1985987855,W2117692326
W1985987855,W2130430382
W2214074259,W2043398720
W2214074259,W2010457001
W2214074259,W2148977460
W2214074259,W2161289668
W3003217347,W2113679889
W3003217347,W3004280078
W3003217347,W2131271579
W3003217347,W2126419817
W3003217347,W2170551349
W3003217347,W2160378127
W3003217347,W2111211467
W3003217347,W2132632499
W3003217347,W2804822363
W2099085143,W2119180969
W2099085143,W2149992227
W2099085143,W2033151532
W2099085143,W2099085143
W2099085143,W2096791516
W2100305481,W2160333540
W2100305481,W2141458291
W2100305481,W2136482257
W2100305481,W2152239989
W2100305481,W2126419817
W2100305481,W2021341670
W2804822363,W2149525061
W2804822363,W4210702584
W2804822363,W2949223833
W3004318991,W2306794997
W3004318991,W2166867592
W3004318991,W3002539152
W3004318991,W2559191318
W3004318991,W2141052558
W3004318991,W2513547424
W3004318991,W2804822363
W2592811885,W2158485828
W2592811885,W2323326409
W2592811885,W2170551349
W2168133698,W2171777347
W2168133698,W2153056550
W2168133698,W2119180969
W2168133698,W2124362779
W2168133698,W2009570821
W2096283457,W2017426710
W2096283457,W2005895632
W2096283457,W2123696077
W2106578986,W1984068087
W2106578986,W2119180969
W2106578986,W2149992227
W2128769815,W2125826054
W2128769815,W2013371150
W2128769815,W2072970694
W2128769815,W4247053599
W1977709885,W2064815984
W1977709885,W2003171404
W1977709885,W2045435533
W1977709885,W2019670881
W1977709885,W1976391205
W1977709885,W2170039745
W1977709885,W2167380395
W1977709885,W2160051211
W1977709885,W2036176224
W1977709885,W2077659966
W1977709885,W2000046950
W1977709885,W2101749257
W1977709885,W2120503144
W2112364185,W2147526198
W2112364185,W2107772251
W2112364185,W2154026962
W2157795344,W2157795344
W2096173332,W2096173332
W2096173332,W2131848047
W2096173332,W2105924489
W2096173332,W2057545775
W2096173332,W2118258530
W2096173332,W1989277387
W2345356016,W2010457001
W2345356016,W2070050178
W2345356016,W1533942137
W2345356016,W2118258530
W2345356016,W1979594866
W2170747616,W2124351063
W2170747616,W2125826054
W2118258530,W2259938310
W2118258530,W2519244818
W2607129810,W2158485828
W2607129810,W1533942137
W2607129810,W2018838463
W2607129810,W2012034410
W2130430382,W2117692326
W2130430382,W2049491375
W2130430382,W2161289668
W2130430382,W2123696077
W2130430382,W2096283457
W2130430382,W2262414037
W2130430382,W2275877493
W2130430382,W2041440766
W2130430382,W2006617902
W2130430382,W2118278569
W2130430382,W2150575159
W2130430382,W1999574084
W2130430382,W2043398720
W2130430382,W2157795344
W2256016639,W2104549677
W2256016639,W2091705028
W2256016639,W2051978340
W2256016639,W2168133698
W2256016639,W1533942137
W2323326409,W2140729960
W2323326409,W2141458291
W2323326409,W2134526812
W2323326409,W1999574084
W2107772251,W2120902911
W2107772251,W2141920662
W2513506562,W2072970694
W2513506562,W2124351063
W2513506562,W2088833470
W2513506562,W2136879569
W2513506562,W2128769815
W2513506562,W2034285706
W2513506562,W1999167944
W2513506562,W2128711701
W2152061559,W2262414037
W2152061559,W2041440766
W2152061559,W2009720434
W2152061559,W2051025382
W2152061559,W2134471382
W2152061559,W2096791516
W2113699335,W2103783427
W2113699335,W2119605658
W2113699335,W1905058580
W2113699335,W2127768736
W2166562121,W1968105193
W2166562121,W2032230795
W2166562121,W2087292184
W2166562121,W2110300022
W2166562121,W2072970694
W2166562121,W2080283023
W2166562121,W2166171121
W2166562121,W2342249984
W2166562121,W2113977541
W2166562121,W2133856765
W2166562121,W2170551349
W2166562121,W2110375946
W2018838463,W2259938310
W1982855075,W2119180969
W1982855075,W2170551349
W1982855075,W2117131162
W1605984840,W2117801354
W2080283023,W2072970694
W3029661147,W2256016639
W3029661147,W2761275051
W3029661147,W1919257374
W3029661147,W2932671560
W3029661147,W2889326414
W3029661147,W1844405070
W2003171404,W2045435533
W2003171404,W2019670881
W2003171404,W2120503144
W2003171404,W2102619694
W2003171404,W2086561953
W2003171404,W1964963969
W2003171404,W2064815984
W1973062929,W2070021921
W1973062929,W2259938310
W1973062929,W4247053599
W1973062929,W2119180969
W1973062929,W2161212572
W1973062929,W2096791516
W3005104290,W2900756811
W3005104290,W2786514708
W3005104290,W2259481044
W3005104290,W2296538017
W3005104290,W2066234893
W3005104290,W2117692326
W3005104290,W2169491358
W3005104290,W1950118853
W2320983896,W2174602966
W2320983896,W2320983896
W2320983896,W2000209446
W3009335299,W2376573086
W3009335299,W2587970647
W3009335299,W2124026197
W3009335299,W2734356283
W3009335299,W3008394341
W3009335299,W2973457155
W3009335299,W2587625522
W3009335299,W3004348779
W3009335299,W3007643904
W3009335299,W2166867592
W3009335299,W2899714098
W3009335299,W3004280078
W2110300022,W2147637673
W2110300022,W2143777796
W2110300022,W2128769815
W2110300022,W1998767819
W2110300022,W2072970694
W2110300022,W2101120467
W2110300022,W2154026962
W2110300022,W2124351063
W2324862792,W2113699335
W2324862792,W2127768736
W2324862792,W1905058580
W2324862792,W2103783427
W2324862792,W2153118028
W2559588208,W2110256992
W2559588208,W2173732482
W2559588208,W2739999456
W2559588208,W2178043251
W2158485828,W2123696077
W2158485828,W2096283457
W2158485828,W2275877493
W2158485828,W2262414037
W2158485828,W2335012284
W2158485828,W2152061559
W2158485828,W2044433401
W2158485828,W2117692326
W2158485828,W2041440766
W2158485828,W2009720434
W2158485828,W2043398720
W2158485828,W2125789330
W2895486342,W2082704080
W2895486342,W2040547343
W2895486342,W2256016639
W2895486342,W2104549677
W2895486342,W2511515754
W2895486342,W2116868464
W2895486342,W2102213696
W2033151532,W2155496693
W2166171121,W2080283023
W2011657487,W2100305481
W2011657487,W2126419817
W2011657487,W2096128575
W2011657487,W1999574084
W2011657487,W2152239989
W2011657487,W2141458291
W2011657487,W2107018762
W2011657487,W2021341670
W2011657487,W2170551349
W2011657487,W2036897871
W2803072880,W2195783463
W2803072880,W2113699335
W2803072880,W2324862792
W2803072880,W2613603864
W2803072880,W1905058580
W2803072880,W2104549677
W2262414037,W2123696077
W2149074973,W2160517070
W2149074973,W2125826054
W2149074973,W2071841602
W2149074973,W2004549986
W2149074973,W2164386968
W2149074973,W2147790901
W2113679889,W2120902911
W2113679889,W2107772251
W2113679889,W2170551349
W2113679889,W2129933858
W2113679889,W2141920662
W2113679889,W2125826054
W2064165694,W2145931730
W2064165694,W2034305079
W2115701239,W2166171121
W2115701239,W2022269454
W2115701239,W2114392707
W2115701239,W2124351063
W2058835062,W2034305079
W2058835062,W2145931730
W2058835062,W2160333540
W2058835062,W2053003053
W2058835062,W2147806662
W2058835062,W2170551349
W2058835062,W2141458291
W2058835062,W2136482257
W2058835062,W2130305733
W2043398720,W2153056550
W2043398720,W2125789330
W2096791516,W2171777347
W2096791516,W1998767819
W2096791516,W2123696077
W2751583588,W2160378127
W2751583588,W2127322768
W2751583588,W2135621733
W2171777347,W2107916366
W2417483443,W2163924952
W2417483443,W2060427373
W2417483443,W2096465161
W2417483443,W2417483443
W2417483443,W2096791516
W2417483443,W2059145105
W2417483443,W1970413157
W2417483443,W2259938310
W2417483443,W2160995259
W2417483443,W2116868464
W2417483443,W2154866190
W2417483443,W2106578986
W2417483443,W1533942137
W2417483443,W1984068087
W2800392236,W2069089843
W2800392236,W1984883254
W2800392236,W2190545194
W2800392236,W2951506174
W2800392236,W2102212449
W2800392236,W2747877289
W2800392236,W1973094248
W2800392236,W2146292423
W2800392236,W2342249984
W2800392236,W2181523240
W2800392236,W2919115771
W3136918052,W4210702584
W3136918052,W4250359879
W3107527779,W2896002881
W3107527779,W1985213868
W3107527779,W2096173332
W3107527779,W2105924489
W3107527779,W2110256992
W3107527779,W2950595506
W3107527779,W3136918052
W3107527779,W2898402099
W3107527779,W2911489562
W3107527779,W1989277387
W2101357408,W2171777347
W2101357408,W2143625465
W2101357408,W2139852368
W2101357408,W2078059415
W2101357408,W2153860431
W1964847767,W2016360721
W1964847767,W2117692326
W2123696077,W2158734599
W2123696077,W2153056550
W2123696077,W2161289668
W2123696077,W1979538859
W2952167528,W1983403167
W2952167528,W2950354111
W2952167528,W2120902911
W2952167528,W2170551349
W2952167528,W1982855075
W2952167528,W2107772251
W2952167528,W2157539385
W2952167528,W2575750030
W2049553585,W2097995306
W2049553585,W2009720434
W2049553585,W2152061559
W2049553585,W2044433401
W2049553585,W2275877493
W2049553585,W2180481128
W2049553585,W2104885590
W2049553585,W2028433016
W2049553585,W2124427232
W2049553585,W2039123767
W2049553585,W2004630197
W2049553585,W2168133698
W2049553585,W2155943701
W2049553585,W2021341670
W2049553585,W2059145105
W2044433401,W2262414037
W2044433401,W2169895148
W2044433401,W2051025382
W2044433401,W2158233796
W2044433401,W2032518018
W2044433401,W2150575159
W2044433401,W2096283457
W2044433401,W2104830962
W2044433401,W1988476050
W2044433401,W2028415754
W2044433401,W2097995306
W2033278321,W2168631000
W2033278321,W2117692326
W2033278321,W2118278569
W2033278321,W2061123122
W2033278321,W2058648826
W2033278321,W2060672294
W2033278321,W2049491375
W2033278321,W2169491358
W2033278321,W2004630197
W2033278321,W1992112921
W2033278321,W2097995306
W2020134788,W2012986985
W2020134788,W2111211467
W1976844911,W2147311167
W1976844911,W1976844911
W2805983714,W2104549677
W2805983714,W2113699335
W2805983714,W2324862792
W2805983714,W2195783463
W2805983714,W2127768736
W2805983714,W2103783427
W2805983714,W2073836327
W2805983714,W1533942137
W2805983714,W2264585211
W2805983714,W2613603864
W2805983714,W2770598799
W2805983714,W2238851414
W2805983714,W2119605658
W2805983714,W2803072880
W2805983714,W2163924952
W2805983714,W2725988230
W2805983714,W2116868464
W2805983714,W2153118028
W2805983714,W2328393125
W2950354111,W1983403167
W2950354111,W2950150251
W2950354111,W2575750030
W2950354111,W1982855075
W2162088497,W2125826054
W2162088497,W2139884694
W2162088497,W2023506796
W2162088497,W2072970694
W2162088497,W2087292184
W2162088497,W2032230795
W2162088497,W1968105193
W2107060225,W2107018762
W2046387002,W2153056550
W2046387002,W2163106706
W2161289668,W2157795344
W2102212449,W2135937351
W2102212449,W2019552331
W2102212449,W2069089843
W2134629862,W2140952049
W2134629862,W2133968430
W2134629862,W2053003053
W2134629862,W2096465161
W2134629862,W2077327925
W2134629862,W2102619694
W2579533542,W2151350595
W2579533542,W2154071138
W2579533542,W2034285706
W2579533542,W2121055398
W2579533542,W2206071891
W2579533542,W2141052558
W2579533542,W2124351063
W2579533542,W2110300022
W2579533542,W2175094144
W2537623931,W2739999456
W2537623931,W2057545775
W2537623931,W2105924489
W2537623931,W2096173332
W2537623931,W2162151166
W2110256992,W2131848047
W2110256992,W2739999456
W2117457769,W2128769815
W2117457769,W2166171121
W2117457769,W2080283023
W2117457769,W2086865963
W2117457769,W2101120467
W2117457769,W2136879569
W2510875395,W2140729960
W2510875395,W2141458291
W2510875395,W2100305481
W2510875395,W2102278945
W2510875395,W2104005232
W2510875395,W2169456326
W2510875395,W2126419817
W2510875395,W1999574084
W2510875395,W2179438025
W2510875395,W2166820820
W2510875395,W2066231767
W2510875395,W2170551349
W2510875395,W1973094248
W2510875395,W2146512944
W2510875395,W2026006003
W2998840182,W2169456326
W1984883254,W2100305481
W1984883254,W2140729960
W1984883254,W2170551349
W1984883254,W2166820820
W1984883254,W2102619694
W2951506174,W2102212449
W2951506174,W2135937351
W2951506174,W2332292689
W2951506174,W2169456326
W2070021921,W2161212572
W3095583226,W2898402099
W3095583226,W2224056471
W3095583226,W3136918052
W2593816418,W1970637701
W2593816418,W1523693806
W2593816418,W2003982930
W2150131459,W2171777347
W2150131459,W2149992227
W2150131459,W2168133698
W2150131459,W4247053599
W2755331695,W2149992227
W2755331695,W1990074132
W1919257374,W2171777347
W1919257374,W2168133698
W1919257374,W2107916366
W1919257374,W4247053599
W1919257374,W2119180969
W2069089843,W1984883254
W2988396470,W2045204781
W2988396470,W2950954328
W2988396470,W1900937478
W2988396470,W2031611770
W2988396470,W2111647009
W2988396470,W2141052558
W2988396470,W2160378127
W2076154138,W2123032740
W2076154138,W1987557775
W2076154138,W1964963969
W2076154138,W2117792884
W2076154138,W2078059415
W2076154138,W2259938310
W2076154138,W1981030303
W2076154138,W1979594866
W2076154138,W2116868464
W2076154138,W2106779017
W2076154138,W2143625465
W2076154138,W2040547343
W2076154138,W2070021921
W2002490399,W1997183854
W3112376646,W3136918052
W3112376646,W4210702584
W3112376646,W2950595506
W3112376646,W2051978340
W3112376646,W2983166786
W2228338508,W1549552139
W2071841602,W2125826054
W2071841602,W2128769815
W2071841602,W2135989088
W2071841602,W2032230795
W2071841602,W1968105193
W2117757143,W1964963969
W2117757143,W2078059415
W2173732482,W1767470961
W2173732482,W2739999456
W2173732482,W2077327925
W2173732482,W2167898988
W2173732482,W2110375946
W1974047233,W2097360283
W1974047233,W2121091193
W1974047233,W2117792884
W1974047233,W2158233796
W1974047233,W4294541781
W3014067025,W3004280078
W3014067025,W3003217347
W3014067025,W3004318991
W3014067025,W3009335299
W3014067025,W3008394341
W3014067025,W3009912996
W3014067025,W3007643904
W3014067025,W3004348779
W1994993231,W2010121426
W1994993231,W2097995306
W1994993231,W2044835625
W2050480410,W2045435533
W2050480410,W2019670881
W2050480410,W2120503144
W2050480410,W2064815984
W2050480410,W2003171404
W2050480410,W2096261947
W2050480410,W2039705224
W2050480410,W1976391205
W2050480410,W1973260880
W2050480410,W2170039745
W2050480410,W2160051211
W2050480410,W2101749257
W2050480410,W2077659966
W2050480410,W2036176224
W2050480410,W2167380395
W2470052926,W2141152740
W2470052926,W2142428670
W2470052926,W2096093282
W2470052926,W2124351063
W2470052926,W2739999456
W2147526198,W2138122982
W2147526198,W4320301318
W2147526198,W2031611770
W2160995259,W2059145105
W2160995259,W2259938310
W2160995259,W2096791516
W2116206245,W2119160928
W2116206245,W2753666478
W2116206245,W3149745985
W2137526110,W2152239989
W2137526110,W2130116522
W2137526110,W2166810745
W2137526110,W2107018762
W2137526110,W2137526110
W2137526110,W2110905563
W2137526110,W2138207763
W2137526110,W2157795344
W2736730167,W2262414037
W2736730167,W2096283457
W2736730167,W2275877493
W2736730167,W1255676896
W2736730167,W2041440766
W2736730167,W2068523052
W2736730167,W2180481128
W2736730167,W2126547130
W2736730167,W1848939527
W2736730167,W1986241711
W2736730167,W1950829641
W2736730167,W2161112598
W2736730167,W2149441684
W2736730167,W2114843025
W2736730167,W2134629862
W2736730167,W2012034410
W2736730167,W1999574084
W2736730167,W2134539328
W2736730167,W2044702943
W2224056471,W4320301318
W2224056471,W2739999456
W2224056471,W2147526198
W2036954961,W2125065061
W2036954961,W2108344016
W2036954961,W1558095504
W2126547130,W2262414037
W2126547130,W2041440766
W2126547130,W2009720434
W2126547130,W1578083272
W2126547130,W1981989535
W2122559203,W4320301318
W2927961455,W2311203695
W2927961455,W2336330109
W2927961455,W2148698435
W2927961455,W2111647009
W2004630197,W2118278569
W2004630197,W2097995306
W2004630197,W2117692326
W2070855360,W2065210647
W2070855360,W2061123122
W2070855360,W2004630197
W1985124617,W2108326484
W1985124617,W2038976751
W2005895632,W2044702943
W2788640168,W2067632426
W2788640168,W2088883749
W2788640168,W2131415852
W2788640168,W2132161879
W2788640168,W2189205651
W2788640168,W2265062179
W2788640168,W2762087180
W2788640168,W1997183854
W2788640168,W2002490399
W2788640168,W2549188196
W2788640168,W2608687752
W2788640168,W1864325817
W2788640168,W2038976751
W2788640168,W2752326209
W2788640168,W2740618823
W2788640168,W2536322725
W2788640168,W2120426523
W2788640168,W2091129202
W2788640168,W2150748567
W2788640168,W2130458932
W2788640168,W2266290735
W2788640168,W2126525177
W2788640168,W2069519394
W2788640168,W2606001457
W2788640168,W2141037581
W2788640168,W2134219545
W2788640168,W2301131921
W2788640168,W2065031087
W2616922646,W1979283544
W2616922646,W2332292689
W2616922646,W2146512944
W2616922646,W2102212449
W2616922646,W1985213868
W2046182783,W2018289835
W2046182783,W2046182783
W2123032740,W2041686632
W2123032740,W2123696077
W2123032740,W2078972833
W2969718750,W1490161904
W2969718750,W2131848047
W2990618091,W2159954944
W2990618091,W2789843538
W2990618091,W2889019390
W2767128594,W2103004421
W2767128594,W2128739912
W2767128594,W2919115771
W2767128594,W2026616100
W2409656339,W2003342633
W2409656339,W1515023627
W2409656339,W1999906527
W2409656339,W2078770291
W2409656339,W1993399595
W2409656339,W2060185417
W2159560463,W2061123122
W2159560463,W2065210647
W2159560463,W2140380746
W2159560463,W1985859986
W2159560463,W2055348159
W1905058580,W2127768736
W2796207838,W2134629862
W2796207838,W2285093314
W2796207838,W2097360283
W2796207838,W1966107523
W2796207838,W2323326409
W2796207838,W2949273159
W2796207838,W2230320310
W2796207838,W2169456326
W2796207838,W1107917109
W2796207838,W2117692326
W2796207838,W2159707944
W2796207838,W2096465161
W2796207838,W2299181842
W2796207838,W1999574084
W2796207838,W2507880739
W2796207838,W2795989238
W2796207838,W2511515754
W2796207838,W2291298003
W2796207838,W2417483443
W2796207838,W2157852151
W2796207838,W1985987855
W2796207838,W2028433016
W2796207838,W2796153225
W2796207838,W2519132385
W2796207838,W1950829641
W2796207838,W2123696077
W2796207838,W4294541781
W1987134040,W2037312364
W2153860431,W2096791516
W2153860431,W2040547343
W2153860431,W2147311167
W2153860431,W2143625465
W2153860431,W2139852368
W2153860431,W2101357408
W2153860431,W2088486634
W2153860431,W2033151532
W2153860431,W2107916366
W2153860431,W1976844911
W2117977572,W1970741980
W2117977572,W2046387002
W2117977572,W2058835062
W2117977572,W2064165694
W2117977572,W2146573461
W2117977572,W2145931730
W2117977572,W2118258530
W2117977572,W2017426710
W2117977572,W2102619694
W2117977572,W2096465161
W2117977572,W1998767819
W2117977572,W2010457001
W2147524392,W2126504590
W2133870991,W2111211467
W2096261947,W2064815984
W2096261947,W2120503144
W2096261947,W2077659966
W2096261947,W2019670881
W2096261947,W2101749257
W2096261947,W2036176224
W2096261947,W2000046950
W2096261947,W2045435533
W2096261947,W2003171404
W2096261947,W2160051211
W2096261947,W2167380395
W2096261947,W2039705224
W2096261947,W1973260880
W2096261947,W2170039745
W2234115940,W2063632665
W2234115940,W2078972833
W2234115940,W2168631000
W2234115940,W2095987251
W2234115940,W2131860315
W2234115940,W1523693806
W2180481128,W2104830962
W2180481128,W2275877493
W2180481128,W2114031931
W2180481128,W2009720434
W2009720434,W2123696077
W2009720434,W2262414037
W2009720434,W2275877493
W2130116522,W2141458291
W2130116522,W2152239989
W2130116522,W2107018762
W2130116522,W2107060225
W2130116522,W2157795344
W2108638835,W2125826054
W2131374955,W2026343134
W2041440766,W2161817637
W2041440766,W2262414037
W2041440766,W2096283457
W2041440766,W2123696077
W2041440766,W2157852151
W1533942137,W2116868464
W1533942137,W2163924952
W1533942137,W2078059415
W1533942137,W2117792884
W1533942137,W2259938310
W1533942137,W2018838463
W1533942137,W2096465161
W1533942137,W2171777347
W1533942137,W2168133698
W1533942137,W2107916366
W1533942137,W2076154138
W1533942137,W2102619694
W1533942137,W2143625465
W3030441098,W2110300022
W3030441098,W1998767819
W3030441098,W2128601422
W2129933858,W2141920662
W2129933858,W2129933858
W2087292184,W2125826054
W2146337514,W2036145275
W2141292707,W2012986985
W2788228074,W1983403167
W2788228074,W2950354111
W2788228074,W2120902911
W2788228074,W1982855075
W2807194798,W2401404581
W2807194798,W2154026962
W2807194798,W2072970694
W2807194798,W2513506562
W2807194798,W2124351063
W2807194798,W2124799197
W2807194798,W2166171121
W2807194798,W2160947363
W2807194798,W2086865963
W2807194798,W2766358903
W2006247279,W2059357290
W2006247279,W2077327925
W2122673596,W2170747616
W2122673596,W2096093282
W1973260880,W2064815984
W1973260880,W2003171404
W1973260880,W2045435533
W1973260880,W2036176224
W1973260880,W2167380395
W1973260880,W2101749257
W2166810745,W2096465161
W2166810745,W2259938310
W2166810745,W1964963969
W2166810745,W2014787267
W3027286012,W2586629973
W3027286012,W2952001873
W3027286012,W2533508881
W3027286012,W2507880739
W3027286012,W1985987855
W3027286012,W2765224588
W3027286012,W2158485828
W3027286012,W1999574084
W3027286012,W2153056550
W3027286012,W2157852151
W3027286012,W2886498337
W2128035403,W2097995306
W2527891094,W1977603207
W2116846792,W2162088497
W2116846792,W2125826054
W2116846792,W2128769815
W2116846792,W2139884694
W2116846792,W2023506796
W2116846792,W2087292184
W2116846792,W2032230795
W2116846792,W1968105193
W2031211461,W1973260880
W2031211461,W2036176224
W2563535234,W2133870991
W2563535234,W2059359550
W2738996050,W2159754384
W2738996050,W2048030072
W2738996050,W2065031087
W2738996050,W1523693806
W2154026962,W2101120467
W2154026962,W2031611770
W2054275187,W2141458291
W2124427232,W2044835625
W2124427232,W1994993231
W2124427232,W2097995306
W2124427232,W2101653483
W2124427232,W2042699075
W2179036997,W2154556219
W2179036997,W1987134040
W2179036997,W2038752330
W2077327925,W2017426710
W2077327925,W2118258530
W2141831115,W2160333540
W2141831115,W2117792884
W2141831115,W2096465161
W2141831115,W2014787267
W2141831115,W2102619694
W2141831115,W2166810745
W2141831115,W2259938310
W2480010979,W2070300719
W2967043226,W2147806662
W2967043226,W2058835062
W2967043226,W2034305079
W2967043226,W1966411071
W2967043226,W1991082489
W2967043226,W2064165694
W2967043226,W2054891772
W2967043226,W2017919052
W2967043226,W2096261947
W2155943701,W2153056550
W2155943701,W2123696077
W2336400828,W2111647009
W2336400828,W2141052558
W2336400828,W2111211467
W2336400828,W2133870991
W2336400828,W1983102293
W2336400828,W1969042907
W2944545583,W2345356016
W2944545583,W2027847170
W2944545583,W2611604995
W2944545583,W2917207851
W2944545583,W1617495083
W2944545583,W2012034410
W2944545583,W3136918052
W2944545583,W2010457001
W2944545583,W1969353942
W2944545583,W2537679995
W2944545583,W1989277387
W2336828812,W2039705224
W2336828812,W2174602966
W2336828812,W2064815984
W2336828812,W1977709885
W2336828812,W2045435533
W2336828812,W2188223075
W2336828812,W2224398381
W2336828812,W2320983896
W2094156327,W2118278569
W2587048937,W2061123122
W2587048937,W2042699075
W2587048937,W2097995306
W2587048937,W2299181842
W2587048937,W2066671159
W2587048937,W2049553585
W2587048937,W2028433016
W2587048937,W2011458181
W2587048937,W2185075416
W2587048937,W2104885590
W2587048937,W1498931318
W2587048937,W2143772132
W2587048937,W2039123767
W2587048937,W2107429737
W2949273159,W1966107523
W2949273159,W1950829641
W2949273159,W1848939527
W2949273159,W2150575159
W2949273159,W2299181842
W2949273159,W2009720434
W2949273159,W2507880739
W2949273159,W2291298003
W2949273159,W1985987855
W2949273159,W2049553585
W2949273159,W2028433016
W2949273159,W2011458181
W2949273159,W2107429737
W2896872272,W2152061559
W2896872272,W2262414037
W2896872272,W2096283457
W2896872272,W1255676896
W2896872272,W2149441684
W2896872272,W2406250479
W2896872272,W2131478115
W2896872272,W2009720434
W2896872272,W2114031931
W2896872272,W2157852151
W2896872272,W2044433401
W2896872272,W2044702943
W1255676896,W2078972833
W2060185417,W2068234766
W2060185417,W2110389012
W2060185417,W2116846792
W2060185417,W2087292184
W2060185417,W2128769815
W2060185417,W2125826054
W2622807556,W2124490243
W2622807556,W2128613449
W2622807556,W2102278945
W2622807556,W1979283544
W2578528809,W2049553585
W2578528809,W2291298003
W2578528809,W2104885590
W2578528809,W2143772132
W2578528809,W2044835625
W2578528809,W1994993231
W2578528809,W2124427232
W2578528809,W2097995306
W2578528809,W2039123767
W2578528809,W2042699075
W2578528809,W2066671159
W2578528809,W2101653483
W2578528809,W2028433016
W2578528809,W2011458181
W2578528809,W2010121426
W2578528809,W2185075416
W2578528809,W2301131921
W2160051211,W2064815984
W2160051211,W2120503144
W2160051211,W2019670881
W2160051211,W1976391205
W2160051211,W2000046950
W2160051211,W2045435533
W2160051211,W2003171404
W2109816625,W2153056550
W2109816625,W2134471382
W2109816625,W2059357290
W2109816625,W2157852151
W2109816625,W2158233796
W2109816625,W2123696077
W2109816625,W2275877493
W2109816625,W2262414037
W2109816625,W2096283457
W2109816625,W2161289668
W2109816625,W2168133698
W2109816625,W2009720434
W2109816625,W2148977460
W2277195237,W1933349210
W2277195237,W2031454541
W2277195237,W1947481528
W2277195237,W1536680647
W2277195237,W2102605133
W2277195237,W1905882502
W2277195237,W2163605009
W2277195237,W1861492603
W2277195237,W2123442489
W2277195237,W1606858007
W2277195237,W2117539524
W2277195237,W125693051
W2277195237,W2097117768
W2277195237,W1956340063
W2277195237,W1895577753
W2277195237,W2953106684
W1999906527,W2110389012
W2946657092,W1533942137
W2946657092,W2018838463
W2946657092,W2158485828
W2946657092,W2607129810
W2946657092,W2796207838
W2946657092,W2749613778
W2096465161,W2171777347
W2096465161,W2160333540
W2096465161,W2141831115
W2096465161,W2071271349
W2096465161,W2166810745
W3133859624,W2259938310
W3133859624,W2076154138
W3133859624,W2018838463
W3133859624,W1533942137
W3133859624,W2761275051
W3133859624,W2097360283
W3133859624,W1844405070
W3133859624,W2952001873
W3133859624,W2102278945
W3133859624,W2169456326
W3133859624,W2107018762
W3133859624,W2073836327
W3133859624,W2152239989
W3133859624,W2901303766
W3133859624,W2895486342
W3133859624,W2238851414
W3133859624,W1014257459
W3133859624,W2115779804
W3133859624,W2101357408
W3133859624,W4294541781
W3133859624,W2107916366
W3133859624,W1980168725
W2077553363,W2003342633
W2077553363,W2110389012
W2077553363,W2164386968
W2077553363,W1999906527
W2077553363,W2130495917
W2077553363,W2023615726
W2077553363,W2096139589
W2077553363,W2116846792
W2077553363,W2071841602
W2077553363,W2060185417
W2077553363,W2162088497
W2022687771,W2046182783
W2022687771,W2159211495
W2022687771,W2180229411
W2022687771,W2163106706
W2022687771,W2022687771
W2022687771,W2133968430
W2022687771,W2124026197
W2022687771,W2030517878
W2898789672,W2898789672
W2898789672,W4210702584
W2898789672,W2117692326
W2898789672,W4250359879
W2017387862,W2019075610
W2017387862,W2032230795
W2898402099,W2898402099
W2898402099,W2138122982
W2898402099,W2224056471
W2898402099,W2302501749
W2898402099,W4210702584
W1934094702,W2262414037
W1934094702,W2126547130
W1934094702,W2130430382
W1934094702,W1999574084
W1934094702,W2157795344
W1981239255,W2096791516
W2950595506,W1989277387
W2065847836,W2071930821
W2065847836,W2152239989
W2065847836,W2102619694
W2332292689,W2117692326
W2332292689,W2097995306
W2332292689,W2010121426
W2332292689,W2101653483
W2332292689,W2104885590
W2332292689,W2102212449
W2332292689,W1950829641
W2332292689,W2043398720
W2332292689,W2049491375
W2332292689,W2076154138
W2332292689,W2119896120
W2332292689,W2049553585
W2332292689,W2107429737
W2332292689,W2019552331
W2332292689,W2119180969
W2332292689,W1999574084
W2952564192,W2125826054
W2952564192,W2162088497
W2952564192,W2581259096
W2951254987,W2127303481
W2951254987,W2124351063
W2951254987,W2045204781
W2951254987,W2206071891
W2951254987,W2588775853
W2951254987,W2950354111
W2951254987,W2950150251
W2951254987,W2736920791
W2951254987,W2121055398
W2154945114,W2150523249
W2811212358,W2006247279
W2811212358,W2128551987
W2811212358,W2111663113
W2811212358,W2032696674
W2070777085,W2059357290
W2070777085,W2146573461
W2070777085,W2126504590
W2747877289,W1984883254
W2747877289,W2165835468
W1950118853,W2169491358
W1950118853,W2121354606
W1950118853,W2170776626
W2080232352,W2169895148
W1878404532,W2108433768
W1878404532,W2136609531
W2986925300,W2138122982
W2986925300,W2143485490
W2986925300,W2951254987
W2986925300,W2889019390
W1709815505,W2140952049
W2223535266,W2100039832
W2223535266,W2095987251
W2223535266,W1998166655
W2223535266,W2028897202
W2223535266,W2052543023
W2223535266,W2063632665
W2143625465,W2004608617
W2143625465,W2106779017
W2143625465,W2047208232
W2036176224,W2064815984
W2036176224,W2000046950
W2036176224,W2170039745
W2036176224,W2003171404
W2036176224,W1976391205
W2036176224,W2120503144
W2036176224,W2045435533
W2036176224,W2160051211
W2474747771,W2018838463
W3022285953,W3003217347
W3022285953,W2306794997
W3022285953,W3009912996
W3022285953,W3003464757
W3022285953,W311927316
W3022285953,W2912990441
W3022285953,W2170776626
W3022285953,W2023010129
W3022285953,W2127322768
W3022285953,W2898402099
W2103783427,W2153118028
W2103783427,W1976844911
W2588025094,W2070777085
W2588025094,W2006247279
W2588025094,W2066671159
W2588025094,W2016360721
W2588025094,W2117977572
W2588025094,W2134629862
W3004348779,W2903899730
W3004348779,W2513547424
W3004348779,W3004280078
W3004348779,W2127322768
W3004348779,W3008394341
W2907514116,W2259938310
W2907514116,W2951506174
W2907514116,W2153406260
W2907514116,W2102212449
W2907514116,W2169456326
W2907514116,W2952001873
W2059357290,W2163106706
W2059357290,W2053003053
W3115880421,W2141831115
W3115880421,W2784570320
W3115880421,W2015845481
W3115880421,W2014787267
W3115880421,W2590568317
W3115880421,W2145931730
W3115880421,W2046387002
W3115880421,W2032183472
W3115880421,W1977709885
W3115880421,W2160051211
W1991807334,W2071930821
W1991807334,W2165547003
W1991807334,W2065847836
W1991807334,W2078964320
W1991807334,W2053003053
W1991807334,W2152239989
W1991807334,W2141458291
W2165869860,W2064815984
W2165869860,W2120503144
W2165869860,W2019670881
W2165869860,W2036176224
W2165869860,W2096261947
W2165869860,W2000046950
W2165869860,W2045435533
W2165869860,W2086561953
W2165869860,W2199695484
W2165869860,W2031611770
W2165869860,W2070614858
W2011458181,W2004630197
W2011458181,W2097995306
W2011458181,W2039123767
W2011458181,W2049553585
W2011458181,W2150575159
W2011458181,W2028433016
W2011458181,W2104885590
W2011458181,W1994993231
W2011458181,W2152061559
W2159954944,W2128769815
W2159954944,W2096128575
W2252568502,W2045435533
W2252568502,W2003171404
W2252568502,W2064815984
W2252568502,W1973260880
W2252568502,W2077659966
W2252568502,W2167380395
W2252568502,W2036176224
W2252568502,W2031211461
W2252568502,W2100122648
W2252568502,W2114031931
W2252568502,W2043398720
W2252568502,W2010457001
W2252568502,W2152505144
W2252568502,W2170551349
W2110936821,W2012490955
W2131478115,W2102619694
W2168631000,W1992112921
W2168631000,W2080232352
W2168631000,W2117692326
W2168631000,W2005334224
W2168631000,W2058648826
W2898440040,W2898440040
W2898440040,W2017426710
W2898440040,W2134629862
W2898440040,W2077327925
W2012490955,W2023506796
W2012490955,W2013371150
W2012490955,W2068234766
W2012490955,W2033829415
W2012490955,W2115944543
W2012490955,W2139884694
W2900629010,W4250359879
W2900629010,W2537623931
W2900629010,W2127322768
W2900629010,W2614081736
W2900629010,W2111647009
W2900629010,W1983102293
W2900629010,W2559588208
W2900629010,W2949841808
W2152656267,W1981463058
W4210702584,W2739999456
W4210702584,W2051978340
W2004549986,W2147311167
W2004549986,W2125826054
W2004549986,W2032230795
W2004549986,W2162088497
W2004549986,W2071841602
W2004549986,W1968105193
W2004549986,W2088940658
W2004549986,W1998767819
W2140380746,W1985859986
W2140380746,W1994942139
W2055348159,W2070855360
W2055348159,W2100820895
W2055348159,W2010876644
W2055348159,W1985859986
W2055348159,W2148898943
W2055348159,W1980789245
W2055348159,W2058648826
W2055348159,W2168631000
W2055348159,W2005334224
W2055348159,W2169491358
W2055348159,W2033896075
W2105924489,W1985213868
W2105924489,W2057545775
W2105924489,W2128601422
W2115779804,W2124490243
W2115779804,W2128613449
W2115779804,W2040547343
W2115779804,W2133520037
W2115779804,W2163013660
W2997022986,W1989277387
W2997022986,W2559588208
W2997022986,W2345356016
W2997022986,W2214074259
W2997022986,W2096173332
W1966107523,W2049491375
W1966107523,W2004630197
W2048030072,W2028536701
W2048030072,W1985538633
W2048030072,W2048030072
W2048030072,W1523693806
W2149858388,W1255676896
W2149858388,W2114031931
W2149858388,W2152061559
W2149858388,W2156593520
W2101870168,W2117247812
W2101870168,W2121091193
W2143325926,W2134852597
W2143325926,W2037993016
W2782685575,W2061123122
W2782685575,W2159560463
W2782685575,W1985859986
W2782685575,W2058648826
W2782685575,W2070855360
W2782685575,W2055348159
W2614566443,W2113699335
W2614566443,W1905058580
W2614566443,W2238851414
W2614566443,W2324862792
W2614566443,W2039153962
W2614566443,W2153118028
W2147806662,W2070777085
W2147806662,W2102619694
W2147806662,W2021341670
W2147806662,W2034305079
W2761275051,W2076154138
W2761275051,W1533942137
W2761275051,W2104549677
W2761275051,W2256016639
W2761275051,W2073836327
W2761275051,W2328393125
W2761275051,W2116868464
W2761275051,W1848939527
W2761275051,W2214074259
W2761275051,W2096791516
W2761275051,W2102619694
W2761275051,W1969353942
W2142428670,W4242729757
W2142428670,W1998767819
W2151350595,W2136879569
W2151350595,W2141152740
W2151350595,W2124351063
W2151350595,W2170747616
W2151350595,W2117457769
W2942610007,W2952001873
W2942610007,W2533508881
W2942610007,W2332292689
W2942610007,W1985987855
W2942610007,W1950829641
W2942610007,W1107917109
W2942610007,W2796207838
W2942610007,W2275877493
W2942610007,W2180481128
W2942610007,W1910012553
W2942610007,W2107429737
W2942610007,W2039123767
W2942610007,W2794480084
W2942610007,W2794521141
W2195783463,W2103783427
W2195783463,W2163924952
W2195783463,W2155496693
W2195783463,W2033151532
W2195783463,W2153860431
W2195783463,W2139852368
W2195783463,W2107916366
W2195783463,W1844405070
W2071271349,W2146573461
W2071271349,W2014787267
W2071271349,W2126504590
W2901303766,W2901303766
W2901303766,W1533942137
W2901303766,W2104549677
W2901303766,W2163013660
W2901303766,W2302501749
W3016489853,W3001195213
W3016489853,W2903899730
W3016489853,W2470646526
W3016489853,W3009912996
W3016489853,W2170551349
W3016489853,W2179438025
W3016489853,W2900569176
W3016489853,W3003217347
W3016489853,W1810028515
W2022495797,W2155943701
W2022495797,W2123696077
W2022495797,W2096283457
W2022495797,W2041440766
W2022495797,W1255676896
W2022495797,W2262414037
W2022495797,W2335012284
W2022495797,W2009720434
W2022495797,W2044433401
W2818417770,W2103783427
W2818417770,W2818417770
W2818417770,W2738082385
W2818417770,W2324862792
W2818417770,W2626606138
W2818417770,W2805983714
W2818417770,W2613603864
W2818417770,W2238851414
W2818417770,W2113699335
W2150523249,W2154945114
W2150523249,W2119180969
W2150523249,W2021341670
W2952001873,W2168631000
W2952001873,W1107917109
W2952001873,W2028433016
W2952001873,W1985987855
W2952001873,W2949273159
W2952001873,W2259938310
W2952001873,W2043398720
W2952001873,W1966107523
W2952001873,W2332292689
W2952001873,W2159707944
W2952001873,W2507880739
W2952001873,W2519244818
W2599417231,W2120902911
W2599417231,W2170747616
W2599417231,W2107772251
W2599417231,W2128769815
W2599417231,W2170551349
W2599417231,W2113679889
W2599417231,W2141920662
W2599417231,W2032230795
W1981030303,W2014677321
W1981030303,W2014787267
W3096828292,W2969718750
W3096828292,W2127175247
W3096828292,W2131848047
W2104885590,W2097995306
W2104885590,W2152061559
W2104885590,W2134471382
W3028304854,W2149441684
W3028304854,W2117131162
W3028304854,W3006500278
W3028304854,W2761275051
W3028304854,W2796153844
W2149515881,W2125826054
W2149515881,W2087292184
W2149515881,W2032230795
W2149515881,W1968105193
W2149515881,W2115944543
W1981500982,W2110235509
W1981500982,W2033829415
W1981500982,W2128769815
W1981500982,W2125826054
W1981500982,W2032230795
W1981500982,W2030500910
W1981500982,W2164342861
W1981500982,W2012490955
W4211233744,W1107917109
W4211233744,W1950118853
W4211233744,W1964847767
W4211233744,W2169491358
W4211233744,W2028593825
W2068767807,W2019552331
W2068767807,W2100305481
W2981137429,W2174602966
W2981137429,W2045435533
W2981137429,W2064815984
W2981137429,W2003171404
W2981137429,W2336828812
W2981137429,W2766599608
W2981137429,W2224398381
W2981137429,W2146512944
W2981137429,W2320983896
W2981137429,W1999574084
W2950954328,W2127175247
W2950954328,W2124351063
W2950954328,W2045204781
W2950954328,W2224056471
W2950954328,W2138122982
W2909679049,W2104885590
W2909679049,W2107429737
W2909679049,W2049553585
W2909679049,W2299181842
W2909679049,W2152061559
W2909679049,W2011458181
W2909679049,W2291298003
W2909679049,W2613362156
W2909679049,W2606495925
W2909679049,W2028433016
W2086865963,W2162088497
W2086865963,W2080283023
W2086865963,W2072970694
W2086865963,W2166171121
W2086865963,W2124351063
W2396849069,W2117757143
W2396849069,W2171777347
W2396849069,W2104549677
W2396849069,W1912672559
W2396849069,W2008627757
W2396849069,W2116868464
W2621361823,W2006419043
W1910012553,W2119896120
W1910012553,W2066671159
W1910012553,W2000177767
W1971578941,W1981030303
W1971578941,W2070021921
W1971578941,W2259938310
W1971578941,W2055655674
W1971578941,W1964963969
W1971578941,W2140952049
W1971578941,W2014677321
W1971578941,W2519244818
W2078964320,W2160333540
W2078964320,W2133968430
W2078964320,W2071930821
W2078964320,W4247053599
W2078964320,W2102619694
W2419140434,W1255676896
W2419140434,W2009720434
W2419140434,W2126816979
W2419140434,W2149858388
W2230320310,W2158485828
W2230320310,W1812256879
W2230320310,W2126547130
W2230320310,W1848939527
W2230320310,W2180481128
W2230320310,W2114843025
W2230320310,W1973094248
W2230320310,W2131478115
W2230320310,W2146512944
W2230320310,W2115462905
W2230320310,W2096283457
W2230320310,W2262414037
W2230320310,W2109816625
W2230320310,W2044702943
W2510973425,W2104549677
W2510973425,W2511515754
W2510973425,W2171777347
W2510973425,W2096791516
W2766437506,W2019552331
W2766437506,W2135937351
W2766437506,W2951506174
W2766437506,W2949693884
W2770026599,W2154866190
W2770026599,W2174602966
W2770026599,W2149992227
W2770026599,W2256016639
W2770026599,W2104549677
W2770026599,W2162151166
W2770026599,W2320983896
W2916020270,W2766437506
W2916020270,W2747877289
W2916020270,W2949693884
W2916020270,W1984883254
W2916020270,W2889326414
W2916020270,W2117757143
W2916020270,W2169456326
W2916020270,W2134526812
W2916020270,W2800392236
W2916020270,W2951506174
W2916020270,W2345356016
W2916020270,W2817838603
W2770092353,W2116868464
W2770092353,W2101357408
W2770092353,W2082704080
W2770092353,W2078059415
W2770092353,W1533942137
W2770092353,W2259938310
W2770092353,W2076154138
W2770092353,W1984068087
W2770092353,W2160995259
W2770092353,W2141820415
W2770092353,W2162151166
W2770092353,W2010457001
W2770092353,W2163924952
W2770092353,W2104549677
W2770092353,W2417483443
W2770092353,W2051314902
W2770092353,W2163013660
W2770092353,W2039153962
W2770092353,W2106779017
W2770092353,W2256016639
W2068234766,W2083717261
W2068234766,W2110389012
W2068234766,W2106779017
W2068234766,W2012490955
W2130687298,W2259938310
W2130687298,W2046387002
W2130687298,W2145931730
W2130687298,W2064165694
W2130687298,W2058835062
W2130687298,W2147806662
W2130687298,W2053003053
W2130687298,W2519244818
W2121091193,W2097360283
W2121091193,W4294541781
W2197124664,W2138207763
W2197124664,W2134526812
W2197124664,W2100305481
W2197124664,W1999574084
W2197124664,W2141458291
W2197124664,W2179438025
W2197124664,W2146512944
W2197124664,W2131478115
W2197124664,W2166820820
W3005679569,W3001195213
W3005679569,W2470646526
W3005679569,W3003668884
W3005679569,W3004280078
W2108068107,W2104830962
W2108068107,W2043398720
W2108068107,W2125789330
W2105349784,W2160333540
W2105349784,W2146573461
W2105349784,W2126504590
W2105349784,W2026343134
W2105349784,W2014787267
W2105349784,W2071271349
W2165200432,W2118278569
W2165200432,W2146573461
W2165200432,W2005334224
W2165200432,W2032518018
W2165200432,W2058648826
W2165200432,W2169895148
W3013800395,W3003668884
W3013800395,W3004280078
W3013800395,W2513547424
W3013800395,W3004348779
W3013800395,W3008394341
W3013800395,W3009912996
W3013800395,W3009335299
W3013800395,W3014067025
W3013800395,W3007643904
W3013800395,W2903899730
W3013800395,W2973457155
W3013800395,W2108921801
W2108524369,W2085315239
W2108524369,W2159474015
W2108524369,W1990074132
W2108524369,W2119180969
W2108524369,W2161184021
W3083241614,W2204688218
W3083241614,W2071841602
W3083241614,W2078599166
W3083241614,W2125826054
W3083241614,W2128769815
W3083241614,W2787902098
W3083241614,W2004549986
W3083241614,W2162088497
W3083241614,W1993399595
W3083241614,W2998840182
W3083241614,W2023615726
W3083241614,W2115944543
W3083241614,W2162078360
W3083241614,W2089532303
W3025320502,W3008443627
W2028433016,W2043398720
W2028433016,W1966107523
W2028433016,W2126547130
W2028433016,W2018838463
W2028433016,W2124427232
W2028433016,W2022495797
W2028433016,W2170551349
W2028433016,W2009720434
W2028433016,W2114031931
W2028433016,W2157852151
W2028433016,W2004630197
W2028433016,W2104885590
W2028433016,W2039123767
W2028433016,W2114843025
W2028433016,W2159707944
W2028433016,W2101291993
W2028433016,W2096128575
W2512899508,W2117692326
W2512899508,W2033278321
W2512899508,W2168631000
W2512899508,W2100039832
W2512899508,W2140380746
W2512899508,W2476542314
W2073836327,W2115801316
W2073836327,W2153118028
W2073836327,W2163013660
W2073836327,W2096791516
W2073836327,W2259938310
W1986241711,W1981989535
W1986241711,W2110664940
W1986241711,W2275877493
W1986241711,W2335012284
W1973268693,W2128551987
W1980680725,W2072970694
W1980680725,W2890624634
W2153607816,W2058484936
W2153607816,W2080094749
W2275877493,W2123696077
W2275877493,W2153056550
W2275877493,W2157852151
W2275877493,W2117692326
W2275877493,W2010121426
W2178043251,W2131848047
W2178043251,W2739999456
W2178043251,W2147526198
W2078059415,W1964963969
W2078059415,W2171777347
W2078059415,W2106779017
W2078059415,W2107916366
W2078059415,W2140952049
W2766599608,W2336828812
W2766599608,W2174602966
W2788142646,W2049491375
W2788142646,W1107917109
W2788142646,W2039123767
W2788142646,W2124427232
W2788142646,W2005895632
W2788142646,W1985987855
W2788142646,W2130430382
W2787024379,W2050480410
W2787024379,W2045435533
W2787024379,W2165869860
W2787024379,W2606915822
W2786671949,W2179653678
W2786671949,W2175951962
W2786671949,W2127175247
W2786671949,W1987490818
W2786671949,W2153142029
W2033617297,W1980789245
W2033617297,W2082429191
W2033617297,W1996024251
W2198153867,W2166810745
W2198153867,W2141831115
W2198153867,W2105349784
W2198153867,W1970741980
W2198153867,W2070777085
W2198153867,W2153268494
W2198153867,W2160333540
W2198153867,W2034305079
W2198153867,W2096465161
W2198153867,W2146573461
W2198153867,W2147806662
W2198153867,W2058835062
W2198153867,W1966411071
W2198153867,W2130687298
W2198153867,W2014787267
W2198153867,W2126504590
W2198153867,W2127862779
W2198153867,W2160051211
W2103296919,W2154026962
W2119896120,W2010121426
W2953151710,W2794480084
W2953151710,W2135937351
W2953151710,W2102212449
W2953151710,W2006617902
W2953151710,W2069089843
W2953151710,W2951506174
W2953151710,W2817838603
W2606974598,W2146502635
W2725988230,W2163924952
W2725988230,W2511515754
W2725988230,W2116868464
W2725988230,W2101357408
W2725988230,W2195783463
W2725988230,W2088486634
W2725988230,W1980168725
W2725988230,W1844405070
W2725988230,W2155496693
W2725988230,W2113699335
W2725988230,W1905058580
W2725988230,W2264585211
W2725988230,W2328393125
W2725988230,W2153860431
W2725988230,W2259938310
W2725988230,W2076154138
W2725988230,W2018838463
W2725988230,W1014257459
W2725988230,W2108994842
W2725988230,W2008627757
W2533508881,W2049491375
W2533508881,W1985987855
W2533508881,W1966107523
W2533508881,W2130430382
W2081183202,W2154556219
W2081183202,W2092643722
W1952026831,W2091627137
W1952026831,W2072970694
W1952026831,W2080283023
W1952026831,W2166171121
W1952026831,W2124351063
W1952026831,W2136879569
W1952026831,W2115701239
W1952026831,W2117457769
W1952026831,W2110300022
W1952026831,W2034285706
W1952026831,W2152207030
W1973094248,W2131478115
W1973094248,W2259938310
W1973094248,W2152239989
W1973094248,W2004014148
W1973094248,W2136482257
W2107633226,W2153056550
W2004966039,W2259938310
W2004966039,W1981030303
W2004966039,W2117692326
W2004966039,W2014787267
W2004966039,W2078059415
W2004966039,W1964963969
W2004966039,W2044433401
W2004966039,W1971578941
W2004966039,W2070021921
W2004966039,W2140952049
W2004966039,W2519244818
W1980168725,W2088486634
W1980168725,W2141916112
W2901068426,W4211233744
W2901068426,W2028593825
W2901068426,W2606001457
W2901068426,W2586407709
W2901068426,W2033278321
W2901068426,W1964847767
W2901068426,W2520632143
W2901068426,W2763367287
W2901068426,W2058648826
W2901068426,W2042699075
W2901068426,W2476542314
W2061123122,W2065210647
W2061123122,W2100820895
W1563940013,W2059145105
W1900937478,W2141292707
W1900937478,W2160378127
W1900937478,W2031611770
W2784570320,W2141831115
W2784570320,W2166810745
W2784570320,W2224056471
W2784570320,W2053003053
W2784570320,W2064165694
W2784570320,W2096465161
W2784570320,W2058835062
W2784570320,W2130687298
W2784570320,W2126504590
W2784570320,W2153268494
W2112444085,W2259938310
W2112444085,W2045435533
W2112444085,W2064815984
W2112444085,W2003171404
W2112444085,W1976391205
W2112444085,W2000046950
W2112444085,W2519244818
W2589067428,W2179036997
W2589067428,W2011759111
W2589067428,W2009791213
W2161184021,W2171777347
W2161184021,W2168133698
W2166820820,W2141458291
W2166820820,W2152239989
W2166820820,W2160333540
W2166820820,W2166810745
W2157852151,W2153056550
W1970413157,W2076357933
W1970413157,W2096791516
W1970413157,W2154866190
W1970413157,W2107916366
W1970413157,W2259938310
W2101749257,W2064815984
W2101749257,W2120503144
W2101749257,W2077659966
W2101749257,W1976391205
W2101749257,W2000046950
W2101749257,W2045435533
W2101749257,W2003171404
W2101749257,W2160051211
W2101749257,W1964963969
W2101749257,W2170039745
W2011312755,W2125826054
W2011312755,W2057545775
W2011312755,W1966623514
W2011312755,W2032230795
W2011312755,W2128769815
W2011312755,W2013371150
W2011312755,W2155142785
W2011312755,W1968105193
W2011312755,W2139884694
W1993399595,W2125826054
W1993399595,W2013371150
W1993399595,W2162088497
W1993399595,W2128769815
W1993399595,W2023506796
W1993399595,W2054407804
W1993399595,W2124351063
W1993399595,W2072970694
W1993399595,W2170551349
W1993399595,W2085397620
W1993399595,W2139884694
W2167898988,W2259938310
W2167898988,W2141458291
W2167898988,W2158485828
W1647551795,W2022269454
W1647551795,W2128769815
W1647551795,W2125826054
W1647551795,W2087292184
W1647551795,W2071841602
W1647551795,W2023615726
W1647551795,W1993399595
W1647551795,W2164386968
W1647551795,W2143777796
W1647551795,W2130495917
W1647551795,W2135989088
W1647551795,W2023506796
W2160333540,W2117792884
W2160333540,W2014787267
W2160333540,W2141458291
W2051314902,W2163924952
W2051314902,W2147311167
W2051314902,W2096791516
W2051314902,W2107916366
W2051314902,W2106779017
W2051314902,W1976844911
W4211064852,W2134629862
W4211064852,W2133968430
W4211064852,W2006247279
W4211064852,W2053003053
W4211064852,W2064165694
W4211064852,W2077327925
W4211064852,W2058835062
W4211064852,W2046387002
W4211064852,W2022687771
W2102213696,W2088486634
W2102213696,W2155496693
W2102213696,W2141916112
W2065031087,W2038976751
W2065031087,W1985124617
W2065031087,W2065031087
W2065031087,W1523693806
W2065031087,W2738996050
W2065031087,W2048030072
W2065031087,W2159754384
W2606495925,W2044835625
W2606495925,W2066671159
W2606495925,W2049553585
W2606495925,W2104885590
W2606495925,W2107429737
W2606495925,W2152061559
W2606495925,W2009720434
W2606495925,W2158485828
W2606495925,W2119180969
W2606495925,W2256016639
W2979811825,W2614081736
W2979811825,W2160378127
W2979811825,W2128880918
W2979811825,W2799524357
W2979811825,W2133870991
W2979811825,W2563535234
W2979811825,W2336330109
W2979811825,W2111647009
W2979811825,W2148698435
W2979811825,W2131473084
W2905452503,W2160995259
W2905452503,W2154866190
W2905452503,W2256016639
W2905452503,W2417483443
W2905452503,W2059145105
W2905452503,W2770092353
W2905452503,W2521967673
W2905452503,W1984068087
W2185075416,W2097995306
W2185075416,W2039123767
W2185075416,W2068234766
W2185075416,W2003342633
W2185075416,W2060185417
W2185075416,W2110389012
W2185075416,W2072970694
W2185075416,W2154026962
W2141152740,W2138122982
W2141152740,W2009570821
W1578291413,W2149441684
W1578291413,W2114843025
W1578291413,W2051025382
W1578291413,W2009720434
W1578291413,W2114031931
W1578291413,W2021341670
W1578291413,W2107633226
W1578291413,W2117131162
W1578291413,W2100305481
W1578291413,W2161112598
W2285093314,W1968812902
W2285093314,W1987313243
W2285093314,W2180481128
W2285093314,W2028433016
W2285093314,W2149441684
W2285093314,W2009720434
W2285093314,W1999574084
W2285093314,W2169456326
W2285093314,W2138207763
W2285093314,W2179438025
W2285093314,W2169353806
W2285093314,W2115462905
W2285093314,W2137526110
W2285093314,W2159707944
W2285093314,W2130430382
W2265062179,W1997183854
W2265062179,W2002490399
W2165547003,W2065847836
W2165547003,W2071930821
W2165547003,W2078964320
W2165547003,W2141458291
W1994942139,W2109491705
W2345791363,W2170747616
W2889019390,W2579533542
W2889019390,W2103296919
W2889019390,W2151350595
W2889019390,W2154026962
W2889019390,W2127303481
W2889019390,W2315521535
W2889019390,W2116041602
W2889019390,W2950150251
W2889019390,W2112364185
W2889019390,W2138122982
W2889019390,W2147526198
W2889019390,W2143485490
W2889019390,W2111647009
W2889019390,W2141052558
W2135937351,W2102212449
W2135937351,W2068767807
W2135937351,W2131271579
W1980497534,W2106391833
W2160947363,W2072970694
W2160947363,W2136879569
W2160947363,W2110375946
W2160947363,W2118942683
W2170039745,W2064815984
W2170039745,W2019670881
W2170039745,W1976391205
W2170039745,W2000046950
W2170039745,W2045435533
W2170039745,W2003171404
W2101120467,W2072970694
W2946412700,W2169678694
W2946412700,W2593436234
W3084201551,W2120902911
W3084201551,W2129933858
W3084201551,W2170551349
W3084201551,W2952167528
W3084201551,W2535995078
W2128601422,W2131848047
W2128601422,W2128601422
W2153544371,W2147526198
W2102471114,W2017387862
W2102471114,W2019075610
W2102471114,W2145151319
W2102471114,W1973831267
W2102471114,W2015593224
W2606915822,W2165869860
W2606915822,W2171237493
W2606915822,W2032019813
W2060672294,W2058648826
W2060672294,W2061123122
W2060672294,W2065210647
W1531821806,W2117757143
W1531821806,W2259938310
W1531821806,W2105349784
W1531821806,W1964963969
W2020398834,W2042433863
W2020398834,W1992112921
W2597632520,W2106787323
W2597632520,W1757407923
W2146411229,W2332712348
W2147637673,W2013371150
W2147637673,W2032230795
W2147637673,W2125826054
W2147637673,W1968105193
W2147637673,W2023506796
W2147637673,W2047885502
W2147637673,W2115944543
W2147637673,W1568390176
W2767281692,W2044433401
W2767281692,W2117692326
W2767281692,W2169895148
W2767281692,W2150575159
W2767281692,W2032518018
W2767281692,W1980497534
W2767281692,W2106391833
W2944727022,W2043398720
W2944727022,W2741508285
W2944727022,W1812256879
W2944727022,W1848939527
W2944727022,W2256016639
W2944727022,W1919257374
W2944727022,W2131374955
W2944727022,W2096173332
W2944727022,W2149441684
W2944727022,W2114843025
W2944727022,W2761275051
W2944727022,W2146512944
W2944727022,W4294541781
W2944727022,W2169456326
W2944727022,W2097360283
W2124756133,W2146573461
W2335012284,W2150575159
W2335012284,W2123696077
W1969524738,W2028897202
W1969524738,W2117692326
W1969524738,W2078972833
W1969524738,W1997183854
W1941339056,W2065847836
W1941339056,W2053003053
W1941339056,W2071930821
W1941339056,W1991807334
W1941339056,W2165547003
W1941339056,W2141458291
W1941339056,W2014677321
W1941339056,W2152239989
W1941339056,W1969353942
W3003058300,W2512899508
W3003058300,W2100039832
W3003058300,W1934094702
W3003058300,W2785803176
W2067267561,W2148898943
W2067267561,W2033617297
W2067267561,W1980789245
W2612467560,W1533942137
W2612467560,W2169678694
W2612467560,W2741508285
W3004480399,W3006500278
W3004480399,W2152061559
W3004480399,W2009720434
W3008394341,W2513547424
W3008394341,W3004280078
W3008394341,W3004348779
W2959497269,W1966107523
W2959497269,W2801309958
W2959497269,W2788640168
W2959497269,W2118278569
W2959497269,W2168631000
W2959497269,W2117692326
W2959497269,W2096139589
W2959497269,W2004630197
W2959497269,W2143772132
W2299181842,W2262414037
W2299181842,W1950829641
W2299181842,W2335012284
W2299181842,W2180481128
W2299181842,W2159707944
W2299181842,W2134471382
W2299181842,W2140729960
W2299181842,W2155943701
W2299181842,W2130116522
W2299181842,W2049553585
W2299181842,W2104885590
W2299181842,W2100305481
W2299181842,W2039123767
W2299181842,W2107429737
W2299181842,W2119896120
W2613362156,W2149441684
W2613362156,W2022495797
W2613362156,W2126547130
W2613362156,W2152061559
W2613362156,W2614443510
W2613362156,W2119180969
W2613362156,W2146005104
W2613362156,W2117131162
W2613362156,W1848939527
W2749613778,W2158485828
W2749613778,W2012034410
W2749613778,W2018838463
W2749613778,W2117692326
W2749613778,W2022495797
W2749613778,W2335012284
W2749613778,W2559588208
W2749613778,W2234115940
W2749613778,W2169456326
W2749613778,W2134526812
W2749613778,W2179438025
W2471536144,W2069089843
W2471536144,W2170551349
W2471536144,W2134526812
W2471536144,W2179438025
W2471536144,W2137586531
W2938868597,W2103901746
W2938868597,W2599417231
W2938868597,W2112364185
W2938868597,W1878521557
W3017049640,W2886785109
W3017049640,W1482190741
W3017049640,W2994632914
W3017049640,W1981239255
W2236332835,W2003342633
W2236332835,W1999906527
W2236332835,W2071841602
W2785792383,W2224056471
W2785792383,W2078059415
W2785792383,W2012034410
W2296538017,W2098259366
W2296538017,W1950118853
W2296538017,W2259481044
W2296538017,W2169491358
W2296538017,W2032696674
W2613603864,W2103783427
W2613603864,W1905058580
W2613603864,W2113699335
W2613603864,W2324862792
W2613603864,W2153118028
W2613603864,W2129905273
W2152014155,W1567420244
W2152014155,W2737785069
W2167380395,W2064815984
W2167380395,W2120503144
W2167380395,W2077659966
W2167380395,W2019670881
W2167380395,W2036176224
W2167380395,W2000046950
W2167380395,W2045435533
W2167380395,W2003171404
W2167380395,W2170039745
W2154866190,W2096791516
W2154866190,W2145922766
W2946173685,W2043274355
W2946173685,W2559588208
W2946173685,W2162151166
W2627064270,W1812256879
W2627064270,W2065847836
W2627064270,W2071930821
W2627064270,W2078964320
W2627064270,W1991807334
W2627064270,W1941339056
W2627064270,W2165547003
W2627064270,W1976844911
W2126816979,W1255676896
W2126816979,W2114031931
W2588775853,W2124351063
W2588775853,W2121055398
W2588775853,W2206071891
W2898598946,W2259938310
W2898598946,W2096465161
W2898598946,W4250359879
W2898598946,W2761275051
W2898598946,W2104549677
W2898598946,W2256016639
W2898598946,W4210702584
W2898598946,W2077327925
W2898598946,W2141831115
W2171126517,W2026062398
W2171126517,W2031611770
W2171126517,W2148698435
W2171126517,W2141052558
W2033386838,W2164386968
W2033386838,W2072970694
W2033386838,W2080283023
W2033386838,W2088833470
W2033386838,W2111211467
W2033386838,W2167279371
W2033386838,W2099540110
W2033386838,W2110235509
W3007935255,W2471536144
W3007935255,W2147526198
W3007935255,W2069089843
W3007935255,W2800392236
W2999044305,W2194775991
W2999044305,W2095705004
W1998166655,W2078972833
W1998166655,W2131860315
W1998166655,W2028897202
W2170486072,W2054407804
W2170486072,W2115701239
W2170486072,W2117457769
W2170486072,W2131271579
W2060608189,W2126504590
W2169556367,W2117692326
W3003464757,W2799524357
W3003464757,W3002539152
W2021536610,W2153056550
W2021536610,W2120572492
W2043274355,W2149441684
W2043274355,W1989277387
W2900030356,W2110375946
W2900030356,W2160947363
W2900030356,W2072970694
W2900030356,W2124351063
W2900030356,W2136879569
W2900030356,W2034285706
W2900030356,W1005007408
W2126504590,W2146573461
W2077659966,W2170039745
W2077659966,W2000046950
W2077659966,W1976391205
W2077659966,W2064815984
W2077659966,W2003171404
W2077659966,W2045435533
W2190545194,W1984883254
W2190545194,W2137526110
W2190545194,W2152239989
W2190545194,W1999574084
W2130305733,W2053003053
W2131415852,W2085397620
W2131415852,W2108326484
W2131415852,W2038976751
W2424778531,W1947481528
W2424778531,W1895577753
W2424778531,W1810943226
W2376573086,W2170747616
W2376573086,W2160378127
W2376573086,W2132632499
W2376573086,W1969042907
W2376573086,W2086561953
W2900044275,W2138122982
W2900044275,W1989277387
W2900044275,W1965917470
W2886785109,W2155628349
W2886785109,W2102619694
W2886785109,W2036897871
W2886785109,W2141458291
W2886785109,W2102278945
W2886785109,W2104005232
W2886785109,W4210702584
W2886785109,W2138122982
W2886785109,W2017426710
W2886785109,W2323326409
W2886785109,W2179438025
W2886785109,W2131374955
W2886785109,W2131271579
W2886785109,W2170551349
W2886785109,W1900937478
W2886785109,W2031611770
W2886785109,W2336330109
W2886785109,W2020134788
W2886785109,W2169456326
W2886785109,W2510875395
W2153118028,W2115801316
W2153118028,W2171777347
W2153118028,W2117792884
W2153118028,W2147311167
W2153118028,W2088486634
W2153118028,W2133520037
W2153118028,W1976844911
W2027753197,W2085397620
W2259481044,W2170852633
W2259481044,W2098259366
W2259481044,W2121354606
W2431987552,W1864325817
W2431987552,W1971915082
W2431987552,W2140637559
W2616825195,W2110936821
W2616825195,W2139884694
W2616825195,W2032230795
W2616825195,W2166562121
W2616825195,W2087292184
W2616825195,W1968105193
W2616825195,W2003342633
W2616825195,W1999906527
W2616825195,W2147790901
W2616825195,W2068234766
W2616825195,W2078770291
W2616825195,W2236332835
W2616825195,W2004549986
W2616825195,W1420654867
W2616825195,W2952564192
W2616825195,W2550084345
W2616825195,W2143196592
W2980472864,W1997183854
W2980472864,W2762087180
W2980472864,W2002490399
W2980472864,W2981179816
W2054891772,W2064165694
W2054891772,W2147806662
W2054891772,W2086561953
W2054891772,W2058835062
W2054891772,W2034305079
W2028536701,W2025665129
W2087377825,W2580449060
W2087377825,W2476542314
W3099862724,W2146512944
W1515023627,W2067267561
W1515023627,W2148898943
W1515023627,W2010876644
W1515023627,W2153406260
W1515023627,W2030500910
W1515023627,W2060185417
W1515023627,W2082429191
W2950150251,W2128769815
W2950150251,W2125826054
W2950150251,W2159954944
W2950150251,W2120902911
W1482190741,W2034285706
W2052543023,W2078972833
W2052543023,W2117692326
W2052543023,W1998166655
W2052543023,W2131860315
W2592367925,W2086865963
W2592367925,W2401404581
W2592367925,W2117457769
W3015190630,W2180229411
W3015190630,W3009906937
W3015190630,W3009912996
W3015190630,W2168974130
W3015190630,W2152207030
W3015190630,W3009335299
W3015190630,W2765322245
W3015190630,W3007643904
W3015190630,W3003217347
W3015190630,W3010441732
W3015190630,W2166867592
W3015190630,W3004280078
W3015190630,W2114622716
W1107917109,W1985987855
W1107917109,W2117692326
W1107917109,W2153056550
W1107917109,W2010457001
W1107917109,W2049491375
W1107917109,W1966107523
W1107917109,W2028433016
W1107917109,W2066671159
W1107917109,W2057545775
W2796153225,W2152061559
W2796153225,W2109816625
W2796153225,W2262414037
W2796153225,W2096283457
W2796153225,W1986241711
W2796153225,W1950829641
W2796153225,W2123696077
W2796153225,W2275877493
W2796153225,W2335012284
W2796153225,W2041440766
W2796153225,W2158485828
W2796153225,W2068523052
W2796153225,W2180481128
W2796153225,W2126547130
W2796153225,W1848939527
W2796153225,W2149441684
W2796153225,W2614443510
W2796153225,W2117692326
W2796153225,W2796153844
W2796153225,W2009720434
W2796153225,W2114031931
W2796153225,W2157852151
W2796153225,W2044433401
W2796153225,W2613362156
W2796153225,W2044702943
W2110905563,W2171777347
W2110905563,W2170551349
W2110905563,W2141458291
W2110905563,W2152239989
W2110905563,W2130116522
W2110905563,W2157539385
W2110905563,W4247053599
W2110905563,W2168133698
W2125784987,W2072970694
W2125784987,W2083717261
W2125784987,W2166562121
W2125784987,W2128769815
W2125784987,W2023615726
W2125784987,W2139884694
W2125784987,W2110300022
W2125784987,W2004549986
W2125784987,W2125826054
W2125784987,W2071841602
W2125784987,W1993399595
W2125784987,W1968105193
W2125784987,W2162088497
W2125784987,W2080283023
W2125784987,W2124351063
W2125784987,W2155142785
W2125784987,W1976844911
W2125784987,W2143777796
W4242729757,W4242729757
W2511515754,W2104549677
W3001456238,W2903899730
W3001456238,W311927316
W3001456238,W2306794997
W3001456238,W2470646526
W2738082385,W2144269887
W2738082385,W2163924952
W2738082385,W2101357408
W2738082385,W2195783463
W2738082385,W2153860431
W2738082385,W2039153962
W2738082385,W2147311167
W2738082385,W1533942137
W2738082385,W1844405070
W2738082385,W2328393125
W2738082385,W2264585211
W2738082385,W2108994842
W2738082385,W2238851414
W2738082385,W2115801316
W2738082385,W2171777347
W2738082385,W2076154138
W2738082385,W2051314902
W2738082385,W2104549677
W2738082385,W2214074259
W2738082385,W2113699335
W2738082385,W1976844911
W2032183472,W2166810745
W2032183472,W2105349784
W2032183472,W2141831115
W2032183472,W1970741980
W2032183472,W2126504590
W2032183472,W2160333540
W2032183472,W2145931730
W2032183472,W2046387002
W2032183472,W2064165694
W2032183472,W2058835062
W2032183472,W2146573461
W2131848047,W1998767819
W2162078360,W2115944543
W2039705224,W2120503144
W2039705224,W2045435533
W2039705224,W2000046950
W2039705224,W2019670881
W2039705224,W2003171404
W2039705224,W2064815984
W2039705224,W1976391205
W2039705224,W2170039745
W2039705224,W1973260880
W2039705224,W2167380395
W2039705224,W2077659966
W2039705224,W2036176224
W2039705224,W1977709885
W2039705224,W2160051211
W2039705224,W2101749257
W1812256879,W2148977460
W1812256879,W2109816625
W1812256879,W2161289668
W1812256879,W2009720434
W1812256879,W2160382843
W2575750030,W1983403167
W2575750030,W2950354111
W1950829641,W2101653483
W1950829641,W2109816625
W1950829641,W2134471382
W1950829641,W2009720434
W1950829641,W2114031931
W1950829641,W2104885590
W1950829641,W2275877493
W1950829641,W2068523052
W1950829641,W2180481128
W1950829641,W2039123767
W2114392707,W2124351063
W2099343472,W1981463058
W2099343472,W2014787267
W2024903578,W2028897202
W2024903578,W2062533676
W2161112598,W2152061559
W2161112598,W2180481128
W2161112598,W2078972833
W2161112598,W2051025382
W2161112598,W2009720434
W2161112598,W2114031931
W2161112598,W1578291413
W2161112598,W2170552969
W2161112598,W2107633226
W2161112598,W1981989535
W2117247812,W2043398720
W2117247812,W2041686632
W2117247812,W2120572492
W2117247812,W2041535798
W2117247812,W2125789330
W2117247812,W2117692326
W2117247812,W2060608189
W2117247812,W2158233796
W2117247812,W2071271349
W2117247812,W2131860315
W2134887638,W2066411725
W2134887638,W2086667809
W1810943226,W2143612262
W2335029242,W1970741980
W2335029242,W2153056550
W2335029242,W2160333540
W2335029242,W2141831115
W2335029242,W2166810745
W2335029242,W2146573461
W2335029242,W2117692326
W2335029242,W2096465161
W2335029242,W2162547088
W2335029242,W2029919331
W2335029242,W2014787267
W2335029242,W2078059415
W2335029242,W2198153867
W2335029242,W2105349784
W2335029242,W2076154138
W2335029242,W2130687298
W2335029242,W2126504590
W2335029242,W2071271349
W2991012415,W2898402099
W2991012415,W2559191318
W2161212572,W2070021921
W2120426523,W2028536701
W2038976751,W2108326484
W2088883749,W2153056550
W2114031931,W2044433401
W2114031931,W2009720434
W2114031931,W2041440766
W2114031931,W2022495797
W2114031931,W2117692326
W2114031931,W1981989535
W2157554024,W2017387862
W2157554024,W2145151319
W2157554024,W2072970694
W2157554024,W2136482257
W2157554024,W1973831267
W2157554024,W2019075610
W2741508285,W2043398720
W2741508285,W2169456326
W2741508285,W2474747771
W2741508285,W1984068087
W2023560061,W2117692326
W2023560061,W2032518018
W2023560061,W2169895148
W2023560061,W2106391833
W2909668868,W2616825195
W2909668868,W2032230795
W2909668868,W2023506796
W2909668868,W2162088497
W2909668868,W2116846792
W2909668868,W1968105193
W2909668868,W2087292184
W2909668868,W2166562121
W2909668868,W2106787323
W2909668868,W2147790901
W2909668868,W2135989088
W2909668868,W2071841602
W2116585889,W1977601452
W2116585889,W2117801354
W2000177767,W2078059415
W2735687500,W2071271349
W2735687500,W2064165694
W2735687500,W2017919052
W2735687500,W2146573461
W2735687500,W2126504590
W2735687500,W2105349784
W2735687500,W2162547088
W2735687500,W2070777085
W2735687500,W2198153867
W2952463830,W2013371150
W2952463830,W2170486072
W2952463830,W2054407804
W2952463830,W2072970694
W2952463830,W2401404581
W2952463830,W2056279562
W2952463830,W2592367925
W1561041814,W2042851093
W1561041814,W2042433863
W1561041814,W1972483153
W1561041814,W2149515881
W1561041814,W2140637559
W2306794997,W2166867592
W2950993016,W2789843538
W2950993016,W2575750030
W2340761255,W2150575159
W2340761255,W2128551987
W2340761255,W2012034410
W2340761255,W1973268693
W2314634699,W2033617297
W2314634699,W2082429191
W2033023829,W2109491705
W2033023829,W1994942139
W2748607273,W2102471114
W2748607273,W2088494848
W2748607273,W2145151319
W2748607273,W2088833470
W2748607273,W2128769815
W2739492614,W2102212449
W2739492614,W2135937351
W2739492614,W2951506174
W3048805481,W1973831267
W3048805481,W2054600557
W3048805481,W2043103313
W3048805481,W2058863224
W3048805481,W2142556037
W3048805481,W2019075610
W3048805481,W2172598864
W2949100461,W2121091193
W2949100461,W1974047233
W2949100461,W2033151532
W2949100461,W2169556367
W2328393125,W2116868464
W2328393125,W2039153962
W2328393125,W2101357408
W2328393125,W1844405070
W2328393125,W2073836327
W2328393125,W2264585211
W2328393125,W2103783427
W2328393125,W2171777347
W2328393125,W2033151532
W2328393125,W1533942137
W3006500278,W3004480399
W3006500278,W2117692326
W3006500278,W2796153225
W3006500278,W2796153844
W3006500278,W1848939527
W3006500278,W1950829641
W3006500278,W2152061559
W3006500278,W4247053599
W3006500278,W2104549677
W3006500278,W2146005104
W3006500278,W1912672559
W3006500278,W2168133698
W2023615726,W2071841602
W2023615726,W2162088497
W2023615726,W2087292184
W2023615726,W2125826054
W2023615726,W2135989088
W2129034036,W2119180969
W2129034036,W2166214412
W2129034036,W2150131459
W2129034036,W2124362779
W2129034036,W2171777347
W1987557775,W2099343472
W1987557775,W2123032740
W1987557775,W2078972833
W1987557775,W1981463058
W1019830208,W2143612262
W1019830208,W2160995259
W1019830208,W2097998348
W1019830208,W2095705004
W2291298003,W2049553585
W2291298003,W2104885590
W2291298003,W2011458181
W2291298003,W2114031931
W2291298003,W2028433016
W2291298003,W2107429737
W2291298003,W2152061559
W2291298003,W2119180969
W2291298003,W2155943701
W2291298003,W2021341670
W1558095504,W1558095504
W2039551908,W2110634891
W2039551908,W2112444085
W2039551908,W2064815984
W2039551908,W2003171404
W2039551908,W2170039745
W2039551908,W2167380395
W2076357933,W2059145105
W2117792884,W2014787267
W2117792884,W2115801316
W2124799197,W2124351063
W1874122563,W2102806222
W1874122563,W2101571099
W1874122563,W2101997581
W2068523052,W2106787323
W2068523052,W2009720434
W2068523052,W2114031931
W2068523052,W2096283457
W2068523052,W2275877493
W2068523052,W2335012284
W2068523052,W2041535798
W2068523052,W2044702943
W2586407709,W2016360721
W2586407709,W2150575159
W2586407709,W2168631000
W2586407709,W2117692326
W2586407709,W1964847767
W2586407709,W4211233744
W2586407709,W2169491358
W2586407709,W2033278321
W2586407709,W2028593825
W2586407709,W2044433401
W2586407709,W2169895148
W2586407709,W2476542314
W2942829220,W2256742438
W2942829220,W2224056471
W2136541538,W2739174192
W1966411071,W2153268494
W1966411071,W2058835062
W1966411071,W2064165694
W1966411071,W2147806662
W1966411071,W2068205741
W1966411071,W2054891772
W2894687190,W2102212449
W2894687190,W2135937351
W2894687190,W1979283544
W2916749909,W2115779804
W2916749909,W2128613449
W2916749909,W2124490243
W2916749909,W2153860431
W2916749909,W2054275187
W2916749909,W2141820415
W2916749909,W2051314902
W2916749909,W2147311167
W2916749909,W2761275051
W2916749909,W2195783463
W2916749909,W2096791516
W2916749909,W2133520037
W2916749909,W2082704080
W2916749909,W2723723801
W2916749909,W2096465161
W2916749909,W2059145105
W2916749909,W2160995259
W2916749909,W2073836327
W2916749909,W2328393125
W2916749909,W1490161904
W2916749909,W2110256992
W2916749909,W1989277387
W2916749909,W2096173332
W2916749909,W2345356016
W2916749909,W2770092353
W2916749909,W2417483443
W2916749909,W1976844911
W2626606138,W2195783463
W2626606138,W2153860431
W2626606138,W2103783427
W2626606138,W2108994842
W2626606138,W1844405070
W2626606138,W1533942137
W2626606138,W2143625465
W2626606138,W2076154138
W2626606138,W2039153962
W2626606138,W2078059415
W2626606138,W2101357408
W2626606138,W2116868464
W2626606138,W2155496693
W2626606138,W1014257459
W2100039832,W2101653483
W2100039832,W2097995306
W2100039832,W2127063807
W2100039832,W2119896120
W2144499799,W2147880316
W1976391205,W2045435533
W1976391205,W2019670881
W1976391205,W2003171404
W1976391205,W2064815984
W2891078715,W2096093282
W2891078715,W2336330109
W2147311167,W1976844911
W2047885502,W2023506796
W2047885502,W2121748291
W2148663653,W2032230795
W2148663653,W2125826054
W2148663653,W1479863711
W1848939527,W2068523052
W1848939527,W2009720434
W1848939527,W2114031931
W1848939527,W2157852151
W1848939527,W2096283457
W1848939527,W2123696077
W1848939527,W2335012284
W1848939527,W2106578986
W1848939527,W1999574084
W1848939527,W4247053599
W1848939527,W2130687298
W1848939527,W2117131162
W1848939527,W2115462905
W1848939527,W2157795344
W2095987251,W4236463097
W2133402546,W1994942139
W2133402546,W2099610218
W2133402546,W2105349784
W3043124965,W3004318991
W3043124965,W3003217347
W3043124965,W3005235420
W3043124965,W1983102293
W2089335658,W2059145105
W2089335658,W2171777347
W2089335658,W2107916366
W2166214412,W2124362779
W2166214412,W2093044565
W2166214412,W2107916366
W2166214412,W3136389637
W2121055398,W2154071138
W2121055398,W2154026962
W2121055398,W2116206245
W2972368830,W2126525177
W2972368830,W2115852450
W2972368830,W2080094749
W2972368830,W2140718540
W2972368830,W2329336071
W2972368830,W2340035112
W1999720993,W2036145275
W2950464315,W2138207763
W2950464315,W2134526812
W2950464315,W2169456326
W2950464315,W2110905563
W2950464315,W2102278945
W2950464315,W2102619694
W2950464315,W1973094248
W2950464315,W2146512944
W2950464315,W2137526110
W2950464315,W2179438025
W2950464315,W2140729960
W2127175247,W2170153270
W2127175247,W2125826054
W2127175247,W2034285706
W2127175247,W2128769815
W2127175247,W2124351063
W2132566055,W2045295282
W2132566055,W2117692326
W2132566055,W2005334224
W2951799803,W1984883254
W2951799803,W2519132385
W3008295344,W2160378127
W3008295344,W3004280078
W3008295344,W3004318991
W3008295344,W2470646526
W3008295344,W3001456238
W2194187530,W2102605133
W2194187530,W2143612262
W2124490243,W2168133698
W2124490243,W2119180969
W2124490243,W1984068087
W2124490243,W2059145105
W1952608303,W2139066576
W1952608303,W2085978470
W2294707565,W2152207030
W2781763834,W2116206245
W2781763834,W2206071891
W2781763834,W2588775853
W2781763834,W2579533542
W2781763834,W2103296919
W2781763834,W2121055398
W2781763834,W2396849069
W2781763834,W2112364185
W2781763834,W2175094144
W2161771297,W2076922024
W2161771297,W2171777347
W2206071891,W2121055398
W2206071891,W2116206245
W2513547424,W2166867592
W2793785833,W2071930821
W2793785833,W2065847836
W2793785833,W2078964320
W2793785833,W1991807334
W2793785833,W1941339056
W2793785833,W2053003053
W2793785833,W2627064270
W2793785833,W2014677321
W2793785833,W2140729960
W2793785833,W2141458291
W2793785833,W2036897871
W2793785833,W2102278945
W2793785833,W2134526812
W2793785833,W2188223075
W2608687752,W1561041814
W2608687752,W1864325817
W2796559433,W2158485828
W2796559433,W1974047233
W2796559433,W2121091193
W2796559433,W2150748567
W2796559433,W2115852450
W2796559433,W1987557775
W2796559433,W2949100461
W2116868464,W2106779017
W2289704315,W2152207030
W2029092200,W2164526292
W2029092200,W2005404508
W2029092200,W2124351063
W2029092200,W2072970694
W2029092200,W2133856765
W2042851093,W2042433863
W2042851093,W1972483153
W2042851093,W2134219545
W2107429737,W2097995306
W2107429737,W2011458181
W2107429737,W2104885590
W2107429737,W2028433016
W2107429737,W1498931318
W2107429737,W2134471382
W2107429737,W2049553585
W2107429737,W1950829641
W2107429737,W2021341670
W2016603972,W2116585889
W2016603972,W2117801354
W1844405070,W2155496693
W1844405070,W2259938310
W1844405070,W2078059415
W1844405070,W2033151532
W1844405070,W2153860431
W1844405070,W2101357408
W1844405070,W2004966039
W1844405070,W2015845481
W1844405070,W2147311167
W1844405070,W2115801316
W1844405070,W2143625465
W1844405070,W2107916366
W1844405070,W2096791516
W1844405070,W1976844911
W1844405070,W2076154138
W1844405070,W2195783463
W2906067435,W4211233744
W2906067435,W2016360721
W2981179816,W1997183854
W2981179816,W2002490399
W2981179816,W2762087180
W2981179816,W2549188196
W2981179816,W2980472864
W2067632426,W2097995306
W2067632426,W2010121426
W2067632426,W2004630197
W2067632426,W2162695817
W2067632426,W2153056550
W2067632426,W2118278569
W2067632426,W2117692326
W2067632426,W2049491375
W2067632426,W2134219545
W2142556037,W2017387862
W2142556037,W2145151319
W2142556037,W2147637673
W2142556037,W2010854320
W2142556037,W1973831267
W2142556037,W2019075610
W2142556037,W2102471114
W2142556037,W2171788269
W2142556037,W2050018481
W1420654867,W2128769815
W1420654867,W2125826054
W1420654867,W2004549986
W1420654867,W2032230795
W1420654867,W2042433863
W1420654867,W2060185417
W1420654867,W1999906527
W1420654867,W2003342633
W1420654867,W2023506796
W1420654867,W2162088497
W1420654867,W2166562121
W1420654867,W2087292184
W1420654867,W2110235509
W2017919052,W2064165694
W2017919052,W2058835062
W2017919052,W2147806662
W2017919052,W2034305079
W2017919052,W2128551987
W2402636472,W2096283457
W2402636472,W2022495797
W2402636472,W2005895632
W2402636472,W2134539328
W2402636472,W2032518018
W2402636472,W2043398720
W2402636472,W2149441684
W2402636472,W2097995306
W2402636472,W2004630197
W2402636472,W2028433016
W2402636472,W2066671159
W2402636472,W2143772132
W2402636472,W2044702943
W1905829557,W2102605133
W1905829557,W2163605009
W1905829557,W1903029394
W1905829557,W2097117768
W1905829557,W125693051
W2787816121,W2097360283
W2787816121,W1812256879
W2787816121,W1973094248
W2787816121,W2101870168
W2787816121,W4294541781
W2029919331,W1757407923
W2029919331,W2022495797
W2029919331,W2166810745
W2029919331,W2153268494
W2029919331,W2166820820
W2029919331,W2096465161
W2029919331,W2160333540
W2029919331,W2147526198
W2029919331,W2141831115
W2029919331,W2259938310
W2029919331,W2116868464
W2029919331,W2051025382
W2029919331,W2107633226
W2029919331,W2005895632
W2029919331,W2096283457
W2029919331,W2146573461
W2029919331,W2100305481
W2029919331,W2081465448
W2029919331,W2032019813
W2029919331,W2102619694
W2029919331,W2141458291
W2029919331,W2152239989
W2029919331,W2010457001
W2029919331,W2044702943
W2886752110,W2256016639
W2886752110,W2082704080
W2886752110,W2238851414
W2886752110,W2527824850
W2886752110,W2723723801
W2886752110,W1014257459
W2886752110,W2104549677
W2886752110,W2099085143
W2886752110,W2751884637
W2886752110,W2121394112
W2162547088,W2078059415
W2162547088,W2166810745
W2162547088,W2146573461
W2162547088,W2070777085
W2162547088,W2029919331
W2162547088,W2153056550
W2162547088,W2152061559
W2162547088,W2127862779
W2162547088,W2141831115
W2162547088,W2153268494
W2162547088,W2117247812
W2162547088,W2126504590
W2162547088,W2046387002
W2162547088,W2145931730
W2162547088,W2058835062
W2162547088,W2064165694
W2162547088,W2160333540
W2137586531,W2136482257
W2171788269,W2017387862
W2171788269,W2028886234
W2127862779,W1973260880
W2127862779,W2101749257
W2127862779,W2045435533
W2127862779,W2019670881
W2127862779,W2043398720
W2127862779,W2096261947
W2127862779,W2152505144
W2127862779,W2036176224
W2127862779,W2010457001
W2127862779,W2170551349
W2127862779,W1999574084
W3016016792,W2781763834
W3016016792,W2121055398
W3016016792,W2951254987
W3016016792,W2096093282
W3016016792,W2143485490
W3016016792,W2141052558
W3016016792,W2927961455
W3016016792,W2889019390
W3016016792,W2160378127
W3016016792,W2111647009
W3016016792,W2951464304
W3016016792,W2513727910
W3016016792,W2045204781
W3016016792,W1900937478
W2164386968,W2110389012
W2164386968,W2125826054
W2189205651,W1980270634
W2189205651,W1997183854
W2189205651,W2002490399
W2093044565,W2124362779
W2093044565,W2166214412
W2125948619,W2080283023
W2125948619,W2124351063
W2125948619,W2136879569
W2125948619,W2170747616
W2125948619,W2127499811
W1964963969,W2096465161
W1964963969,W2166810745
W1964963969,W2259938310
W1964963969,W2140952049
W1971915082,W1994942139
W1971915082,W1985538633
W1971915082,W2131415852
W1971915082,W2089532303
W1971915082,W2048030072
W3085758516,W2155628349
W3085758516,W2950354111
W3085758516,W1983403167
W3085758516,W3002362821
W3085758516,W2021341670
W3085758516,W2117131162
W2023010129,W2081465448
W2108994842,W2168133698
W2108994842,W2059145105
W2949841808,W2045204781
W2949841808,W2138122982
W2949841808,W2147526198
W2949841808,W1490161904
W2949841808,W2101291993
W2949841808,W2131848047
W2949841808,W2142428670
W1985444222,W2146573461
W1985444222,W1981463058
W2041686632,W2106391833
W2041686632,W2146573461
W2041686632,W2078972833
W2041686632,W2041535798
W2120572492,W2153056550
W2120572492,W2041535798
W1966623514,W2072970694
W1966623514,W2124351063
W2091705028,W2171777347
W2091705028,W2124362779
W2091705028,W2119180969
W1973831267,W2010854320
W1973831267,W2019075610
W1973831267,W2145151319
W1973831267,W2032230795
W1973831267,W2072970694
W2150748567,W2117692326
W2150748567,W2158734599
W2150748567,W2115852450
W2150748567,W2118278569
W2150748567,W2069519394
W2393535458,W2141152740
W2900082702,W2097995306
W2900082702,W2066671159
W2900082702,W2039123767
W2900082702,W2049491375
W2900082702,W2886498337
W2900082702,W2765314233
W2900082702,W2766903152
W2900082702,W2009720434
W2900082702,W2606495925
W2900082702,W2613362156
W2900082702,W2104885590
W2900082702,W2049553585
W2900082702,W2299181842
W2900082702,W2152061559
W2900082702,W2291298003
W2900082702,W2107429737
W2900082702,W2119180969
W2900082702,W2010121426
W2900082702,W2785803176
W3036135788,W2169456326
W3036135788,W2107772251
W3036135788,W2102278945
W3036135788,W2599417231
W3036135788,W2137586531
W3048398081,W2134852597
W3048398081,W2120902911
W2169101968,W2899173353
W2169101968,W2169101968
W2536322725,W2011458181
W2536322725,W2120426523
W2536322725,W2067632426
W2536322725,W2091129202
W2536322725,W1971915082
W2536322725,W2107429737
W2536322725,W2060672294
W2536322725,W2117692326
W2536322725,W1523693806
W2042789810,W2096465161
W2042789810,W2100305481
W2042789810,W2259938310
W2042789810,W2519244818
W2156078931,W2104830962
W2787902098,W2004549986
W2787902098,W2033829415
W2787902098,W2125784987
W2787902098,W2155496693
W2787902098,W2033151532
W2787902098,W2116846792
W2787902098,W2131271579
W2787902098,W2170551349
W2787902098,W2104549677
W2787902098,W2072970694
W2787902098,W2102213696
W2019670881,W2120503144
W2141820415,W2171777347
W2141820415,W2059145105
W2141820415,W2096465161
W2141820415,W2259938310
W2946204549,W2116206245
W2946204549,W2175094144
W2946204549,W2101997581
W2946204549,W2766358903
W2946204549,W2781763834
W2946204549,W2579533542
W4250359879,W2107916366
W4250359879,W2104549677
W4250359879,W2259938310
W4250359879,W4210702584
W4250359879,W2096465161
W4250359879,W2417483443
W4250359879,W2302501749
W4250359879,W2059145105
W4250359879,W2256016639
W4250359879,W2174602966
W4250359879,W2320983896
W2131860315,W2078972833
W2131860315,W1981463058
W2131860315,W2161289668
W2988310131,W2069519394
W2988310131,W2115852450
W2988310131,W2129155846
W2988310131,W1982481909
W2559191318,W2224056471
W2559191318,W2153544371
W1998943389,W1491719799
W2535995078,W2129933858
W2535995078,W2170551349
W2535995078,W4242729757
W2174602966,W2154866190
W2174602966,W2051978340
W2174602966,W2162151166
W2949693884,W2102212449
W2949693884,W1979283544
W2152505144,W2068205741
W2152505144,W2141831115
W2152505144,W2166810745
W2152505144,W2112444085
W2152505144,W2101749257
W2152505144,W2160051211
W2152505144,W2039705224
W2152505144,W1973260880
W2152505144,W2044433401
W2152505144,W2077659966
W2152505144,W2036176224
W2883573930,W2104549677
W2883573930,W2153860431
W2883573930,W1844405070
W2883573930,W2133520037
W2883573930,W2099085143
W2883573930,W2195783463
W2883573930,W2096791516
W2883573930,W2051314902
W2883573930,W1965917470
W2883573930,W2581259096
W2153268494,W2160333540
W2153268494,W2141831115
W2153268494,W2166810745
W2153268494,W2126419817
W2153268494,W2133968430
W2153268494,W2064165694
W2153268494,W2014787267
W2153268494,W2058835062
W2153268494,W2105349784
W2153268494,W2141458291
W2153268494,W2126504590
W3109968655,W2809418529
W3109968655,W2771511416
W3109968655,W2908304050
W3109968655,W2620099204
W2054600557,W2017387862
W2054600557,W2157554024
W2054600557,W2019075610
W2054600557,W2145151319
W2054600557,W1973831267
W2054600557,W2023506796
W2054600557,W2004014148
W2054600557,W2139884694
W2054600557,W2072970694
W2015845481,W2014787267
W2015845481,W2259938310
W2015845481,W2097360283
W2015845481,W1964963969
W2015845481,W2166810745
W2015845481,W1971578941
W2015845481,W2014677321
W2015845481,W4294541781
W2015845481,W2141458291
W2015845481,W2171777347
W2015845481,W2102619694
W2059359550,W2138122982
W2059359550,W2160378127
W2059359550,W4320301318
W2059359550,W2133870991
W2059359550,W2130362098
W2059359550,W2997591727
W2236822143,W2131271579
W2236822143,W2169456326
W2236822143,W2137586531
W2236822143,W2104005232
W2236822143,W2126419817
W2236822143,W2011657487
W2236822143,W2134526812
W2236822143,W2138207763
W2236822143,W2141458291
W2236822143,W1999574084
W2236822143,W2107018762
W2236822143,W2152239989
W2236822143,W2166820820
W2236822143,W2137526110
W2236822143,W2179438025
W2236822143,W2100305481
W2236822143,W2066231767
W2236822143,W2117131162
W2236822143,W2170551349
W2236822143,W2107060225
W2236822143,W2159707944
W2236822143,W1973094248
W2236822143,W2147526198
W2236822143,W2077327925
W2236822143,W2073836327
W2236822143,W2076154138
W2236822143,W1973268693
W2236822143,W2136482257
W2236822143,W2019552331
W2236822143,W2102212449
W2236822143,W1984883254
W2236822143,W2140729960
W2236822143,W2018838463
W2507880739,W2066671159
W2507880739,W1966107523
W2507880739,W2028433016
W2507880739,W2124427232
W2507880739,W2039123767
W2507880739,W2004630197
W2507880739,W2049491375
W2507880739,W1107917109
W2507880739,W1986241711
W2507880739,W1985987855
W2008627757,W2119180969
W2063632665,W2118278569
W2063632665,W2058648826
W2063632665,W2065210647
W2063632665,W1985859986
W2063756105,W2142428670
W2063756105,W2096093282
W2063756105,W2143485490
W2063756105,W2003171404
W2078972833,W1981463058
W2754890392,W2124490243
W2754890392,W2014677321
W2754890392,W2622807556
W2754890392,W2140380746
W2754890392,W2019552331
W2754890392,W2100305481
W2754890392,W1996024251
W3047141442,W1984883254
W3047141442,W2766437506
W3047141442,W2800392236
W3047141442,W2889326414
W3047141442,W2102212449
W3047141442,W2019552331
W2040547343,W2088486634
W2763367287,W4211233744
W2763367287,W2042619042
W2763367287,W2586629973
W3011483298,W3004280078
W3011483298,W3009912996
W3011483298,W3003668884
W3011483298,W2794480084
W3011483298,W3004239190
W3011483298,W3002539152
W3011483298,W3005679569
W3011483298,W2800392236
W3011483298,W2984472267
W2143777796,W2047208232
W2143777796,W2128769815
W2143777796,W2125826054
W2143777796,W2106779017
W2143777796,W2110389012
W2143777796,W2068234766
W2143777796,W2032230795
W2143777796,W2101120467
W2143777796,W2031611770
W2143777796,W2133856765
W2581259096,W2581259096
W2019075610,W2125826054
W2175094144,W2116206245
W2799670133,W2551675031
W2799670133,W2052419127
W2799670133,W3217264615
W2799670133,W2800663167
W1857797615,W2102806222
W2032518018,W2169895148
W2537679995,W2739999456
W2537679995,W2174602966
W2537679995,W2116868464
W2537679995,W1989277387
W2537679995,W2256016639
W2537679995,W2104549677
W2537679995,W2417483443
W2537679995,W2302501749
W2537679995,W2162151166
W2537679995,W2320983896
W2028886234,W2012986985
W2586629973,W2103004421
W2586629973,W2152061559
W2586629973,W2171237493
W2586629973,W2150575159
W2586629973,W2035252444
W2586629973,W2291298003
W2586629973,W2049553585
W2586629973,W2028433016
W2586629973,W2161817637
W2586629973,W2104885590
W2586629973,W2332292689
W2586629973,W2107429737
W1498931318,W2044835625
W1498931318,W2097995306
W1498931318,W1999574084
W1498931318,W2115462905
W1498931318,W1984068087
W1498931318,W2096791516
W2078770291,W2106787323
W2078770291,W2096139589
W2078770291,W2166562121
W2078770291,W1968105193
W2078770291,W2087292184
W2078770291,W2004549986
W2078770291,W2060185417
W2078770291,W1999906527
W2078770291,W2110389012
W2078770291,W2003342633
W2078770291,W2118278569
W2078770291,W2004630197
W2078770291,W2044433401
W2044928246,W2018286352
W2139736159,W1981989535
W2070614858,W2120503144
W2070614858,W2045435533
W2070614858,W2019670881
W2070614858,W2064815984
W2070614858,W2003171404
W2070614858,W2096261947
W2070614858,W2036176224
W2070614858,W2077659966
W1982481909,W2130458932
W1982481909,W2150748567
W1982481909,W2115852450
W1982481909,W2130495917
W1982481909,W2069519394
W1982481909,W2126525177
W2134342374,W2152014155
W1970741980,W2160333540
W1970741980,W2141831115
W1970741980,W2070021921
W1970741980,W2166810745
W1970741980,W2146573461
W1970741980,W2014787267
W1970741980,W2161212572
W1970741980,W2105349784
W1970741980,W2126504590
W1970741980,W2071271349
W2066231767,W2166820820
W2066231767,W2335012284
W2521967673,W2096791516
W2521967673,W2059145105
W2521967673,W2076357933
W2521967673,W2089335658
W2521967673,W2160995259
W2521967673,W2154866190
W2521967673,W2174602966
W2521967673,W2051978340
W2521967673,W2006617902
W2521967673,W2096465161
W2521967673,W2320983896
W2521967673,W2171033594
W2521967673,W1554944419
W2983166786,W2770026599
W2983166786,W2537679995
W2983166786,W3136918052
W2983166786,W2417483443
W2983166786,W2901303766
W1014257459,W2004608617
W1014257459,W2143625465
W1014257459,W2115801316
W2103901746,W2128769815
W2396077153,W1973062929
W2396077153,W2481029670
W2909477364,W2795845448
W2909477364,W2536322725
W2909477364,W2763871199
W2909477364,W1985124617
W2909477364,W1985538633
W2909477364,W2593816418
W2909477364,W1523693806
W2909477364,W2048030072
W2909477364,W2065031087
W2795845448,W1985124617
W2795845448,W2593816418
W2795845448,W1970637701
W2266290735,W2150748567
W2266290735,W2130458932
W2266290735,W2069519394
W2597062310,W2123696077
W2597062310,W1987313243
W2238851414,W2096791516
W2238851414,W2033151532
W2238851414,W1984068087
W2238851414,W2153118028
W2238851414,W2147311167
W2238851414,W2078059415
W2238851414,W2033896075
W2238851414,W2116868464
W2238851414,W2259938310
W2962691117,W2111619626
W2962691117,W2058401212
W2962691117,W631335369
W2962691117,W2134295053
W2962691117,W2031834036
W3017334101,W3008696669
W3017334101,W3004239190
W3017334101,W2787024379
W3017334101,W2606915822
W3017334101,W2587970647
W2091627137,W2080283023
W2091627137,W2166171121
W2091627137,W2136879569
W2091627137,W2115701239
W2091627137,W2117457769
W2091627137,W2034285706
W2158233796,W2161289668
W2158233796,W1984068087
W2471500324,W2060672294
W2471500324,W1107917109
W2471500324,W1971620413
W2471500324,W2159560463
W2471500324,W2070855360
W2911487850,W2738082385
W2911487850,W2153860431
W2911487850,W2805983714
W2911487850,W2051314902
W2911487850,W2139852368
W2911487850,W2101357408
W2911487850,W2511515754
W2911487850,W2102213696
W2911487850,W2133520037
W2911487850,W2099085143
W2911487850,W2136430672
W2911487850,W2195783463
W2911487850,W1844405070
W2911487850,W2259938310
W2911487850,W2076154138
W2911487850,W2004966039
W2911487850,W2015845481
W2911487850,W2104549677
W2911487850,W2163013660
W2911487850,W2107940314
W1987313243,W2152061559
W1987313243,W2009720434
W1987313243,W2123696077
W1987313243,W2275877493
W1987313243,W2119180969
W1987313243,W2117131162
W2932671560,W2886752110
W2932671560,W2101357408
W2932671560,W2883573930
W2932671560,W2104549677
W2932671560,W1014257459
W2932671560,W2511515754
W2932671560,W2723723801
W2943793201,W1997183854
W2943793201,W2002490399
W2943793201,W2549188196
W2943793201,W2189205651
W2544493586,W2134852597
W2091129202,W2000177767
W2091129202,W2077553363
W2091129202,W2022687771
W2130594874,W2061123122
W2130594874,W2107915297
W2140637559,W4211217520
W2140637559,W1971915082
W2463708289,W2060608189
W2463708289,W1981463058
W2463708289,W2117692326
W2463708289,W2041686632
W2463708289,W2117247812
W2463708289,W2106391833
W2463708289,W2041535798
W2463708289,W2105349784
W2463708289,W2158233796
W2463708289,W2739174192
W2463708289,W2076154138
W2224398381,W2096261947
W2224398381,W2039705224
W2224398381,W2050480410
W2224398381,W2077659966
W2224398381,W2036176224
W2224398381,W2167380395
W2224398381,W2120503144
W2224398381,W2045435533
W2224398381,W2000046950
W2224398381,W2003171404
W2224398381,W2064815984
W2224398381,W2188223075
W2224398381,W2070614858
W2224398381,W2165869860
W2224398381,W2128880918
W2536270858,W2914053210
W2536270858,W1972643702
W1878521557,W2103901746
W1878521557,W2113679889
W2143509157,W1976844911
W2113934014,W1972483153
W2145931730,W2046387002
W2736920791,W2950150251
W2736920791,W2112364185
W1991082489,W2054891772
W1991082489,W2259938310
W1991082489,W2064165694
W1991082489,W2017919052
W1991082489,W2147806662
W1991082489,W2058835062
W1991082489,W2034305079
W1991082489,W2519244818
W2075294566,W2125789330
W2075294566,W2043398720
W2043103313,W2017387862
W2043103313,W2147897291
W2043103313,W2145151319
W2043103313,W1973831267
W2043103313,W2154026962
W2043103313,W2019075610
W2043103313,W2125826054
W2043103313,W1980680725
W2043103313,W3147310958
W1972145956,W2031611770
W1972145956,W2041257508
W1987490818,W2025238960
W2774178591,W2037312364
W2774178591,W1803102843
W2774178591,W2149525061
W2774178591,W2138122982
W2774178591,W2127322768
W2774178591,W2160378127
W2774178591,W2950954328
W2774178591,W2111211467
W2774178591,W2173732482
W2774178591,W4211196614
W2134471382,W2059145105
W2134471382,W2123696077
W2134471382,W2168133698
W2134471382,W4247053599
W2902282736,W2047885502
W2902282736,W2586629973
W2902282736,W1971620413
W2902282736,W2042433863
W2972933339,W2078964320
W2972933339,W2065847836
W2972933339,W2165547003
W2972933339,W1991807334
W2972933339,W1941339056
W2972933339,W2008410413
W2972933339,W2793785833
W2972933339,W2053003053
W2972933339,W2071930821
W2028593825,W2106391833
W2614443510,W2158485828
W2614443510,W2114031931
W2614443510,W2149441684
W2614443510,W2114843025
W2614443510,W2096283457
W2614443510,W2262414037
W2614443510,W2126547130
W2614443510,W2051978340
W2614443510,W2180481128
W2614443510,W2044702943
W2614443510,W2613362156
W2804854320,W2748607273
W2804854320,W1994000771
W2804854320,W1966623514
W2804854320,W2083717261
W2804854320,W2113977541
W2804854320,W2148663653
W2804854320,W2011312755
W2804854320,W2062533676
W1912672559,W2096791516
W1912672559,W2171777347
W1912672559,W2104549677
W1912672559,W4247053599
W1912672559,W2259938310
W2051025382,W2107633226
W2051025382,W2123696077
W2094458603,W2037312364
W2094458603,W1987134040
W2106779017,W2155496693
W1987769185,W1970637701
W1987769185,W2028536701
W2035252444,W2168631000
W2035252444,W2049491375
W2035252444,W2066671159
W2035252444,W2060672294
W2035252444,W2044835625
W2035252444,W2097995306
W2035252444,W1980497534
W4293861220,W2016236854
W2126452774,W2116846792
W2126452774,W2078770291
W2126452774,W2149515881
W2126452774,W2126034631
W2096500024,W2148898943
W2096500024,W1980789245
W2096500024,W2033617297
W2096500024,W1996024251
W2136430672,W2149992227
W2136430672,W2259938310
W2136430672,W2171777347
W2136430672,W2078059415
W2604323123,W2134219545
W2604323123,W2012490955
W2604323123,W2550084345
W2604323123,W2115944543
W2604323123,W2078770291
W2520632143,W2044433401
W2520632143,W1934094702
W2520632143,W2016360721
W2520632143,W1498931318
W2785091318,W2118278569
W2785091318,W2117692326
W2785091318,W2033278321
W2785091318,W2070855360
W2785091318,W2512899508
W2785091318,W2028536701
W2785091318,W2134887638
W2785091318,W2766903152
W2785091318,W2765314233
W2785091318,W1999906527
W2785091318,W2003342633
W2785091318,W2140380746
W2024405748,W2059145105
W2024405748,W2089335658
W2096139589,W2262414037
W2096139589,W2128769815
W2096139589,W2060672294
W2096139589,W2106787323
W2096139589,W2044835625
W2096139589,W2058648826
W4211010233,W2075784822
W4211010233,W2075207275
W4211010233,W1978424046
W2770598799,W2169556367
W2770598799,W2103783427
W2770598799,W2113699335
W2770598799,W2324862792
W2770598799,W2328393125
W2146005104,W2171777347
W1990956554,W2110664940
W3002362821,W2107772251
W3002362821,W2950354111
W3002362821,W2155628349
W3004896487,W2903899730
W3004896487,W2513547424
W2794521141,W2135937351
W2794521141,W2102212449
W2794521141,W2146512944
W2794521141,W2019552331
W2794521141,W2951506174
W2794521141,W2169456326
W2794521141,W2138207763
W2750416916,W2117757143
W2750416916,W2259938310
W2750416916,W1531821806
W2750416916,W2102619694
W2750416916,W2078059415
W2750416916,W2179438025
W2750416916,W2076154138
W2163924952,W2106779017
W2163924952,W2155496693
W2163924952,W2047208232
W2163924952,W2147311167
W2163924952,W2040547343
W2163924952,W2115801316
W2163924952,W2117792884
W2163924952,W1981030303
W2163924952,W2171777347
W2100122648,W2064815984
W2100122648,W2003171404
W2100122648,W1973260880
W2100122648,W2152239989
W2100122648,W2036176224
W2100122648,W2077659966
W2100122648,W1989277387
W2961217357,W2109816625
W2961217357,W1999574084
W2961217357,W2068767807
W2961217357,W2161289668
W2961217357,W2332292689
W2961217357,W2160382843
W2130458932,W2150748567
W2130458932,W2126525177
W2130458932,W2069519394
W2130458932,W2115852450
W2736456658,W2090602773
W2736456658,W2081163858
W2736456658,W2132484323
W2736456658,W2200817828
W2736456658,W2557800876
W2744377419,W2021536610
W2744377419,W2120572492
W2744377419,W2114031931
W2744377419,W2586629973
W2744377419,W2066671159
W2744377419,W2593816418
W2740618823,W2752326209
W2125789330,W2104830962
W2125789330,W2043398720
W2172598864,W2157554024
W2172598864,W2102471114
W2172598864,W2026006003
W2172598864,W2033829415
W2172598864,W2043103313
W2172598864,W2017387862
W2172598864,W2110235509
W2172598864,W1973831267
W2172598864,W2114392707
W2172598864,W2124351063
W2172598864,W2072970694
W2172598864,W2160947363
W2172598864,W2034285706
W2921434986,W1994993231
W2921434986,W2578528809
W2921434986,W2035252444
W2921434986,W2102212449
W2068205741,W2064815984
W2068205741,W2064165694
W2068205741,W2014787267
W2068205741,W2003171404
W2068205741,W2058835062
W2068205741,W2126504590
W2999421965,W1970637701
W2999421965,W2795845448
W2999421965,W2763871199
W2999421965,W1523693806
W2999421965,W2003982930
W2909194804,W2108994842
W2909194804,W2096465161
W2909194804,W2194775991
W2909194804,W2008627757
W2909194804,W2256016639
W2909194804,W2018838463
W2909194804,W2078059415
W2909194804,W2417483443
W2909194804,W1533942137
W2145151319,W1973831267
W2817838603,W2135937351
W2817838603,W2102212449
W2817838603,W2019552331
W2817838603,W1875842236
W2817838603,W2951506174
W2817838603,W2889326414
W2817838603,W2953151710
W2264585211,W2163924952
W2264585211,W2153118028
W2264585211,W2039153962
W2264585211,W2115801316
W2264585211,W2155496693
W2264585211,W2033151532
W2264585211,W2195783463
W2264585211,W2073836327
W2264585211,W1844405070
W2264585211,W2153860431
W1974964336,W2129933858
W1974964336,W4247053599
W1974964336,W2152239989
W1974964336,W2131374955
W1974964336,W2012986985
W2550084345,W2110256992
W2550084345,W2409656339
W2550084345,W2078770291
W2550084345,W2236332835
W2550084345,W2125826054
W2336656712,W2109491705
W2336656712,W2153406260
W2336656712,W2014677321
W2336656712,W2059357290
W2336656712,W2089532303
W2796153844,W2096283457
W2796153844,W1950829641
W2796153844,W2123696077
W2796153844,W2041440766
W2796153844,W1255676896
W2796153844,W2180481128
W2796153844,W1848939527
W2796153844,W2161112598
W2796153844,W1812256879
W2796153844,W2009720434
W2796153844,W2157852151
W2796153844,W2519132385
W2796153844,W2796207838
W2796153844,W2115462905
W2796153844,W2044702943
W2809057270,W2139066576
W2809057270,W2590568317
W2809057270,W2756821926
W2809057270,W2085978470
W2809057270,W1971578941
W2809057270,W2004966039
W2809057270,W1952608303
W2809057270,W2167279371
W2809057270,W2137586531
W2809057270,W2102619694
W2163953557,W2171777347
W2988773550,W2117692326
W2988773550,W2791483720
W2988773550,W2152061559
W2988773550,W2586629973
W2988773550,W2613362156
W2988773550,W2587048937
W2988773550,W2104885590
W2988773550,W2049553585
W2988773550,W2171237493
W2988773550,W2128035403
W2988773550,W1973260880
W2988773550,W2741508285
W2010876644,W2148898943
W2026006003,W2143777796
W2026006003,W2013371150
W2026006003,W2071841602
W2026006003,W2072970694
W2026006003,W2133856765
W2026006003,W2152239989
W2026006003,W2113977541
W2047208232,W2106779017
W2047208232,W2125826054
W2047208232,W2110389012
W145329232,W2122559203
W145329232,W2070300719
W145329232,W2042433863
W2199695484,W2120503144
W2199695484,W2045435533
W2199695484,W2039705224
W2019552331,W2169456326
W2019552331,W2140729960
W2019552331,W2141458291
W2019552331,W2137586531
W1855058198,W2163924952
W2162151166,W2154866190
W2801361050,W2031611770
W2801361050,W2141052558
W2000046950,W2045435533
W2000046950,W2120503144
W2000046950,W2019670881
W2000046950,W2064815984
W2000046950,W2003171404
W2000046950,W1976391205
W2000046950,W2039705224
W2179653678,W2175951962
W2179653678,W2143485490
W2179653678,W2120902911
W2179653678,W2107772251
W2179653678,W2112364185
W2179653678,W2141052558
W2179653678,W2147526198
W2179653678,W2124351063
W2179653678,W2148698435
W2340338776,W1523693806
W2611604995,W2070050178
W2611604995,W2141292707
W2611604995,W2224056471
W2611604995,W4210702584
W2767377392,W2114843025
W2767377392,W2068523052
W2784164089,W2110375946
W2784164089,W2072970694
W2784164089,W2047885502
W2784164089,W2023506796
W2784164089,W2162088497
W2784164089,W2164386968
W2188223075,W2064815984
W2188223075,W2003171404
W2188223075,W2036176224
W2188223075,W2077659966
W2188223075,W2167380395
W2188223075,W2000046950
W2188223075,W2070614858
W2144105873,W2012490955
W2135230723,W2141458291
W2085315239,W2159474015
W2606001457,W2044433401
W2606001457,W2117247812
W2606001457,W2028593825
W2606001457,W2042619042
W2606001457,W4211233744
W2606001457,W1964847767
W2606001457,W2033278321
W2606001457,W2016360721
W2606001457,W2168631000
W2606001457,W1971620413
W2606001457,W1980497534
W3007172120,W2396849069
W3007172120,W2950993016
W3007172120,W1982855075
W3007172120,W2575750030
W3007172120,W2950354111
W3007172120,W2065847836
W3007172120,W2078964320
W3007172120,W2592811885
W3007172120,W2138207763
W3007172120,W2110905563
W3007172120,W2950464315
W3007172120,W2146512944
W3007172120,W2130116522
W3007172120,W2179438025
W3007172120,W2952167528
W3007172120,W2788228074
W2127303481,W2034285706
W2127303481,W2115701239
W2127303481,W2103296919
W2127303481,W2170747616
W2050018481,W2171788269
W2942678593,W2087243986
W2942678593,W2102212449
W2942678593,W2754890392
W2942678593,W2622807556
W2942678593,W2800392236
W2942678593,W2146512944
W2942678593,W2928665623
W2942678593,W2082429191
W2179438025,W2130116522
W2179438025,W2152239989
W2179438025,W2097360283
W2179438025,W2166820820
W2179438025,W2137526110
W2179438025,W2004014148
W2179438025,W4294541781
W2179438025,W2131478115
W2179438025,W2134526812
W2179438025,W2138207763
W2179438025,W2140729960
W2179438025,W1554944419
W1901129140,W1677182931
W1901129140,W2155893237
W1901129140,W1903029394
W1901129140,W2163605009
W2117692326,W2061123122
W2117692326,W2077436902
W2117692326,W2118278569
W2117692326,W2005334224
W2117692326,W2028415754
W2117692326,W2058648826
W2117692326,W2028593825
W2117692326,W2169895148
W2131271579,W2170551349
W2131271579,W2036897871
W2169456326,W2041257508
W2169456326,W2166810745
W2169456326,W2096465161
W2018289835,W2018289835
W2152207030,W2132632499
W2152207030,W2140803428
W2097117768,W2102605133
W2097117768,W2163605009
W2097117768,W1849277567
W2097117768,W2168231600
W2097117768,W104184427
W2311203695,W2034285706
W2311203695,W2152207030
W2311203695,W2103296919
W2160378127,W4320301318
W2160378127,W2127322768
W2132632499,W2111211467
W2146512944,W2137526110
W2146512944,W2138207763
W2146512944,W2134526812
W2146512944,W1999574084
W2146512944,W2110905563
W2146512944,W2107018762
W2146512944,W2107060225
W2146512944,W2010457001
W2799524357,W2311203695
W2141052558,W2111211467
W2141052558,W1983102293
W2401404581,W2128769815
W2401404581,W2072970694
W2401404581,W2088833470
W2401404581,W2117457769
W2401404581,W2013371150
W2401404581,W2166171121
W2401404581,W2136879569
W2034285706,W2034285706
W2034285706,W2072970694
W2034285706,W2114392707
W2034285706,W2124351063
W2102605133,W2088049833
W2102605133,W2022508996
W2102605133,W2163922914
W2102605133,W2163605009
W2051978340,W2059145105
W2051978340,W2160995259
W2051978340,W2076357933
W2051978340,W2089335658
W2145339207,W1665214252
W2145339207,W2163605009
W2132454074,W1969360633
W2138207763,W2152239989
W2138207763,W1999574084
W2138207763,W2110905563
W2138207763,W2130116522
W2138207763,W2102619694
W2138207763,W2141458291
W2138207763,W2137526110
W2120902911,W2032518018
W2111647009,W2111211467
W2111647009,W1983102293
W2096747776,W2092157292
W2096747776,W2167872912
W2102278945,W2100305481
W2102278945,W2160333540
W2102278945,W2140729960
W2102278945,W2169456326
W2102278945,W2170551349
W3004280078,W2166867592
W3004280078,W2903899730
W1999574084,W2141458291
W1999574084,W2152239989
W1999574084,W2126419817
W2126419817,W2141458291
W3009912996,W3002539152
W3009912996,W3001195213
W3009912996,W2470646526
W3009912996,W2799524357
W3009912996,W3004280078
W2963276645,W2766903152
W2963276645,W2401404581
W2963276645,W2807194798
W2963276645,W2504691963
W2963276645,W2110300022
W2963276645,W2056279562
W2963276645,W1973094248
W2774486220,W1951724000
W2774486220,W1671063336
W2774486220,W2254509181
W2774486220,W260994251
W2056279562,W2072970694
W2056279562,W2117801354
W2056279562,W2133360663
W2056279562,W2080283023
W2056279562,W2128769815
W2056279562,W2032230795
W2167311298,W2097116556
W2962858109,W2257979135
W2962858109,W2282821441
W2962858109,W2102605133
W2962858109,W2194775991
W2962858109,W2155893237
W2962858109,W1903029394
W2962858109,W1933349210
W2962858109,W2163922914
W2962858109,W2295107390
W2962858109,W1905882502
W2962858109,W1895577753
W2962858109,W2163605009
W2962858109,W1849277567
W2962858109,W2962851944
W2104549677,W2171777347
W2104549677,W2096791516
W2104549677,W1912672559
W2104549677,W2091705028
W2104549677,W2259938310
W2259938310,W2096465161
W2259938310,W2166810745
W2259938310,W2141831115
W2259938310,W1964963969
W2259938310,W2117792884
W2259938310,W2171777347
W2259938310,W1979594866
W2259938310,W2141820415
W2111211467,W2031611770
W2900569176,W4210702584
W2900569176,W2105924489
W2900569176,W2096173332
W2900569176,W2537623931
W2900569176,W2559588208
W2900569176,W2118258530
W2900569176,W1989277387
W2900569176,W2128601422
W2900569176,W2162151166
W2096093282,W2138122982
W2096093282,W2143485490
W2096093282,W2094201044
W2096093282,W4320301318
W2149441684,W2149441684
W2149441684,W2123696077
W2149441684,W2107633226
W2149441684,W2021341670
W2149441684,W4320301318
W2088833470,W2128769815
W2088833470,W1973831267
W2088833470,W2086865963
W2088833470,W2136879569
W2088833470,W2072970694
W2088833470,W2101120467
W2088833470,W2124351063
W1523693806,W2164778558
W1523693806,W2048030072
W1523693806,W2153607816
W1523693806,W2108326484
W1523693806,W1970637701
W1523693806,W1985124617
W1523693806,W1987769185
W1523693806,W1523693806
W1523693806,W2738996050
W1523693806,W2038976751
W2045435533,W2120503144
W2614081736,W1969042907
W2614081736,W2133870991
W2614081736,W2111647009
W2614081736,W2111211467
W2614081736,W2026062398
W2149992227,W2171777347
W2149992227,W2119180969
W1997183854,W2031441006
W2152239989,W2107018762
W2152239989,W1973628995
W2021341670,W2171777347
W2021341670,W2161289668
W2133856765,W2087292184
W2133856765,W2136482257
W2133856765,W2101120467
W2133856765,W2157795344
W2366536035,W1812256879
W2949177718,W2794480084
W2949177718,W2169456326
W2949177718,W2794521141
W2949177718,W2014677321
W2949177718,W2179438025
W2949177718,W2032518018
W2949177718,W2747877289
W2949177718,W2102619694
W2949177718,W2341539131
W2949177718,W2069089843
W2949177718,W2894687190
W2949177718,W2739492614
W2949177718,W2817838603
W2949177718,W2951506174
W2949177718,W2997280954
W2949177718,W2766437506
W2114843025,W2149441684
W2114843025,W2107633226
W2114843025,W2123696077
W2114843025,W2096283457
W2114843025,W2262414037
W2114843025,W2275877493
W2114843025,W2043398720
W2114843025,W2157852151
W2114843025,W2021341670
W2064815984,W2045435533
W2064815984,W2019670881
W2064815984,W2120503144
W2064815984,W2003171404
W2136879569,W2124351063
W2136879569,W2101120467
W2159707944,W2161289668
W2159707944,W2123696077
W2159707944,W2107060225
W2159707944,W2129905273
W2159707944,W3147310958
W2012034410,W2012034410
W2012034410,W2259938310
W2012034410,W2167898988
W2012034410,W2094201044
W2012034410,W2262414037
W2012034410,W2051025382
W2012034410,W2141458291
W2012034410,W2519244818
W2593436234,W2043509228
W2593436234,W2169678694
W2593436234,W2009867031
W2593436234,W2177317049
W2593436234,W2153635508
W2031611770,W2111211467
W2036145275,W1996024251
W2036145275,W2036145275
W2560023338,W2097117768
W2560023338,W2194775991
W2560023338,W2155893237
W2560023338,W2340897893
W2560023338,W1903029394
W2560023338,W2163605009
W2560023338,W2179352600
W2560023338,W2412782625
W2560023338,W1861492603
W2789843538,W2168133698
W2789843538,W2169456326
W2789843538,W2170551349
W2789843538,W4247053599
W2789843538,W2784788330
W2789843538,W2021341670
W2928665623,W2767891136
W2928665623,W4250359879
W2928665623,W2345356016
W2928665623,W1979594866
W2928665623,W2611604995
W2928665623,W1989277387
W3036319615,W2406250479
W3036319615,W2119205648
W3036319615,W2086561953
W3036319615,W2037993016
W3036319615,W2111647009
W2126525177,W2069519394
W2126525177,W2080094749
W2126525177,W2117692326
W2126525177,W2058484936
W2126525177,W2127063807
W2126525177,W1523693806
W2104005232,W2160333540
W2104005232,W2126419817
W2104005232,W1999574084
W2104005232,W2141458291
W2104005232,W2140729960
W2104005232,W2259938310
W2794480084,W2135937351
W2794480084,W2102212449
W2794480084,W2951506174
W2794480084,W1984883254
W2794480084,W2069089843
W2794480084,W2190545194
W2794480084,W2236822143
W2794480084,W2146512944
W2794480084,W2471536144
W2794480084,W2332292689
W2794480084,W2345356016
W2794480084,W2068767807
W2794480084,W1875842236
W2964849163,W2171777347
W2964849163,W2096791516
W2964849163,W2018838463
W2964849163,W2116041602
W2964849163,W2102278945
W2964849163,W2129933858
W2964849163,W2170551349
W2964849163,W2124362779
W2964849163,W2149992227
W3005235420,W2917207851
W3005235420,W2963276645
W3005235420,W1900937478
W3005235420,W2111211467
W3005235420,W2952045272
W3005235420,W2951464304
W3005235420,W2614081736
W3005235420,W2949867654
W3005235420,W2133870991
W3005235420,W1983102293
W3005235420,W2111647009
W3005235420,W2031611770
W3005235420,W2141052558
W2045204781,W2124351063
W2140729960,W2169456326
W2140729960,W2170551349
W2066671159,W2097995306
W2066671159,W2010121426
W2044702943,W2096283457
W2044702943,W2123696077
W2044702943,W2005895632
W2044702943,W2017426710
W2044702943,W2044702943
W2155628349,W2138122982
W2155628349,W2107772251
W1985987855,W2117692326
W1985987855,W2130430382
W2214074259,W2043398720
W2214074259,W2010457001
W2214074259,W2148977460
W2214074259,W2161289668
W2290883490,W2154943049
W2290883490,W1999284878
W2290883490,W2061438946
W2290883490,W2963103847
W3003217347,W2113679889
W3003217347,W3004280078
W3003217347,W2131271579
W3003217347,W2126419817
W3003217347,W2170551349
W3003217347,W2160378127
W3003217347,W2111211467
W3003217347,W2132632499
W3003217347,W2804822363
W2099085143,W2119180969
W2099085143,W2149992227
W2099085143,W2033151532
W2099085143,W2099085143
W2099085143,W2096791516
W2100305481,W2160333540
W2100305481,W2141458291
W2100305481,W2136482257
W2100305481,W2152239989
W2100305481,W2126419817
W2100305481,W2021341670
W2804822363,W2149525061
W2804822363,W4210702584
W2804822363,W2949223833
W2899283552,W1019830208
W2899283552,W2239232218
W2899283552,W2557283755
W2899283552,W2163605009
W3004318991,W2306794997
W3004318991,W2166867592
W3004318991,W3002539152
W3004318991,W2559191318
W3004318991,W2141052558
W3004318991,W2513547424
W3004318991,W2804822363
W2592811885,W2158485828
W2592811885,W2323326409
W2592811885,W2170551349
W2168133698,W2171777347
W2168133698,W2153056550
W2168133698,W2119180969
W2168133698,W2124362779
W2168133698,W2009570821
W2096283457,W2017426710
W2096283457,W2005895632
W2096283457,W2123696077
W2106578986,W1984068087
W2106578986,W2119180969
W2106578986,W2149992227
W1999167944,W2153268540
W1999167944,W2127569725
W1999167944,W2002682820
W1999167944,W1990370234
W1999167944,W2036677156
W1999167944,W2133892291
W1999167944,W2051121620
W1999167944,W2073122003
W1999167944,W2165163979
W1999167944,W2015053255
W1999167944,W1867005924
W1999167944,W2094520873
W1999167944,W2163744914
W1999167944,W3192880971
W1999167944,W2617606220
W2128769815,W2125826054
W2128769815,W2013371150
W2128769815,W2072970694
W2128769815,W4247053599
W2148333466,W2530121532
W1977709885,W2064815984
W1977709885,W2003171404
W1977709885,W2045435533
W1977709885,W2019670881
W1977709885,W1976391205
W1977709885,W2170039745
W1977709885,W2167380395
W1977709885,W2160051211
W1977709885,W2036176224
W1977709885,W2077659966
W1977709885,W2000046950
W1977709885,W2101749257
W1977709885,W2120503144
W2112364185,W2147526198
W2112364185,W2107772251
W2112364185,W2154026962
W2157795344,W2157795344
W1981213426,W2093540905
W1981213426,W2166394891
W1981213426,W2001510610
W2096173332,W2096173332
W2096173332,W2131848047
W2096173332,W2105924489
W2096173332,W2057545775
W2096173332,W2118258530
W2096173332,W1989277387
W2620241325,W2620241325
W2345356016,W2010457001
W2345356016,W2070050178
W2345356016,W1533942137
W2345356016,W2118258530
W2345356016,W1979594866
W2170747616,W2124351063
W2170747616,W2125826054
W2082429191,W2082429191
W2900756811,W2900756811
W2900756811,W2207291742
W2900756811,W2032696674
W2900756811,W2259481044
W2900756811,W2098259366
W2900756811,W2169491358
W2118258530,W2259938310
W2118258530,W2519244818
W2607129810,W2158485828
W2607129810,W1533942137
W2607129810,W2018838463
W2607129810,W2012034410
W2404280981,W2161605421
W2404280981,W2060872117
W2404280981,W2332712348
W2130430382,W2117692326
W2130430382,W2049491375
W2130430382,W2161289668
W2130430382,W2123696077
W2130430382,W2096283457
W2130430382,W2262414037
W2130430382,W2275877493
W2130430382,W2041440766
W2130430382,W2006617902
W2130430382,W2118278569
W2130430382,W2150575159
W2130430382,W1999574084
W2130430382,W2043398720
W2130430382,W2157795344
W2801159594,W2026062398
W2801159594,W2130362098
W2801159594,W2148698435
W2256016639,W2104549677
W2256016639,W2091705028
W2256016639,W2051978340
W2256016639,W2168133698
W2256016639,W1533942137
W2323326409,W2140729960
W2323326409,W2141458291
W2323326409,W2134526812
W2323326409,W1999574084
W2107772251,W2120902911
W2107772251,W2141920662
W2141708418,W2085876742
W1803102843,W2037312364
W1803102843,W2059145105
W2513506562,W2072970694
W2513506562,W2124351063
W2513506562,W2088833470
W2513506562,W2136879569
W2513506562,W2128769815
W2513506562,W2034285706
W2513506562,W1999167944
W2513506562,W2128711701
W2339658711,W2149858388
W2339658711,W2126816979
W2339658711,W1255676896
W2331128040,W1885185971
W2331128040,W1903029394
W2331128040,W1905829557
W2331128040,W2475287302
W2331128040,W2022508996
W2331128040,W2121058967
W2331128040,W1930824406
W2331128040,W2194775991
W2331128040,W2117539524
W2331128040,W1861492603
W2331128040,W2141983208
W2331128040,W54257720
W2331128040,W2963684088
W2152061559,W2262414037
W2152061559,W2041440766
W2152061559,W2009720434
W2152061559,W2051025382
W2152061559,W2134471382
W2152061559,W2096791516
W2113699335,W2103783427
W2113699335,W2119605658
W2113699335,W1905058580
W2113699335,W2127768736
W2406250479,W2180481128
W2406250479,W2114843025
W2131222241,W1526319989
W2131222241,W2753666478
W2951464304,W2111211467
W2951464304,W1983102293
W2951464304,W2111647009
W3007643904,W3002539152
W3007643904,W3004318991
W3007643904,W3003217347
W3007643904,W3003668884
W3007643904,W2513547424
W3007643904,W2587625522
W3007643904,W3004348779
W3007643904,W3004280078
W2085028749,W2044858486
W2166562121,W1968105193
W2166562121,W2032230795
W2166562121,W2087292184
W2166562121,W2110300022
W2166562121,W2072970694
W2166562121,W2080283023
W2166562121,W2166171121
W2166562121,W2342249984
W2166562121,W2113977541
W2166562121,W2133856765
W2166562121,W2170551349
W2166562121,W2110375946
W2909678677,W2175751433
W2909678677,W1999167944
W2909678677,W2037561382
W2909678677,W2101702311
W2909678677,W2765726697
W2909678677,W2160517070
W2909678677,W2051898806
W2909678677,W2013414890
W2909678677,W2126902408
W2909678677,W1991308688
W2909678677,W2112148277
W2909678677,W2065762344
W2909678677,W2141970008
W2909678677,W1982627164
W2909678677,W2895932308
W2909678677,W2169286869
W2909678677,W1990370234
W2909678677,W2094520873
W2909678677,W2010635848
W2909678677,W2170121306
W2909678677,W2002682820
W2909678677,W2766136866
W2909678677,W2114891756
W2909678677,W2095867549
W2909678677,W1977341902
W2909678677,W2186066651
W2909678677,W2399146901
W2909678677,W2808044704
W2909678677,W1987735979
W2018838463,W2259938310
W1982855075,W2119180969
W1982855075,W2170551349
W1982855075,W2117131162
W1605984840,W2117801354
W2080283023,W2072970694
W2114118829,W2116327492
W2114118829,W2169328609
W2114118829,W1965464747
W2114118829,W2081640113
W2114118829,W2133130045
W2114118829,W2171105325
W3029661147,W2256016639
W3029661147,W2761275051
W3029661147,W1919257374
W3029661147,W2932671560
W3029661147,W2889326414
W3029661147,W1844405070
W2003171404,W2045435533
W2003171404,W2019670881
W2003171404,W2120503144
W2003171404,W2102619694
W2003171404,W2086561953
W2003171404,W1964963969
W2003171404,W2064815984
W2117131162,W2021341670
W2117131162,W2171777347
W2117131162,W2149992227
W2117131162,W2161289668
W2117131162,W2153056550
W1973062929,W2070021921
W1973062929,W2259938310
W1973062929,W4247053599
W1973062929,W2119180969
W1973062929,W2161212572
W1973062929,W2096791516
W1996024251,W1996024251
W1996024251,W2082429191
W1996024251,W2003982930
W3005104290,W2900756811
W3005104290,W2786514708
W3005104290,W2259481044
W3005104290,W2296538017
W3005104290,W2066234893
W3005104290,W2117692326
W3005104290,W2169491358
W3005104290,W1950118853
W2320983896,W2174602966
W2320983896,W2320983896
W2320983896,W2000209446
W2101291993,W2094201044
W2101291993,W4320301318
W3009335299,W2376573086
W3009335299,W2587970647
W3009335299,W2124026197
W3009335299,W2734356283
W3009335299,W3008394341
W3009335299,W2973457155
W3009335299,W2587625522
W3009335299,W3004348779
W3009335299,W3007643904
W3009335299,W2166867592
W3009335299,W2899714098
W3009335299,W3004280078
W2110300022,W2147637673
W2110300022,W2143777796
W2110300022,W2128769815
W2110300022,W1998767819
W2110300022,W2072970694
W2110300022,W2101120467
W2110300022,W2154026962
W2110300022,W2124351063
W2324862792,W2113699335
W2324862792,W2127768736
W2324862792,W1905058580
W2324862792,W2103783427
W2324862792,W2153118028
W2559588208,W2110256992
W2559588208,W2173732482
W2559588208,W2739999456
W2559588208,W2178043251
W2158485828,W2123696077
W2158485828,W2096283457
W2158485828,W2275877493
W2158485828,W2262414037
W2158485828,W2335012284
W2158485828,W2152061559
W2158485828,W2044433401
W2158485828,W2117692326
W2158485828,W2041440766
W2158485828,W2009720434
W2158485828,W2043398720
W2158485828,W2125789330
W2895486342,W2082704080
W2895486342,W2040547343
W2895486342,W2256016639
W2895486342,W2104549677
W2895486342,W2511515754
W2895486342,W2116868464
W2895486342,W2102213696
W2015426350,W2015426350
W2015426350,W2036145275
W2033151532,W2155496693
W2166171121,W2080283023
W2143612262,W2160815625
W2143612262,W2144499799
W2984472267,W2794480084
W2984472267,W2794521141
W2984472267,W2951506174
W2984472267,W2146512944
W2984472267,W2766437506
W2984472267,W2169456326
W2984472267,W2889326414
W2984472267,W2902652978
W2984472267,W2070050178
W2984472267,W2345356016
W2011657487,W2100305481
W2011657487,W2126419817
W2011657487,W2096128575
W2011657487,W1999574084
W2011657487,W2152239989
W2011657487,W2141458291
W2011657487,W2107018762
W2011657487,W2021341670
W2011657487,W2170551349
W2011657487,W2036897871
W2003982930,W2003982930
W2003982930,W2040106495
W2003982930,W2000209446
W2803072880,W2195783463
W2803072880,W2113699335
W2803072880,W2324862792
W2803072880,W2613603864
W2803072880,W1905058580
W2803072880,W2104549677
W2262414037,W2123696077
W2149074973,W2160517070
W2149074973,W2125826054
W2149074973,W2071841602
W2149074973,W2004549986
W2149074973,W2164386968
W2149074973,W2147790901
W2113679889,W2120902911
W2113679889,W2107772251
W2113679889,W2170551349
W2113679889,W2129933858
W2113679889,W2141920662
W2113679889,W2125826054
W2883251903,W1973094248
W2064165694,W2145931730
W2064165694,W2034305079
W2115701239,W2166171121
W2115701239,W2022269454
W2115701239,W2114392707
W2115701239,W2124351063
W2058835062,W2034305079
W2058835062,W2145931730
W2058835062,W2160333540
W2058835062,W2053003053
W2058835062,W2147806662
W2058835062,W2170551349
W2058835062,W2141458291
W2058835062,W2136482257
W2058835062,W2130305733
W2463195069,W2023010129
W2463195069,W2170776626
W2463195069,W1973094248
W2463195069,W2036321220
W2463195069,W1490161904
W2463195069,W2043274355
W2463195069,W2140729960
W2463195069,W2169456326
W2463195069,W2128551987
W2463195069,W2153635508
W2463195069,W2110256992
W2463195069,W2739999456
W2463195069,W2157795344
W2463195069,W1989277387
W2463195069,W1554944419
W2043398720,W2153056550
W2043398720,W2125789330
W2749069611,W1951724000
W2749069611,W2577537660
W2749069611,W2144673831
W2749069611,W260994251
W2749069611,W2119160928
W2749069611,W2963977107
W2096791516,W2171777347
W2096791516,W1998767819
W2096791516,W2123696077
W2751583588,W2160378127
W2751583588,W2127322768
W2751583588,W2135621733
W3001195213,W2903899730
W2026616100,W2106787323
W2026616100,W2117340355
W2171777347,W2107916366
W2417483443,W2163924952
W2417483443,W2060427373
W2417483443,W2096465161
W2417483443,W2417483443
W2417483443,W2096791516
W2417483443,W2059145105
W2417483443,W1970413157
W2417483443,W2259938310
W2417483443,W2160995259
W2417483443,W2116868464
W2417483443,W2154866190
W2417483443,W2106578986
W2417483443,W1533942137
W2417483443,W1984068087
W2800392236,W2069089843
W2800392236,W1984883254
W2800392236,W2190545194
W2800392236,W2951506174
W2800392236,W2102212449
W2800392236,W2747877289
W2800392236,W1973094248
W2800392236,W2146292423
W2800392236,W2342249984
W2800392236,W2181523240
W2800392236,W2919115771
W3136918052,W4210702584
W3136918052,W4250359879
W3107527779,W2896002881
W3107527779,W1985213868
W3107527779,W2096173332
W3107527779,W2105924489
W3107527779,W2110256992
W3107527779,W2950595506
W3107527779,W3136918052
W3107527779,W2898402099
W3107527779,W2911489562
W3107527779,W1989277387
W2101357408,W2171777347
W2101357408,W2143625465
W2101357408,W2139852368
W2101357408,W2078059415
W2101357408,W2153860431
W2126902408,W2148333466
W2126902408,W2123562234
W2126902408,W2114735032
W2126902408,W2142231247
W2126902408,W2153221451
W2126902408,W2129920251
W2126902408,W1987490818
W2126902408,W2029945928
W2126902408,W1994433187
W2126902408,W2025238960
W2126902408,W2138803696
W2126902408,W2786563204
W1964847767,W2016360721
W1964847767,W2117692326
W2123696077,W2158734599
W2123696077,W2153056550
W2123696077,W2161289668
W2123696077,W1979538859
W2101653483,W2044835625
W2101653483,W2066671159
W2101653483,W2097995306
W2101653483,W2010121426
W1991308688,W2108940449
W1991308688,W2171984413
W1991308688,W2054653365
W1991308688,W1997065014
W1991308688,W2067087368
W1991308688,W2106963750
W2067456724,W4295750005
W2067456724,W2089572795
W2067456724,W2067456724
W2952167528,W1983403167
W2952167528,W2950354111
W2952167528,W2120902911
W2952167528,W2170551349
W2952167528,W1982855075
W2952167528,W2107772251
W2952167528,W2157539385
W2952167528,W2575750030
W2049553585,W2097995306
W2049553585,W2009720434
W2049553585,W2152061559
W2049553585,W2044433401
W2049553585,W2275877493
W2049553585,W2180481128
W2049553585,W2104885590
W2049553585,W2028433016
W2049553585,W2124427232
W2049553585,W2039123767
W2049553585,W2004630197
W2049553585,W2168133698
W2049553585,W2155943701
W2049553585,W2021341670
W2049553585,W2059145105
W2044433401,W2262414037
W2044433401,W2169895148
W2044433401,W2051025382
W2044433401,W2158233796
W2044433401,W2032518018
W2044433401,W2150575159
W2044433401,W2096283457
W2044433401,W2104830962
W2044433401,W1988476050
W2044433401,W2028415754
W2044433401,W2097995306
W2070050178,W2010457001
W2070050178,W2259938310
W2070050178,W2043398720
W2070050178,W2141458291
W2033278321,W2168631000
W2033278321,W2117692326
W2033278321,W2118278569
W2033278321,W2061123122
W2033278321,W2058648826
W2033278321,W2060672294
W2033278321,W2049491375
W2033278321,W2169491358
W2033278321,W2004630197
W2033278321,W1992112921
W2033278321,W2097995306
W2786514708,W2098259366
W2786514708,W2170852633
W2786514708,W2121354606
W2786514708,W2259481044
W2786514708,W2066234893
W2786514708,W1950118853
W2786514708,W2207291742
W2786514708,W1996024251
W2020134788,W2012986985
W2020134788,W2111211467
W1976844911,W2147311167
W1976844911,W1976844911
W3009906937,W3004896487
W3009906937,W2166867592
W3009906937,W3004318991
W3009906937,W3004280078
W3009906937,W3003668884
W3009906937,W2111647009
W2805983714,W2104549677
W2805983714,W2113699335
W2805983714,W2324862792
W2805983714,W2195783463
W2805983714,W2127768736
W2805983714,W2103783427
W2805983714,W2073836327
W2805983714,W1533942137
W2805983714,W2264585211
W2805983714,W2613603864
W2805983714,W2770598799
W2805983714,W2238851414
W2805983714,W2119605658
W2805983714,W2803072880
W2805983714,W2163924952
W2805983714,W2725988230
W2805983714,W2116868464
W2805983714,W2153118028
W2805983714,W2328393125
W2950354111,W1983403167
W2950354111,W2950150251
W2950354111,W2575750030
W2950354111,W1982855075
W2150575159,W2123696077
W2150575159,W2032518018
W2150575159,W2169895148
W2162088497,W2125826054
W2162088497,W2139884694
W2162088497,W2023506796
W2162088497,W2072970694
W2162088497,W2087292184
W2162088497,W2032230795
W2162088497,W1968105193
W2135400982,W2104675861
W2135400982,W1568390176
W2107060225,W2107018762
W2046387002,W2153056550
W2046387002,W2163106706
W2981731882,W2493343568
W2981731882,W2891503716
W2981731882,W1787224781
W2981731882,W2062118960
W2981731882,W2945976633
W2981731882,W2412247133
W2981731882,W2962851944
W2981731882,W1849277567
W2981731882,W2962858109
W2981731882,W2282821441
W2981731882,W1947481528
W2981731882,W2498119267
W2981731882,W2559655401
W2981731882,W2295107390
W2981731882,W4297957988
W2981731882,W2612690371
W2981731882,W2487770199
W2140092196,W2476732026
W2140092196,W1990513740
W2161289668,W2157795344
W2102212449,W2135937351
W2102212449,W2019552331
W2102212449,W2069089843
W1731081199,W1722318740
W1731081199,W2110158442
W1731081199,W2095705004
W1731081199,W2163605009
W2134629862,W2140952049
W2134629862,W2133968430
W2134629862,W2053003053
W2134629862,W2096465161
W2134629862,W2077327925
W2134629862,W2102619694
W2952481429,W2099540110
W2952481429,W2167279371
W2952481429,W2118246710
W2586637063,W2129935236
W2735527928,W2042433863
W2735527928,W2070855360
W2735527928,W2109491705
W2735527928,W2152014155
W2735527928,W2431987552
W2735527928,W4211217520
W2735527928,W1561041814
W2735527928,W2522054313
W2735527928,W1985538633
W2735527928,W2033896075
W2572710398,W2140380746
W2572710398,W2054275187
W2572710398,W2148898943
W2091875228,W2151207643
W2091875228,W2089525884
W2091875228,W2153511586
W2579533542,W2151350595
W2579533542,W2154071138
W2579533542,W2034285706
W2579533542,W2121055398
W2579533542,W2206071891
W2579533542,W2141052558
W2579533542,W2124351063
W2579533542,W2110300022
W2579533542,W2175094144
W2032230795,W2125826054
W2032230795,W2136482257
W3005212621,W2255243349
W2537623931,W2739999456
W2537623931,W2057545775
W2537623931,W2105924489
W2537623931,W2096173332
W2537623931,W2162151166
W2110256992,W2131848047
W2110256992,W2739999456
W2120012334,W2617606220
W2169434152,W2105501846
W2169434152,W2121671360
W2899760200,W2899760200
W2899760200,W4250359879
W2899760200,W2544360569
W2117457769,W2128769815
W2117457769,W2166171121
W2117457769,W2080283023
W2117457769,W2086865963
W2117457769,W2101120467
W2117457769,W2136879569
W2510875395,W2140729960
W2510875395,W2141458291
W2510875395,W2100305481
W2510875395,W2102278945
W2510875395,W2104005232
W2510875395,W2169456326
W2510875395,W2126419817
W2510875395,W1999574084
W2510875395,W2179438025
W2510875395,W2166820820
W2510875395,W2066231767
W2510875395,W2170551349
W2510875395,W1973094248
W2510875395,W2146512944
W2510875395,W2026006003
W2998840182,W2169456326
W2013414890,W2148333466
W2013414890,W2126902408
W2565277564,W1966481002
W2565277564,W1732240353
W2565277564,W2020833085
W2565277564,W2216357226
W2565277564,W2113991966
W2565277564,W2007878524
W2565277564,W1975675278
W2565277564,W1622878345
W2565277564,W2342540942
W1984883254,W2100305481
W1984883254,W2140729960
W1984883254,W2170551349
W1984883254,W2166820820
W1984883254,W2102619694
W2951506174,W2102212449
W2951506174,W2135937351
W2951506174,W2332292689
W2951506174,W2169456326
W2070021921,W2161212572
W2015053255,W2170121306
W2015053255,W2051782740
W2015053255,W3010621220
W2559085405,W2194775991
W2559085405,W1936750108
W2559085405,W2080873731
W2559085405,W2307770531
W2559085405,W1861492603
W3095583226,W2898402099
W3095583226,W2224056471
W3095583226,W3136918052
W2593816418,W1970637701
W2593816418,W1523693806
W2593816418,W2003982930
W2150131459,W2171777347
W2150131459,W2149992227
W2150131459,W2168133698
W2150131459,W4247053599
W2755331695,W2149992227
W2755331695,W1990074132
W1919257374,W2171777347
W1919257374,W2168133698
W1919257374,W2107916366
W1919257374,W4247053599
W1919257374,W2119180969
W2168974130,W2127322768
W2168974130,W2160378127
W2069089843,W1984883254
W2169286869,W2044718416
W2169286869,W2081284397
W2169286869,W2163744914
W2169286869,W1990370234
W2169286869,W2105872868
W2169286869,W2170121306
W2988396470,W2045204781
W2988396470,W2950954328
W2988396470,W1900937478
W2988396470,W2031611770
W2988396470,W2111647009
W2988396470,W2141052558
W2988396470,W2160378127
W2076154138,W2123032740
W2076154138,W1987557775
W2076154138,W1964963969
W2076154138,W2117792884
W2076154138,W2078059415
W2076154138,W2259938310
W2076154138,W1981030303
W2076154138,W1979594866
W2076154138,W2116868464
W2076154138,W2106779017
W2076154138,W2143625465
W2076154138,W2040547343
W2076154138,W2070021921
W2002490399,W1997183854
W3112376646,W3136918052
W3112376646,W4210702584
W3112376646,W2950595506
W3112376646,W2051978340
W3112376646,W2983166786
W2228338508,W1549552139
W2762087180,W1997183854
W2762087180,W2549188196
W2762087180,W2265062179
W2762087180,W2189205651
W2762087180,W2002490399
W2555870966,W2060872117
W2555870966,W2109154308
W2756283300,W2565277564
W2756283300,W1732240353
W2756283300,W2216357226
W2756283300,W1622878345
W2756283300,W2264050319
W2756283300,W1568955415
W2071841602,W2125826054
W2071841602,W2128769815
W2071841602,W2135989088
W2071841602,W2032230795
W2071841602,W1968105193
W2117757143,W1964963969
W2117757143,W2078059415
W2173732482,W1767470961
W2173732482,W2739999456
W2173732482,W2077327925
W2173732482,W2167898988
W2173732482,W2110375946
W1974047233,W2097360283
W1974047233,W2121091193
W1974047233,W2117792884
W1974047233,W2158233796
W1974047233,W4294541781
W2129970907,W1987880468
W2129970907,W2114118829
W2129970907,W2169328609
W2129970907,W2133130045
W2129970907,W1965464747
W2129970907,W2171105325
W3014067025,W3004280078
W3014067025,W3003217347
W3014067025,W3004318991
W3014067025,W3009335299
W3014067025,W3008394341
W3014067025,W3009912996
W3014067025,W3007643904
W3014067025,W3004348779
W1994993231,W2010121426
W1994993231,W2097995306
W1994993231,W2044835625
W3010233963,W3003668884
W3010233963,W3002539152
W3010233963,W3004239190
W2050480410,W2045435533
W2050480410,W2019670881
W2050480410,W2120503144
W2050480410,W2064815984
W2050480410,W2003171404
W2050480410,W2096261947
W2050480410,W2039705224
W2050480410,W1976391205
W2050480410,W1973260880
W2050480410,W2170039745
W2050480410,W2160051211
W2050480410,W2101749257
W2050480410,W2077659966
W2050480410,W2036176224
W2050480410,W2167380395
W2048644480,W2076922024
W1204404493,W3125449341
W2011472471,W1965464747
W2011472471,W2169328609
W2011472471,W2133130045
W2011472471,W2114118829
W2011472471,W2144574847
W2011472471,W2081640113
W2011472471,W2073726416
W2011472471,W2129970907
W1907369419,W2100365896
W1907369419,W2054653365
W1907369419,W2051833014
W1907369419,W2134927874
W1907369419,W2106963750
W1907369419,W2155039075
W1907369419,W2144304061
W2955058313,W1903029394
W2955058313,W2412782625
W2955058313,W2560023338
W2955058313,W2340897893
W2955058313,W2963091558
W2955058313,W1901129140
W3109746568,W2143463421
W3109746568,W2060427373
W3109746568,W2890167612
W3109746568,W2344644350
W3109746568,W2580767461
W3109746568,W2039551908
W3109746568,W3105982350
W3048560297,W2950504429
W3048560297,W2996597775
W3048560297,W1976770755
W3048560297,W81685006
W3048560297,W1924618820
W2039123767,W2101653483
W2039123767,W2066671159
W2470052926,W2141152740
W2470052926,W2142428670
W2470052926,W2096093282
W2470052926,W2124351063
W2470052926,W2739999456
W3017185871,W3010223921
W2147526198,W2138122982
W2147526198,W4320301318
W2147526198,W2031611770
W1968105193,W2087292184
W1968105193,W2032230795
W1689711448,W2157331557
W1689711448,W1810943226
W1689711448,W2144499799
W1689711448,W2143612262
W1689711448,W2097998348
W1689711448,W1947481528
W1689711448,W104184427
W1689711448,W2293634267
W1976599392,W2028415754
W1976599392,W2117692326
W1976599392,W2028897202
W1976599392,W1969524738
W1976599392,W2087377825
W1976599392,W2084141237
W1976599392,W2042851093
W2160995259,W2059145105
W2160995259,W2259938310
W2160995259,W2096791516
W2116206245,W2119160928
W2116206245,W2753666478
W2116206245,W3149745985
W2137526110,W2152239989
W2137526110,W2130116522
W2137526110,W2166810745
W2137526110,W2107018762
W2137526110,W2137526110
W2137526110,W2110905563
W2137526110,W2138207763
W2137526110,W2157795344
W2736730167,W2262414037
W2736730167,W2096283457
W2736730167,W2275877493
W2736730167,W1255676896
W2736730167,W2041440766
W2736730167,W2068523052
W2736730167,W2180481128
W2736730167,W2126547130
W2736730167,W1848939527
W2736730167,W1986241711
W2736730167,W1950829641
W2736730167,W2161112598
W2736730167,W2149441684
W2736730167,W2114843025
W2736730167,W2134629862
W2736730167,W2012034410
W2736730167,W1999574084
W2736730167,W2134539328
W2736730167,W2044702943
W2224056471,W4320301318
W2224056471,W2739999456
W2224056471,W2147526198
W2036954961,W2125065061
W2036954961,W2108344016
W2036954961,W1558095504
W2075511306,W1965464747
W2075511306,W2169328609
W2075511306,W2133130045
W2075511306,W2114118829
W2075511306,W2144574847
W2075511306,W2081640113
W2075511306,W1998343415
W2075511306,W2011472471
W2075511306,W2100716359
W2075511306,W2042468043
W2075511306,W2129970907
W1568201516,W2100533358
W1568201516,W649861214
W1568201516,W1554944419
W1867005924,W1989839776
W2126547130,W2262414037
W2126547130,W2041440766
W2126547130,W2009720434
W2126547130,W1578083272
W2126547130,W1981989535
W2791483720,W2097995306
W2791483720,W2104885590
W2791483720,W2107429737
W2791483720,W2066671159
W2791483720,W2587048937
W2791483720,W2128035403
W2791483720,W2011458181
W2791483720,W2291298003
W2791483720,W1498931318
W2791483720,W2299181842
W2791483720,W2039123767
W2791483720,W2004630197
W2791483720,W2028433016
W2122559203,W4320301318
W2109887283,W1511920456
W2109887283,W4299627282
W2927961455,W2311203695
W2927961455,W2336330109
W2927961455,W2148698435
W2927961455,W2111647009
W2004630197,W2118278569
W2004630197,W2097995306
W2004630197,W2117692326
W1629273100,W2133130045
W1629273100,W1965464747
W1629273100,W2114118829
W1629273100,W2011472471
W1629273100,W2144574847
W1629273100,W2081640113
W1629273100,W2075511306
W1629273100,W2100716359
W1629273100,W2169328609
W2070855360,W2065210647
W2070855360,W2061123122
W2070855360,W2004630197
W1985124617,W2108326484
W1985124617,W2038976751
W2005895632,W2044702943
W2788640168,W2067632426
W2788640168,W2088883749
W2788640168,W2131415852
W2788640168,W2132161879
W2788640168,W2189205651
W2788640168,W2265062179
W2788640168,W2762087180
W2788640168,W1997183854
W2788640168,W2002490399
W2788640168,W2549188196
W2788640168,W2608687752
W2788640168,W1864325817
W2788640168,W2038976751
W2788640168,W2752326209
W2788640168,W2740618823
W2788640168,W2536322725
W2788640168,W2120426523
W2788640168,W2091129202
W2788640168,W2150748567
W2788640168,W2130458932
W2788640168,W2266290735
W2788640168,W2126525177
W2788640168,W2069519394
W2788640168,W2606001457
W2788640168,W2141037581
W2788640168,W2134219545
W2788640168,W2301131921
W2788640168,W2065031087
W1989277387,W1490161904
W1989277387,W1989277387
W1989277387,W1985213868
W1989277387,W2128601422
W1989277387,W1998767819
W2616922646,W1979283544
W2616922646,W2332292689
W2616922646,W2146512944
W2616922646,W2102212449
W2616922646,W1985213868
W2046182783,W2018289835
W2046182783,W2046182783
W3008874180,W2999318660
W3008874180,W3003668884
W3008874180,W3004318991
W3008874180,W3004348779
W3008874180,W2903899730
W3008874180,W3005212621
W2123032740,W2041686632
W2123032740,W2123696077
W2123032740,W2078972833
W2752326209,W2164778558
W2752326209,W1970637701
W2752326209,W2057274775
W2752326209,W2028536701
W2752326209,W2048030072
W2752326209,W2120426523
W2752326209,W1523693806
W2752326209,W2301131921
W2752326209,W2065031087
W2969718750,W1490161904
W2969718750,W2131848047
W2990618091,W2159954944
W2990618091,W2789843538
W2990618091,W2889019390
W2098259366,W2066234893
W2098259366,W2169491358
W2098259366,W2121354606
W2098259366,W2032696674
W2767128594,W2103004421
W2767128594,W2128739912
W2767128594,W2919115771
W2767128594,W2026616100
W2159727241,W2090345409
W2409656339,W2003342633
W2409656339,W1515023627
W2409656339,W1999906527
W2409656339,W2078770291
W2409656339,W1993399595
W2409656339,W2060185417
W2024729467,W2067456724
W2024729467,W1983208069
W2024729467,W2089572795
W2024729467,W4295750005
W2024729467,W2581259096
W2024729467,W2008854521
W2024729467,W2167311298
W2024729467,W2166073443
W2159560463,W2061123122
W2159560463,W2065210647
W2159560463,W2140380746
W2159560463,W1985859986
W2159560463,W2055348159
W1905058580,W2127768736
W2796207838,W2134629862
W2796207838,W2285093314
W2796207838,W2097360283
W2796207838,W1966107523
W2796207838,W2323326409
W2796207838,W2949273159
W2796207838,W2230320310
W2796207838,W2169456326
W2796207838,W1107917109
W2796207838,W2117692326
W2796207838,W2159707944
W2796207838,W2096465161
W2796207838,W2299181842
W2796207838,W1999574084
W2796207838,W2507880739
W2796207838,W2795989238
W2796207838,W2511515754
W2796207838,W2291298003
W2796207838,W2417483443
W2796207838,W2157852151
W2796207838,W1985987855
W2796207838,W2028433016
W2796207838,W2796153225
W2796207838,W2519132385
W2796207838,W1950829641
W2796207838,W2123696077
W2796207838,W4294541781
W2410390527,W2054653365
W2410390527,W1964308073
W2410390527,W2337225114
W2410390527,W2024966118
W2410390527,W1991308688
W2410390527,W1992193293
W2410390527,W2193503481
W2410390527,W2530597942
W1987134040,W2037312364
W2141970008,W2110052313
W2141970008,W2069977802
W2141970008,W1973577532
W2141970008,W2051833014
W2141970008,W4213327538
W2130509491,W2150326250
W2130509491,W2752099845
W2153860431,W2096791516
W2153860431,W2040547343
W2153860431,W2147311167
W2153860431,W2143625465
W2153860431,W2139852368
W2153860431,W2101357408
W2153860431,W2088486634
W2153860431,W2033151532
W2153860431,W2107916366
W2153860431,W1976844911
W2903899730,W2166867592
W2903899730,W2470646526
W2903899730,W2306794997
W2903899730,W2111211467
W2590568317,W1952608303
W2590568317,W2139066576
W2590568317,W2085978470
W2102166818,W1982471090
W2117977572,W1970741980
W2117977572,W2046387002
W2117977572,W2058835062
W2117977572,W2064165694
W2117977572,W2146573461
W2117977572,W2145931730
W2117977572,W2118258530
W2117977572,W2017426710
W2117977572,W2102619694
W2117977572,W2096465161
W2117977572,W1998767819
W2117977572,W2010457001
W2147524392,W2126504590
W2329336071,W2124490243
W2329336071,W1993571512
W2329336071,W2128613449
W2329336071,W2115779804
W2329336071,W2082429191
W2329336071,W2329336071
W2133870991,W2111211467
W2025639892,W2129935236
W2025639892,W2086667809
W2096261947,W2064815984
W2096261947,W2120503144
W2096261947,W2077659966
W2096261947,W2019670881
W2096261947,W2101749257
W2096261947,W2036176224
W2096261947,W2000046950
W2096261947,W2045435533
W2096261947,W2003171404
W2096261947,W2160051211
W2096261947,W2167380395
W2096261947,W2039705224
W2096261947,W1973260880
W2096261947,W2170039745
W1997511216,W2015426350
W1990415494,W1521578411
W2234115940,W2063632665
W2234115940,W2078972833
W2234115940,W2168631000
W2234115940,W2095987251
W2234115940,W2131860315
W2234115940,W1523693806
W2180481128,W2104830962
W2180481128,W2275877493
W2180481128,W2114031931
W2180481128,W2009720434
W2087243986,W2124490243
W2087243986,W2067267561
W2087243986,W2096500024
W2087243986,W4247759744
W2087243986,W2148898943
W2087243986,W2167183660
W2087243986,W4211217520
W2087243986,W2004549986
W2087243986,W2003982930
W2132484323,W2050695214
W2132484323,W1970010130
W2132484323,W2096371469
W2132484323,W2160917602
W2132484323,W2081163858
W1732240353,W2007878524
W1732240353,W1995524284
W1732240353,W4210789697
W2253429366,W2097117768
W2253429366,W2062118960
W2253429366,W2155893237
W2253429366,W1641498739
W2253429366,W2037227137
W2253429366,W2109255472
W2253429366,W2022508996
W2253429366,W1849277567
W2253429366,W2395611524
W2253429366,W1903029394
W2253429366,W2117539524
W2253429366,W2163605009
W2253429366,W2412782625
W2009720434,W2123696077
W2009720434,W2262414037
W2009720434,W2275877493
W2170852633,W2098259366
W2170852633,W2169491358
W2170852633,W2032696674
W2170852633,W2066234893
W2170852633,W1996024251
W2133892291,W2164526292
W2133892291,W2069157258
W2133892291,W2160916596
W2130116522,W2141458291
W2130116522,W2152239989
W2130116522,W2107018762
W2130116522,W2107060225
W2130116522,W2157795344
W2108638835,W2125826054
W3010441732,W3004280078
W3010441732,W3007643904
W3010441732,W2593511418
W3010441732,W2899714098
W3010441732,W2104234755
W3010441732,W2587625522
W3010441732,W2180229411
W3010441732,W2124026197
W3010441732,W2114622716
W1983208069,W2977883299
W1983208069,W1990134753
W2131374955,W2026343134
W114517082,W2147880316
W114517082,W2029538739
W2041440766,W2161817637
W2041440766,W2262414037
W2041440766,W2096283457
W2041440766,W2123696077
W2041440766,W2157852151
W1533942137,W2116868464
W1533942137,W2163924952
W1533942137,W2078059415
W1533942137,W2117792884
W1533942137,W2259938310
W1533942137,W2018838463
W1533942137,W2096465161
W1533942137,W2171777347
W1533942137,W2168133698
W1533942137,W2107916366
W1533942137,W2076154138
W1533942137,W2102619694
W1533942137,W2143625465
W3030441098,W2110300022
W3030441098,W1998767819
W3030441098,W2128601422
W3011127849,W3004280078
W3011127849,W3003217347
W3011127849,W3008443627
W3011127849,W3004348779
W3011127849,W3007643904
W3011127849,W3008394341
W3011127849,W2903899730
W2129933858,W2141920662
W2129933858,W2129933858
W2949676527,W2192203593
W2949676527,W2899771611
W2087292184,W2125826054
W2146337514,W2036145275
W2801309958,W2143772132
W2801309958,W1985987855
W2801309958,W2952001873
W2801309958,W1966107523
W2801309958,W2124427232
W2801309958,W1498931318
W2801309958,W1934094702
W2801309958,W2033278321
W2801309958,W2119896120
W2801309958,W2159560463
W2801309958,W2068234766
W2801309958,W2185075416
W2801309958,W2332292689
W2801309958,W2064815984
W2801309958,W2170039745
W2141292707,W2012986985
W2788228074,W1983403167
W2788228074,W2950354111
W2788228074,W2120902911
W2788228074,W1982855075
W2807194798,W2401404581
W2807194798,W2154026962
W2807194798,W2072970694
W2807194798,W2513506562
W2807194798,W2124351063
W2807194798,W2124799197
W2807194798,W2166171121
W2807194798,W2160947363
W2807194798,W2086865963
W2807194798,W2766358903
W2006247279,W2059357290
W2006247279,W2077327925
W2122673596,W2170747616
W2122673596,W2096093282
W1973260880,W2064815984
W1973260880,W2003171404
W1973260880,W2045435533
W1973260880,W2036176224
W1973260880,W2167380395
W1973260880,W2101749257
W2166810745,W2096465161
W2166810745,W2259938310
W2166810745,W1964963969
W2166810745,W2014787267
W2734356283,W2224056471
W2734356283,W2153544371
W2734356283,W2537623931
W2734356283,W2146292423
W2734356283,W2127322768
W2734356283,W4210702584
W3092136311,W2903899730
W3092136311,W3003217347
W3092136311,W3004280078
W3092136311,W3002539152
W3092136311,W3009906937
W3092136311,W3008443627
W3092136311,W3003668884
W3092136311,W3004318991
W3092136311,W3003464757
W3092136311,W3011127849
W3092136311,W3039901154
W3092136311,W3009912996
W3092136311,W3013800395
W3092136311,W3009335299
W3092136311,W3008394341
W3092136311,W3011483298
W3092136311,W3007643904
W3092136311,W3005679569
W3092136311,W3008090866
W3092136311,W3012284084
W3092136311,W3012099172
W3092136311,W3005057892
W3092136311,W3010131837
W3092136311,W3001195213
W3092136311,W3010604545
W3092136311,W3005212621
W3092136311,W4210642183
W3092136311,W3004348779
W3027286012,W2586629973
W3027286012,W2952001873
W3027286012,W2533508881
W3027286012,W2507880739
W3027286012,W1985987855
W3027286012,W2765224588
W3027286012,W2158485828
W3027286012,W1999574084
W3027286012,W2153056550
W3027286012,W2157852151
W3027286012,W2886498337
W2128035403,W2097995306
W2527891094,W1977603207
W2116846792,W2162088497
W2116846792,W2125826054
W2116846792,W2128769815
W2116846792,W2139884694
W2116846792,W2023506796
W2116846792,W2087292184
W2116846792,W2032230795
W2116846792,W1968105193
W2031211461,W1973260880
W2031211461,W2036176224
W1515749184,W2157426451
W2886498337,W2587048937
W2886498337,W2107429737
W2886498337,W2104885590
W2886498337,W2655262992
W2886498337,W2299181842
W2886498337,W2028433016
W2886498337,W1107917109
W2886498337,W2507880739
W2886498337,W2042699075
W2886498337,W1910012553
W2886498337,W2785803176
W2886498337,W2158485828
W2886498337,W2005895632
W2886498337,W2118258530
W2886498337,W2949273159
W2886498337,W2749613778
W2170776626,W2036321220
W2170776626,W2128551987
W2170776626,W2157795344
W2912800036,W2148060162
W2912800036,W2610102381
W2912800036,W2163040809
W2912800036,W2075763914
W2912800036,W2574735439
W2912800036,W202954878
W2912800036,W279724836
W2379365975,W2379365975
W2563535234,W2133870991
W2563535234,W2059359550
W2738996050,W2159754384
W2738996050,W2048030072
W2738996050,W2065031087
W2738996050,W1523693806
W2154026962,W2101120467
W2154026962,W2031611770
W2054275187,W2141458291
W1985538633,W4211217520
W2124427232,W2044835625
W2124427232,W1994993231
W2124427232,W2097995306
W2124427232,W2101653483
W2124427232,W2042699075
W2179036997,W2154556219
W2179036997,W1987134040
W2179036997,W2038752330
W2119147717,W1605230984
W2077327925,W2017426710
W2077327925,W2118258530
W2051416171,W2165242200
W2051416171,W2121745948
W2051416171,W1974038018
W2141831115,W2160333540
W2141831115,W2117792884
W2141831115,W2096465161
W2141831115,W2014787267
W2141831115,W2102619694
W2141831115,W2166810745
W2141831115,W2259938310
W2480010979,W2070300719
W2967043226,W2147806662
W2967043226,W2058835062
W2967043226,W2034305079
W2967043226,W1966411071
W2967043226,W1991082489
W2967043226,W2064165694
W2967043226,W2054891772
W2967043226,W2017919052
W2967043226,W2096261947
W2155943701,W2153056550
W2155943701,W2123696077
W2336400828,W2111647009
W2336400828,W2141052558
W2336400828,W2111211467
W2336400828,W2133870991
W2336400828,W1983102293
W2336400828,W1969042907
W2126154792,W2097022543
W2032227357,W2070855360
W2032227357,W1994942139
W2032227357,W2042851093
W2763355946,W2103004421
W2763355946,W2128739912
W2763355946,W2174661749
W2763355946,W2078271269
W2763355946,W2106787323
W2763355946,W2011458181
W2763355946,W2028433016
W2763355946,W2049553585
W2785803176,W2124427232
W2785803176,W2152061559
W2785803176,W2606495925
W2785803176,W2104885590
W2785803176,W2049553585
W2785803176,W2107429737
W2785803176,W1994993231
W2785803176,W2068523052
W2785803176,W2039123767
W2785803176,W1498931318
W2785803176,W2299181842
W2944545583,W2345356016
W2944545583,W2027847170
W2944545583,W2611604995
W2944545583,W2917207851
W2944545583,W1617495083
W2944545583,W2012034410
W2944545583,W3136918052
W2944545583,W2010457001
W2944545583,W1969353942
W2944545583,W2537679995
W2944545583,W1989277387
W2336828812,W2039705224
W2336828812,W2174602966
W2336828812,W2064815984
W2336828812,W1977709885
W2336828812,W2045435533
W2336828812,W2188223075
W2336828812,W2224398381
W2336828812,W2320983896
W2094156327,W2118278569
W2587048937,W2061123122
W2587048937,W2042699075
W2587048937,W2097995306
W2587048937,W2299181842
W2587048937,W2066671159
W2587048937,W2049553585
W2587048937,W2028433016
W2587048937,W2011458181
W2587048937,W2185075416
W2587048937,W2104885590
W2587048937,W1498931318
W2587048937,W2143772132
W2587048937,W2039123767
W2587048937,W2107429737
W2949273159,W1966107523
W2949273159,W1950829641
W2949273159,W1848939527
W2949273159,W2150575159
W2949273159,W2299181842
W2949273159,W2009720434
W2949273159,W2507880739
W2949273159,W2291298003
W2949273159,W1985987855
W2949273159,W2049553585
W2949273159,W2028433016
W2949273159,W2011458181
W2949273159,W2107429737
W2593414223,W1903029394
W2593414223,W2194775991
W2593414223,W2963684088
W2593414223,W639708223
W2593414223,W2099471712
W2593414223,W2963470893
W2301131921,W2301131921
W2896872272,W2152061559
W2896872272,W2262414037
W2896872272,W2096283457
W2896872272,W1255676896
W2896872272,W2149441684
W2896872272,W2406250479
W2896872272,W2131478115
W2896872272,W2009720434
W2896872272,W2114031931
W2896872272,W2157852151
W2896872272,W2044433401
W2896872272,W2044702943
W2884367402,W2160815625
W2884367402,W2919115771
W2884367402,W2031454541
W2884367402,W2155893237
W2884367402,W2559085405
W2884367402,W2097117768
W2884367402,W2194775991
W2884367402,W2088049833
W2884367402,W2109255472
W2884367402,W2565639579
W2884367402,W2963150697
W2884367402,W2115579991
W2884367402,W2183341477
W2884367402,W639708223
W2884367402,W2601564443
W2884367402,W1903029394
W2884367402,W2102605133
W2884367402,W1536680647
W2884367402,W2549139847
W2884367402,W2099471712
W2884367402,W1606858007
W2884367402,W1665214252
W2884367402,W1861492603
W2884367402,W2037227137
W2884367402,W2163605009
W2884367402,W2570343428
W2884367402,W1849277567
W2765314233,W2049553585
W2765314233,W2011458181
W2765314233,W1498931318
W2765314233,W2185075416
W2765314233,W2578528809
W2765314233,W2170551349
W2765314233,W2004549986
W1255676896,W2078972833
W1985859986,W2100820895
W1985859986,W2042851093
W1985859986,W1994942139
W1985859986,W2061123122
W1985859986,W2117692326
W1985859986,W2106684817
W2060185417,W2068234766
W2060185417,W2110389012
W2060185417,W2116846792
W2060185417,W2087292184
W2060185417,W2128769815
W2060185417,W2125826054
W3111590711,W4205225613
W2622807556,W2124490243
W2622807556,W2128613449
W2622807556,W2102278945
W2622807556,W1979283544
W2578528809,W2049553585
W2578528809,W2291298003
W2578528809,W2104885590
W2578528809,W2143772132
W2578528809,W2044835625
W2578528809,W1994993231
W2578528809,W2124427232
W2578528809,W2097995306
W2578528809,W2039123767
W2578528809,W2042699075
W2578528809,W2066671159
W2578528809,W2101653483
W2578528809,W2028433016
W2578528809,W2011458181
W2578528809,W2010121426
W2578528809,W2185075416
W2578528809,W2301131921
W2160051211,W2064815984
W2160051211,W2120503144
W2160051211,W2019670881
W2160051211,W1976391205
W2160051211,W2000046950
W2160051211,W2045435533
W2160051211,W2003171404
W2109816625,W2153056550
W2109816625,W2134471382
W2109816625,W2059357290
W2109816625,W2157852151
W2109816625,W2158233796
W2109816625,W2123696077
W2109816625,W2275877493
W2109816625,W2262414037
W2109816625,W2096283457
W2109816625,W2161289668
W2109816625,W2168133698
W2109816625,W2009720434
W2109816625,W2148977460
W3010930696,W3005212621
W2277195237,W1933349210
W2277195237,W2031454541
W2277195237,W1947481528
W2277195237,W1536680647
W2277195237,W2102605133
W2277195237,W1905882502
W2277195237,W2163605009
W2277195237,W1861492603
W2277195237,W2123442489
W2277195237,W1606858007
W2277195237,W2117539524
W2277195237,W125693051
W2277195237,W2097117768
W2277195237,W1956340063
W2277195237,W1895577753
W2277195237,W2953106684
W1999906527,W2110389012
W2946657092,W1533942137
W2946657092,W2018838463
W2946657092,W2158485828
W2946657092,W2607129810
W2946657092,W2796207838
W2946657092,W2749613778
W2096465161,W2171777347
W2096465161,W2160333540
W2096465161,W2141831115
W2096465161,W2071271349
W2096465161,W2166810745
W3133859624,W2259938310
W3133859624,W2076154138
W3133859624,W2018838463
W3133859624,W1533942137
W3133859624,W2761275051
W3133859624,W2097360283
W3133859624,W1844405070
W3133859624,W2952001873
W3133859624,W2102278945
W3133859624,W2169456326
W3133859624,W2107018762
W3133859624,W2073836327
W3133859624,W2152239989
W3133859624,W2901303766
W3133859624,W2895486342
W3133859624,W2238851414
W3133859624,W1014257459
W3133859624,W2115779804
W3133859624,W2101357408
W3133859624,W4294541781
W3133859624,W2107916366
W3133859624,W1980168725
W2077553363,W2003342633
W2077553363,W2110389012
W2077553363,W2164386968
W2077553363,W1999906527
W2077553363,W2130495917
W2077553363,W2023615726
W2077553363,W2096139589
W2077553363,W2116846792
W2077553363,W2071841602
W2077553363,W2060185417
W2077553363,W2162088497
W2038194220,W2068849277
W2038194220,W2170577408
W2038194220,W2105103777
W2038194220,W2111619626
W2022687771,W2046182783
W2022687771,W2159211495
W2022687771,W2180229411
W2022687771,W2163106706
W2022687771,W2022687771
W2022687771,W2133968430
W2022687771,W2124026197
W2022687771,W2030517878
W2898789672,W2898789672
W2898789672,W4210702584
W2898789672,W2117692326
W2898789672,W4250359879
W2017387862,W2019075610
W2017387862,W2032230795
W2005404508,W2164526292
W2005404508,W2133892291
W2005404508,W2014173070
W2005404508,W2069157258
W2260274902,W2122854726
W2260274902,W2126902408
W2260274902,W2093027911
W2898402099,W2898402099
W2898402099,W2138122982
W2898402099,W2224056471
W2898402099,W2302501749
W2898402099,W4210702584
W2887114371,W2194775991
W2887114371,W2167279371
W2887114371,W2080873731
W2887114371,W2557283755
W2887114371,W2163605009
W2887114371,W2559655401
W2171237493,W2044433401
W1934094702,W2262414037
W1934094702,W2126547130
W1934094702,W2130430382
W1934094702,W1999574084
W1934094702,W2157795344
W2627092521,W2166562121
W2627092521,W2149074973
W2627092521,W2409656339
W2627092521,W2116846792
W1981239255,W2096791516
W2103004421,W2128739912
W2103004421,W2169895148
W2103004421,W2150575159
W2103004421,W2010457001
W2103004421,W2115709314
W2544360569,W2036321220
W2544360569,W2170776626
W2544360569,W2463195069
W2544360569,W2141091417
W2544360569,W2128551987
W1977601452,W2133360663
W2950595506,W1989277387
W2065847836,W2071930821
W2065847836,W2152239989
W2065847836,W2102619694
W2076598575,W2084299658
W2076598575,W2089532303
W2332292689,W2117692326
W2332292689,W2097995306
W2332292689,W2010121426
W2332292689,W2101653483
W2332292689,W2104885590
W2332292689,W2102212449
W2332292689,W1950829641
W2332292689,W2043398720
W2332292689,W2049491375
W2332292689,W2076154138
W2332292689,W2119896120
W2332292689,W2049553585
W2332292689,W2107429737
W2332292689,W2019552331
W2332292689,W2119180969
W2332292689,W1999574084
W2952564192,W2125826054
W2952564192,W2162088497
W2952564192,W2581259096
W2951254987,W2127303481
W2951254987,W2124351063
W2951254987,W2045204781
W2951254987,W2206071891
W2951254987,W2588775853
W2951254987,W2950354111
W2951254987,W2950150251
W2951254987,W2736920791
W2951254987,W2121055398
W2154945114,W2150523249
W2163225965,W2167183660
W2811212358,W2006247279
W2811212358,W2128551987
W2811212358,W2111663113
W2811212358,W2032696674
W2070777085,W2059357290
W2070777085,W2146573461
W2070777085,W2126504590
W2747877289,W1984883254
W2747877289,W2165835468
W1950118853,W2169491358
W1950118853,W2121354606
W1950118853,W2170776626
W4236357753,W2002463857
W4236357753,W4296816736
W4236357753,W2049069390
W4236357753,W3043135743
W4236357753,W2302501749
W2080232352,W2169895148
W1878404532,W2108433768
W1878404532,W2136609531
W2986925300,W2138122982
W2986925300,W2143485490
W2986925300,W2951254987
W2986925300,W2889019390
W1709815505,W2140952049
W2223535266,W2100039832
W2223535266,W2095987251
W2223535266,W1998166655
W2223535266,W2028897202
W2223535266,W2052543023
W2223535266,W2063632665
W2039153962,W2163924952
W2039153962,W2147311167
W2039153962,W2033151532
W2039153962,W2259938310
W2039153962,W2163013660
W2039153962,W2133520037
W2039153962,W1984068087
W2039153962,W2059145105
W2039153962,W2153118028
W2039153962,W2096791516
W2039153962,W1976844911
W2170121306,W2181552524
W2049491375,W2004630197
W2049491375,W2117692326
W2049491375,W2097995306
W2143625465,W2004608617
W2143625465,W2106779017
W2143625465,W2047208232
W2036176224,W2064815984
W2036176224,W2000046950
W2036176224,W2170039745
W2036176224,W2003171404
W2036176224,W1976391205
W2036176224,W2120503144
W2036176224,W2045435533
W2036176224,W2160051211
W2474747771,W2018838463
W3022285953,W3003217347
W3022285953,W2306794997
W3022285953,W3009912996
W3022285953,W3003464757
W3022285953,W311927316
W3022285953,W2912990441
W3022285953,W2170776626
W3022285953,W2023010129
W3022285953,W2127322768
W3022285953,W2898402099
W2103783427,W2153118028
W2103783427,W1976844911
W2189116376,W2104843155
W2015050458,W2015050458
W2068908844,W2090399125
W2068908844,W2139516501
W2068908844,W1987880468
W2068908844,W1971113415
W2588025094,W2070777085
W2588025094,W2006247279
W2588025094,W2066671159
W2588025094,W2016360721
W2588025094,W2117977572
W2588025094,W2134629862
W3004348779,W2903899730
W3004348779,W2513547424
W3004348779,W3004280078
W3004348779,W2127322768
W3004348779,W3008394341
W2560167313,W2078860594
W2560167313,W2015053255
W2560167313,W2028240797
W2560167313,W3010621220
W2907514116,W2259938310
W2907514116,W2951506174
W2907514116,W2153406260
W2907514116,W2102212449
W2907514116,W2169456326
W2907514116,W2952001873
W2059357290,W2163106706
W2059357290,W2053003053
W2148583852,W2050695214
W2148583852,W1980680725
W2148583852,W1903241269
W2148583852,W2170170821
W2148583852,W2258242373
W2139921601,W613060151
W1992716708,W2031441006
W2565383127,W2067670322
W2513727910,W2026062398
W2513727910,W2056279562
W2513727910,W1605984840
W2513727910,W2141052558
W3115880421,W2141831115
W3115880421,W2784570320
W3115880421,W2015845481
W3115880421,W2014787267
W3115880421,W2590568317
W3115880421,W2145931730
W3115880421,W2046387002
W3115880421,W2032183472
W3115880421,W1977709885
W3115880421,W2160051211
W2124679671,W2096541451
W2124679671,W2169678694
W1991807334,W2071930821
W1991807334,W2165547003
W1991807334,W2065847836
W1991807334,W2078964320
W1991807334,W2053003053
W1991807334,W2152239989
W1991807334,W2141458291
W2165869860,W2064815984
W2165869860,W2120503144
W2165869860,W2019670881
W2165869860,W2036176224
W2165869860,W2096261947
W2165869860,W2000046950
W2165869860,W2045435533
W2165869860,W2086561953
W2165869860,W2199695484
W2165869860,W2031611770
W2165869860,W2070614858
W2784371446,W2917837889
W2784371446,W2180481128
W2784371446,W2291298003
W2784371446,W2275877493
W2784371446,W2228221433
W2784371446,W1980497534
W2784371446,W2104830962
W2784371446,W2097995306
W2784371446,W2124427232
W2784371446,W2100039832
W2784371446,W2049553585
W2784371446,W2578528809
W2784371446,W2587048937
W2784371446,W2106787323
W2148658155,W2134219545
W2011458181,W2004630197
W2011458181,W2097995306
W2011458181,W2039123767
W2011458181,W2049553585
W2011458181,W2150575159
W2011458181,W2028433016
W2011458181,W2104885590
W2011458181,W1994993231
W2011458181,W2152061559
W2159954944,W2128769815
W2159954944,W2096128575
W2252568502,W2045435533
W2252568502,W2003171404
W2252568502,W2064815984
W2252568502,W1973260880
W2252568502,W2077659966
W2252568502,W2167380395
W2252568502,W2036176224
W2252568502,W2031211461
W2252568502,W2100122648
W2252568502,W2114031931
W2252568502,W2043398720
W2252568502,W2010457001
W2252568502,W2152505144
W2252568502,W2170551349
W2110936821,W2012490955
W2131478115,W2102619694
W4211168195,W2889646458
W4211168195,W2302003756
W4211168195,W2096139589
W4211168195,W2262414037
W4211168195,W1934094702
W4211168195,W2977895282
W2168631000,W1992112921
W2168631000,W2080232352
W2168631000,W2117692326
W2168631000,W2005334224
W2168631000,W2058648826
W3007246056,W2201735116
W3007246056,W2083753594
W2898440040,W2898440040
W2898440040,W2017426710
W2898440040,W2134629862
W2898440040,W2077327925
W2012490955,W2023506796
W2012490955,W2013371150
W2012490955,W2068234766
W2012490955,W2033829415
W2012490955,W2115944543
W2012490955,W2139884694
W2900629010,W4250359879
W2900629010,W2537623931
W2900629010,W2127322768
W2900629010,W2614081736
W2900629010,W2111647009
W2900629010,W1983102293
W2900629010,W2559588208
W2900629010,W2949841808
W2765726697,W2175751433
W2765726697,W2607350314
W2765726697,W2141970008
W2765726697,W2116950002
W2765726697,W2037977783
W2765726697,W2098082628
W2765726697,W1715038780
W2765726697,W2412247133
W2152656267,W1981463058
W4210702584,W2739999456
W4210702584,W2051978340
W2095719702,W1968984443
W2095719702,W2044172327
W2095719702,W2142868265
W2004549986,W2147311167
W2004549986,W2125826054
W2004549986,W2032230795
W2004549986,W2162088497
W2004549986,W2071841602
W2004549986,W1968105193
W2004549986,W2088940658
W2004549986,W1998767819
W2140380746,W1985859986
W2140380746,W1994942139
W2055348159,W2070855360
W2055348159,W2100820895
W2055348159,W2010876644
W2055348159,W1985859986
W2055348159,W2148898943
W2055348159,W1980789245
W2055348159,W2058648826
W2055348159,W2168631000
W2055348159,W2005334224
W2055348159,W2169491358
W2055348159,W2033896075
W1983102293,W2130362098
W1983102293,W2111211467
W1983102293,W2148698435
W2105924489,W1985213868
W2105924489,W2057545775
W2105924489,W2128601422
W1998933811,W2023718959
W1998933811,W10512124
W2115779804,W2124490243
W2115779804,W2128613449
W2115779804,W2040547343
W2115779804,W2133520037
W2115779804,W2163013660
W2997022986,W1989277387
W2997022986,W2559588208
W2997022986,W2345356016
W2997022986,W2214074259
W2997022986,W2096173332
W1966107523,W2049491375
W1966107523,W2004630197
W2117800935,W1985538633
W2117800935,W1972483153
W2048030072,W2028536701
W2048030072,W1985538633
W2048030072,W2048030072
W2048030072,W1523693806
W3020637112,W3008696669
W3020637112,W2990024397
W3020637112,W3012284084
W3020637112,W3004239190
W2099610218,W2036321220
W2564178799,W2032100925
W2564178799,W2156157987
W2564178799,W2567342708
W2564178799,W2114118829
W2564178799,W2051796629
W2564178799,W2125053394
W2564178799,W2076699264
W2748717829,W2014451195
W2748717829,W2574394697
W2748717829,W2035206741
W2748717829,W2497894926
W2748717829,W1981729886
W2084141237,W2032227357
W2084141237,W4211217520
W2084141237,W2042433863
W2084141237,W1985538633
W2149858388,W1255676896
W2149858388,W2114031931
W2149858388,W2152061559
W2149858388,W2156593520
W2101870168,W2117247812
W2101870168,W2121091193
W2130707940,W2088122955
W2130707940,W1981644934
W2130707940,W2005404508
W2130707940,W2029092200
W2143325926,W2134852597
W2143325926,W2037993016
W2782685575,W2061123122
W2782685575,W2159560463
W2782685575,W1985859986
W2782685575,W2058648826
W2782685575,W2070855360
W2782685575,W2055348159
W2614566443,W2113699335
W2614566443,W1905058580
W2614566443,W2238851414
W2614566443,W2324862792
W2614566443,W2039153962
W2614566443,W2153118028
W2997280954,W2179438025
W2997280954,W2069089843
W2997280954,W2794480084
W2997280954,W2949177718
W2997280954,W2800392236
W2997280954,W2190545194
W2997280954,W2130116522
W2997280954,W2152239989
W2997280954,W2620721366
W2997280954,W2137526110
W2997280954,W2739492614
W2997280954,W2889326414
W2147806662,W2070777085
W2147806662,W2102619694
W2147806662,W2021341670
W2147806662,W2034305079
W2761275051,W2076154138
W2761275051,W1533942137
W2761275051,W2104549677
W2761275051,W2256016639
W2761275051,W2073836327
W2761275051,W2328393125
W2761275051,W2116868464
W2761275051,W1848939527
W2761275051,W2214074259
W2761275051,W2096791516
W2761275051,W2102619694
W2761275051,W1969353942
W2142428670,W4242729757
W2142428670,W1998767819
W2151350595,W2136879569
W2151350595,W2141152740
W2151350595,W2124351063
W2151350595,W2170747616
W2151350595,W2117457769
W4232620598,W2613362156
W4232620598,W2625856057
W2942610007,W2952001873
W2942610007,W2533508881
W2942610007,W2332292689
W2942610007,W1985987855
W2942610007,W1950829641
W2942610007,W1107917109
W2942610007,W2796207838
W2942610007,W2275877493
W2942610007,W2180481128
W2942610007,W1910012553
W2942610007,W2107429737
W2942610007,W2039123767
W2942610007,W2794480084
W2942610007,W2794521141
W2195783463,W2103783427
W2195783463,W2163924952
W2195783463,W2155496693
W2195783463,W2033151532
W2195783463,W2153860431
W2195783463,W2139852368
W2195783463,W2107916366
W2195783463,W1844405070
W2003342633,W2110389012
W2003342633,W2164386968
W2003342633,W2060185417
W2044172327,W2160544821
W2044172327,W2161605421
W2044172327,W2169678694
W2044172327,W2045683699
W2044172327,W2142868265
W3039901154,W3001195213
W3039901154,W2903899730
W3039901154,W2470646526
W3039901154,W2587970647
W3039901154,W3009906937
W3039901154,W2952045272
W3039901154,W3009912996
W3039901154,W3004318991
W3039901154,W3009335299
W3039901154,W3007643904
W3039901154,W3004896487
W3039901154,W3010441732
W3039901154,W3004280078
W2071271349,W2146573461
W2071271349,W2014787267
W2071271349,W2126504590
W2901303766,W2901303766
W2901303766,W1533942137
W2901303766,W2104549677
W2901303766,W2163013660
W2901303766,W2302501749
W2042619042,W1980497534
W3016489853,W3001195213
W3016489853,W2903899730
W3016489853,W2470646526
W3016489853,W3009912996
W3016489853,W2170551349
W3016489853,W2179438025
W3016489853,W2900569176
W3016489853,W3003217347
W3016489853,W1810028515
W2022495797,W2155943701
W2022495797,W2123696077
W2022495797,W2096283457
W2022495797,W2041440766
W2022495797,W1255676896
W2022495797,W2262414037
W2022495797,W2335012284
W2022495797,W2009720434
W2022495797,W2044433401
W3015608194,W3003668884
W3015608194,W3004280078
W3015608194,W3003217347
W3015608194,W2470646526
W3015608194,W2124026197
W3015608194,W2154197653
W3015608194,W3005212621
W2818417770,W2103783427
W2818417770,W2818417770
W2818417770,W2738082385
W2818417770,W2324862792
W2818417770,W2626606138
W2818417770,W2805983714
W2818417770,W2613603864
W2818417770,W2238851414
W2818417770,W2113699335
W2912990441,W2094201044
W2912990441,W2170747616
W2912990441,W2919115771
W2912990441,W2095705004
W2150523249,W2154945114
W2150523249,W2119180969
W2150523249,W2021341670
W2337225114,W2193503481
W2337225114,W1968176769
W2337225114,W2171984413
W2337225114,W2054653365
W2337225114,W1964308073
W2337225114,W1992193293
W2337225114,W2410390527
W2337225114,W2024966118
W2337225114,W1991308688
W2337225114,W2981420978
W2952001873,W2168631000
W2952001873,W1107917109
W2952001873,W2028433016
W2952001873,W1985987855
W2952001873,W2949273159
W2952001873,W2259938310
W2952001873,W2043398720
W2952001873,W1966107523
W2952001873,W2332292689
W2952001873,W2159707944
W2952001873,W2507880739
W2952001873,W2519244818
W2788633781,W2557738935
W2788633781,W2062118960
W2788633781,W2183341477
W2788633781,W1849277567
W2599417231,W2120902911
W2599417231,W2170747616
W2599417231,W2107772251
W2599417231,W2128769815
W2599417231,W2170551349
W2599417231,W2113679889
W2599417231,W2141920662
W2599417231,W2032230795
W1981030303,W2014677321
W1981030303,W2014787267
W2911892655,W2432612777
W3096828292,W2969718750
W3096828292,W2127175247
W3096828292,W2131848047
W2104885590,W2097995306
W2104885590,W2152061559
W2104885590,W2134471382
W2066131315,W1994433187
W2066131315,W2166394891
W4211196614,W4242729757
W4211196614,W2160378127
W4211196614,W2037312364
W3028304854,W2149441684
W3028304854,W2117131162
W3028304854,W3006500278
W3028304854,W2761275051
W3028304854,W2796153844
W2088940658,W2739174192
W3013352992,W4300198507
W3013352992,W2763871199
W3013352992,W2999421965
W3013352992,W2076598575
W3013352992,W2126525177
W3013352992,W2117692326
W3013352992,W1969524738
W3013352992,W2062533676
W3013352992,W2015426350
W2149515881,W2125826054
W2149515881,W2087292184
W2149515881,W2032230795
W2149515881,W1968105193
W2149515881,W2115944543
W2766903152,W2128035403
W2766903152,W2143772132
W2766903152,W2185075416
W2766903152,W2104885590
W2766903152,W2107429737
W2766903152,W2291298003
W2766903152,W2299181842
W2766903152,W2049553585
W2766903152,W2128769815
W2766903152,W2125826054
W2766903152,W2133856765
W2766903152,W2039123767
W2766903152,W2166171121
W2766903152,W2513506562
W2766903152,W2124351063
W2766903152,W2088833470
W2766903152,W2151350595
W2766903152,W2034285706
W2766903152,W2031611770
W2766903152,W2072970694
W2766903152,W2170551349
W2766903152,W2119180969
W2766903152,W2096791516
W2766903152,W2256016639
W2766903152,W2148540129
W2766903152,W2128601422
W2089572795,W2067456724
W2089572795,W2101420429
W2089572795,W4295750005
W2089572795,W1990134753
W2089572795,W1875112053
W1981500982,W2110235509
W1981500982,W2033829415
W1981500982,W2128769815
W1981500982,W2125826054
W1981500982,W2032230795
W1981500982,W2030500910
W1981500982,W2164342861
W1981500982,W2012490955
W2913323966,W1789155650
W2913323966,W2588003345
W2913323966,W2126479957
W2913323966,W1979723077
W2913323966,W2919115771
W2913323966,W1019830208
W2913323966,W1981213426
W2913323966,W2560167313
W2913323966,W2052648234
W2913323966,W2076063813
W2913323966,W2099471712
W2913323966,W2557283755
W2084299658,W2105731956
W2503161491,W2014734472
W2503161491,W2098459033
W2170830174,W2131478115
W2170830174,W2035618305
W4211233744,W1107917109
W4211233744,W1950118853
W4211233744,W1964847767
W4211233744,W2169491358
W4211233744,W2028593825
W2603203130,W2252355370
W2603203130,W2964137095
W2603203130,W639708223
W2016752484,W1970637701
W2068767807,W2019552331
W2068767807,W2100305481
W2896002881,W1663154925
W2896002881,W2043398720
W2896002881,W2060427373
W2896002881,W2106779017
W2140353364,W2108638835
W2140353364,W2101571099
W2140353364,W2125065061
W2981137429,W2174602966
W2981137429,W2045435533
W2981137429,W2064815984
W2981137429,W2003171404
W2981137429,W2336828812
W2981137429,W2766599608
W2981137429,W2224398381
W2981137429,W2146512944
W2981137429,W2320983896
W2981137429,W1999574084
W2950954328,W2127175247
W2950954328,W2124351063
W2950954328,W2045204781
W2950954328,W2224056471
W2950954328,W2138122982
W2909679049,W2104885590
W2909679049,W2107429737
W2909679049,W2049553585
W2909679049,W2299181842
W2909679049,W2152061559
W2909679049,W2011458181
W2909679049,W2291298003
W2909679049,W2613362156
W2909679049,W2606495925
W2909679049,W2028433016
W2078599166,W2115944543
W2078599166,W1968105193
W2078599166,W2072970694
W2086865963,W2162088497
W2086865963,W2080283023
W2086865963,W2072970694
W2086865963,W2166171121
W2086865963,W2124351063
W2147790901,W2071841602
W2003022112,W2164526292
W2003022112,W2014173070
W2003022112,W2069157258
W2396849069,W2117757143
W2396849069,W2171777347
W2396849069,W2104549677
W2396849069,W1912672559
W2396849069,W2008627757
W2396849069,W2116868464
W2995576379,W1988050849
W2995576379,W2905811773
W2995576379,W2130892515
W2995576379,W2100739170
W2995576379,W2223470559
W2995576379,W2105846236
W2995576379,W2167344400
W2995576379,W3147343449
W2995576379,W2950750906
W2995576379,W2000380427
W2995576379,W1545460766
W2995576379,W2085067988
W2995576379,W2118338381
W2086710305,W2079350221
W2621361823,W2006419043
W2171762906,W2157427387
W1910012553,W2119896120
W1910012553,W2066671159
W1910012553,W2000177767
W1971578941,W1981030303
W1971578941,W2070021921
W1971578941,W2259938310
W1971578941,W2055655674
W1971578941,W1964963969
W1971578941,W2140952049
W1971578941,W2014677321
W1971578941,W2519244818
W2078964320,W2160333540
W2078964320,W2133968430
W2078964320,W2071930821
W2078964320,W4247053599
W2078964320,W2102619694
W2737785069,W2737785069
W2419140434,W1255676896
W2419140434,W2009720434
W2419140434,W2126816979
W2419140434,W2149858388
W2943293743,W1561041814
W2943293743,W2089532303
W2943293743,W1985538633
W2943293743,W2134219545
W2943293743,W1864325817
W2943293743,W2140637559
W2943293743,W1972483153
W2230320310,W2158485828
W2230320310,W1812256879
W2230320310,W2126547130
W2230320310,W1848939527
W2230320310,W2180481128
W2230320310,W2114843025
W2230320310,W1973094248
W2230320310,W2131478115
W2230320310,W2146512944
W2230320310,W2115462905
W2230320310,W2096283457
W2230320310,W2262414037
W2230320310,W2109816625
W2230320310,W2044702943
W2002682820,W2161139387
W2970686316,W2807728333
W2970686316,W2032230795
W2970686316,W2110389012
W2970686316,W2077553363
W2970686316,W2164342861
W2970686316,W2033829415
W2970686316,W1981500982
W2970686316,W2166562121
W2970686316,W2087292184
W2970686316,W2110936821
W2970686316,W2030500910
W2970686316,W2023506796
W2970686316,W1515023627
W2970686316,W2080094749
W2970686316,W2627092521
W2970686316,W2769542288
W2970686316,W2125784987
W2970686316,W2068234766
W2970686316,W2128769815
W2970686316,W2067267561
W2970686316,W2139884694
W2970686316,W2409656339
W2970686316,W2110300022
W2970686316,W2004549986
W2970686316,W2126525177
W2970686316,W2116846792
W2970686316,W2341244791
W2970686316,W2146890278
W2970686316,W2078355959
W2970686316,W2125826054
W2970686316,W2398894736
W2970686316,W2787902098
W2970686316,W2110235509
W2970686316,W2060185417
W2970686316,W2428595929
W2970686316,W2033386838
W2970686316,W2162088497
W2510973425,W2104549677
W2510973425,W2511515754
W2510973425,W2171777347
W2510973425,W2096791516
W2766437506,W2019552331
W2766437506,W2135937351
W2766437506,W2951506174
W2766437506,W2949693884
W2770026599,W2154866190
W2770026599,W2174602966
W2770026599,W2149992227
W2770026599,W2256016639
W2770026599,W2104549677
W2770026599,W2162151166
W2770026599,W2320983896
W2143772132,W2010121426
W2143772132,W2101653483
W2143772132,W2124427232
W2143772132,W2097995306
W2143772132,W2128035403
W2143772132,W2104885590
W2143772132,W2039123767
W2504691963,W2504691963
W2504691963,W4242729757
W2127597920,W2161139387
W2127597920,W1981213426
W2127597920,W2100135944
W2127597920,W2126902408
W2127597920,W2066131315
W2916020270,W2766437506
W2916020270,W2747877289
W2916020270,W2949693884
W2916020270,W1984883254
W2916020270,W2889326414
W2916020270,W2117757143
W2916020270,W2169456326
W2916020270,W2134526812
W2916020270,W2800392236
W2916020270,W2951506174
W2916020270,W2345356016
W2916020270,W2817838603
W1965498876,W2045295282
W1965498876,W2132566055
W1965498876,W2035252444
W1965498876,W2005334224
W1965498876,W2476542314
W2042699075,W2097995306
W2042699075,W2101653483
W2770092353,W2116868464
W2770092353,W2101357408
W2770092353,W2082704080
W2770092353,W2078059415
W2770092353,W1533942137
W2770092353,W2259938310
W2770092353,W2076154138
W2770092353,W1984068087
W2770092353,W2160995259
W2770092353,W2141820415
W2770092353,W2162151166
W2770092353,W2010457001
W2770092353,W2163924952
W2770092353,W2104549677
W2770092353,W2417483443
W2770092353,W2051314902
W2770092353,W2163013660
W2770092353,W2039153962
W2770092353,W2106779017
W2770092353,W2256016639
W2045295282,W2115852450
W2045295282,W2005334224
W2068234766,W2083717261
W2068234766,W2110389012
W2068234766,W2106779017
W2068234766,W2012490955
W2130687298,W2259938310
W2130687298,W2046387002
W2130687298,W2145931730
W2130687298,W2064165694
W2130687298,W2058835062
W2130687298,W2147806662
W2130687298,W2053003053
W2130687298,W2519244818
W2101971030,W2019655958
W2101971030,W1913957972
W1933349210,W1895577753
W1933349210,W1905882502
W1933349210,W1861492603
W1933349210,W2163605009
W1933349210,W1956340063
W1933349210,W1947481528
W2005821483,W2170702893
W2121091193,W2097360283
W2121091193,W4294541781
W2197124664,W2138207763
W2197124664,W2134526812
W2197124664,W2100305481
W2197124664,W1999574084
W2197124664,W2141458291
W2197124664,W2179438025
W2197124664,W2146512944
W2197124664,W2131478115
W2197124664,W2166820820
W1997023449,W2738996050
W2302447233,W2302447233
W1005007408,W2072970694
W1005007408,W2080283023
W1005007408,W2015593224
W1005007408,W2160947363
W1005007408,W2110300022
W1588685142,W2163225965
W3012284084,W3002539152
W2000209446,W2000209446
W1979538859,W2158734599
W1979538859,W1845447069
W1979538859,W1979538859
W2065210647,W2100820895
W2065210647,W2118278569
W2756821926,W1952608303
W2756821926,W2085978470
W2756821926,W2590568317
W2164778558,W2025665129
W2164778558,W1970637701
W2164778558,W2057274775
W2164778558,W2028536701
W2164778558,W2065031087
W2164778558,W1523693806
W2164778558,W2048030072
W3005679569,W3001195213
W3005679569,W2470646526
W3005679569,W3003668884
W3005679569,W3004280078
W2108068107,W2104830962
W2108068107,W2043398720
W2108068107,W2125789330
W2105349784,W2160333540
W2105349784,W2146573461
W2105349784,W2126504590
W2105349784,W2026343134
W2105349784,W2014787267
W2105349784,W2071271349
W2119298903,W2141708418
W2119298903,W2106568252
W2097916756,W2097916756
W2097916756,W1879687480
W2165200432,W2118278569
W2165200432,W2146573461
W2165200432,W2005334224
W2165200432,W2032518018
W2165200432,W2058648826
W2165200432,W2169895148
W2099757747,W2067267561
W2239232218,W1901616594
W2239232218,W2487770199
W2239232218,W2014356541
W1980789245,W2148898943
W3013800395,W3003668884
W3013800395,W3004280078
W3013800395,W2513547424
W3013800395,W3004348779
W3013800395,W3008394341
W3013800395,W3009912996
W3013800395,W3009335299
W3013800395,W3014067025
W3013800395,W3007643904
W3013800395,W2903899730
W3013800395,W2973457155
W3013800395,W2108921801
W2108524369,W2085315239
W2108524369,W2159474015
W2108524369,W1990074132
W2108524369,W2119180969
W2108524369,W2161184021
W3083241614,W2204688218
W3083241614,W2071841602
W3083241614,W2078599166
W3083241614,W2125826054
W3083241614,W2128769815
W3083241614,W2787902098
W3083241614,W2004549986
W3083241614,W2162088497
W3083241614,W1993399595
W3083241614,W2998840182
W3083241614,W2023615726
W3083241614,W2115944543
W3083241614,W2162078360
W3083241614,W2089532303
W2078338131,W389868541
W2096650374,W2131842864
W2096650374,W3149745985
W3025320502,W3008443627
W2162695817,W1977603207
W2081465448,W2128551987
W2081465448,W2141091417
W2028433016,W2043398720
W2028433016,W1966107523
W2028433016,W2126547130
W2028433016,W2018838463
W2028433016,W2124427232
W2028433016,W2022495797
W2028433016,W2170551349
W2028433016,W2009720434
W2028433016,W2114031931
W2028433016,W2157852151
W2028433016,W2004630197
W2028433016,W2104885590
W2028433016,W2039123767
W2028433016,W2114843025
W2028433016,W2159707944
W2028433016,W2101291993
W2028433016,W2096128575
W2071930821,W1976844911
W2175423925,W2044718416
W2175423925,W2002682820
W2175423925,W2100135944
W2175423925,W2161139387
W2512899508,W2117692326
W2512899508,W2033278321
W2512899508,W2168631000
W2512899508,W2100039832
W2512899508,W2140380746
W2512899508,W2476542314
W2073836327,W2115801316
W2073836327,W2153118028
W2073836327,W2163013660
W2073836327,W2096791516
W2073836327,W2259938310
W2154433795,W2002682820
W2154433795,W2117930979
W2154433795,W2135639661
W2154433795,W2008951609
W2154433795,W2161139387
W2154433795,W3211914286
W311927316,W2166867592
W2130811469,W2010635848
W2130811469,W1990370234
W2130811469,W2105872868
W2130811469,W2169286869
W2130811469,W1996359250
W2130811469,W1967156257
W2130811469,W2108940449
W2130811469,W2161139387
W2130811469,W2067087368
W2130811469,W1997065014
W2130811469,W1991308688
W2130811469,W2172199324
W2130811469,W3010621220
W2804233742,W1810028515
W3010131837,W3003668884
W3010131837,W3010131837
W3010131837,W3013188135
W1986241711,W1981989535
W1986241711,W2110664940
W1986241711,W2275877493
W1986241711,W2335012284
W1973268693,W2128551987
W1980680725,W2072970694
W1980680725,W2890624634
W2153607816,W2058484936
W2153607816,W2080094749
W2275877493,W2123696077
W2275877493,W2153056550
W2275877493,W2157852151
W2275877493,W2117692326
W2275877493,W2010121426
W2100135944,W2002682820
W2100135944,W2094520873
W2100135944,W1990370234
W2100135944,W2170121306
W2100135944,W2010635848
W2100135944,W2169286869
W2100135944,W2135011388
W2100135944,W2163744914
W1843302206,W2110634891
W1843302206,W2107910518
W1843302206,W2164841185
W2178043251,W2131848047
W2178043251,W2739999456
W2178043251,W2147526198
W2473156356,W2155893237
W2473156356,W2919115771
W2473156356,W2117539524
W2473156356,W2076063813
W2473156356,W2097117768
W2473156356,W1849277567
W2473156356,W2194775991
W2473156356,W2163605009
W2078059415,W1964963969
W2078059415,W2171777347
W2078059415,W2106779017
W2078059415,W2107916366
W2078059415,W2140952049
W2766599608,W2336828812
W2766599608,W2174602966
W2033896075,W1972483153
W2101020813,W2169286869
W2101020813,W37217007
W2788142646,W2049491375
W2788142646,W1107917109
W2788142646,W2039123767
W2788142646,W2124427232
W2788142646,W2005895632
W2788142646,W1985987855
W2788142646,W2130430382
W2787024379,W2050480410
W2787024379,W2045435533
W2787024379,W2165869860
W2787024379,W2606915822
W2460850757,W2171783890
W2460850757,W2116601594
W1971620413,W2061123122
W1971620413,W2060672294
W1971620413,W2042699075
W1971620413,W2118278569
W1971620413,W2117692326
W1971620413,W2169491358
W1971620413,W2058648826
W1971620413,W2033278321
W1971620413,W2070855360
W1971620413,W2055348159
W1971620413,W2476542314
W3005057892,W2470646526
W3005057892,W3002539152
W1982267818,W2002752790
W1982267818,W1971144082
W2810423511,W2204688218
W2810423511,W1964572117
W2978346165,W2165086204
W2978346165,W2141975087
W2978346165,W1993326409
W2978346165,W2557711433
W2978346165,W2422895071
W2978346165,W2610102381
W2978346165,W2104212223
W2978346165,W2075763914
W2978346165,W279724836
W2978346165,W2397558774
W2301044272,W1985859986
W2301044272,W2159560463
W2301044272,W2106684817
W2301044272,W2070855360
W2301044272,W2055348159
W2301044272,W2134219545
W2786671949,W2179653678
W2786671949,W2175951962
W2786671949,W2127175247
W2786671949,W1987490818
W2786671949,W2153142029
W3028523516,W2097995306
W3028523516,W2104885590
W3028523516,W1910012553
W3028523516,W2010121426
W3028523516,W2128035403
W3028523516,W2049553585
W2920925854,W2160446463
W2033617297,W1980789245
W2033617297,W2082429191
W2033617297,W1996024251
W2198153867,W2166810745
W2198153867,W2141831115
W2198153867,W2105349784
W2198153867,W1970741980
W2198153867,W2070777085
W2198153867,W2153268494
W2198153867,W2160333540
W2198153867,W2034305079
W2198153867,W2096465161
W2198153867,W2146573461
W2198153867,W2147806662
W2198153867,W2058835062
W2198153867,W1966411071
W2198153867,W2130687298
W2198153867,W2014787267
W2198153867,W2126504590
W2198153867,W2127862779
W2198153867,W2160051211
W2103296919,W2154026962
W2119896120,W2010121426
W2953151710,W2794480084
W2953151710,W2135937351
W2953151710,W2102212449
W2953151710,W2006617902
W2953151710,W2069089843
W2953151710,W2951506174
W2953151710,W2817838603
W3124321936,W3124550632
W3124321936,W2090650059
W3124321936,W2315678552
W3124321936,W2109341202
W2200817828,W2132484323
W2200817828,W2090602773
W2200817828,W72751723
W2200817828,W2050695214
W2723723801,W2082704080
W2044835625,W2097995306
W2044835625,W2010121426
W2044835625,W2004630197
W2784350055,W2156157987
W2784350055,W1992749124
W2784350055,W2195453830
W2784350055,W2094145140
W2784350055,W2121022470
W2784350055,W2005307077
W2784350055,W2120834437
W2784350055,W1940496428
W2784350055,W2483057761
W2784350055,W2132407977
W2784350055,W2272908325
W2606974598,W2146502635
W2725988230,W2163924952
W2725988230,W2511515754
W2725988230,W2116868464
W2725988230,W2101357408
W2725988230,W2195783463
W2725988230,W2088486634
W2725988230,W1980168725
W2725988230,W1844405070
W2725988230,W2155496693
W2725988230,W2113699335
W2725988230,W1905058580
W2725988230,W2264585211
W2725988230,W2328393125
W2725988230,W2153860431
W2725988230,W2259938310
W2725988230,W2076154138
W2725988230,W2018838463
W2725988230,W1014257459
W2725988230,W2108994842
W2725988230,W2008627757
W2533508881,W2049491375
W2533508881,W1985987855
W2533508881,W1966107523
W2533508881,W2130430382
W2030737358,W2915157699
W2081183202,W2154556219
W2081183202,W2092643722
W2470481127,W2098082628
W2905810301,W2919115771
W2905810301,W2117539524
W2905810301,W2160815625
W2905810301,W2257979135
W2905810301,W2592929672
W2905810301,W2581082771
W2905810301,W2557738935
W2905810301,W2788633781
W2905810301,W1901129140
W2905810301,W1895577753
W2905810301,W2396881363
W2905810301,W2160995259
W2905810301,W1019830208
W2905810301,W2099471712
W1952026831,W2091627137
W1952026831,W2072970694
W1952026831,W2080283023
W1952026831,W2166171121
W1952026831,W2124351063
W1952026831,W2136879569
W1952026831,W2115701239
W1952026831,W2117457769
W1952026831,W2110300022
W1952026831,W2034285706
W1952026831,W2152207030
W2158789637,W2136482257
W2158789637,W2021341670
W2582686270,W2117692326
W2582686270,W1971620413
W2582686270,W2061123122
W2582686270,W2058648826
W2582686270,W2100820895
W2582686270,W2471500324
W2582686270,W2159560463
W2582686270,W2060672294
W2582686270,W2120426523
W2582686270,W2039123767
W2582686270,W2124427232
W3004804052,W3002539152
W2171783890,W2116601594
W1973094248,W2131478115
W1973094248,W2259938310
W1973094248,W2152239989
W1973094248,W2004014148
W1973094248,W2136482257
W2107633226,W2153056550
W2807308836,W2026062398
W2807308836,W2130362098
W2138832709,W2135011388
W2138832709,W2097698421
W2004966039,W2259938310
W2004966039,W1981030303
W2004966039,W2117692326
W2004966039,W2014787267
W2004966039,W2078059415
W2004966039,W1964963969
W2004966039,W2044433401
W2004966039,W1971578941
W2004966039,W2070021921
W2004966039,W2140952049
W2004966039,W2519244818
W2171984413,W2108940449
W2171984413,W2106963750
W2171984413,W2054653365
W2171984413,W1997065014
W2171984413,W2067087368
W2171984413,W1991308688
W1980168725,W2088486634
W1980168725,W2141916112
W2901068426,W4211233744
W2901068426,W2028593825
W2901068426,W2606001457
W2901068426,W2586407709
W2901068426,W2033278321
W2901068426,W1964847767
W2901068426,W2520632143
W2901068426,W2763367287
W2901068426,W2058648826
W2901068426,W2042699075
W2901068426,W2476542314
W2061123122,W2065210647
W2061123122,W2100820895
W1563940013,W2059145105
W2470646526,W2166867592
W2470646526,W311927316
W1900937478,W2141292707
W1900937478,W2160378127
W1900937478,W2031611770
W2784570320,W2141831115
W2784570320,W2166810745
W2784570320,W2224056471
W2784570320,W2053003053
W2784570320,W2064165694
W2784570320,W2096465161
W2784570320,W2058835062
W2784570320,W2130687298
W2784570320,W2126504590
W2784570320,W2153268494
W2112444085,W2259938310
W2112444085,W2045435533
W2112444085,W2064815984
W2112444085,W2003171404
W2112444085,W1976391205
W2112444085,W2000046950
W2112444085,W2519244818
W2803664483,W2559588208
W2803664483,W2177317049
W2803664483,W1989299822
W2589067428,W2179036997
W2589067428,W2011759111
W2589067428,W2009791213
W2161184021,W2171777347
W2161184021,W2168133698
W2166820820,W2141458291
W2166820820,W2152239989
W2166820820,W2160333540
W2166820820,W2166810745
W2156593520,W2033896075
W2157852151,W2153056550
W1970413157,W2076357933
W1970413157,W2096791516
W1970413157,W2154866190
W1970413157,W2107916366
W1970413157,W2259938310
W2101749257,W2064815984
W2101749257,W2120503144
W2101749257,W2077659966
W2101749257,W1976391205
W2101749257,W2000046950
W2101749257,W2045435533
W2101749257,W2003171404
W2101749257,W2160051211
W2101749257,W1964963969
W2101749257,W2170039745
W2605897695,W2323326409
W2605897695,W2136482257
W2013874115,W2025809070
W2013874115,W1993036604
W2013874115,W2126164548
W2152912650,W2914053210
W2795989238,W1812256879
W2795989238,W2096283457
W2795989238,W1950829641
W2795989238,W2123696077
W2795989238,W2275877493
W2795989238,W2041440766
W2795989238,W2068523052
W2795989238,W2161112598
W2795989238,W2366536035
W2795989238,W2108696783
W2795989238,W2161289668
W2795989238,W2044702943
W2011312755,W2125826054
W2011312755,W2057545775
W2011312755,W1966623514
W2011312755,W2032230795
W2011312755,W2128769815
W2011312755,W2013371150
W2011312755,W2155142785
W2011312755,W1968105193
W2011312755,W2139884694
W1993399595,W2125826054
W1993399595,W2013371150
W1993399595,W2162088497
W1993399595,W2128769815
W1993399595,W2023506796
W1993399595,W2054407804
W1993399595,W2124351063
W1993399595,W2072970694
W1993399595,W2170551349
W1993399595,W2085397620
W1993399595,W2139884694
W3097145107,W2177317049
W3097145107,W3136918052
W3097145107,W2767891136
W3097145107,W1989277387
W2167898988,W2259938310
W2167898988,W2141458291
W2167898988,W2158485828
W3003960907,W1997183854
W3003960907,W2265062179
W3003960907,W2002490399
W3003960907,W2980472864
W3003960907,W2981179816
W3003960907,W2189205651
W1647551795,W2022269454
W1647551795,W2128769815
W1647551795,W2125826054
W1647551795,W2087292184
W1647551795,W2071841602
W1647551795,W2023615726
W1647551795,W1993399595
W1647551795,W2164386968
W1647551795,W2143777796
W1647551795,W2130495917
W1647551795,W2135989088
W1647551795,W2023506796
W3084100763,W2126164548
W3084100763,W2228338508
W3084100763,W2025809070
W2033829415,W2032230795
W2033829415,W2072970694
W2033829415,W2087292184
W2033829415,W2023506796
W2033829415,W2130495917
W2033829415,W2030500910
W2033829415,W2139884694
W2033829415,W2125826054
W2033829415,W2013371150
W2033829415,W1968105193
W2033829415,W2048030072
W2033829415,W2065031087
W2160333540,W2117792884
W2160333540,W2014787267
W2160333540,W2141458291
W2089532303,W2134219545
W3012189167,W2903899730
W3012189167,W3003668884
W3012189167,W3004318991
W3012189167,W3002539152
W3012189167,W3003464757
W3012189167,W3004348779
W3012189167,W3004896487
W3012189167,W3001456238
W3012189167,W3004280078
W3012189167,W3005212621
W3012189167,W3003217347
W2169491358,W2476542314
W2051314902,W2163924952
W2051314902,W2147311167
W2051314902,W2096791516
W2051314902,W2107916366
W2051314902,W2106779017
W2051314902,W1976844911
W3112600195,W2900044275
W3112600195,W1490161904
W3112600195,W2950595506
W3112600195,W2302501749
W2549188196,W2002490399
W2549188196,W1997183854
W2549188196,W2064815984
W4211064852,W2134629862
W4211064852,W2133968430
W4211064852,W2006247279
W4211064852,W2053003053
W4211064852,W2064165694
W4211064852,W2077327925
W4211064852,W2058835062
W4211064852,W2046387002
W4211064852,W2022687771
W2763871199,W1970637701
W2763871199,W2108326484
W2763871199,W2164778558
W2763871199,W1523693806
W2127928904,W2119006714
W2127928904,W1982837210
W2655262992,W2066671159
W2655262992,W1994993231
W2655262992,W2039123767
W2655262992,W2049553585
W2655262992,W2124427232
W2655262992,W1498931318
W2889884634,W2889884634
W2130495917,W1971445485
W2527042386,W2075511306
W2527042386,W2190169384
W2527042386,W2067910821
W2527042386,W2133130045
W2102213696,W2088486634
W2102213696,W2155496693
W2102213696,W2141916112
W2065031087,W2038976751
W2065031087,W1985124617
W2065031087,W2065031087
W2065031087,W1523693806
W2065031087,W2738996050
W2065031087,W2048030072
W2065031087,W2159754384
W2106848425,W2078701201
W2117775530,W2096283457
W2117775530,W2044702943
W2164342861,W2030500910
W2606495925,W2044835625
W2606495925,W2066671159
W2606495925,W2049553585
W2606495925,W2104885590
W2606495925,W2107429737
W2606495925,W2152061559
W2606495925,W2009720434
W2606495925,W2158485828
W2606495925,W2119180969
W2606495925,W2256016639
W2129155846,W2134219545
W2129155846,W2069519394
W2129155846,W2115852450
W2038752330,W2140353364
W2038752330,W2013414890
W2038752330,W2104843155
W1951724000,W2172199324
W2131271579,W2170551349
W2131271579,W2036897871
W2170551349,W2119180969
W2170551349,W2141458291
W2170551349,W4247053599
W2170551349,W2171777347
W2106787323,W2126945850
W2106787323,W1981989535
W2092157292,W2092157292
W2132632499,W2111211467
W2117539524,W2110158442
W2117539524,W2037227137
W2117539524,W2115579991
W2117539524,W2102605133
W2117539524,W2179352600
W2117539524,W2163605009
W2117539524,W1861492603
W2117539524,W1606858007
W2117539524,W2141125852
W2117539524,W2031342017
W2117539524,W2088049833
W2117539524,W2027922120
W2117539524,W1849277567
W2117539524,W2155893237
W2141052558,W2111211467
W2141052558,W1983102293
W2105846236,W2138071797
W2105846236,W1988050849
W2105846236,W2130892515
W2105846236,W2036736987
W2105846236,W1545460766
W2105846236,W2100739170
W2105846236,W2772487859
W2105846236,W2000380427
W2917837889,W1757407923
W2917837889,W2126945850
W2917837889,W2143680521
W2565639579,W2117539524
W2565639579,W2088049833
W2565639579,W1536680647
W2565639579,W2102605133
W2565639579,W2179352600
W2565639579,W2194775991
W2565639579,W1903029394
W2565639579,W1861492603
W2565639579,W2964137095
W2565639579,W2163605009
W2565639579,W2963150697
W2565639579,W2307770531
W2565639579,W639708223
W2565639579,W1901129140
W2132454074,W1969360633
W2752782242,W2117539524
W2752782242,W1903029394
W2752782242,W2194775991
W2752782242,W2963446712
W2752782242,W2531409750
W2752782242,W1677182931
W2752782242,W2549139847
W2752782242,W2183341477
W2752782242,W2097117768
W2752782242,W1665214252
W2752782242,W2097998348
W2752782242,W2964137095
W2752782242,W1861492603
W2752782242,W2163605009
W2752782242,W2274287116
W2752782242,W2302255633
W2752782242,W639708223
W2752782242,W2307770531
W2752782242,W2963125010
W2752782242,W2884585870
W2111647009,W2111211467
W2111647009,W1983102293
W2096747776,W2092157292
W2096747776,W2167872912
W2774486220,W1951724000
W2774486220,W1671063336
W2774486220,W2254509181
W2774486220,W260994251
W2962793481,W2117539524
W2962793481,W1903029394
W2962793481,W2475287302
W2962793481,W2194775991
W2962793481,W2340897893
W2962793481,W1905829557
W2962793481,W2331128040
W2962793481,W2963684088
W2962793481,W2099471712
W2962793481,W2963470893
W2884585870,W1861492603
W2884585870,W2194775991
W2884585870,W2964137095
W2884585870,W2549139847
W2884585870,W2097117768
W2884585870,W2531409750
W2884585870,W2962858109
W2884585870,W2963446712
W2884585870,W2183341477
W2884585870,W2752782242
W2884585870,W1849277567
W2884585870,W2295107390
W2884585870,W2302255633
W2884585870,W2163605009
W2884585870,W2274287116
W2905811773,W2138071797
W2905811773,W1988050849
W2905811773,W3123722757
W2905811773,W1591013228
W2905811773,W2036736987
W2905811773,W2130892515
W2905811773,W2100739170
W2905811773,W2223470559
W2905811773,W2105846236
W2905811773,W2167344400
W2905811773,W2783817214
W2905811773,W3147343449
W2905811773,W2755862626
W2905811773,W1545460766
W2102074887,W2070931774
W2102074887,W2131665769
W2962858109,W2257979135
W2962858109,W2282821441
W2962858109,W2102605133
W2962858109,W2194775991
W2962858109,W2155893237
W2962858109,W1903029394
W2962858109,W1933349210
W2962858109,W2163922914
W2962858109,W2295107390
W2962858109,W1905882502
W2962858109,W1895577753
W2962858109,W2163605009
W2962858109,W1849277567
W2962858109,W2962851944
W1677182931,W2145287260
W1677182931,W2179352600
W1677182931,W2155893237
W1677182931,W2141125852
W1677182931,W1536680647
W1677182931,W2102605133
W1677182931,W2095705004
W1677182931,W1665214252
W1677182931,W2117539524
W1677182931,W1533861849
W1677182931,W2163605009
W1677182931,W2097117768
W2111211467,W2031611770
W2531409750,W2097117768
W2531409750,W1849277567
W2531409750,W2117539524
W2531409750,W2183341477
W2531409750,W2274287116
W2531409750,W2163605009
W2531409750,W2963285578
W2531409750,W2194775991
W2061438946,W2963103847
W2061438946,W2154943049
W2139168999,W1528251861
W2139168999,W1511920456
W4248872320,W2147874841
W2152239989,W2107018762
W2152239989,W1973628995
W2257979135,W2145339207
W2257979135,W2919115771
W2257979135,W2126316555
W2257979135,W2168231600
W2257979135,W2163605009
W2614464134,W1867005924
W2031611770,W2111211467
W2089525884,W1998062017
W2089525884,W2015693422
W2089525884,W1970996323
W2089525884,W1963712116
W2125065061,W1981989535
W2125065061,W2108344016
W2125065061,W2120949068
W2125065061,W2151768324
W2125065061,W2110052313
W2020332193,W2102074887
W2020332193,W2055424520
W2020332193,W2070931774
W2020332193,W2067650803
W2020332193,W1538825449
W3005235420,W2917207851
W3005235420,W2963276645
W3005235420,W1900937478
W3005235420,W2111211467
W3005235420,W2952045272
W3005235420,W2951464304
W3005235420,W2614081736
W3005235420,W2949867654
W3005235420,W2133870991
W3005235420,W1983102293
W3005235420,W2111647009
W3005235420,W2031611770
W3005235420,W2141052558
W2252795400,W4234856688
W2252795400,W1994870116
W2164278908,W2189465200
W2164278908,W2798909945
W2164278908,W1554944419
W2964309882,W2037227137
W2964309882,W2340897893
W2964309882,W2737258237
W2964309882,W2097117768
W2964309882,W1903029394
W2964309882,W2179352600
W2964309882,W1901129140
W2964309882,W2560023338
W2964309882,W2194775991
W2964309882,W2531409750
W2964309882,W2963125010
W2964309882,W2022508996
W2964309882,W1905829557
W2964309882,W2412782625
W2964309882,W2307770531
W2964309882,W2565639579
W2964309882,W2549139847
W2964309882,W2117539524
W2964309882,W2601564443
W2964309882,W1861492603
W2964309882,W2163605009
W1985987855,W2117692326
W1985987855,W2130430382
W2147880316,W2009570821
W2127396309,W1990074132
W2290883490,W2154943049
W2290883490,W1999284878
W2290883490,W2061438946
W2290883490,W2963103847
W2592929672,W2163922914
W2592929672,W2157331557
W2592929672,W2464708700
W2592929672,W2581082771
W2592929672,W2022508996
W2592929672,W2557738935
W2592929672,W2194775991
W2592929672,W1903029394
W2592929672,W2533800772
W2592929672,W2253429366
W2592929672,W2097117768
W2592929672,W2346062110
W2592929672,W1901129140
W2592929672,W2163605009
W2592929672,W2145094598
W2592929672,W1905882502
W2592929672,W2099471712
W2592929672,W2302255633
W2592929672,W2097998348
W2592929672,W2155893237
W2592929672,W1849277567
W2592929672,W2919115771
W2592929672,W2117539524
W2899283552,W1019830208
W2899283552,W2239232218
W2899283552,W2557283755
W2899283552,W2163605009
W4288079944,W2765081049
W4288079944,W2501864044
W4288079944,W2121951791
W4288079944,W2139937287
W4288079944,W4292875581
W4288079944,W4288079944
W4288079944,W2763117186
W4288079944,W3084106382
W4288079944,W1909359706
W2725897987,W1981213426
W2725897987,W2560167313
W1999167944,W2153268540
W1999167944,W2127569725
W1999167944,W2002682820
W1999167944,W1990370234
W1999167944,W2036677156
W1999167944,W2133892291
W1999167944,W2051121620
W1999167944,W2073122003
W1999167944,W2165163979
W1999167944,W2015053255
W1999167944,W1867005924
W1999167944,W2094520873
W1999167944,W2163744914
W1999167944,W3192880971
W1999167944,W2617606220
W2549139847,W2183341477
W2549139847,W2097117768
W2549139847,W2117539524
W2549139847,W2102605133
W2549139847,W1677182931
W2549139847,W2194775991
W2549139847,W1903029394
W2549139847,W1536680647
W2549139847,W2964137095
W2549139847,W2155893237
W2549139847,W2163605009
W2549139847,W639708223
W2549139847,W1861492603
W2549139847,W2274287116
W2549139847,W2963150697
W2549139847,W2302255633
W4211081781,W2154459716
W4211081781,W2078701201
W2109255472,W2153635508
W2109255472,W2145287260
W2109255472,W2027922120
W2109255472,W2102605133
W2109255472,W2062118960
W2109255472,W2163605009
W2109255472,W1606858007
W2109255472,W2117539524
W2109255472,W2037227137
W2109255472,W2097117768
W2109255472,W2179352600
W2131568786,W1640894779
W2131568786,W2159401492
W2036193982,W2111635289
W2036193982,W2152849583
W2096173332,W2096173332
W2096173332,W2131848047
W2096173332,W2105924489
W2096173332,W2057545775
W2096173332,W2118258530
W2096173332,W1989277387
W2786358356,W1951724000
W2786358356,W2749069611
W2786358356,W2144673831
W2082429191,W2082429191
W2404280981,W2161605421
W2404280981,W2060872117
W2404280981,W2332712348
W1591013228,W1988050849
W1591013228,W3123722757
W1591013228,W2036736987
W1591013228,W2130892515
W1591013228,W3147343449
W1591013228,W1545460766
W2256016639,W2104549677
W2256016639,W2091705028
W2256016639,W2051978340
W2256016639,W2168133698
W2256016639,W1533942137
W2141708418,W2085876742
W2754799758,W2524597629
W2754799758,W2305278139
W2754799758,W1780778418
W2754799758,W2097116556
W2754799758,W409344806
W2117228865,W1491719799
W2141845152,W2144673831
W2141845152,W2115709314
W2141845152,W1592263067
W2331393505,W2103879113
W2331393505,W2108696783
W2302255633,W2194775991
W2302255633,W2117539524
W2302255633,W1861492603
W2302255633,W2183341477
W2302255633,W2097117768
W2302255633,W1677182931
W2302255633,W1665214252
W2302255633,W2963285578
W2302255633,W2274287116
W2113699335,W2103783427
W2113699335,W2119605658
W2113699335,W1905058580
W2113699335,W2127768736
W2131222241,W1526319989
W2131222241,W2753666478
W2951464304,W2111211467
W2951464304,W1983102293
W2951464304,W2111647009
W2085028749,W2044858486
W2019655958,W2144673831
W2019655958,W2045443942
W2019655958,W1609810996
W2019655958,W1592263067
W1998025025,W2100533358
W1998025025,W4294541781
W1998025025,W2097360283
W1998025025,W1554944419
W2493916176,W1810943226
W2754054868,W2105397247
W2754054868,W4293084779
W2121607567,W2058541903
W2121607567,W1978906881
W1605984840,W2117801354
W2560609797,W2211722331
W2560609797,W1644641054
W2560609797,W1920022804
W1522734439,W2155893237
W1522734439,W2016053056
W1522734439,W2105101328
W1522734439,W1947481528
W1522734439,W2163605009
W1522734439,W2102605133
W1522734439,W1849277567
W1885185971,W2155893237
W1885185971,W1930824406
W1885185971,W2121058967
W1885185971,W2179352600
W1885185971,W1665214252
W1885185971,W54257720
W1885185971,W2163605009
W2145555293,W2171811563
W2145555293,W2002463857
W2145555293,W2108696783
W2239306219,W2085028749
W2239306219,W2239306219
W2765081049,W4234856688
W2765081049,W1994870116
W2765081049,W2252795400
W2765081049,W2437571239
W2765081049,W2621266390
W2765081049,W2766754978
W2765081049,W2167572849
W2765081049,W4292875581
W2765081049,W1909359706
W2324862792,W2113699335
W2324862792,W2127768736
W2324862792,W1905058580
W2324862792,W2103783427
W2324862792,W2153118028
W2137070227,W2024306642
W2793350103,W1531237901
W2766447205,W2919115771
W2766447205,W2194775991
W2766447205,W2145339207
W2766447205,W2257979135
W2766447205,W2126316555
W2766447205,W2606722458
W2766447205,W1977655452
W2766447205,W2192203593
W2766447205,W2163605009
W2305278139,W561751346
W2914053210,W2791453970
W2010593734,W1528251861
W1897139626,W2105824687
W1897139626,W2161498332
W1897139626,W2139168999
W1897139626,W2137070227
W1897139626,W1767470961
W1897139626,W2127875809
W2803072880,W2195783463
W2803072880,W2113699335
W2803072880,W2324862792
W2803072880,W2613603864
W2803072880,W1905058580
W2803072880,W2104549677
W2295124130,W2145962650
W2113679889,W2120902911
W2113679889,W2107772251
W2113679889,W2170551349
W2113679889,W2129933858
W2113679889,W2141920662
W2113679889,W2125826054
W2883251903,W1973094248
W2105397247,W2122779695
W2105397247,W2156593520
W2749069611,W1951724000
W2749069611,W2577537660
W2749069611,W2144673831
W2749069611,W260994251
W2749069611,W2119160928
W2749069611,W2963977107
W2107832644,W2167151437
W2054692642,W2116334496
W2054692642,W2103972037
W2054692642,W2084304524
W2054692642,W2147601077
W2417483443,W2163924952
W2417483443,W2060427373
W2417483443,W2096465161
W2417483443,W2417483443
W2417483443,W2096791516
W2417483443,W2059145105
W2417483443,W1970413157
W2417483443,W2259938310
W2417483443,W2160995259
W2417483443,W2116868464
W2417483443,W2154866190
W2417483443,W2106578986
W2417483443,W1533942137
W2417483443,W1984068087
W2097998348,W1533861849
W2097998348,W2153635508
W2134295053,W2114623221
W2134295053,W2111619626
W2134295053,W2105103777
W2963857746,W2963351448
W2963857746,W2565639579
W2963857746,W2088049833
W2963857746,W2549139847
W2963857746,W2155893237
W2963857746,W2560023338
W2963857746,W2109255472
W2963857746,W2963150697
W2963857746,W2194775991
W2963857746,W2963446712
W2963857746,W2601564443
W2963857746,W1536680647
W2963857746,W2102605133
W2963857746,W2340897893
W2963857746,W1903029394
W2963857746,W2302255633
W2963857746,W2163605009
W2963857746,W1861492603
W2963857746,W1901129140
W2963857746,W2963420686
W2963857746,W639708223
W2963857746,W2752782242
W2963857746,W1849277567
W2133151341,W4206050372
W2133151341,W2110465139
W2133151341,W2027404493
W2133151341,W2144304061
W2020134788,W2012986985
W2020134788,W2111211467
W2174661749,W2060427373
W2174661749,W2169961966
W2174661749,W2169895148
W2174661749,W2150575159
W2174661749,W1980497534
W2174661749,W2128739912
W2174661749,W2103004421
W2174661749,W2083927153
W2805983714,W2104549677
W2805983714,W2113699335
W2805983714,W2324862792
W2805983714,W2195783463
W2805983714,W2127768736
W2805983714,W2103783427
W2805983714,W2073836327
W2805983714,W1533942137
W2805983714,W2264585211
W2805983714,W2613603864
W2805983714,W2770598799
W2805983714,W2238851414
W2805983714,W2119605658
W2805983714,W2803072880
W2805983714,W2163924952
W2805983714,W2725988230
W2805983714,W2116868464
W2805983714,W2153118028
W2805983714,W2328393125
W2108102346,W2014694192
W2108102346,W2040882982
W2895926103,W1757407923
W2895926103,W2889646458
W2895926103,W1981989535
W2895926103,W2751884637
W2895926103,W2168083201
W2981731882,W2493343568
W2981731882,W2891503716
W2981731882,W1787224781
W2981731882,W2062118960
W2981731882,W2945976633
W2981731882,W2412247133
W2981731882,W2962851944
W2981731882,W1849277567
W2981731882,W2962858109
W2981731882,W2282821441
W2981731882,W1947481528
W2981731882,W2498119267
W2981731882,W2559655401
W2981731882,W2295107390
W2981731882,W4297957988
W2981731882,W2612690371
W2981731882,W2487770199
W2140092196,W2476732026
W2140092196,W1990513740
W1579271636,W2519132385
W2105824687,W2161498332
W2105824687,W2119605658
W2105824687,W4296816736
W2105824687,W2049069390
W1731081199,W1722318740
W1731081199,W2110158442
W1731081199,W2095705004
W1731081199,W2163605009
W3034971973,W2549139847
W3034971973,W2570343428
W3034971973,W2982770724
W3034971973,W2963150697
W3034971973,W2194775991
W3034971973,W2964241181
W3034971973,W2531409750
W3034971973,W2037227137
W3034971973,W1536680647
W3034971973,W2565639579
W3034971973,W2963351448
W3034971973,W2963857746
W3034971973,W1861492603
W3034971973,W639708223
W3034971973,W2964309882
W2168630917,W2125065061
W2168630917,W2108344016
W2168630917,W2110052313
W2168630917,W2114053580
W2168630917,W2120949068
W2762367303,W2503161491
W2762367303,W2089783281
W2762367303,W2098459033
W2762367303,W2279780730
W2762367303,W2014734472
W2762367303,W2124192278
W4237239309,W2002882686
W2110999179,W2020084508
W2110999179,W2159449603
W2110999179,W1987435915
W2565277564,W1966481002
W2565277564,W1732240353
W2565277564,W2020833085
W2565277564,W2216357226
W2565277564,W2113991966
W2565277564,W2007878524
W2565277564,W1975675278
W2565277564,W1622878345
W2565277564,W2342540942
W2070021921,W2161212572
W2332712348,W1968984443
W2577537660,W2577537660
W2577537660,W2101687185
W2577537660,W2963977107
W3034552520,W2963091558
W3034552520,W2183341477
W3034552520,W2097117768
W3034552520,W2963125010
W3034552520,W2549139847
W3034552520,W2963150697
W3034552520,W2194775991
W3034552520,W2752782242
W3034552520,W2963446712
W3034552520,W2531409750
W3034552520,W2955058313
W3034552520,W2963351448
W3034552520,W2565639579
W3034552520,W639708223
W3034552520,W2963163009
W3034552520,W2884585870
W3034552520,W2883780447
W3034552520,W2163605009
W3034552520,W1861492603
W3034552520,W2302255633
W3034552520,W1665214252
W2988396470,W2045204781
W2988396470,W2950954328
W2988396470,W1900937478
W2988396470,W2031611770
W2988396470,W2111647009
W2988396470,W2141052558
W2988396470,W2160378127
W2963864421,W2145339207
W2963864421,W2158782408
W2963864421,W2156387975
W2963864421,W2163605009
W2145962650,W2103972604
W2145962650,W2118550318
W2101196063,W1990513740
W3014067025,W3004280078
W3014067025,W3003217347
W3014067025,W3004318991
W3014067025,W3009335299
W3014067025,W3008394341
W3014067025,W3009912996
W3014067025,W3007643904
W3014067025,W3004348779
W3010233963,W3003668884
W3010233963,W3002539152
W3010233963,W3004239190
W1204404493,W3125449341
W2145287260,W2163605009
W2145287260,W2168231600
W2116206245,W2119160928
W2116206245,W2753666478
W2116206245,W3149745985
W2133535394,W4360586574
W2133535394,W4300868572
W2016053056,W2062118960
W2016053056,W2022508996
W2016053056,W2102605133
W2016053056,W2168231600
W2016053056,W2163605009
W2109887283,W1511920456
W2109887283,W4299627282
W2927961455,W2311203695
W2927961455,W2336330109
W2927961455,W2148698435
W2927961455,W2111647009
W3124131699,W3124131699
W2915478882,W2235523093
W2915478882,W2050056063
W2915478882,W2097995306
W2915478882,W2221837786
W2911489562,W2250539671
W2911489562,W2963341956
W2911489562,W2919115771
W2979750740,W2558748708
W2979750740,W2211722331
W2979750740,W2101491865
W2979750740,W1644641054
W2979750740,W2963091558
W2979750740,W1920022804
W2979750740,W2963121255
W2979750740,W2163605009
W2979750740,W2560609797
W2979750740,W2099471712
W2979750740,W569478347
W2969718750,W1490161904
W2969718750,W2131848047
W4293084779,W2110052313
W4293084779,W2160517070
W4293084779,W2107832644
W4293084779,W2130483595
W4293084779,W2117834225
W4293084779,W2155477484
W4293084779,W44429629
W4293084779,W2159975225
W4293084779,W2147018083
W4293084779,W2125065061
W4293084779,W2108344016
W2898962279,W2024966118
W2898962279,W1997065014
W2898962279,W2017559255
W2898962279,W2237880282
W2898962279,W2029604816
W2898962279,W1981213426
W2898962279,W1982518595
W2898962279,W2614464134
W2898962279,W1867005924
W2898962279,W1989839776
W2898962279,W3104895181
W2130509491,W2150326250
W2130509491,W2752099845
W2153860431,W2096791516
W2153860431,W2040547343
W2153860431,W2147311167
W2153860431,W2143625465
W2153860431,W2139852368
W2153860431,W2101357408
W2153860431,W2088486634
W2153860431,W2033151532
W2153860431,W2107916366
W2153860431,W1976844911
W2102166818,W1982471090
W2395579298,W1570448133
W2395579298,W1722318740
W2742075475,W2328134238
W2742075475,W2089525884
W2742075475,W2518099942
W2742075475,W1972767018
W2742075475,W2593815020
W2742075475,W2331458798
W2742075475,W2229124923
W2742075475,W2587767928
W2742075475,W2153511586
W2742075475,W2321696461
W2742075475,W2060543343
W2742075475,W1987262360
W2742075475,W2476116270
W2742075475,W2015693422
W3011366455,W1992716708
W3011366455,W2256742438
W3011366455,W2179036997
W2133870991,W2111211467
W2154889144,W2089961441
W2154889144,W2124211486
W2154889144,W1964846093
W2256742438,W1992716708
W2256742438,W2031441006
W2256742438,W2179036997
W3125707221,W2174706414
W3125707221,W2135455887
W1990415494,W1521578411
W2130116522,W2141458291
W2130116522,W2152239989
W2130116522,W2107018762
W2130116522,W2107060225
W2130116522,W2157795344
W3041133507,W2253429366
W3041133507,W2593768305
W3041133507,W2964288524
W3041133507,W2395579298
W3041133507,W1722318740
W3041133507,W2097117768
W3041133507,W2194775991
W3041133507,W2163605009
W3041133507,W1731081199
W3041133507,W2099471712
W114517082,W2147880316
W114517082,W2029538739
W2919979744,W2290883490
W2919979744,W2061438946
W2919979744,W883434633
W2919979744,W2096166399
W2919979744,W2154943049
W2919979744,W2738900493
W2919979744,W2585392941
W2919979744,W2031183907
W2919979744,W1999284878
W2156387975,W1533861849
W2156387975,W1665214252
W54257720,W1849277567
W54257720,W2163605009
W54257720,W2121058967
W54257720,W1665214252
W2902652978,W2889326414
W2902652978,W2800392236
W2902652978,W2794480084
W2902652978,W2616922646
W2902652978,W1875842236
W1982471090,W2153635508
W1909359706,W1733171988
W1909359706,W2121951791
W2168083201,W1981989535
W2168083201,W2121671360
W2899714098,W2587625522
W2899714098,W2953320394
W2899714098,W2104234755
W2899714098,W2593511418
W1515749184,W2157426451
W2125188192,W2128254161
W2154026962,W2101120467
W2154026962,W2031611770
W2232317135,W1999284878
W2232317135,W883434633
W2232317135,W2154943049
W2232317135,W2963103847
W2192203593,W2097998348
W2023668736,W2101567517
W2023668736,W2097978133
W2096166399,W2402846924
W2096166399,W1879678483
W2336400828,W2111647009
W2336400828,W2141052558
W2336400828,W2111211467
W2336400828,W2133870991
W2336400828,W1983102293
W2336400828,W1969042907
W2886368623,W2249595199
W2302003756,W1981989535
W2891503716,W2766447205
W2891503716,W1787224781
W2891503716,W1975675278
W2891503716,W2295107390
W2891503716,W2282821441
W2891503716,W2962851944
W2891503716,W1849277567
W3009963727,W2999417355
W3009963727,W2302003756
W3009963727,W1565276921
W3009963727,W1985213644
W3009963727,W2951071083
W3009963727,W1578083272
W2156194072,W1879678483
W2624989916,W2114296561
W2624989916,W2150166076
W2624989916,W631335369
W2624989916,W2134295053
W2624989916,W2054692642
W2624989916,W2068849277
W2624989916,W2141682101
W2624989916,W2195423816
W2624989916,W2114623221
W2999309192,W2919115771
W2999309192,W1966976587
W2999309192,W1966716734
W2999309192,W4294214983
W2171468534,W2122369144
W2005404508,W2164526292
W2005404508,W2133892291
W2005404508,W2014173070
W2005404508,W2069157258
W2975424845,W2119605658
W2975424845,W2156665896
W2975424845,W2139168999
W2167101736,W2153635508
W2203714058,W2963977107
W1999284878,W2402846924
W2735301415,W2293040502
W2735301415,W2408017125
W2735301415,W1568390176
W2593768305,W2031342017
W2593768305,W125693051
W2593768305,W1731081199
W2593768305,W1722318740
W2593768305,W2155893237
W2593768305,W2964288524
W2593768305,W2194775991
W2593768305,W2099471712
W4236357753,W2002463857
W4236357753,W4296816736
W4236357753,W2049069390
W4236357753,W3043135743
W4236357753,W2302501749
W2110808180,W2147874841
W2110808180,W2159211495
W2110808180,W2108921801
W2136145485,W3141151088
W2885195348,W2144499799
W2885195348,W2559655401
W2885195348,W1689711448
W2885195348,W2885195348
W2885195348,W1810943226
W2885195348,W2293634267
W3162195278,W2105397247
W3162195278,W2754054868
W3162195278,W2142514031
W3162195278,W2899669642
W1504052325,W2089758604
W3122812581,W2029941278
W2738900493,W2061438946
W2738900493,W2290883490
W2738900493,W1999284878
W2738900493,W883434633
W2738900493,W2001979953
W2738900493,W2232317135
W2738900493,W414544266
W2738900493,W2963103847
W2738900493,W2031183907
W1983183519,W1990134753
W2040340473,W1994926493
W2148540129,W2159401492
W2144512297,W1511920456
W2126129668,W2772487859
W2081640113,W1965464747
W1992716708,W2031441006
W2513727910,W2026062398
W2513727910,W2056279562
W2513727910,W1605984840
W2513727910,W2141052558
W1538825449,W2091393784
W1538825449,W2102074887
W1538825449,W2070931774
W2119205648,W4242729757
W2962730651,W2570343428
W2962730651,W2080873731
W2962730651,W1936750108
W2962730651,W2963446712
W2962730651,W2307770531
W2962730651,W2559085405
W2962730651,W2963150697
W2962730651,W2194775991
W2962730651,W1861492603
W2962730651,W639708223
W2962730651,W1533861849
W2322562148,W2021172010
W2322562148,W2046034814
W2322562148,W2020451212
W2274287116,W54257720
W2274287116,W2102605133
W2274287116,W2016053056
W2274287116,W2163605009
W2274287116,W1903029394
W2274287116,W104184427
W2274287116,W2097117768
W2274287116,W2168231600
W2274287116,W2194775991
W1983102293,W2130362098
W1983102293,W2111211467
W1983102293,W2148698435
W1920022804,W125693051
W1920022804,W2163605009
W2614566443,W2113699335
W2614566443,W1905058580
W2614566443,W2238851414
W2614566443,W2324862792
W2614566443,W2039153962
W2614566443,W2153118028
W2997280954,W2179438025
W2997280954,W2069089843
W2997280954,W2794480084
W2997280954,W2949177718
W2997280954,W2800392236
W2997280954,W2190545194
W2997280954,W2130116522
W2997280954,W2152239989
W2997280954,W2620721366
W2997280954,W2137526110
W2997280954,W2739492614
W2997280954,W2889326414
W2963076818,W2559085405
W2963076818,W2163605009
W2963076818,W1522734439
W2963076818,W2507009361
W2963076818,W2964321699
W2963076818,W2601564443
W2963076818,W2964134613
W2533800772,W2076063813
W2533800772,W2919115771
W2533800772,W2160815625
W2533800772,W2145287260
W2533800772,W1905882502
W2533800772,W2257979135
W2533800772,W2117539524
W2533800772,W2253429366
W2533800772,W1901129140
W2533800772,W1903029394
W2533800772,W2097117768
W2533800772,W2156387975
W2533800772,W2145094598
W2533800772,W2095705004
W2533800772,W1533861849
W2533800772,W2395611524
W2533800772,W2163605009
W2533800772,W1665214252
W2533800772,W104184427
W2195783463,W2103783427
W2195783463,W2163924952
W2195783463,W2155496693
W2195783463,W2033151532
W2195783463,W2153860431
W2195783463,W2139852368
W2195783463,W2107916366
W2195783463,W1844405070
W2901303766,W2901303766
W2901303766,W1533942137
W2901303766,W2104549677
W2901303766,W2163013660
W2901303766,W2302501749
W883434633,W2061438946
W883434633,W2096166399
W883434633,W2963103847
W2911892655,W2432612777
W2010049072,W2085028749
W2010049072,W2126340581
W2089572795,W2067456724
W2089572795,W2101420429
W2089572795,W4295750005
W2089572795,W1990134753
W2089572795,W1875112053
W2057327092,W1994324487
W2057327092,W1893938325
W2588003345,W1969543759
W2588003345,W2160615957
W2588003345,W2890624634
W2611395271,W2102074887
W2611395271,W2795835319
W2611395271,W1973972788
W2611395271,W2000564135
W2611395271,W2020332193
W2611395271,W1978426240
W2611395271,W2508920067
W2611395271,W2175118067
W2611395271,W1538825449
W2611395271,W2132568564
W1780778418,W2097116556
W1780778418,W1503159956
W2092663520,W2092663520
W2164249826,W2125065061
W2284386481,W1568955415
W2162896254,W2085067988
W2162896254,W2112615110
W2162896254,W1913957972
W3109585842,W2471962767
W3109585842,W2962785568
W1999052699,W1499047121
W2995576379,W1988050849
W2995576379,W2905811773
W2995576379,W2130892515
W2995576379,W2100739170
W2995576379,W2223470559
W2995576379,W2105846236
W2995576379,W2167344400
W2995576379,W3147343449
W2995576379,W2950750906
W2995576379,W2000380427
W2995576379,W1545460766
W2995576379,W2085067988
W2995576379,W2118338381
W2118836230,W3125057276
W2118836230,W2134291350
W2996428491,W2250539671
W2996428491,W2251939518
W2996428491,W2963748441
W2101971030,W2019655958
W2101971030,W1913957972
W2153109441,W2072970694
W2153109441,W2110300022
W2109154308,W2161605421
W2109154308,W2060872117
W2765811365,W2963684088
W2765811365,W2395611524
W2765811365,W2962793481
W2765811365,W2963470893
W2765811365,W2919115771
W2765811365,W2099471712
W2300242332,W2097117768
W2300242332,W2194775991
W2300242332,W2102605133
W2300242332,W1536680647
W2300242332,W1903029394
W2300242332,W2953106684
W2300242332,W2274287116
W2300242332,W2163605009
W2949867654,W2111211467
W2949867654,W2111647009
W2949867654,W2031611770
W2949867654,W2141052558
W2964059111,W2155893237
W2964059111,W2145339207
W2964059111,W2095705004
W2119298903,W2141708418
W2119298903,W2106568252
W2239232218,W1901616594
W2239232218,W2487770199
W2239232218,W2014356541
W2011095781,W1523113578
W2167151437,W1971445485
W2096650374,W2131842864
W2096650374,W3149745985
W2884430236,W1992985800
W2884430236,W2076063813
W2884430236,W2083415705
W2884430236,W2559394418
W2073836327,W2115801316
W2073836327,W2153118028
W2073836327,W2163013660
W2073836327,W2096791516
W2073836327,W2259938310
W3020982786,W2039734130
W3020982786,W1875112053
W2110818436,W2036193982
W2110818436,W2115709314
W2157427387,W2171762906
W2117756735,W2118550318
W2117756735,W1554944419
W2117756735,W2798909945
W2460850757,W2171783890
W2460850757,W2116601594
W1966716734,W2153635508
W1966716734,W2017426710
W2964101377,W2242218935
W2964101377,W2214802144
W2964101377,W2607041014
W2964101377,W2963470893
W2964101377,W1885185971
W2964101377,W2194775991
W2964101377,W1930824406
W2964101377,W2476548250
W2964101377,W2156387975
W2964101377,W54257720
W2964101377,W2503339013
W3100789280,W2919115771
W3100789280,W2163922914
W3100789280,W2145339207
W3100789280,W2257979135
W3100789280,W2155968351
W3100789280,W2192203593
W3100789280,W2158782408
W3100789280,W2168231600
W3100789280,W2099471712
W3100789280,W2963864421
W2041927436,W1943745580
W1973776237,W2089572795
W1973776237,W1990134753
W1973776237,W4295750005
W1973776237,W2067456724
W2162020807,W3193532866
W2953151710,W2794480084
W2953151710,W2135937351
W2953151710,W2102212449
W2953151710,W2006617902
W2953151710,W2069089843
W2953151710,W2951506174
W2953151710,W2817838603
W3124321936,W3124550632
W3124321936,W2090650059
W3124321936,W2315678552
W3124321936,W2109341202
W2058541903,W2060627980
W1991395163,W2168406111
W1991395163,W2038561289
W3112066496,W2979586175
W1952026831,W2091627137
W1952026831,W2072970694
W1952026831,W2080283023
W1952026831,W2166171121
W1952026831,W2124351063
W1952026831,W2136879569
W1952026831,W2115701239
W1952026831,W2117457769
W1952026831,W2110300022
W1952026831,W2034285706
W1952026831,W2152207030
W2481029670,W2140952049
W2481029670,W1973062929
W2790979755,W1978331315
W2790979755,W2919115771
W2790979755,W2473156356
W2790979755,W2076063813
W2790979755,W2097117768
W2790979755,W2274287116
W2790979755,W2149140091
W2790979755,W2163605009
W2559394418,W2919115771
W2171783890,W2116601594
W2040975718,W2161498332
W1980168725,W2088486634
W1980168725,W2141916112
W2155243985,W3021916629
W2997747012,W1483870316
W2997747012,W2570343428
W2997747012,W639708223
W2997747012,W2982770724
W2167572849,W2092350553
W2604319603,W2160815625
W2604319603,W1019830208
W2604319603,W2097117768
W2604319603,W2531409750
W2604319603,W2183341477
W2604319603,W2257979135
W2604319603,W2581082771
W2604319603,W2138913040
W2604319603,W2155893237
W2604319603,W1677182931
W2604319603,W2919115771
W2604319603,W2117539524
W2604319603,W2194775991
W2604319603,W2102605133
W2604319603,W1903029394
W2604319603,W2300242332
W2604319603,W2163605009
W2604319603,W1665214252
W2604319603,W2963285578
W2604319603,W1731081199
W621251951,W2003169355
W1986829999,W1997102788
W2795989238,W1812256879
W2795989238,W2096283457
W2795989238,W1950829641
W2795989238,W2123696077
W2795989238,W2275877493
W2795989238,W2041440766
W2795989238,W2068523052
W2795989238,W2161112598
W2795989238,W2366536035
W2795989238,W2108696783
W2795989238,W2161289668
W2795989238,W2044702943
W2126693856,W2105824687
W2126693856,W2104465908
W2126693856,W2126693856
W2283196293,W2127795553
W1990869665,W1858542512
W1990869665,W2167727518
W1990869665,W2109415008
W3105678606,W1909359706
W3105678606,W2763117186
W3105678606,W2765081049
W3105678606,W2139937287
W3105678606,W2501864044
W3105678606,W2121951791
W2807649309,W2781525129
W2807649309,W2627871710
W2024175762,W2327828477
W2024175762,W1969360633
W1981983416,W3143400115
W2219888463,W2108630796
W2219888463,W575598456
W3039647217,W3008696669
W3039647217,W3004804052
W3039647217,W3006659024
W3039647217,W2807669085
W3039647217,W3015197879
W2119862467,W1965125844
W2119862467,W2171033594
W2119862467,W2097360283
W2119862467,W4294541781
W2119862467,W1554944419
W104184427,W1533861849
W104184427,W2147768505
W104184427,W3141595720
W2149011208,W4293372203
W2149011208,W2122779695
W2149011208,W2121394112
W2149011208,W2105397247
W2996597775,W2950504429
W2996597775,W81685006
W2996597775,W2524597629
W2996597775,W2305278139
W2996597775,W2754799758
W2996597775,W2900619723
W2996597775,W2097116556
W2996597775,W1780778418
W2134305330,W2024729467
W2134305330,W2977883299
W2134305330,W2126693856
W2134305330,W2105824687
W2155968351,W2145339207
W1997201895,W2103972604
W1997201895,W2798909945
W1997201895,W2145962650
W3047879827,W2002463857
W3047879827,W2049069390
W3047879827,W4296816736
W3047879827,W2302501749
W3047879827,W3043135743
W1908991493,W2010143351
W1908991493,W2172199324
W1908991493,W1640894779
W2105101328,W1606858007
W1966811787,W2007049610
W1966811787,W2100533358
W1966811787,W1568201516
W1966811787,W1554944419
W1966811787,W1509562192
W2063866856,W2139921601
W2063866856,W1968522699
W2063866856,W2121837178
W2063866856,W2089525884
W2063866856,W2081870623
W2063866856,W1970996323
W2950077417,W2969424089
W2950077417,W2116334496
W2211722331,W1677182931
W2211722331,W2919115771
W2211722331,W125693051
W2211722331,W2062118960
W2211722331,W2016053056
W2211722331,W1920022804
W2211722331,W2163605009
W1976441470,W2131568786
W1976441470,W1640894779
W1976441470,W1849190772
W2952615074,W2050345155
W2010143351,W1640894779
W2153544371,W2147526198
W2124596021,W1640894779
W2124596021,W1592263067
W2554980225,W2148083007
W2075370047,W1540380506
W2619383789,W1933349210
W2619383789,W2143612262
W2619383789,W2160815625
W2619383789,W1956340063
W2619383789,W1895577753
W2619383789,W1905882502
W2619383789,W2163922914
W2619383789,W1533861849
W2619383789,W2095705004
W2619383789,W2099471712
W2619383789,W2163605009
W2619383789,W2147880316
W2798991696,W2117539524
W2798991696,W2963466847
W2798991696,W1536680647
W2798991696,W2163605009
W2798991696,W2099471712
W2798991696,W2194775991
W2798991696,W639708223
W1994959046,W1504052325
W2146411229,W2332712348
W2989617484,W2890695304
W2595629513,W2138071797
W2595629513,W2036736987
W2595629513,W2130892515
W2595629513,W2105846236
W2595629513,W2167344400
W2595629513,W2100739170
W2595629513,W3147343449
W2595629513,W2085206464
W2595629513,W2131568786
W2595629513,W62824994
W2124756133,W2146573461
W2216946510,W2155261478
W2216946510,W2172156083
W2503339013,W1885185971
W2503339013,W1849277567
W2503339013,W1903029394
W2503339013,W2242218935
W2503339013,W2214802144
W2503339013,W1677182931
W2503339013,W1930824406
W2503339013,W2155893237
W2503339013,W54257720
W2503339013,W2121058967
W2158592639,W2089961441
W2158592639,W2154889144
W2469775770,W2118338381
W2971836485,W2252795400
W2971836485,W2437571239
W2971836485,W4234856688
W2971836485,W1994870116
W2971836485,W2621266390
W2971836485,W2765081049
W2971836485,W2167572849
W2971836485,W4292875581
W2971836485,W1909359706
W2971836485,W1509562192
W2971836485,W3105678606
W3037447387,W3037306418
W3037447387,W1981983416
W3037447387,W3143400115
W2804910112,W2093540905
W2804910112,W2166394891
W2804910112,W2130811469
W2804910112,W2109252556
W2804910112,W2122825721
W2804910112,W2069864946
W2804910112,W1994000771
W2804910112,W2127175247
W2804910112,W2564545777
W2060172488,W1974038018
W2524597629,W2152505869
W2524597629,W2305278139
W2524597629,W1780778418
W2067652191,W1990415494
W2141584146,W1491719799
W2082432933,W2121607567
W2558748708,W2160815625
W2558748708,W2022508996
W2558748708,W2145287260
W2558748708,W2110953678
W2558748708,W2101491865
W2558748708,W2919115771
W2558748708,W1644641054
W2558748708,W1988037271
W2558748708,W1019830208
W2558748708,W2964321699
W2558748708,W2194775991
W2558748708,W1920022804
W2998789541,W2763355946
W2998789541,W2174661749
W2998789541,W2103004421
W2998789541,W2083927153
W2998789541,W2017265038
W2998789541,W2327037637
W2998789541,W2088783247
W2998789541,W2128739912
W2998789541,W2767128594
W2613603864,W2103783427
W2613603864,W1905058580
W2613603864,W2113699335
W2613603864,W2324862792
W2613603864,W2153118028
W2613603864,W2129905273
W1534181333,W2170892587
W1534181333,W4299627282
W2795835319,W2102074887
W2795835319,W2020332193
W2795835319,W1978426240
W2795835319,W1538825449
W2795835319,W2132568564
W2795835319,W1970188810
W2795835319,W1904914631
W2795835319,W2000564135
W2795835319,W1531935167
W3011701533,W3004280078
W3011701533,W3003217347
W3011701533,W3009906937
W3011701533,W2108921801
W3011701533,W2124026197
W3011701533,W2159211495
W3011701533,W3001195213
W3037259832,W4211152862
W3037259832,W1922730584
W2963155035,W2105101328
W2963155035,W1522734439
W2963155035,W2097117768
W2963155035,W2194775991
W2963155035,W2963446712
W2963155035,W2016053056
W2963155035,W1947481528
W2963155035,W2163605009
W2963155035,W2507009361
W2029941278,W2029941278
W2786390877,W2180229411
W2786390877,W2154197653
W2786390877,W2124026197
W2786390877,W2734356283
W2786390877,W2765322245
W2786390877,W2114622716
W2766754978,W2437571239
W2766754978,W2252795400
W2766754978,W2621266390
W2766754978,W2765081049
W2766754978,W1994870116
W2766754978,W4292875581
W2766754978,W2167572849
W2766754978,W2166436681
W2766754978,W1909359706
W2963977107,W621546036
W2150166076,W2118166339
W1930824406,W2121058967
W1930824406,W54257720
W4211161891,W2611395271
W4211161891,W3037306418
W4211161891,W1970188810
W4211161891,W1904914631
W4211161891,W2102074887
W4211161891,W2494235437
W4211161891,W2795835319
W4211161891,W2000564135
W4211161891,W1575867504
W4211161891,W2020332193
W4211161891,W1978426240
W4211161891,W1531935167
W4211161891,W2158000927
W4211161891,W2175118067
W4211161891,W1538825449
W4211161891,W2132568564
W1483870316,W2088049833
W1483870316,W2102605133
W1483870316,W1536680647
W1483870316,W2117539524
W1483870316,W2037227137
W1483870316,W1677182931
W1483870316,W2179352600
W1483870316,W2953106684
W2803760365,W2145339207
W2803760365,W2257979135
W2803760365,W2581082771
W2803760365,W2557738935
W2803760365,W2128739912
W2803760365,W2592929672
W2803760365,W2103004421
W2803760365,W2533800772
W2803760365,W1901129140
W2803760365,W2083927153
W2803760365,W2919115771
W2803760365,W2610332124
W2803760365,W2253429366
W2803760365,W1019830208
W2342540942,W1966481002
W2342540942,W2007878524
W2342540942,W2113476348
W2953532875,W2789970635
W2113991966,W2059527695
W2113991966,W1848725895
W2560474170,W2307770531
W2376573086,W2170747616
W2376573086,W2160378127
W2376573086,W2132632499
W2376573086,W1969042907
W2376573086,W2086561953
W2900044275,W2138122982
W2900044275,W1989277387
W2900044275,W1965917470
W2982316857,W2919115771
W2982316857,W179875071
W2982316857,W2606722458
W2982316857,W2257979135
W2982316857,W2145339207
W2982316857,W2194775991
W1644641054,W2102605133
W1644641054,W2062118960
W1644641054,W1606858007
W1644641054,W2163605009
W1644641054,W2097117768
W1644641054,W2962851944
W1644641054,W2066941820
W2910597635,W2346505350
W2910597635,W2783918566
W2910597635,W2597150627
W2998553334,W2061438946
W2998553334,W2154943049
W1971443733,W2084304524
W1971443733,W2147601077
W2475334473,W2194775991
W2475334473,W2146502635
W2138011018,W2027922120
W919187098,W2054877429
W919187098,W1993326409
W919187098,W271526086
W919187098,W4238399289
W919187098,W2002704355
W2008668719,W2068060907
W2008668719,W2089758604
W3099862724,W2146512944
W1984426948,W2010143351
W1984426948,W2024306642
W1984426948,W1849190772
W1984426948,W1640894779
W2029538739,W2029538739
W1981539053,W2092044679
W1981539053,W1604284211
W2110905563,W2171777347
W2110905563,W2170551349
W2110905563,W2141458291
W2110905563,W2152239989
W2110905563,W2130116522
W2110905563,W2157539385
W2110905563,W4247053599
W2110905563,W2168133698
W2511515754,W2104549677
W2114315281,W2153635508
W2179352600,W2153635508
W2179352600,W2102605133
W2179352600,W1606858007
W2179352600,W2062118960
W2179352600,W2145287260
W2179352600,W2027922120
W2179352600,W2179352600
W2179352600,W2117539524
W2179352600,W2163605009
W2179352600,W2097117768
W1978426240,W2102074887
W1866413456,W2183644045
W2147299002,W2035839217
W2147299002,W2500486957
W1810943226,W2143612262
W607505555,W3141595720
W607505555,W2029538739
W607505555,W2147880316
W2991012415,W2898402099
W2991012415,W2559191318
W4300127641,W2043007983
W4300127641,W3151748982
W2075004202,W4242721106
W2116585889,W1977601452
W2116585889,W2117801354
W2140460700,W2105365764
W2170702893,W1990134753
W2111547563,W2117692326
W2111547563,W1570448133
W2147768505,W1533861849
W2019759670,W2147880316
W2001979953,W2061438946
W2001979953,W2154943049
W2001979953,W2096166399
W2001979953,W2963103847
W2928165649,W1903029394
W2928165649,W2565639579
W2928165649,W2964137095
W2928165649,W2560023338
W2928165649,W2109255472
W2928165649,W2963150697
W2928165649,W2194775991
W2928165649,W2963446712
W2928165649,W2752782242
W2928165649,W2097117768
W2928165649,W2039313011
W2928165649,W2549139847
W2928165649,W2183341477
W2928165649,W2531409750
W2928165649,W2037227137
W2928165649,W2102605133
W2928165649,W2412782625
W2928165649,W2962858109
W2928165649,W2916798096
W2928165649,W2117539524
W2928165649,W639708223
W2928165649,W2963420686
W2928165649,W2964309882
W2928165649,W1861492603
W2928165649,W2274287116
W2928165649,W2992308087
W2928165649,W2163605009
W2928165649,W2883780447
W2767192956,W2171033594
W2767192956,W1554944419
W2767192956,W2487770199
W2133131640,W1990513740
W1993962865,W2145962650
W1993962865,W2118550318
W1993962865,W1997201895
W1993962865,W4292363360
W1993962865,W2341171179
W1993962865,W2164278908
W1580043097,W2071754162
W2017265038,W2108696783
W2017265038,W2583504027
W2127875809,W2148540129
W2127875809,W2161498332
W3103589660,W2113096089
W3103589660,W2128728535
W3103589660,W3037085755
W3103589660,W1968164782
W3103589660,W1875112053
W3103589660,W2062533676
W2282942319,W2322232911
W2282942319,W2282942319
W2160615957,W888273526
W2214802144,W1677182931
W2214802144,W1903029394
W2214802144,W2163605009
W2214802144,W1963882359
W2214802144,W2121058967
W2214802144,W1885185971
W2124799197,W2124351063
W3008092789,W2752698709
W3008092789,W843007777
W3008092789,W2607307034
W3008092789,W2520676852
W3008092789,W2026277606
W2100739170,W1988050849
W2100739170,W3123722757
W2100739170,W2036736987
W2100739170,W2130892515
W2100739170,W3147343449
W2100739170,W1913957972
W2100739170,W1545460766
W2100739170,W2000380427
W1686065478,W2891649320
W1686065478,W1583059097
W2120751691,W1494137514
W2099419573,W4297957988
W2099419573,W2799061466
W1939526929,W1534798215
W2951799803,W1984883254
W2951799803,W2519132385
W2607041014,W1963882359
W2607041014,W1677182931
W2607041014,W1930824406
W2607041014,W2242218935
W2607041014,W2214802144
W2607041014,W2476548250
W2607041014,W2503339013
W2607041014,W1885185971
W2607041014,W2110158442
W2607041014,W2963470893
W2607041014,W2121058967
W2607041014,W2331128040
W2004014148,W1973628995
W2004014148,W2152239989
W2004014148,W2162088497
W2004014148,W2072970694
W2004014148,W2056279562
W2004014148,W2026006003
W2004014148,W2080283023
W2004014148,W1968105193
W2750168540,W2144512297
W2750168540,W2105321265
W2141599568,W179875071
W1977655452,W2341171179
W2998885490,W2121745948
W2998885490,W2193503481
W2998885490,W1985217958
W2998885490,W2600399632
W2998885490,W2738516213
W2998885490,W2115247641
W2998885490,W2125634634
W2998885490,W1970327765
W2998885490,W2981104727
W2998885490,W2337225114
W2998885490,W2051416171
W2031557272,W2121607567
W2031557272,W2139516501
W2913450733,W2109006689
W2001965107,W1504052325
W2001965107,W1994959046
W2897529137,W1536680647
W2897529137,W2963150697
W2897529137,W2963727135
W2897529137,W2102605133
W2897529137,W2963351448
W2897529137,W2150066425
W2897529137,W2884561390
W2963466847,W2145287260
W2963466847,W2194775991
W2963466847,W2097117768
W2963466847,W2163605009
W2963466847,W2155893237
W2963466847,W2325939864
W2721771326,W608574129
W2016603972,W2116585889
W2016603972,W2117801354
W1844405070,W2155496693
W1844405070,W2259938310
W1844405070,W2078059415
W1844405070,W2033151532
W1844405070,W2153860431
W1844405070,W2101357408
W1844405070,W2004966039
W1844405070,W2015845481
W1844405070,W2147311167
W1844405070,W2115801316
W1844405070,W2143625465
W1844405070,W2107916366
W1844405070,W2096791516
W1844405070,W1976844911
W1844405070,W2076154138
W1844405070,W2195783463
W2408017125,W1511920456
W2408017125,W2105824687
W2408017125,W1568390176
W2408017125,W1528251861
W3005332201,W2737217596
W3005332201,W2133892291
W3005332201,W2037496050
W3005332201,W2041307272
W3005332201,W2169904088
W3005332201,W2164526292
W3005332201,W2005404508
W3005332201,W2294707565
W3005332201,W2609067898
W2110953678,W3103362336
W2110953678,W1987228002
W2964288524,W2155893237
W2964288524,W1722318740
W2964288524,W2163605009
W2082977560,W2098923148
W2582550385,W2142897908
W2582550385,W2162896254
W1987435915,W1581228648
W2024306642,W1640894779
W3121315632,W1967579779
W2065155050,W2111211467
W2944339144,W2468221858
W2944339144,W4299627282
W2125948619,W2080283023
W2125948619,W2124351063
W2125948619,W2136879569
W2125948619,W2170747616
W2125948619,W2127499811
W3085758516,W2155628349
W3085758516,W2950354111
W3085758516,W1983403167
W3085758516,W3002362821
W3085758516,W2021341670
W3085758516,W2117131162
W1857884451,W1903029394
W1857884451,W2117539524
W1857884451,W1964846093
W1857884451,W2124211486
W1857884451,W2145287260
W1857884451,W2102605133
W1857884451,W2154889144
W1857884451,W2089961441
W1857884451,W2158592639
W1857884451,W1895577753
W1857884451,W1963882359
W1857884451,W2163605009
W2048505725,W1993571512
W2048505725,W2129497119
W2048505725,W2582524520
W2789758093,W2919115771
W2789758093,W2095705004
W2789758093,W2161289668
W1537287213,W1537287213
W2155556726,W2068060907
W2050160040,W1592263067
W2050160040,W2159401492
W2097116556,W1557459633
W2949708697,W2570343428
W2949708697,W1644641054
W2949708697,W2963150697
W2949708697,W2897529137
W2949708697,W2565639579
W2949708697,W2150066425
W2949708697,W2211722331
W2949708697,W639708223
W2949708697,W1536680647
W2949708697,W2560609797
W2949708697,W2963727135
W2949708697,W2884561390
W2949708697,W2963121255
W2774320778,W639708223
W2774320778,W2097117768
W2774320778,W2194775991
W2774320778,W1903029394
W2774320778,W2302255633
W2774320778,W1901129140
W2962749812,W2277195237
W2962749812,W2097117768
W2962749812,W639708223
W2962749812,W2031342017
W2962749812,W2194775991
W2962749812,W1861492603
W2962749812,W2570343428
W2519603001,W2143025931
W2519603001,W2984280663
W2031183907,W2096166399
W2031183907,W2061438946
W2031183907,W2001979953
W2110098148,W2085585287
W2110098148,W2066907097
W2981689412,W2340897893
W2981689412,W2601564443
W2981689412,W2963150697
W2981689412,W2194775991
W2981689412,W2412782625
W2981689412,W2560023338
W2981689412,W2737258237
W2981689412,W1903029394
W2981689412,W2752782242
W2981689412,W1901129140
W2981689412,W1861492603
W2981689412,W2964309882
W2981689412,W2955058313
W2981689412,W2963091558
W2922509574,W2963163009
W2922509574,W2117539524
W2922509574,W2883780447
W2922509574,W2866634454
W2922509574,W2963446712
W2922509574,W2601564443
W2922509574,W1677182931
W2922509574,W2194775991
W2922509574,W2884585870
W2922509574,W2549139847
W2922509574,W2097117768
W2922509574,W2183341477
W2922509574,W2963420686
W2922509574,W2752782242
W2922509574,W2163605009
W2922509574,W1665214252
W2922509574,W2963125010
W2922509574,W2302255633
W2087681821,W1554944419
W2087681821,W2171033594
W2559191318,W2224056471
W2559191318,W2153544371
W3045004532,W1901616594
W3045004532,W2097998348
W3045004532,W2117756735
W3045004532,W114517082
W3045004532,W2154776925
W3045004532,W2498119267
W3045004532,W2163605009
W2068849277,W2105103777
W2012592962,W2124509324
W2030867075,W1500256440
W2030867075,W3037853801
W1980038761,W2153635508
W2784327149,W1867005924
W2784327149,W1989120577
W2784327149,W1995047010
W2784327149,W2614464134
W2784327149,W2530960585
W2784327149,W2106632946
W2784327149,W2029604816
W2784327149,W2086710305
W2784327149,W2031027346
W2784327149,W3104895181
W2610332124,W2060427373
W2610332124,W2163922914
W2610332124,W2919115771
W2610332124,W2076063813
W2610332124,W1901616594
W2610332124,W2160815625
W2610332124,W2557738935
W2610332124,W2581082771
W2610332124,W1019830208
W2610332124,W2282821441
W2610332124,W2163605009
W2610332124,W2473418344
W2610332124,W2964199361
W2610332124,W2145094598
W2610332124,W2097117768
W2610332124,W2155893237
W2610332124,W2095705004
W2744904120,W1976441470
W2744904120,W1984426948
W2744904120,W1640894779
W2022508996,W2110158442
W2022508996,W2031342017
W1975768883,W1979723077
W1975768883,W2015053255
W1975768883,W2051159954
W2769542288,W2152239989
W2769542288,W2113977541
W2769542288,W2056279562
W2769542288,W2004014148
W2769542288,W2107018762
W2080873731,W2074276081
W1904914631,W1970188810
W1904914631,W2102074887
W1904914631,W2055424520
W1904914631,W2070931774
W1904914631,W1973972788
W1904914631,W2000564135
W1904914631,W2067650803
W1904914631,W2020332193
W1904914631,W1978426240
W1904914631,W2175118067
W1904914631,W1538825449
W1904914631,W2131665769
W2094182805,W1511920456
W2113977541,W2101120467
W2900619723,W1829634234
W2900619723,W2305278139
W2900619723,W2754799758
W2900619723,W2524597629
W2900619723,W2149868499
W2900619723,W1780778418
W3110668392,W2321005010
W3110668392,W2053227378
W3014974411,W2031183907
W3014974411,W2232317135
W3014974411,W2061438946
W3014974411,W883434633
W3014974411,W2919979744
W3014974411,W2290883490
W3014974411,W2738900493
W2755862626,W2138071797
W2755862626,W2481769138
W2755862626,W1988050849
W2755862626,W2036736987
W2755862626,W2130892515
W2755862626,W3123722757
W2755862626,W2595629513
W2755862626,W2100739170
W2755862626,W2105846236
W2755862626,W2223470559
W2755862626,W2167344400
W2755862626,W3147343449
W2755862626,W2085206464
W2755862626,W2000380427
W2755862626,W2905811773
W2755862626,W1545460766
W2755862626,W2783817214
W2998508940,W2163605009
W2998508940,W2511791013
W2998508940,W2095705004
W2998508940,W2183341477
W2998508940,W2549139847
W2998508940,W2204750386
W2998508940,W2964137095
W2998508940,W2194775991
W2998508940,W2302255633
W1982518595,W4213327538
W2163886442,W3149745985
W2962974533,W2593414223
W2962974533,W2962793481
W2962974533,W2737258237
W2962974533,W2340897893
W2962974533,W2194775991
W2962974533,W2603777577
W2962974533,W2412782625
W2962974533,W2963800363
W2962974533,W2963890275
W2962974533,W2739748921
W2962974533,W4301206121
W2962974533,W2163605009
W2962974533,W1861492603
W2962974533,W2099471712
W2327721819,W1999717631
W2327721819,W2042468043
W2327721819,W2114118829
W2327721819,W2123857657
W2327721819,W2190169384
W2327721819,W2003478788
W2327721819,W2160391726
W2767346351,W2029608738
W2767346351,W1981616524
W2767346351,W2038194220
W2767346351,W2111619626
W2767346351,W2058401212
W2767346351,W2114296561
W2767346351,W2044049559
W2767346351,W2285118877
W2767346351,W1570385038
W2767346351,W1494137514
W2100533358,W1554944419
W2006102096,W2065586875
W1709784975,W4211058570
W2011500029,W2181552524
W414544266,W2061438946
W414544266,W2001979953
W414544266,W2031183907
W414544266,W2096166399
W2066231767,W2166820820
W2066231767,W2335012284
W1767470961,W2161498332
W2610784388,W2048644480
W2610784388,W2001952247
W2610784388,W2266720690
W2962691117,W2111619626
W2962691117,W2058401212
W2962691117,W631335369
W2962691117,W2134295053
W2962691117,W2031834036
W2893425640,W2250539671
W2029961407,W2029961407
W2988916019,W2163922914
W2988916019,W2964241181
W2988916019,W2412782625
W2988916019,W2531409750
W2988916019,W2601564443
W2988916019,W2031454541
W2988916019,W2037227137
W2988916019,W1536680647
W2988916019,W2102605133
W2988916019,W2962949934
W2988916019,W2963150697
W2988916019,W2179352600
W2988916019,W1677182931
W2988916019,W2194775991
W2988916019,W2752782242
W2988916019,W2963446712
W2988916019,W2155893237
W2988916019,W2163605009
W2988916019,W2919115771
W2988916019,W2565639579
W2988916019,W2963351448
W2988916019,W1861492603
W2988916019,W2592929672
W2988916019,W2963857746
W2988916019,W1903029394
W2988916019,W2307770531
W2988916019,W1606858007
W2988916019,W2062118960
W2988916019,W2570343428
W2988916019,W639708223
W2988916019,W2117539524
W2988916019,W2395611524
W2988916019,W2916798096
W2988916019,W2097117768
W2988916019,W2183341477
W2988916019,W2962749812
W2988916019,W2549139847
W2988916019,W1849277567
W2988916019,W2963125010
W2988916019,W2295107390
W2988916019,W2557283755
W2988916019,W2088049833
W2988916019,W1920022804
W2988916019,W2274287116
W2988916019,W2963420686
W1966000877,W2032372805
W2585392941,W2061438946
W2585392941,W2154943049
W2585392941,W2001979953
W2585392941,W2963103847
W2559732081,W2098923148
W2963782415,W2155893237
W2963782415,W2963446712
W2963782415,W2560474170
W2963782415,W2150066425
W2963782415,W1901129140
W2963782415,W2412782625
W2963782415,W2163605009
W2159449603,W1581228648
W2170133891,W2114207581
W2091538045,W2084154288
W2119866123,W2155556726
W2597150627,W2038194220
W2195423816,W2054692642
W2149140091,W2159128662
W2149140091,W2114296561
W2149140091,W2119738171
W2149140091,W2189465200
W2149140091,W1494137514
W2774178591,W2037312364
W2774178591,W1803102843
W2774178591,W2149525061
W2774178591,W2138122982
W2774178591,W2127322768
W2774178591,W2160378127
W2774178591,W2950954328
W2774178591,W2111211467
W2774178591,W2173732482
W2774178591,W4211196614
W3121545263,W3121716941
W3121545263,W3122061554
W2220999736,W1575923498
W2020462182,W2078492700
W2045443942,W2144673831
W2045443942,W1609810996
W2045443942,W2104465908
W2963677766,W1903029394
W2963677766,W2340897893
W2963677766,W1905829557
W2963677766,W2102605133
W2963677766,W2963150697
W2963677766,W2194775991
W2963677766,W2964137095
W2963677766,W2560023338
W2963677766,W2560647685
W2963677766,W2412782625
W2937307539,W2919115771
W2937307539,W2741508285
W2937307539,W2594183968
W2937307539,W2886752110
W2937307539,W2905810301
W2937307539,W2095705004
W2598320237,W2100533358
W2598320237,W1568201516
W2598320237,W4294541781
W2598320237,W2002900408
W2598320237,W1966811787
W2598320237,W2097360283
W1963882359,W2066941820
W1963882359,W2163605009
W1963882359,W1849277567
W1963882359,W2962851944
W2147874841,W4248872320
W2770598799,W2169556367
W2770598799,W2103783427
W2770598799,W2113699335
W2770598799,W2324862792
W2770598799,W2328393125
W2949223833,W2060872117
W2949223833,W1031578623
W2949223833,W2161605421
W2949223833,W2206954826
W2091254174,W2061141931
W2794521141,W2135937351
W2794521141,W2102212449
W2794521141,W2146512944
W2794521141,W2019552331
W2794521141,W2951506174
W2794521141,W2169456326
W2794521141,W2138207763
W2936503027,W2919115771
W2936503027,W2076063813
W2936503027,W2117539524
W2936503027,W2183341477
W2936503027,W2963351448
W2936503027,W2102605133
W2936503027,W2194775991
W2936503027,W1861492603
W2936503027,W1834627138
W2936503027,W2110158442
W2936503027,W2963446712
W2936503027,W2899771611
W2936503027,W2559655401
W2936503027,W2557283755
W2262354148,W1971445485
W2054780155,W2172156083
W2054780155,W1570448133
W2605102758,W2145339207
W2605102758,W2919115771
W2605102758,W2158782408
W631335369,W2022894179
W631335369,W2118166339
W631335369,W2150166076
W1819467863,W2948928365
W1819467863,W2118338381
W2139035425,W2005029869
W1976985160,W2157815126
W2963842104,W2559085405
W2963842104,W2194775991
W2963842104,W1903029394
W2963842104,W2307770531
W2963842104,W2511791013
W2963842104,W2204750386
W2963842104,W2274287116
W2962851801,W2097117768
W2962851801,W1677182931
W2962851801,W2194775991
W2962851801,W2102605133
W2962851801,W1903029394
W2962851801,W104184427
W2962851801,W2163605009
W2962851801,W2300242332
W2962851801,W2963446712
W2962851801,W2302255633
W2963363373,W1536680647
W2963363373,W2097117768
W2963363373,W2549139847
W2963363373,W2194775991
W2963363373,W2531409750
W2963363373,W2155893237
W2963363373,W2163605009
W2963363373,W2300242332
W2963363373,W1665214252
W2963363373,W639708223
W2903871660,W2101491865
W2903871660,W2194775991
W2903871660,W2964321699
W2903871660,W4297733535
W2562637781,W2155893237
W2562637781,W1677182931
W2562637781,W2141983208
W2562637781,W1523113578
W2562637781,W54257720
W2163953557,W2171777347
W2963890275,W54257720
W2963890275,W2475287302
W2963890275,W2962793481
W2963890275,W2963800363
W2963890275,W2593414223
W2963890275,W2331128040
W2963890275,W2603777577
W2963890275,W2899771611
W2963890275,W2194775991
W2963890275,W2962785568
W2963890275,W2183341477
W2963890275,W2340897893
W2963890275,W2099471712
W2963890275,W2163605009
W2963890275,W2739748921
W2108451834,W1579271636
W2124075924,W2165739256
W2785768358,W2564178799
W2785768358,W2022299938
W2785768358,W2573377826
W2785768358,W2133406747
W2785768358,W2567342708
W2781491230,W1531935167
W2781491230,W1911969426
W2781491230,W1978426240
W2753160622,W2146502635
W2753160622,W2194775991
W1855058198,W2163924952
W2964243274,W2095705004
W2801361050,W2031611770
W2801361050,W2141052558
W2208550830,W1731081199
W2120079537,W2148764920
W2102716046,W1989589910
W2102716046,W2092350553
W2102716046,W2166436681
W2139126750,W2165739256
W2056898157,W2172156083
W2108119513,W2799061466
W2952757700,W2045443942
W2952757700,W2019655958
W2952757700,W1951724000
W2952757700,W2101971030
W2952757700,W1592263067
W2950750906,W2138071797
W2950750906,W2905811773
W2950750906,W2105846236
W2950750906,W3147343449
W2950750906,W2783817214
W2950750906,W2755862626
W2950750906,W1545460766
W2772803673,W1714980748
W2131842864,W2096650374
W2157076315,W2097360283
W2162911488,W2105365764
W2165172960,W2055638681
W2165172960,W2022731012
W2084304524,W2147601077
W2084304524,W1971443733
W2097686432,W2135011388
W2097686432,W2153779825
W2097686432,W2044718416
W2097686432,W4206049288
W2128507082,W2040709535
W2128507082,W4234319266
W2128507082,W4360586574
W2128507082,W2772487859
W2138071797,W1988050849
W2138071797,W2130892515
W2138071797,W2100739170
W2138071797,W2105846236
W2138071797,W3147343449
W2138071797,W1913957972
W2138071797,W2948928365
W2138071797,W4236523229
W1981425990,W1503159956
W1981425990,W1515587369
W3097777922,W1494198834
W3097777922,W2095705004
W2029413789,W2083415705
W2784788330,W2170551349
W2910922638,W2018915326
W2910922638,W2126129668
W2910922638,W2023115322
W2910922638,W2113991966
W2910922638,W2153268540
W2910922638,W2059527695
W2157815126,W2162040794
W1875842236,W2157331557
W2131116400,W1569990960
W2104657845,W2139168999
W2104657845,W1528251861
W1911969426,W1531935167
W2574952845,W2194775991
W2574952845,W1963882359
W2574952845,W2508457857
W2574952845,W1885185971
W2574952845,W2242218935
W2574952845,W1849277567
W2574952845,W4292363360
W2574952845,W2919115771
W2574952845,W2117539524
W2574952845,W2102605133
W2574952845,W1903029394
W2574952845,W2164278908
W2574952845,W1901129140
W2574952845,W2163605009
W2750615195,W2140092196
W2750615195,W2010049072
W2734349601,W1641498739
W2734349601,W1901129140
W2963367478,W2194775991
W2963367478,W2171279286
W2963367478,W2095705004
W2963367478,W1849277567
W2963367478,W2605350416
W3116286104,W1901616594
W3116286104,W2919115771
W3116286104,W2905810301
W3116286104,W2891503716
W3116286104,W2981731882
W3116286104,W2163605009
W3116286104,W1849277567
W3116286104,W2295107390
W3116286104,W2962858109
W3116286104,W1787224781
W3116286104,W2282821441
W3116286104,W2102636708
W3116286104,W2243397390
W3116286104,W2543927648
W2112297827,W2102074887
W2112297827,W2020332193
W3034942609,W2560647685
W3034942609,W2099471712
W3034942609,W2557283755
W3034942609,W2163605009
W2112447569,W2798909945
W2109031474,W2155243985
W2167344400,W2138071797
W2167344400,W2036736987
W2167344400,W2130892515
W2167344400,W2105846236
W2167344400,W2100739170
W2167344400,W3147343449
W2167344400,W2085206464
W2018915326,W3217264615
W2018915326,W1551036771
W2063277639,W2612891587
W4211212552,W2038561289
W1504531927,W2132568564
W3037085755,W1968164782
W3037085755,W1875112053
W2121745948,W2165242200
W2121745948,W2051416171
W2121745948,W1974038018
W3025949386,W2165242200
W3025949386,W2121745948
W3025949386,W1978648105
W3025949386,W2611772571
W3025949386,W2021057500
W3025949386,W1989120577
W3025949386,W2031027346
W3025949386,W2060172488
W2737217596,W2037496050
W2737217596,W2143362587
W2737217596,W2565282363
W2737217596,W1665009454
W2614464134,W1867005924
W2024966118,W2106963750
W2024966118,W2054653365
W2089525884,W1998062017
W2089525884,W2015693422
W2089525884,W1970996323
W2089525884,W1963712116
W2037496050,W1665009454
W2037496050,W1981644934
W2037496050,W2130707940
W1981213426,W2093540905
W1981213426,W2166394891
W1981213426,W2001510610
W2193503481,W2108940449
W2193503481,W2054653365
W2193503481,W1992193293
W2193503481,W2024966118
W2193503481,W1991308688
W2193503481,W2981420978
W3012099172,W3004896487
W3012099172,W3008696669
W2915783575,W2129031626
W2611772571,W2165242200
W2611772571,W2121745948
W2611772571,W1978648105
W2611772571,W1989120577
W2611772571,W2607030186
W2611772571,W2051416171
W2611772571,W1974038018
W2611772571,W2611772571
W2909240409,W2221837786
W2909240409,W1485504984
W1991308688,W2108940449
W1991308688,W2171984413
W1991308688,W2054653365
W1991308688,W1997065014
W1991308688,W2067087368
W1991308688,W2106963750
W2120012334,W2617606220
W2013414890,W2148333466
W2013414890,W2126902408
W2015053255,W2170121306
W2015053255,W2051782740
W2015053255,W3010621220
W2169286869,W2044718416
W2169286869,W2081284397
W2169286869,W2163744914
W2169286869,W1990370234
W2169286869,W2105872868
W2169286869,W2170121306
W2054653365,W225706379
W2054653365,W3010621220
W2054653365,W4213327538
W1907369419,W2100365896
W1907369419,W2054653365
W1907369419,W2051833014
W1907369419,W2134927874
W1907369419,W2106963750
W1907369419,W2155039075
W1907369419,W2144304061
W1485504984,W2121745948
W1485504984,W2915783575
W1485504984,W2172622149
W1867005924,W1989839776
W2607350314,W2110052313
W2607350314,W2141970008
W2410390527,W2054653365
W2410390527,W1964308073
W2410390527,W2337225114
W2410390527,W2024966118
W2410390527,W1991308688
W2410390527,W1992193293
W2410390527,W2193503481
W2410390527,W2530597942
W2898962279,W2024966118
W2898962279,W1997065014
W2898962279,W2017559255
W2898962279,W2237880282
W2898962279,W2029604816
W2898962279,W1981213426
W2898962279,W1982518595
W2898962279,W2614464134
W2898962279,W1867005924
W2898962279,W1989839776
W2898962279,W3104895181
W2141970008,W2110052313
W2141970008,W2069977802
W2141970008,W1973577532
W2141970008,W2051833014
W2141970008,W4213327538
W2022299938,W2085020302
W2132484323,W2050695214
W2132484323,W1970010130
W2132484323,W2096371469
W2132484323,W2160917602
W2132484323,W2081163858
W2133892291,W2164526292
W2133892291,W2069157258
W2133892291,W2160916596
W2261645655,W1867005924
W2261645655,W1989839776
W2261645655,W1974038018
W2261645655,W2121745948
W2261645655,W2021057500
W2261645655,W2051416171
W2261645655,W2024966118
W2261645655,W2108886061
W2261645655,W2611772571
W2051416171,W2165242200
W2051416171,W2121745948
W2051416171,W1974038018
W2126154792,W2097022543
W2806569362,W2148333466
W2806569362,W2126902408
W2806569362,W1525095461
W2806569362,W2037561382
W2806569362,W1999167944
W2806569362,W4213327538
W2806569362,W2142231247
W2806569362,W2144304061
W2806569362,W2044247101
W2806569362,W1981213426
W2806569362,W2340972631
W2806569362,W2399146901
W2806569362,W2118930997
W2806569362,W2153221451
W2005404508,W2164526292
W2005404508,W2133892291
W2005404508,W2014173070
W2005404508,W2069157258
W2260274902,W2122854726
W2260274902,W2126902408
W2260274902,W2093027911
W2020007931,W1994028888
W1989120577,W2165242200
W1989120577,W2121745948
W1989120577,W2171984413
W1989120577,W2051416171
W1989120577,W1974038018
W2170121306,W2181552524
W2603442821,W2089525884
W2603442821,W2104814752
W2603442821,W2060543343
W2603442821,W2021403769
W2603442821,W2040959430
W2603442821,W2049965679
W2603442821,W2331458798
W2603442821,W2328134238
W2560167313,W2078860594
W2560167313,W2015053255
W2560167313,W2028240797
W2560167313,W3010621220
W2148583852,W2050695214
W2148583852,W1980680725
W2148583852,W1903241269
W2148583852,W2170170821
W2148583852,W2258242373
W3007246056,W2201735116
W3007246056,W2083753594
W2169245074,W2165301409
W2130707940,W2088122955
W2130707940,W1981644934
W2130707940,W2005404508
W2130707940,W2029092200
W2337225114,W2193503481
W2337225114,W1968176769
W2337225114,W2171984413
W2337225114,W2054653365
W2337225114,W1964308073
W2337225114,W1992193293
W2337225114,W2410390527
W2337225114,W2024966118
W2337225114,W1991308688
W2337225114,W2981420978
W3014125413,W1867005924
W3014125413,W1989120577
W2066131315,W1994433187
W2066131315,W2166394891
W2588003345,W1969543759
W2588003345,W2160615957
W2588003345,W2890624634
W2003022112,W2164526292
W2003022112,W2014173070
W2003022112,W2069157258
W2031720269,W2118750261
W2031720269,W2050695214
W2031720269,W2148583852
W2031720269,W2107092272
W2031720269,W1903241269
W2031720269,W2132407977
W2031720269,W2170170821
W2086710305,W2079350221
W2127597920,W2161139387
W2127597920,W1981213426
W2127597920,W2100135944
W2127597920,W2126902408
W2127597920,W2066131315
W2955601895,W1985217958
W2955601895,W2106963750
W2955601895,W2152811544
W2056435747,W1984670836
W2175423925,W2044718416
W2175423925,W2002682820
W2175423925,W2100135944
W2175423925,W2161139387
W2154433795,W2002682820
W2154433795,W2117930979
W2154433795,W2135639661
W2154433795,W2008951609
W2154433795,W2161139387
W2154433795,W3211914286
W2130811469,W2010635848
W2130811469,W1990370234
W2130811469,W2105872868
W2130811469,W2169286869
W2130811469,W1996359250
W2130811469,W1967156257
W2130811469,W2108940449
W2130811469,W2161139387
W2130811469,W2067087368
W2130811469,W1997065014
W2130811469,W1991308688
W2130811469,W2172199324
W2130811469,W3010621220
W2101020813,W2169286869
W2101020813,W37217007
W2112558380,W2272908325
W1982267818,W2002752790
W1982267818,W1971144082
W3104895181,W1867005924
W3104895181,W2172191993
W3104895181,W2121745948
W3104895181,W4213327538
W3104895181,W1989839776
W3104895181,W2261645655
W2200817828,W2132484323
W2200817828,W2090602773
W2200817828,W72751723
W2200817828,W2050695214
W2784350055,W2156157987
W2784350055,W1992749124
W2784350055,W2195453830
W2784350055,W2094145140
W2784350055,W2121022470
W2784350055,W2005307077
W2784350055,W2120834437
W2784350055,W1940496428
W2784350055,W2483057761
W2784350055,W2132407977
W2784350055,W2272908325
W2030737358,W2915157699
W2076288335,W1999868715
W2076288335,W2013731232
W2171984413,W2108940449
W2171984413,W2106963750
W2171984413,W2054653365
W2171984413,W1997065014
W2171984413,W2067087368
W2171984413,W1991308688
W2165242200,W1974038018
W2013874115,W2025809070
W2013874115,W1993036604
W2013874115,W2126164548
W3084100763,W2126164548
W3084100763,W2228338508
W3084100763,W2025809070
W2604316091,W2037496050
W2604316091,W2143362587
W2604316091,W2150503350
W2604316091,W1665009454
W2604316091,W2103751670
W2604316091,W1981644934
W2604316091,W2130707940
W2604316091,W1810360004
W2009225674,W2098627306
W2039348932,W2141219203
W1863165817,W2164526292
W1863165817,W2130707940
W1863165817,W2029092200
W1863165817,W2011923115
W1863165817,W2085831882
W1863165817,W2116464510
W1863165817,W2069157258
W1863165817,W2133892291
W2564630286,W2093027911
W2564630286,W2564630286
W2564630286,W4213327538
W2564630286,W1974424100
W1994000771,W2169286869
W1994000771,W2019075610
W1994000771,W2015593224
W1994000771,W2118554039
W1994000771,W2102471114
W1994000771,W1966623514
W1994000771,W2160947363
W2518099942,W2021172010
W2518099942,W2321696461
W2518099942,W2153511586
W2905218447,W2001063720
W2905218447,W1968522699
W2905218447,W1940496428
W2905218447,W2753273584
W2905218447,W2020007931
W2399146901,W2138803696
W2227280755,W2066286996
W2227280755,W2097224090
W2227280755,W2086710305
W2227280755,W2169245074
W2227280755,W2015522309
W2227280755,W2108886061
W2227280755,W2617606220
W2060172488,W1974038018
W2761590587,W2037496050
W2761590587,W2164526292
W2761590587,W2609067898
W2761590587,W2160916596
W2761590587,W1863165817
W2583342343,W2164526292
W2583342343,W2014173070
W2583342343,W2228625904
W2583342343,W2133892291
W2583342343,W1981644934
W2583342343,W2565282363
W2583342343,W1810360004
W2583342343,W2286955579
W2583342343,W2229518787
W2583342343,W1971345082
W2583342343,W2130707940
W2583342343,W2150503350
W2583342343,W2103585709
W2583342343,W2005404508
W2583342343,W2051121620
W2583342343,W2037496050
W2583342343,W2300403628
W2583342343,W2318716851
W2583342343,W2546432926
W2583342343,W2405598407
W2583342343,W2088122955
W2583342343,W2116464510
W2583342343,W2264411566
W2583342343,W2085831882
W2583342343,W2011923115
W2583342343,W2003022112
W2583342343,W2143362587
W2583342343,W1863165817
W2010635848,W2002682820
W2010635848,W2161139387
W2010635848,W2051782740
W2010635848,W1971625691
W3037259832,W4211152862
W3037259832,W1922730584
W2201735116,W2057265291
W1985217958,W2106963750
W2598701004,W1985936925
W2598701004,W2018291779
W2598701004,W2135639661
W2598701004,W2138631674
W2598701004,W1843763927
W2598701004,W1974424100
W2598701004,W2148333466
W2598701004,W2530597942
W2574987849,W2089525884
W2574987849,W2028201857
W2574987849,W1989703096
W2574987849,W2020007931
W2574987849,W1981539053
W2574987849,W2323275360
W2574987849,W1971113415
W2574987849,W2070491781
W1969690258,W2060642913
W2114891756,W2148333466
W2114891756,W2013414890
W2114891756,W2126902408
W2114891756,W1967156257
W2114891756,W2105691566
W2114891756,W2095867549
W2114891756,W1988902793
W2114891756,W1982627164
W2114891756,W2786563204
W1999803596,W2122825721
W1999803596,W2160615957
W2134927874,W2162686899
W2461419449,W2195453830
W2110154495,W2323309348
W2008951609,W2146992469
W2186066651,W2029945928
W2186066651,W2399146901
W2186066651,W2118930997
W2186066651,W2148333466
W2067126321,W1999468792
W2108886061,W2277497547
W2108886061,W2169245074
W2108886061,W2165301409
W2108886061,W2015522309
W2108886061,W2167453193
W2108886061,W2120012334
W2983762108,W2091875228
W2983762108,W2796568833
W2983762108,W4211137059
W2167905626,W2024966118
W2167905626,W1974038018
W2167905626,W2121745948
W2081757228,W2051898806
W2081757228,W2021057500
W2081757228,W2155069722
W2081757228,W2051159954
W2081757228,W2148333466
W2037561382,W4246438352
W2037561382,W2148333466
W2037561382,W2123562234
W2037561382,W2013414890
W2037561382,W2016916834
W2037561382,W2786563204
W2037561382,W1715038780
W2037561382,W2186066651
W2738516213,W4213327538
W2901199346,W2014173070
W2901199346,W1971345082
W2901199346,W2150503350
W2901199346,W2737217596
W2901199346,W2073122003
W2901199346,W4211010233
W2901199346,W2260274902
W2901199346,W2051782740
W2901199346,W2328573691
W2901199346,W2318921329
W2901199346,W2015053255
W2901199346,W2143362587
W2901199346,W2227598340
W2901199346,W2093575882
W2122825721,W2160615957
W2122825721,W2123638813
W1992193293,W2054653365
W1992193293,W1964308073
W1992193293,W2024966118
W1992193293,W1991308688
W1992193293,W2530597942
W1992193293,W2752384816
W2766136866,W2195453830
W2766136866,W4246438352
W2766136866,W2132407977
W2766136866,W2147924102
W2766136866,W2166394891
W2766136866,W2461419449
W2766136866,W2328487243
W2766136866,W2126154792
W2766136866,W2037561382
W2160615957,W888273526
W2026277606,W2041698310
W2026277606,W2132407977
W2895932308,W2101702311
W2895932308,W2130811469
W2895932308,W2106371033
W2895932308,W1999167944
W2895932308,W2037561382
W2895932308,W2138803696
W2895932308,W1982627164
W2895932308,W2118921617
W2895932308,W1991308688
W2895932308,W1964308073
W2895932308,W2186066651
W2895932308,W2165163979
W2999590263,W2886600502
W2999590263,W2784506527
W2999590263,W2082019533
W2999590263,W2792783390
W2999590263,W2909990379
W1981644934,W2005404508
W1981644934,W2164526292
W1981644934,W2029092200
W1981644934,W2085831882
W2160741281,W1912677540
W2942915186,W2063866856
W2942915186,W2001063720
W2942915186,W2067126321
W2781567654,W2141707502
W2998885490,W2121745948
W2998885490,W2193503481
W2998885490,W1985217958
W2998885490,W2600399632
W2998885490,W2738516213
W2998885490,W2115247641
W2998885490,W2125634634
W2998885490,W1970327765
W2998885490,W2981104727
W2998885490,W2337225114
W2998885490,W2051416171
W2523591818,W2012136380
W2620099204,W2037496050
W2620099204,W1981644934
W2620099204,W2014173070
W2620099204,W2405598407
W2620099204,W2609067898
W2620099204,W2130707940
W2620099204,W2011923115
W2620099204,W2116464510
W2620099204,W1810360004
W2620099204,W2286955579
W2620099204,W1971345082
W2620099204,W2169904088
W2620099204,W2300403628
W2620099204,W2160916596
W2620099204,W2029092200
W2620099204,W2147637673
W3005332201,W2737217596
W3005332201,W2133892291
W3005332201,W2037496050
W3005332201,W2041307272
W3005332201,W2169904088
W3005332201,W2164526292
W3005332201,W2005404508
W3005332201,W2294707565
W3005332201,W2609067898
W2919629449,W2013874115
W2919629449,W2043219105
W2919629449,W2090345409
W2296228853,W2152864241
W2296228853,W2115579991
W2296228853,W1564897360
W2296228853,W2150066425
W1829643206,W2125053394
W1829643206,W2041698310
W1829643206,W2110154495
W1829643206,W2046537181
W1829643206,W2116327492
W1829643206,W2323309348
W1829643206,W2154903153
W1997065014,W2108940449
W1997065014,W2054653365
W1997065014,W2067087368
W1997065014,W1991308688
W2170153270,W2001092428
W2170153270,W2146992469
W2001092428,W2167905626
W2747319455,W2118921617
W2747319455,W2081757228
W2747319455,W2144720528
W2747319455,W2086710305
W2747319455,W1988902793
W2747319455,W2227280755
W2747319455,W1588713494
W2083029259,W1991308688
W2083029259,W2277497547
W2083029259,W2024966118
W2083029259,W2054653365
W2083029259,W2120012334
W2888940799,W225706379
W2115247641,W2139314206
W2115247641,W2110669521
W2115247641,W1985217958
W2115247641,W2106963750
W2115247641,W2031027346
W2115247641,W1997065014
W2115247641,W2024966118
W2115247641,W2129031626
W2530960585,W1955806497
W2530960585,W2106632946
W2530960585,W1995047010
W2530960585,W1991308688
W2800203331,W2600399632
W2800203331,W2575591472
W2800203331,W2119642490
W2073122003,W2152600059
W2073122003,W2051833014
W2792892989,W2076288335
W2792892989,W2130295923
W3109968655,W2809418529
W3109968655,W2771511416
W3109968655,W2908304050
W3109968655,W2620099204
W2784327149,W1867005924
W2784327149,W1989120577
W2784327149,W1995047010
W2784327149,W2614464134
W2784327149,W2530960585
W2784327149,W2106632946
W2784327149,W2029604816
W2784327149,W2086710305
W2784327149,W2031027346
W2784327149,W3104895181
W2168515722,W2054653365
W2168515722,W2024966118
W2168515722,W1991308688
W2168515722,W2915783575
W1975768883,W1979723077
W1975768883,W2015053255
W1975768883,W2051159954
W2133613984,W2166394891
W2133613984,W1979723077
W2133613984,W2093540905
W2133613984,W2167453193
W1982518595,W4213327538
W2199321793,W2915157699
W1982627164,W2148333466
W1982627164,W2013414890
W1982627164,W2126902408
W1982627164,W2142231247
W1982627164,W2086710305
W2027404493,W2054653365
W2912077313,W2336426693
W2912077313,W2885696803
W2912077313,W2086710305
W2912077313,W2518198314
W2912077313,W1982627164
W2912077313,W2051159954
W2941803205,W2567342708
W2941803205,W2806520197
W2941803205,W2116382224
W2941803205,W2784681531
W2941803205,W2737217596
W2941803205,W2020007931
W2941803205,W2573377826
W2100533358,W1554944419
W3087333805,W2890522215
W3087333805,W2143362587
W3087333805,W2037496050
W3087333805,W2914665624
W3087333805,W2737217596
W2336998050,W1508162533
W2336998050,W1196712433
W2336998050,W2118412746
W2336998050,W2011866185
W2999458928,W2911892655
W2999458928,W2942915186
W2999458928,W2796444718
W2999458928,W2753273584
W2999458928,W2523591818
W2999458928,W2012136380
W2999458928,W1999468792
W2095478872,W2148333466
W1974527622,W2530597942
W1974527622,W2107705106
W1974527622,W2170589321
W1974527622,W2120012334
W1974527622,W2124614231
W1974527622,W2617606220
W2051159954,W2096371469
W2332136976,W2114878967
W2332136976,W2055638681
W2332136976,W2165172960
W2332136976,W2022731012
W2332136976,W2067847820
W2332136976,W2002025851
W2112148277,W1982837210
W1964308073,W1588713494
W1964308073,W2024966118
W1964308073,W1991308688
W2134591556,W2155069722
W1525095461,W2029945928
W2190546151,W2126902408
W2190546151,W1982627164
W2190546151,W1999167944
W2190546151,W2013414890
W2190546151,W2038782607
W1987490818,W2025238960
W2119006714,W2051159954
W2125634634,W2121745948
W2125634634,W1974470230
W2125634634,W2021057500
W2125634634,W2115247641
W2125634634,W1970327765
W2125634634,W2106963750
W2125634634,W2171984413
W2125634634,W2031027346
W2125634634,W2051416171
W2125634634,W2024966118
W2142145570,W1968595844
W2142145570,W2040684456
W2142145570,W2083495093
W2142145570,W2002529545
W2142145570,W1987643155
W2142145570,W1971144082
W2142145570,W2126452174
W2142145570,W2164841185
W4211010233,W2075784822
W4211010233,W2075207275
W4211010233,W1978424046
W2483057761,W2037496050
W2483057761,W1987643155
W2534737939,W2040456488
W2534737939,W2094190414
W2534737939,W2095708811
W2885288681,W2043219105
W1951564719,W1930021590
W1951564719,W1984806043
W1951564719,W2094520873
W1951564719,W1977699466
W1951564719,W2119006714
W1951564719,W2169245074
W1951564719,W2127597920
W1951564719,W1981213426
W1951564719,W1955806497
W1951564719,W1979723077
W1951564719,W2036479846
W1951564719,W2063923547
W1951564719,W1987807993
W1951564719,W2096682311
W1951564719,W2153268540
W1951564719,W2015522309
W1951564719,W1524420836
W1951564719,W2152600059
W1951564719,W1999167944
W1951564719,W2108886061
W1951564719,W2038215949
W1951564719,W2106632946
W1951564719,W2051159954
W1951564719,W1608013130
W1951564719,W2530597942
W1951564719,W2530121532
W1951564719,W2617606220
W2886600502,W2340005653
W2886600502,W2784506527
W2886600502,W1629273100
W2886600502,W2615203216
W1971345082,W2164526292
W1971345082,W2014173070
W1971345082,W2069157258
W1971345082,W2133892291
W1971345082,W2150503350
W1971345082,W2103585709
W1971345082,W2041307272
W1971345082,W2005404508
W1971345082,W2088122955
W1971345082,W2116464510
W1971345082,W2085831882
W1971345082,W2143362587
W1971345082,W2003022112
W1971345082,W2029092200
W2736456658,W2090602773
W2736456658,W2081163858
W2736456658,W2132484323
W2736456658,W2200817828
W2736456658,W2557800876
W2809880805,W2505574534
W2809880805,W2487518233
W2809880805,W2075144475
W2002529545,W1968595844
W2002529545,W1987643155
W2002529545,W1974664624
W2792709023,W1592341820
W2980182901,W2040841239
W1182682356,W2016916834
W1182682356,W2086710305
W2618708155,W2171370728
W2618708155,W1951564719
W2618708155,W2107940314
W2618708155,W2167905626
W2159915276,W1998062017
W2159915276,W2021403769
W2159915276,W1963712116
W2159915276,W2151207643
W2336426693,W1996359250
W2336426693,W1981213426
W2336426693,W2134927874
W2336426693,W4213327538
W2132407977,W2258242373
W2132407977,W2162686899
W2141442289,W2155069722
W2141442289,W2119175727
W2141442289,W2134591556
W2141442289,W1964688613
W2141442289,W2171692085
W2141442289,W2097224090
W2141442289,W2170174991
W2141442289,W2121745948
W2593083124,W2164526292
W2593083124,W2228625904
W2593083124,W2133892291
W2593083124,W1981644934
W2593083124,W1971345082
W2593083124,W2150503350
W2593083124,W2130707940
W2593083124,W2103585709
W2593083124,W2005404508
W2593083124,W2405598407
W2593083124,W2116464510
W2593083124,W2143362587
W2593083124,W2011923115
W2593083124,W2003022112
W2593083124,W2294707565
W2593083124,W2229518787
W2593083124,W2230820137
W2593083124,W1863165817
W2097686432,W2135011388
W2097686432,W2153779825
W2097686432,W2044718416
W2097686432,W4206049288
W2476116270,W2032100925
W2476116270,W2089525884
W2476116270,W2021172010
W2476116270,W2151207643
W2476116270,W2125658152
W2476116270,W2482083820
W2476116270,W2328134238
W2476116270,W2060543343
W2103751670,W2015053255
W2772366318,W1523078206
W2772366318,W2318568688
W2772366318,W2126902408
W2772366318,W1981213426
W2772366318,W1982627164
W3093432062,W1980702780
W3093432062,W2147654971
W3093432062,W2132041750
W3093432062,W2164703638
W3093432062,W2193503481
W3093432062,W2979653715
W3093432062,W3093432062
W3093432062,W2295931476
W3093432062,W1981213426
W3093432062,W1867005924
W3093432062,W3014125413
W3093432062,W2108940449
W3093432062,W1979723077
W3093432062,W1989120577
W3093432062,W2981104727
W3093432062,W2915336810
W3093432062,W3026582775
W3093432062,W2119642490
W3093432062,W2887558848
W3093432062,W1984190418
W3093432062,W2093540905
W3093432062,W2134927874
W3093432062,W2573821892
W3093432062,W1600897084
W3093432062,W2958834348
W2731951690,W2144720528
W2731951690,W2163011877
W2731951690,W2027938175
W2731951690,W2227280755
W2731951690,W2086710305
W2277497547,W2167905626
W2277497547,W1979723077
W2277497547,W2028979033
W2277497547,W2008435261
W2277497547,W2172191993
W2277497547,W2171692085
W2277497547,W2066286996
W2277497547,W4402086095
W2277497547,W2165301409
W2779282391,W2620099204
W2779282391,W2005404508
W2779282391,W1810360004
W2779282391,W1863165817
W2779282391,W2133892291
W2779282391,W2583342343
W2779282391,W2228625904
W2779282391,W2037496050
W2779282391,W2130707940
W2779282391,W2230820137
W2779282391,W2164526292
W2779282391,W2014173070
W2779282391,W1971345082
W2779282391,W2264411566
W2779282391,W2103585709
W2779282391,W2565282363
W2779282391,W2318716851
W2779282391,W2405598407
W2779282391,W2088122955
W2779282391,W2160916596
W2908304050,W2164526292
W2908304050,W2785715629
W2908304050,W2901309204
W2908304050,W2761590587
W2908304050,W2005404508
W2908304050,W2143362587
W2139709933,W2056435747
W2139709933,W2138879095
W2139709933,W1981213426
W2139709933,W2915157699
W2573821892,W2144304061
W2573821892,W2132041750
W2573821892,W2121745948
W2573821892,W2154710695
W2573821892,W2155039075
W2573821892,W2981420978
W2573821892,W2134927874
W2573821892,W2152811544
W1940496428,W1829643206
W1940496428,W1994028888
W1940496428,W2020007931
W1940496428,W2009775084
W2237880282,W2024966118
W2237880282,W2028979033
W2237880282,W2169245074
W2485420366,W2121745948
W2485420366,W2112084935
W2485420366,W2028979033
W2485420366,W2167453193
W2748928903,W1990681348
W2130295923,W2131491403
W2130295923,W2055638681
W2130295923,W2046034814
W2109920192,W2124088034
W2109920192,W4285718163
W2782625861,W1515587369
W2118554039,W2081284397
W2058522703,W2044247101
W2058522703,W2134927874
W2058522703,W2051833014
W2058522703,W2152811544
W2058522703,W2110465139
W2155347783,W2106371033
W2155347783,W2120012334
W2048693902,W2108638835
W2048693902,W2743041357
W2050676639,W2114735032
W1974424100,W2008951609
W1974424100,W2139168999
W1974424100,W2144673831
W1974424100,W2097360283
W2101702311,W2126902408
W2101702311,W2148333466
W2101702311,W2123562234
W2101702311,W2129920251
W2101702311,W1994433187
W2101702311,W2138803696
W2101702311,W2086710305
W2101702311,W2158535548
W2101702311,W2013414890
W2948574679,W2771511416
W2948574679,W2737217596
W2948574679,W2620099204
W2948574679,W1810360004
W2948574679,W2565282363
W2948574679,W2776544319
W2966722893,W2260274902
W2966722893,W1974527622
W2966722893,W2121958618
W2789575335,W2091875228
W2789575335,W2040959430
W2789575335,W2328134238
W2890701797,W2607350314
W2890701797,W2577537660
W1990370234,W2002682820
W1990370234,W2161139387
W4211137059,W2089525884
W4211137059,W2139921601
W4211137059,W2063866856
W4211137059,W1970996323
W4211137059,W2097924219
W4211137059,W2021172010
W4211137059,W1998062017
W4211137059,W2328134238
W4211137059,W2742075475
W4211137059,W2331458798
W4211137059,W2587767928
W4211137059,W2518099942
W4211137059,W2153511586
W4211137059,W2321696461
W4211137059,W2482083820
W4211137059,W2040959430
W4211137059,W2104814752
W4211137059,W2060543343
W4211137059,W2015693422
W4211137059,W1987262360
W4211137059,W1984625256
W4211137059,W1963712116
W4211137059,W2258661450
W4211137059,W2053219565
W4211137059,W1970320842
W4211137059,W1994028888
W4211137059,W2020007931
W4211137059,W1981539053
W4211137059,W2041698310
W4211137059,W2039786475
W4211137059,W2032100925
W4211137059,W2091875228
W2600399632,W2144304061
W2600399632,W2106963750
W2600399632,W2575591472
W2600399632,W2119642490
W2600399632,W1991308688
W2144720528,W2069466983
W2144720528,W2148333466
W2144720528,W2118921617
W2144720528,W1761653152
W2144720528,W4213327538
W1979723077,W2028979033
W2096829520,W2142231247
W2096829520,W2015053255
W2118921617,W2016916834
W2118921617,W2054653365
W2118921617,W2144720528
W2118921617,W1955806497
W2118921617,W2107705106
W2118921617,W2069466983
W2118921617,W2142231247
W2901377336,W2589816650
W2901377336,W2112558380
W2228940409,W2083495093
W2228940409,W2116382224
W3026582775,W2979653715
W3026582775,W3010223921
W3026582775,W1984190418
W3026582775,W3023441241
W2156157987,W2005307077
W2097224090,W2328573691
W2097224090,W2171692085
W2097224090,W2167905626
W2097224090,W2066286996
W1987262360,W1998062017
W1987262360,W2139921601
W1987262360,W1984625256
W1987262360,W2015693422
W1987262360,W2085020302
W1987262360,W2151207643
W2617056706,W2038782607
W2977747666,W2164526292
W2977747666,W2014173070
W2977747666,W2133892291
W2977747666,W2948574679
W2977747666,W2286955579
W2977747666,W2565282363
W2977747666,W2130707940
W2977747666,W2150503350
W2977747666,W2037496050
W2977747666,W2776544319
W2977747666,W1863165817
W2119913861,W2050379798
W1968051693,W1990074197
W1968051693,W2132407977
W1968051693,W2258242373
W2253902135,W2118554039
W2253902135,W1994000771
W2253902135,W2081284397
W2253902135,W2072970694
W2253902135,W2157107905
W2253902135,W2136879569
W2253902135,W2154026962
W2253902135,W2031611770
W2803438242,W2020007931
W2803438242,W2179653678
W1596936787,W1987431381
W1596936787,W3010621220
W2011576100,W2026572419
W2918895016,W2164526292
W2918895016,W2014173070
W2918895016,W2228625904
W2918895016,W1810360004
W2918895016,W2150503350
W2918895016,W2103585709
W2918895016,W2737217596
W2918895016,W2300403628
W2918895016,W2779212101
W2918895016,W2318716851
W2918895016,W2546432926
W2918895016,W2405598407
W2918895016,W2725420826
W2918895016,W2143362587
W2918895016,W2620099204
W2918895016,W1863165817
W2066907097,W2085585287
W2040152771,W2148583852
W2040152771,W2107092272
W2040152771,W2132407977
W2040152771,W2258242373
W2040152771,W2031720269
W2036677156,W2148333466
W1903241269,W2258242373
W2896858547,W2116382224
W2018841491,W1970010130
W2018841491,W2148583852
W2018841491,W2132484323
W2018841491,W2102288184
W2944057425,W2103751670
W2944057425,W2169286869
W2944057425,W2015053255
W2944057425,W2093575882
W2944057425,W2227598340
W2944057425,W2097208041
W2944057425,W2564545777
W2944057425,W2772366318
W2340005653,W2140042874
W2340005653,W2123857657
W2340005653,W2075511306
W2340005653,W1987880468
W2096682311,W2052648234
W2093027911,W2096829520
W2093027911,W2009852955
W2586297008,W2076699264
W2586297008,W1987880468
W2320249130,W2102213705
W2320249130,W2171984413
W2320249130,W1985217958
W2018291779,W1985936925
W2018291779,W2001092428
W2018291779,W2170153270
W2018291779,W2082455532
W2069466983,W2148333466
W2069466983,W2086710305
W2069466983,W2158535548
W2069466983,W2138879095
W2095259135,W1964946787
W2078122806,W1996941025
W1977699466,W2024966118
W2160391726,W2169328609
W2160391726,W1965464747
W2160391726,W2114118829
W2160391726,W2144574847
W2160391726,W1999717631
W2160391726,W2011472471
W2160391726,W2081640113
W2160391726,W2078019609
W2160391726,W2123857657
W2160391726,W2054093403
W2914665624,W2164526292
W2914665624,W2609067898
W2914665624,W2737217596
W2914665624,W2583342343
W2914665624,W2051121620
W2914665624,W2037496050
W2914665624,W2604316091
W2783192416,W1994000771
W2783192416,W2766358903
W2783192416,W2072970694
W2783192416,W2124351063
W2783192416,W2088833470
W2783192416,W2253902135
W2783192416,W2114392707
W2783192416,W1966623514
W2783192416,W2588003345
W2782456798,W2619701599
W2782456798,W2596630349
W2782456798,W1951724000
W1990074197,W2258242373
W2026337749,W2021057500
W1982479612,W2092643722
W1982479612,W2048693902
W1982479612,W2045935930
W2002752790,W1987643155
W2002752790,W1971144082
W2002752790,W2002529545
W2144304061,W2134927874
W2144304061,W1515526034
W2144304061,W2152811544
W2144304061,W2133151341
W2094413778,W2110154495
W2800299140,W2066286996
W2800299140,W2028979033
W2800299140,W2083029259
W2800299140,W2021530952
W2800299140,W2120012334
W2609067898,W2164526292
W2609067898,W2014173070
W2609067898,W2069157258
W2609067898,W2133892291
W2609067898,W1981644934
W2609067898,W2130707940
W2609067898,W2103585709
W2609067898,W2005404508
W2609067898,W2037496050
W2609067898,W2011923115
W2609067898,W2546432926
W2609067898,W1946435840
W2609067898,W2051121620
W2609067898,W2085831882
W2609067898,W2029092200
W2609067898,W2169904088
W2093575882,W2130509491
W2093575882,W2103751670
W2093575882,W2033355897
W2093575882,W2015053255
W2811133697,W2195453830
W2811133697,W2257992222
W2811133697,W2410390527
W2811133697,W1940496428
W2811133697,W2009775084
W2060642913,W2040456488
W2060642913,W1969690258
W2514157351,W2020007931
W2514157351,W2133406747
W2936566509,W2565282363
W2936566509,W2286955579
W2936566509,W2005404508
W2936566509,W2167279371
W2936566509,W1485504984
W3013474995,W2810507576
W2771511416,W2286955579
W2771511416,W2605932959
W2771511416,W2737217596
W2771511416,W2005404508
W2771511416,W2583342343
W2771511416,W2037496050
W2771511416,W2300403628
W2771511416,W2604316091
W2771511416,W2546432926
W2771511416,W2264411566
W2990705976,W2130042267
W2990705976,W2890701797
W2990705976,W2800203331
W2990705976,W2908510209
W2225755105,W2032813423
W2225755105,W2031720269
W2225755105,W2040152771
W2225755105,W2050695214
W2225755105,W2005307077
W1996359250,W2161139387
W2779212101,W2164526292
W2779212101,W2593083124
W2779212101,W2014173070
W2779212101,W2228625904
W2779212101,W2069157258
W2779212101,W2133892291
W2779212101,W1810360004
W2779212101,W2286955579
W2779212101,W1971345082
W2779212101,W2150503350
W2779212101,W2103585709
W2779212101,W2041307272
W2779212101,W2005404508
W2779212101,W2583342343
W2779212101,W2318716851
W2779212101,W2546432926
W2779212101,W2405598407
W2779212101,W2116464510
W2779212101,W2255762950
W2779212101,W2003022112
W2779212101,W2029092200
W2779212101,W1863165817
W2990024397,W2886281704
W2041307272,W2164526292
W2041307272,W2133892291
W2041307272,W2160916596
W2041307272,W2088122955
W2041307272,W2011923115
W2021530952,W2165301409
W2021530952,W2167905626
W2021530952,W2171692085
W2021530952,W2066286996
W2110416771,W2021403769
W2110416771,W2115010843
W2110416771,W2104814752
W2110416771,W2060543343
W2890263737,W1981213426
W2890263737,W2011500029
W1989703096,W2028201857
W1989703096,W2046537181
W1989703096,W2154903153
W1989703096,W1971113415
W1989703096,W2068908844
W2988278250,W2579486704
W2988278250,W2195453830
W2988278250,W2804406438
W2988278250,W2737217596
W2988278250,W2941803205
W2988278250,W2766136866
W2988278250,W1968051693
W2988278250,W2803438242
W2988278250,W2806520197
W2988278250,W2066131315
W2988278250,W1969543759
W2988278250,W2120834437
W2988278250,W2915336810
W1996585409,W1999803596
W1996585409,W2126154792
W1996585409,W2122825721
W1996585409,W2109252556
W1996585409,W2008435261
W1996585409,W2147924102
W1996585409,W2120012334
W2923879367,W2037496050
W2923879367,W2164526292
W2923879367,W2051121620
W2923879367,W2565277564
W2165163979,W1987490818
W2165163979,W2106963750
W2165163979,W2158765373
W2165163979,W2051833014
W2165163979,W2112148277
W2753273584,W2020007931
W2753273584,W1994028888
W1977341902,W2148333466
W1977341902,W2126902408
W2027016436,W1508886745
W2955316307,W2766136866
W2955316307,W1981213426
W2955316307,W2885696803
W2955316307,W2588003345
W2955316307,W2614464134
W2955316307,W2115247641
W2161139387,W2054653365
W2161139387,W2170121306
W2161139387,W2001092428
W2317200742,W2065762344
W2941324425,W2031720269
W2941324425,W2007031380
W2941324425,W1969764600
W2941324425,W2032813423
W2941324425,W2118750261
W2941324425,W2153500382
W2941324425,W1968051693
W2941324425,W2011141753
W2941324425,W2040152771
W2941324425,W2178640296
W2941324425,W2072053289
W2941324425,W2170170821
W2941324425,W1665009454
W2941324425,W1903241269
W2947992368,W2020007931
W2947992368,W1994028888
W2947992368,W2523591818
W2167094923,W2142023815
W2167094923,W2105691566
W2167094923,W3010621220
W2286955579,W2164526292
W2286955579,W2014173070
W2286955579,W2133892291
W2286955579,W1810360004
W2286955579,W2103585709
W2286955579,W2005404508
W2286955579,W2143362587
W2286955579,W2003022112
W1955806497,W2154710695
W1955806497,W2021057500
W1955806497,W2169245074
W1955806497,W2015522309
W1955806497,W2121745948
W1955806497,W2106632946
W2579486704,W2166394891
W2579486704,W2123638813
W2579486704,W2328487243
W2579486704,W2160917602
W2579486704,W1515526034
W2579486704,W1969543759
W2579486704,W2162686899
W2105691566,W2126902408
W2105691566,W2148333466
W2105691566,W2399146901
W2105691566,W1967156257
W2105691566,W2114735032
W2619701599,W2461419449
W2619701599,W2596630349
W2619701599,W2031027346
W2619701599,W862767725
W2619701599,W2169286869
W2619701599,W2130387153
W2619701599,W3124381591
W2619701599,W1843763927
W2619701599,W2752099845
W2619701599,W1608013130
W2015522309,W2165301409
W2015522309,W2051159954
W2015522309,W4402086095
W2015522309,W2120012334
W2487518233,W2085257891
W2487518233,W2040841239
W2487518233,W2075144475
W2487518233,W2094190414
W2981104727,W2144304061
W2981104727,W2165242200
W2981104727,W1985217958
W2981104727,W2955601895
W2981104727,W2115247641
W2981104727,W2096371469
W2981104727,W2126479957
W2981104727,W2142231247
W2981104727,W1989839776
W2981104727,W2009225674
W2981104727,W2165163979
W2097191318,W2065762344
W2097191318,W2025238960
W2121958618,W2130509491
W2121958618,W3010621220
W2136963235,W2058863224
W2109252556,W2122825721
W2109252556,W1999803596
W2117930979,W2530121532
W2117930979,W2161139387
W1970010130,W2102288184
W2094520873,W2152600059
W2094520873,W2161139387
W2094520873,W2117930979
W2094520873,W2135639661
W2094520873,W2002682820
W2094520873,W2126902408
W2094520873,W2163744914
W2294827616,W2032813423
W2106632946,W2051159954
W2257992222,W2140042874
W2257992222,W1999717631
W2257992222,W2116327492
W2257992222,W2482083820
W2257992222,W1987262360
W2257992222,W2111003787
W2257992222,W1971113415
W2257992222,W2046537181
W3017092394,W3001195213
W3017092394,W3003217347
W3017092394,W3028152077
W2802803660,W2025028179
W2802803660,W2122983404
W2952982270,W2002682820
W2952982270,W2598701004
W2952982270,W2127175247
W2952982270,W2804910112
W2952982270,W2781567654
W2952982270,W1996585409
W2952982270,W2008951609
W2952982270,W1994000771
W2952982270,W2078860594
W2952982270,W2009225674
W2952982270,W2015593224
W2952982270,W2132484323
W2952982270,W2253902135
W2952982270,W4211010233
W2952982270,W1999167944
W2952982270,W2148333466
W2952982270,W2883416811
W2952982270,W1984806043
W2952982270,W2131222241
W2908898337,W1982518595
W2908898337,W2009225674
W2908898337,W2121745948
W2405598407,W2164526292
W2405598407,W2150503350
W2405598407,W2069157258
W2405598407,W2085831882
W2405598407,W2014173070
W2405598407,W2228625904
W2405598407,W2005404508
W2405598407,W2318716851
W2063580733,W2002682820
W2063580733,W2170121306
W2063580733,W2072970694
W2063580733,W2100135944
W2063580733,W2127499811
W2063580733,W2110375946
W2063580733,W2125948619
W1999185871,W2126164548
W2029604816,W2171692085
W2558467948,W2109158012
W2558467948,W2135011388
W2558467948,W2097698421
W2558467948,W1985936925
W2570907753,W1971503506
W2152811544,W2144304061
W2152811544,W2151181273
W2152811544,W2134927874
W2432612777,W2126902408
W2894499460,W2076699264
W2894499460,W2586297008
W2621679044,W2037496050
W2166678085,W3010621220
W2169904088,W2133892291
W2169904088,W2164526292
W2328487243,W2132041750
W2328487243,W2126902408
W2328487243,W1964700776
W2328487243,W2136009149
W2328487243,W2132484323
W2328487243,W2160917602
W2328487243,W2409219597
W2328487243,W1970010130
W2328487243,W2170170821
W2328487243,W2132407977
W2328487243,W2162686899
W2884775052,W2013414890
W2884775052,W2115944543
W2884775052,W2038752330
W2884775052,W2037561382
W2884775052,W1525095461
W2884775052,W2093027911
W2095708811,W2131491403
W2095708811,W2085257891
W2068713574,W1903241269
W1987807993,W2024966118
W1987807993,W2119006714
W1987807993,W2134927874
W1987807993,W2123638813
W1987807993,W1979723077
W1987807993,W2126479957
W1987807993,W2028979033
W1987807993,W2132484323
W1987807993,W2617606220
W1987807993,W2120012334
W1990376608,W2108940449
W1990376608,W2106963750
W1990376608,W2171984413
W1990376608,W2054653365
W1990376608,W2024966118
W1990376608,W1991308688
W2518198314,W2171984413
W2518198314,W2024966118
W2518198314,W4213327538
W2045935930,W2108638835
W2045935930,W2080079641
W2165772416,W2066286996
W2165772416,W2165242200
W2165772416,W2169245074
W2165772416,W2086710305
W2165772416,W2015522309
W2165772416,W2038215949
W2165772416,W1867005924
W2069864946,W2167905626
W2011923115,W2085831882
W2011923115,W2014173070
W2011923115,W2005404508
W2011923115,W2116464510
W2011923115,W1981644934
W2161467829,W2172622149
W2161467829,W2915783575
W3096321011,W2112558380
W2750857672,W2045987553
W2750857672,W2098459033
W2750857672,W2530121532
W2804894055,W2118930997
W2804894055,W2015053255
W2804894055,W1982546148
W2804894055,W2122854726
W2804894055,W2093575882
W2804894055,W2155347783
W2804894055,W1771025053
W2804894055,W2611772571
W2901309204,W2133892291
W2901309204,W2130707940
W2901309204,W2785715629
W2901309204,W2037496050
W2901309204,W2003022112
W2901309204,W1863165817
W1860063347,W1978648105
W2079687160,W1971113415
W2079687160,W2068908844
W2079687160,W2154903153
W2079687160,W2070491781
W2079687160,W2146349866
W2079687160,W1989703096
W2079687160,W2046537181
W2079687160,W1992464644
W2079687160,W1996672400
W2117225984,W1036826674
W2899260625,W2014451195
W2899260625,W1981729886
W2899260625,W2035206741
W2899260625,W2003408860
W2899260625,W1976156302
W2899260625,W2328134238
W2899260625,W2742075475
W2899260625,W2593815020
W2899260625,W1987262360
W2899260625,W2027563442
W2899260625,W1972767018
W2899260625,W2476116270
W2899260625,W4254736414
W2899260625,W2085020302
W2899260625,W2116382224
W2899260625,W2094413778
W2899260625,W2078122806
W2899260625,W1991192698
W2899260625,W2039786475
W2899260625,W2573377826
W2899260625,W1981539053
W2899260625,W2497894926
W2077766806,W2086710305
W2077766806,W2081757228
W2077766806,W2114891756
W2077766806,W1988902793
W2077766806,W1867005924
W2077766806,W2126902408
W2077766806,W2142231247
W2117163215,W2031720269
W2117163215,W1990074197
W2117163215,W2007031380
W2117163215,W1968051693
W2117163215,W2148583852
W2117163215,W2068713574
W2884737554,W2119767565
W2884737554,W2055638681
W2040113717,W1608013130
W2124642471,W2136888045
W2782017479,W2321005010
W2782017479,W2483057761
W2129920251,W2771714473
W2991848483,W2766136866
W2991848483,W2955316307
W2991848483,W2336426693
W2991848483,W2912077313
W2991848483,W2193503481
W2991848483,W2100636547
W2991848483,W2518198314
W2991848483,W1930021590
W2991848483,W2922633580
W2991848483,W2890263737
W2991848483,W2885696803
W2991848483,W2036671864
W2991848483,W2915336810
W2991848483,W2913323966
W2991848483,W2617056706
W2118930997,W2142231247
W2532505215,W2148999460
W2148345493,W2155347783
W2148345493,W2106371033
W2148345493,W2147654971
W2148345493,W2054653365
W2148345493,W2024966118
W2054407804,W2072970694
W2054407804,W2124351063
W2054407804,W2101120467
W2116464510,W2014173070
W2116464510,W2088122955
W2116464510,W2160916596
W2116464510,W2133892291
W2116464510,W2164526292
W2116464510,W1665009454
W2922633580,W1970327765
W2922633580,W2096682311
W2922633580,W2336426693
W2166394891,W2093540905
W2941378544,W2605932959
W2941378544,W2771511416
W2941378544,W2737217596
W2941378544,W2583342343
W2941378544,W2883912728
W2026632831,W1566825895
W2912799455,W2031720269
W2912799455,W1974285157
W2912799455,W2790834180
W2912799455,W2253030359
W2912799455,W262869635
W3015207233,W2737217596
W3015207233,W2749550903
W3015207233,W2294707565
W2163011877,W2148333466
W2163011877,W2089051496
W2163011877,W2025238960
W2170174991,W2155069722
W2170174991,W2119175727
W1971625691,W2129905273
W2013536899,W2085519620
W2013536899,W2058522703
W2013536899,W3149443718
W2883416811,W1994000771
W2883416811,W2126452774
W2883416811,W1966623514
W2883416811,W2117457769
W2883416811,W2080283023
W2883416811,W2128711701
W2883416811,W2513506562
W2901997077,W2487518233
W2083753594,W2110052313
W2125471867,W2075740579
W2980464326,W2255447065
W2980464326,W2622898554
W2097208041,W2103751670
W2097208041,W2142231247
W2097208041,W2015053255
W3126105906,W1715038780
W3016207602,W3013188135
W3016207602,W3012099172
W3016207602,W3010441732
W2027652188,W2126154792
W2027652188,W2147924102
W2027652188,W1999803596
W2027652188,W2132484323
W2494983366,W1964946787
W2494983366,W2095259135
W2042122216,W2126902408
W2042122216,W2013414890
W2042122216,W2114891756
W2042122216,W1988902793
W2042122216,W2065762344
W2175951962,W2179653678
W2175951962,W2143485490
W2175951962,W2107772251
W2175951962,W2112364185
W2175951962,W2034285706
W2175951962,W2045204781
W2150503350,W2014173070
W2150503350,W2133892291
W2181460351,W2113951488
W2773928770,W2165242200
W2773928770,W2121745948
W2773928770,W1867005924
W2773928770,W2073298425
W2773928770,W2051416171
W2773928770,W1974038018
W2983402152,W2063866856
W2983402152,W2065077785
W2983402152,W2015693422
W2983402152,W2151207643
W2983402152,W2159915276
W2983402152,W2064454797
W2983402152,W2021403769
W2983402152,W2111003787
W2983402152,W2028201857
W2983402152,W1970996323
W2983402152,W2089525884
W2983402152,W1968522699
W2983402152,W2139921601
W2983402152,W2009775084
W2983402152,W2518099942
W3006332078,W2144720528
W3006332078,W2147654971
W3006332078,W2169245074
W3006332078,W1867005924
W3006332078,W1182682356
W3006332078,W2086710305
W3006332078,W2106632946
W3006332078,W2969017260
W3006332078,W2747319455
W2605932959,W2037496050
W2605932959,W2130707940
W2605932959,W2133892291
W2605932959,W2169904088
W2605932959,W2003022112
W2605932959,W2029092200
W2605932959,W2300403628
W2605932959,W2088122955
W2605932959,W1981644934
W2605932959,W2110634891
W2605932959,W2255762950
W2605932959,W1863165817
W2907773784,W2014173070
W2907773784,W2228625904
W2907773784,W1810360004
W2907773784,W2229518787
W2907773784,W1971345082
W2907773784,W2150503350
W2907773784,W2005404508
W2907773784,W2779212101
W2907773784,W2318716851
W2907773784,W2546432926
W2907773784,W2405598407
W2907773784,W2525607701
W2907773784,W2255762950
W2907773784,W2725420826
W2907773784,W1863165817
W2885696803,W1981213426
W2885696803,W2129920251
W2885696803,W2336426693
W2885696803,W2771714473
W2885696803,W2181552524
W1544875105,W2108940449
W1544875105,W2054653365
W1544875105,W1997065014
W1544875105,W1718036133
W1544875105,W2067087368
W1544875105,W1991308688
W1544875105,W2024966118
W1544875105,W2171984413
W2007049610,W2100533358
W2031027346,W2021057500
W2105517277,W2135011388
W2105517277,W2148333466
W2105517277,W2013414890
W2105517277,W2169286869
W2105517277,W2105872868
W2105517277,W1967156257
W2105517277,W2105691566
W2255447065,W2255447065
W752682158,W1985217958
W2039786475,W2041698310
W2039786475,W2323309348
W2039786475,W2154903153
W2039786475,W2110154495
W2908510209,W2532505215
W2908510209,W2800203331
W2908510209,W2611772571
W2908510209,W2575591472
W2008426812,W2134374287
W2004958771,W2057313715
W2299593614,W2066578528
W2977539872,W2136009149
W2977539872,W2985814312
W2977539872,W1476478267
W2977539872,W2318568688
W2977539872,W72751723
W2977539872,W2200817828
W2977539872,W2736456658
W2977539872,W2883893555
W2079300606,W1964308073
W2088780245,W1537287213
W2088780245,W2465587637
W2160085528,W2127569725
W2255762950,W2088122955
W2255762950,W2037496050
W2255762950,W2164526292
W2255762950,W2133892291
W2255762950,W2130707940
W2255762950,W1981644934
W2255762950,W2069157258
W2160917602,W2162686899
W2517342784,W2130509491
W2517342784,W2130811469
W2517342784,W2170121306
W2517342784,W1981213426
W2517342784,W1999167944
W2517342784,W2010635848
W2142023815,W2135011388
W2905091597,W2055638681
W2905091597,W1993871668
W2905091597,W2260274902
W2905091597,W2148345493
W2098627306,W2162686899
W2154710695,W2051159954
W2154710695,W2134927874
W2154710695,W2106963750
W3027710877,W2089525884
W3027710877,W2809502094
W3027710877,W2091875228
W3027710877,W2229124923
W3027710877,W2035206741
W3027710877,W2340600715
W3027710877,W2515146993
W2073009068,W2167905626
W2073009068,W2126154792
W2073009068,W1999803596
W1970327765,W2031027346
W1970327765,W2024966118
W2883893555,W2167450434
W2883893555,W2136009149
W2883893555,W2588003345
W2883893555,W2736456658
W2883893555,W1964700776
W2883893555,W2022423925
W2021384056,W2074398030
W2021384056,W2172622149
W2021384056,W2915783575
W2075784822,W2138631674
W1982546148,W2118930997
W1982546148,W2106371033
W1982546148,W2122854726
W1982546148,W2328573691
W2009775084,W1968522699
W2009775084,W2089525884
W2009775084,W2139921601
W2009775084,W1970996323
W2009775084,W2021403769
W2009775084,W1963712116
W2403600955,W2164526292
W2403600955,W2014173070
W2403600955,W2069157258
W2403600955,W2133892291
W2403600955,W2150503350
W2403600955,W2041307272
W2403600955,W2051121620
W2403600955,W2160916596
W2948673221,W2886600502
W2948673221,W2909990379
W2948673221,W2340005653
W2948673221,W2050419919
W2948673221,W2784506527
W2948673221,W2615203216
W2948673221,W2082019533
W2948673221,W1998343415
W2948673221,W2006619554
W2948673221,W2132525235
W3092621662,W2158765373
W3092621662,W1525095461
W3092621662,W2190546151
W3092621662,W2337225114
W3092621662,W2573821892
W3092621662,W2410390527
W2998500935,W2193503481
W2998500935,W2024966118
W2979653715,W1980702780
W2979653715,W2147654971
W2979653715,W2164703638
W2979653715,W2979653715
W2979653715,W2295931476
W2979653715,W1981213426
W2979653715,W1867005924
W2979653715,W2108940449
W2979653715,W1979723077
W2979653715,W2058522703
W2979653715,W1989120577
W2979653715,W2981104727
W2979653715,W2915336810
W2979653715,W2119642490
W2979653715,W2887558848
W2979653715,W1984190418
W2979653715,W2093540905
W2979653715,W2134927874
W2979653715,W2573821892
W3028152077,W3010604545
W3028152077,W3001195213
W3028152077,W3017092394
W1502801871,W2027938175
W2051782740,W3211914286
W2066286996,W2165242200
W2001510610,W2153635508
W2001510610,W2160615957
W2229518787,W2003022112
W2229518787,W2005404508
W2229518787,W2164526292
W2229518787,W2150503350
W2229518787,W2037496050
W2229518787,W2014173070
W2229518787,W2143362587
W2229518787,W2103585709
W2229518787,W2069157258
W2229518787,W1971345082
W2229518787,W2085831882
W2229518787,W2011923115
W2229518787,W1981644934
W2229518787,W2318716851
W2229518787,W2116464510
W2229518787,W2029092200
W2228625904,W2014173070
W2228625904,W2150503350
W2228625904,W2103585709
W2228625904,W2005404508
W2228625904,W2051121620
W2228625904,W2318716851
W2790834180,W2013874115
W2790834180,W1999185871
W2790834180,W2159727241
W2790834180,W2253030359
W2790834180,W2126164548
W2790834180,W2228338508
W2121393448,W225706379
W1980702780,W1999803596
W1980702780,W2139314206
W2152600059,W2002682820
W2152600059,W2170121306
W2152600059,W2153221451
W2152600059,W2127569725
W2152600059,W1984248485
W2152600059,W1566825895
W2152600059,W2130387153
W2808187500,W2091575974
W2808187500,W1974285157
W3006275595,W2776544319
W3006275595,W2901309204
W3006275595,W2761590587
W3006275595,W2037496050
W3006275595,W2230820137
W3006275595,W2785715629
W3006275595,W2809418529
W3006275595,W2620099204
W3006275595,W2948574679
W3006275595,W2885126584
W3006275595,W2228338508
W2138511470,W2091161882
W2138511470,W2042397184
W2138511470,W2002799357
W2147924102,W1999803596
W2147924102,W2126154792
W2147924102,W2160615957
W2147924102,W2109252556
W2147924102,W2122825721
W2067087368,W2108940449
W2067087368,W2106963750
W2067087368,W2171984413
W2067087368,W2054653365
W2067087368,W1991308688
W2796444718,W2228940409
W2796444718,W2523591818
W2107092272,W1903241269
W2107092272,W2153500382
W2107092272,W2127999757
W2107092272,W2258242373
W2119942537,W2133151341
W2090915513,W2059646894
W2090915513,W2142231247
W2090915513,W1887863118
W2885126584,W2037496050
W2885126584,W2130707940
W2885126584,W2041307272
W2885126584,W2229518787
W2885126584,W2005404508
W2885126584,W2164526292
W2885126584,W1946435840
W2885126584,W2620099204
W2885126584,W2116464510
W2885126584,W1863165817
W2913631090,W2118921617
W2913631090,W2081757228
W2913631090,W2227280755
W2913631090,W2461419449
W2913631090,W2144720528
W2913631090,W2747319455
W2913631090,W2077766806
W2913631090,W1182682356
W2913631090,W2527891094
W2088122955,W2160916596
W2088122955,W2014173070
W2088122955,W1665009454
W2964203982,W2085865532
W2964203982,W2751884637
W2964203982,W2054054553
W2025256923,W1982935034
W2025256923,W2131491403
W2025256923,W2091161882
W2025256923,W2094145140
W2025256923,W2062269633
W2025256923,W2078122806
W2130426665,W2122825721
W2130426665,W2109252556
W2130426665,W2160615957
W2130426665,W1999803596
W2130426665,W2123638813
W2130426665,W2147924102
W2130426665,W2093540905
W2141707502,W2170153270
W2141707502,W1990376608
W2141707502,W1985217958
W2141707502,W1544875105
W2141707502,W1968176769
W2141707502,W2054653365
W2141707502,W2146992469
W2141707502,W2024966118
W2141707502,W1991308688
W2141707502,W2110669521
W2606549030,W2260274902
W2606549030,W2125053394
W2606549030,W2062269633
W2606549030,W2032100925
W2883912728,W1979723077
W2883912728,W2037496050
W2883912728,W2771511416
W2883912728,W2264411566
W2883912728,W2286955579
W2883912728,W2737217596
W2883912728,W2753819772
W2883912728,W2546432926
W2785715629,W2164526292
W2785715629,W1981644934
W2785715629,W2003022112
W2067847820,W2055638681
W2067847820,W2022731012
W2067847820,W2078119700
W2067847820,W2007328737
W2622898554,W2255447065
W2622898554,W2186066651
W2505574534,W1982935034
W2417285541,W2066131315
W2417285541,W1964805252
W2796944804,W1588713494
W2796944804,W2782456798
W2796944804,W2619701599
W2796944804,W2596630349
W1967156257,W2148333466
W1967156257,W2029945928
W2090602773,W2052648234
W2090602773,W2132484323
W2090602773,W2162686899
W1464116982,W3211914286
W1810360004,W2164526292
W1810360004,W2133892291
W1810360004,W2005404508
W1810360004,W2150503350
W1810360004,W2103585709
W1810360004,W2014173070
W1810360004,W2003022112
W2129623720,W1990074197
W2129623720,W2154433795
W2129623720,W2132407977
W2129623720,W2170170821
W2129623720,W2148583852
W2129623720,W1810028515
W2915336810,W1980702780
W2915336810,W2164703638
W2915336810,W2295931476
W2915336810,W1867005924
W2915336810,W2108940449
W2915336810,W1979723077
W2915336810,W2058522703
W2915336810,W1989120577
W2915336810,W2119642490
W2915336810,W1984190418
W2915336810,W2093540905
W2915336810,W2134927874
W2915336810,W2573821892
W2915336810,W2887558848
W2153248731,W2083717261
W2296298476,W2328573691
W2296298476,W2171692085
W2296298476,W1791484930
W2296298476,W1590065089
W2296298476,W2024966118
W2296298476,W2021530952
W2296298476,W1524420836
W2296298476,W4213327538
W3030446301,W2121745948
W3030446301,W1990376608
W3030446301,W2193503481
W3030446301,W2979653715
W3030446301,W1970327765
W3030446301,W2887558848
W3030446301,W2031027346
W3030446301,W2337225114
W2176331526,W1981644934
W2176331526,W2121745948
W2176331526,W2130707940
W2176331526,W2037496050
W2176331526,W2011923115
W1973577532,W2108940449
W2011141753,W2107092272
W2011141753,W1903241269
W2011141753,W2153500382
W2011141753,W1990074197
W2011141753,W1968051693
W2011141753,W2031720269
W2011141753,W2258242373
W2114983539,W2038215949
W2618578455,W2076288335
W2618578455,W2095708811
W2618578455,W2013874115
W2618578455,W2130295923
W2618578455,W2113536011
W2618578455,W2043219105
W2755306482,W2014173070
W2755306482,W1971345082
W1214056855,W1994433187
W1214056855,W2001510610
W1214056855,W1981213426
W1214056855,W2755364214
W1476478267,W2132484323
W1476478267,W1558577766
W2100117826,W2127569725
W2271174547,W2148333466
W2271174547,W1523078206
W2271174547,W1977341902
W2271174547,W1999167944
W1906455749,W1978126078
W1906455749,W2055638681
W2809286029,W2336426693
W2809286029,W1987807993
W2809286029,W2108886061
W2809286029,W1951564719
W2809286029,W2119006714
W2809286029,W2127928904
W1733387413,W2104157175
W1733387413,W2165301409
W1733387413,W2028979033
W1733387413,W2015522309
W1733387413,W2169245074
W1733387413,W2277497547
W1733387413,W1505551852
W2028201857,W2117225984
W2028201857,W2002547950
W2891799885,W1975325122
W2891799885,W2530597942
W2989970761,W2766136866
W2989970761,W2074398030
W2989970761,W2073009068
W2989970761,W2130509491
W2989970761,W3159281654
W2088494848,W1970010130
W2088494848,W2148583852
W2088494848,W2102471114
W2088494848,W2102288184
W1876006411,W2094145140
W1995157919,W2131491403
W2119175727,W2155069722
W2429610540,W2127569725
W2806520197,W2195453830
W3004673318,W2075144475
W1989854862,W1966623514
W1989854862,W2083717261
W1989854862,W2139884694
W1989854862,W2116846792
W1989854862,W2022269454
W1989854862,W2011312755
W2969621686,W2024355140
W2969621686,W2121671360
W1969543759,W2093540905
W1969543759,W2166394891
W1969543759,W2123638813
W1969543759,W1969764600
W1969543759,W2162686899
W2020530692,W2048693902
W2105872868,W2170121306
W2105872868,W2104465908
W2022423925,W1990370234
W2022423925,W2169286869
W2022423925,W2132484323
W2022423925,W2106986958
W2022423925,W1685833191
W2022423925,W1913957972
W2557800876,W2200817828
W2557800876,W2132484323
W2557800876,W72751723
W2557800876,W2136009149
W2557800876,W1558577766
W2131904767,W1980680725
W2131904767,W2072970694
W2106986958,W2132484323
W2106986958,W2137667764
W2106986958,W2170170821
W2564545777,W2044247101
W2564545777,W2103751670
W2564545777,W2078860594
W2564545777,W2097208041
W2564545777,W3103362336
W2983376237,W2261059368
W2983376237,W2142023815
W2983376237,W2725897987
W2983376237,W2790979755
W2983376237,W2026337749
W2983376237,W2473156356
W2983376237,W2063907334
W2983376237,W2038782607
W2983376237,W2913323966
W2983376237,W2027404493
W2983376237,W2081757228
W2983376237,W2587466508
W1968176769,W2024966118
W1968176769,W2171984413
W2055718260,W2056435747
W2055718260,W1981213426
W2055718260,W2028240797
W2238351122,W2126452174
W2238351122,W1987643155
W2238351122,W2002529545
W2238351122,W1971144082
W2038215949,W2169245074
W2033465655,W2075740579
W2033465655,W2055638681
W2051121620,W2164526292
W2051121620,W2014173070
W2051121620,W2069157258
W2051121620,W2133892291
W2051121620,W2005404508
W2051121620,W2160916596
W2051121620,W2003022112
W2781055474,W1999868715
W2781055474,W2076288335
W2781055474,W2045935930
W2781055474,W2037977783
W2781055474,W2009989575
W2781055474,W2013731232
W1984190418,W2164703638
W2139314206,W2147654971
W2139314206,W2106963750
W3012481340,W2785715629
W3012481340,W2749550903
W3012481340,W2621679044
W3012481340,W2340972631
W3012481340,W2294707565
W3012481340,W2294827616
W3012481340,W3012481340
W2136009149,W2167450434
W2554285426,W2040113717
W2554285426,W2130042267
W2554285426,W2118885226
W2554285426,W1608013130
W2344328155,W2056435747
W2344328155,W2344328155
W2770385631,W2043219105
W2770385631,W2113536011
W2770385631,W2072053289
W2793814093,W1966481002
W2793814093,W2264050319
W2793814093,W1995524284
W2998496658,W4211137059
W2998496658,W2753273584
W2998496658,W2920912088
W2136888045,W1515376125
W2576077683,W2090345409
W2576077683,W1999185871
W2576077683,W2043219105
W2576077683,W2013874115
W2576077683,W2126164548
W2603761640,W2094190414
W2603761640,W2534737939
W2919496064,W2886357179
W2919496064,W1985936925
W2919496064,W2169286869
W2919496064,W2598701004
W2919496064,W2097224090
W2919496064,W2782456798
W2919496064,W2018291779
W2919496064,W2596630349
W2919496064,W862767725
W2919496064,W2120012334
W2140247361,W2140247361
W2140247361,W2100365896
W2140247361,W2530121532
W1685833191,W2167450434
W1685833191,W2136009149
W1685833191,W2096371469
W1196712433,W2073122003
W1196712433,W2058993674
W1196712433,W2162838272
W1196712433,W1678509351
W2111003787,W1970996323
W2111003787,W1963712116
W3048501727,W2193503481
W3048501727,W2804406438
W3048501727,W2600399632
W3048501727,W2115247641
W3048501727,W2171984413
W3048501727,W2337225114
W3048501727,W2195453830
W3048501727,W2024966118
W2605441478,W1971503506
W2605441478,W1999868715
W2605441478,W2076288335
W2605441478,W2037977783
W2605441478,W2038752330
W2605441478,W1519518250
W2122854726,W2118930997
W2122854726,W2106371033
W2122854726,W2126902408
W2122854726,W2093027911
W2122854726,W2009852955
W2007031380,W1990074197
W2007031380,W1903241269
W2007031380,W2258242373
W2800819102,W2022508996
W2800819102,W2143612262
W2800819102,W2588003345
W2800819102,W2160815625
W2800819102,W2342249984
W2800819102,W1975768883
W2800819102,W2062118960
W2800819102,W2076063813
W2800819102,W2146292423
W2800819102,W1505551852
W2800819102,W2095705004
W2801352948,W1984190418
W1994028888,W1999468792
W1988902793,W2148333466
W1988902793,W2013414890
W1988902793,W2126902408
W1988902793,W2122854726
W1988902793,W1982627164
W1988902793,W2142231247
W1988902793,W2086710305
W2753819772,W2014173070
W2753819772,W2228625904
W2753819772,W2069157258
W2753819772,W1810360004
W2753819772,W1971345082
W2753819772,W2150503350
W2753819772,W2103585709
W2753819772,W2005404508
W2753819772,W2583342343
W2753819772,W2037496050
W2753819772,W2200817828
W2753819772,W2403600955
W2753819772,W2546432926
W2753819772,W2405598407
W2753819772,W2176331526
W2753819772,W2264411566
W2753819772,W2003022112
W2753819772,W1863165817
W2753819772,W2143362587
W1972183204,W2120012334
W1972183204,W2171692085
W1972183204,W2083029259
W1972183204,W2277497547
W1972183204,W2617606220
W2027938175,W2126902408
W2027938175,W2013414890
W2027938175,W2148333466
W2027938175,W2169245074
W1718036133,W2121745948
W1718036133,W2108940449
W1718036133,W2024966118
W2776544319,W2164526292
W2776544319,W2014173070
W2776544319,W2133892291
W2776544319,W1810360004
W2776544319,W2286955579
W2776544319,W2565282363
W2776544319,W2130707940
W2776544319,W2583342343
W2776544319,W2300403628
W2776544319,W2176331526
W2776544319,W2620099204
W2776544319,W2003022112
W2776544319,W2755306482
W2085831882,W2164526292
W2085831882,W2014173070
W2085831882,W2069157258
W2085831882,W2133892291
W3044029393,W2737217596
W3044029393,W2914665624
W3044029393,W2037496050
W3044029393,W2755306482
W3044029393,W2041307272
W3044029393,W2771511416
W3044029393,W2809418529
W3044029393,W2890522215
W3044029393,W2604316091
W3044029393,W2286955579
W3044029393,W2907773784
W3044029393,W1665009454
W2769954071,W2002799357
W2769954071,W2091161882
W2769954071,W2094145140
W2769954071,W2078122806
W2769954071,W2062269633
W2769954071,W2138511470
W2083495093,W2163642090
W2040456488,W1969690258
W2155039075,W2144304061
W2155039075,W2134927874
W2155039075,W2152811544
W2886357179,W2596630349
W2525607701,W2014173070
W2525607701,W1810360004
W2525607701,W1971345082
W2525607701,W2041307272
W2525607701,W2318716851
W2525607701,W2405598407
W2525607701,W2116464510
W2525607701,W2143362587
W2525607701,W2011923115
W2525607701,W2003022112
W2621263386,W2147897291
W2621263386,W2058863224
W2621263386,W2136963235
W3040144530,W2617606220
W2081284397,W2105872868
W3017024765,W2043219105
W3017024765,W1976156302
W2509613771,W2121745948
W2509613771,W1989120577
W2509613771,W1974038018
W2509613771,W2051416171
W2126479957,W2052648234
W2126479957,W1979723077
W2951038469,W2046034814
W2951038469,W2618578455
W2951038469,W2790834180
W2951038469,W2113536011
W2951038469,W2013874115
W2951038469,W2520676852
W2951038469,W2083495093
W2951038469,W2505574534
W2951038469,W1661611782
W2100636547,W2021057500
W2567342708,W1981539053
W2567342708,W2116382224
W2567342708,W1992464644
W2567342708,W1992985800
W2567342708,W2133406747
W2567342708,W4254736414
W2567342708,W1971113415
W2567342708,W2070491781
W2969017260,W2106632946
W2969017260,W1979723077
W2969017260,W1867005924
W2969017260,W2121745948
W2969017260,W2147654971
W3008439211,W2163922914
W3008439211,W2919115771
W3008439211,W2913323966
W3008439211,W2557283755
W3008439211,W1849277567
W3008439211,W2157331557
W2082455532,W2161139387
W1993871668,W2055638681
W2230820137,W2164526292
W2230820137,W2014173070
W2230820137,W2133892291
W2230820137,W2116464510
W2509507403,W2168515722
W2509507403,W2171984413
W2509507403,W1997065014
W2509507403,W2024966118
W2509507403,W2017559255
W2509507403,W2277497547
W2509507403,W2530597942
W1991531442,W2130295923
W1991531442,W2095708811
W1991531442,W1976156302
W1991531442,W2156575365
W1991531442,W2072053289
W1991531442,W2131491403
W1991531442,W2055638681
W1991531442,W2022731012
W1991531442,W2165172960
W1991531442,W2011759111
W2320145997,W2172622149
W2078860594,W2044247101
W2078860594,W2033355897
W2167453193,W2052648234
W2167453193,W1979723077
W2167453193,W1975768883
W2167453193,W2028979033
W2167453193,W2051159954
W2167453193,W2105287254
W2110465139,W2133151341
W1791484930,W2171692085
W1791484930,W2054653365
W1791484930,W1524420836
W1791484930,W2021530952
W1791484930,W2067087368
W1791484930,W1991308688
W1791484930,W1997065014
W1791484930,W2024966118
W1791484930,W2617606220
W1524420836,W2121745948
W1524420836,W2171692085
W1524420836,W2024966118
W1524420836,W2021530952
W1524420836,W2120012334
W1524420836,W2617606220
W2318921329,W2114878967
W3002058265,W2951826594
W3002058265,W2081640113
W3002058265,W2160391726
W3002058265,W2621222172
W3002058265,W2067910821
W2085865532,W3010621220
W862767725,W2170121306
W2127422494,W1987735979
W2227598340,W2093575882
W2227598340,W2103751670
W2696164464,W2228338508
W2696164464,W1549552139
W2010660303,W2479036263
W2804406438,W2766136866
W2804406438,W1968051693
W2804406438,W2579486704
W2804406438,W2054653365
W2804406438,W2130811469
W2804406438,W1992193293
W2804406438,W2328487243
W2804406438,W2410390527
W2804406438,W2195453830
W2804406438,W2132407977
W2804406438,W2784350055
W2083717261,W2013371150
W2083717261,W1968105193
W2083717261,W2068234766
W2083717261,W2023506796
W2083717261,W2032230795
W2083717261,W2139884694
W2143362587,W2003022112
W2143362587,W2133892291
W2143362587,W2051121620
W2143362587,W2085831882
W2143362587,W2014173070
W2143362587,W2005404508
W2143362587,W2069157258
W2143362587,W2150503350
W2143362587,W2116464510
W2143362587,W2029092200
W2318568688,W1994000771
W2318568688,W2093027911
W2318568688,W2132484323
W2318568688,W2118554039
W2809418529,W2164526292
W2809418529,W2609067898
W2809418529,W1981644934
W2809418529,W2130707940
W2809418529,W2761590587
W2809418529,W2005404508
W2809418529,W2300403628
W2809418529,W2604316091
W2809418529,W2776544319
W2809418529,W2088122955
W2809418529,W2116464510
W2809418529,W1946435840
W2809418529,W2176331526
W2809418529,W2011923115
W2809418529,W2620099204
W2809418529,W2003022112
W2809418529,W2029092200
W2809418529,W1863165817
W3023535864,W2013874115
W3023535864,W1993036604
W3023535864,W2126164548
W2025745000,W2056435747
W2025745000,W2139709933
W2025745000,W2028240797
W2025745000,W2055718260
W2607030186,W2611772571
W2607030186,W2155039075
W2607030186,W2051416171
W2921484027,W2046537181
W2921484027,W2079687160
W2921484027,W2116382224
W2921484027,W1992464644
W2921484027,W2039786475
W2921484027,W2131491403
W2921484027,W2070491781
W1992749124,W1964946787
W1992749124,W2037038536
W2766499163,W2092643722
W2766499163,W2101571099
W2766499163,W2038752330
W2766499163,W2236556070
W2295931476,W2155039075
W2295931476,W2152811544
W2036671864,W2126902408
W2036671864,W2106963750
W2036671864,W2112148277
W2066305270,W2106963750
W2066305270,W2171984413
W2066305270,W2054653365
W2066305270,W2162686899
W2120834437,W2002547950
W2120834437,W4213327538
W2671169680,W2589067428
W2124582776,W2150326250
W2124582776,W2152600059
W2124582776,W2162838272
W2124582776,W1678509351
W1946435840,W2150503350
W1946435840,W2130707940
W1946435840,W1981644934
W1946435840,W2088122955
W1946435840,W2160916596
W1946435840,W2037496050
W1946435840,W2164526292
W1946435840,W2014173070
W1946435840,W2116464510
W1946435840,W2099540110
W1946435840,W2041307272
W2148999460,W2144304061
W2148999460,W2165163979
W2148999460,W2955601895
W2148999460,W2155039075
W2148999460,W2106963750
W2148999460,W2110052313
W2148999460,W2051833014
W2148999460,W2134927874
W2148999460,W1991308688
W2148999460,W2152811544
W2148999460,W2981420978
W1973981085,W2129920251
W1973981085,W1982627164
W1973981085,W1981213426
W1973981085,W1996359250
W1973981085,W1967156257
W1973981085,W2114891756
W1973981085,W2105517277
W1973981085,W2105691566
W1973981085,W2029945928
W1973981085,W2163744914
W1973981085,W2561755977
W1973981085,W2399146901
W2605986812,W2012257367
W2605986812,W2032813423
W2154113062,W2951826594
W2565282363,W2014173070
W2565282363,W1810360004
W2565282363,W2286955579
W2565282363,W2005404508
W2565282363,W2037496050
W2565282363,W2318716851
W2565282363,W2143362587
W2565282363,W2003022112
W2123638813,W2162686899
W2812445013,W2054054553
W2812445013,W2040106495
W3080319602,W2153221451
W3080319602,W2170121306
W3080319602,W2725897987
W3080319602,W2011500029
W1978424046,W2024966118
W2264411566,W2158765373
W2264411566,W2229518787
W2264411566,W2148333466
W2264411566,W2114735032
W2264411566,W2132484323
W2264411566,W1508886745
W2887558848,W2121745948
W2887558848,W2193503481
W2887558848,W1544875105
W2887558848,W2108940449
W2887558848,W2337225114
W2887558848,W1718036133
W2887558848,W1600897084
W2887558848,W2887558848
W2887558848,W2132041750
W337000869,W2131491403
W337000869,W2085257891
W337000869,W2095708811
W2978355872,W2158765373
W2978355872,W2175951962
W2978355872,W2088494848
W2978355872,W2766358903
W2978355872,W1970010130
W2978355872,W1969543759
W2978355872,W2015593224
W2978355872,W2237880282
W2978355872,W2883416811
W2978355872,W2132484323
W2978355872,W2952982270
W2978355872,W2009225674
W2978355872,W1608013130
W2051796629,W2020007931
W2051796629,W1994028888
W2051796629,W2156157987
W2051796629,W2125053394
W2051796629,W2121022470
W2063923547,W1867005924
W2063923547,W2024966118
W2063923547,W2155039075
W2063923547,W2134927874
W2063923547,W2051159954
W2063923547,W2054653365
W2110669521,W2024966118
W2110669521,W2052648234
W2945485796,W2076699264
W2945485796,W2586297008
W2945485796,W2894499460
W2985814312,W2883893555
W2985814312,W2001510610
W2985814312,W1476478267
W2985814312,W2162686899
W2985814312,W2736456658
W2985814312,W2748607273
W2985814312,W1913957972
W2151516307,W2041311241
W2151516307,W1596779608
W2151516307,W2150315430
W2151516307,W2029281675
W2151516307,W2017871657
W2151516307,W2092044679
W2151516307,W2098269095
W2737609272,W2121745948
W2737609272,W2039348932
W2737609272,W2141219203
W2737609272,W2485420366
W2737609272,W2112084935
W2737609272,W2063923547
W2737609272,W1987807993
W2737609272,W2096682311
W2737609272,W2028979033
W2103585709,W2164526292
W2103585709,W2014173070
W2103585709,W2133892291
W2103585709,W2150503350
W2103585709,W2005404508
W2103585709,W2116464510
W2103585709,W2003022112
W2318716851,W1981644934
W2318716851,W2150503350
W2318716851,W2014173070
W2318716851,W2085831882
W2318716851,W2133892291
W2318716851,W2164526292
W2318716851,W2116464510
W2318716851,W2029092200
W2318716851,W2103585709
W2318716851,W2080283023
W2318716851,W2166171121
W2318716851,W2136879569
W2318716851,W1965399445
W2124614231,W2024966118
W2124614231,W2170589321
W2124614231,W1608013130
W1907702319,W1974470230
W1907702319,W1985217958
W1907702319,W2172191993
W1907702319,W1524420836
W1907702319,W2024966118
W1907702319,W2017559255
W1907702319,W1991308688
W1907702319,W2006750690
W1907702319,W1590065089
W1907702319,W2021530952
W1907702319,W752682158
W1930021590,W1867005924
W1930021590,W2108940449
W1930021590,W2063923547
W1930021590,W2126479957
W1930021590,W1987807993
W1930021590,W1977699466
W1930021590,W2108886061
W1930021590,W2169245074
W2118750261,W2050695214
W2118750261,W2258242373
W2138879095,W2021057500
W2138879095,W2008435261
W2138879095,W2171692085
W2345254164,W2121745948
W2345254164,W1989120577
W2300403628,W2037496050
W2300403628,W2085831882
W2300403628,W2130707940
W2300403628,W2116464510
W1989839776,W2121745948
W1989839776,W2029604816
W2108940449,W2054653365
W2108940449,W2161139387
W2108940449,W1997065014
W2108940449,W1991308688
W2108940449,W3010621220
W2497894926,W2032100925
W2497894926,W1981539053
W2497894926,W2014451195
W2497894926,W1981729886
W2497894926,W2035206741
W2725420826,W2228625904
W2725420826,W1810360004
W2725420826,W2546432926
W2725420826,W2405598407
W2725420826,W1946435840
W2908141928,W2113536011
W2908141928,W1995157919
W2908141928,W2025256923
W2908141928,W2078122806
W2908141928,W2079687160
W2908141928,W2130295923
W2908141928,W2046034814
W2908141928,W2072053289
W2908141928,W2606549030
W2908141928,W2332136976
W2546432926,W2164526292
W2546432926,W2014173070
W2546432926,W2228625904
W2546432926,W2133892291
W2546432926,W1810360004
W2546432926,W1971345082
W2546432926,W2005404508
W2546432926,W2037496050
W2546432926,W2318716851
W2546432926,W2405598407
W2546432926,W2143362587
W2546432926,W1863165817
W2965444903,W4206049288
W2965444903,W1476478267
W2965444903,W2557800876
W2965444903,W2200817828
W2965444903,W2736456658
W2965444903,W2132484323
W2965444903,W2132041750
W2784681531,W2573377826
W2784681531,W2323309348
W2784681531,W2051796629
W1590065089,W2097224090
W1590065089,W2170589321
W1590065089,W2172191993
W1590065089,W2171692085
W1590065089,W1791484930
W1590065089,W2328573691
W1590065089,W2021530952
W1590065089,W2277497547
W2988596226,W2095867549
W2988596226,W1982627164
W2988596226,W2165163979
W2988596226,W1999167944
W2988596226,W2747319455
W2988596226,W2117225984
W2988596226,W2142556037
W2988596226,W2114891756
W2988596226,W2163011877
W2107159911,W2169286869
W2107159911,W2081284397
W2107159911,W2044718416
W2107159911,W2166678085
W2107159911,W2105872868
W2107159911,W2126902408
W2107159911,W1990370234
W1843763927,W2170121306
W1843763927,W2169286869
W1843763927,W2044718416
W1843763927,W1999167944
W1843763927,W2140460700
W1843763927,W2127928904
W1843763927,W2142023815
W1843763927,W2165163979
W2116382224,W1994028888
W2116382224,W1971113415
W2116382224,W2154903153
W3043773840,W2340600715
W3043773840,W2916252188
W1523078206,W1994000771
W1523078206,W2126902408
W1523078206,W2090602773
W1523078206,W2129920251
W1523078206,W1608013130
W2134695519,W2057313715
W2141630770,W2148345493
W3095961138,W3008443627
W3095961138,W1951724000
W3095961138,W2735301415
W2170170821,W1970010130
W2170170821,W2132407977
W2170170821,W2258242373
W2073756366,W2071386916
W2091575974,W1974285157
W2091575974,W2124088034
W2081395300,W2141707502
W2081395300,W2132041750
W2081395300,W2001092428
W2081395300,W2146992469
W2081395300,W1996585409
W2081395300,W2124614231
W2081395300,W2081757228
W2081395300,W2069864946
W2081395300,W2095807316
W2081395300,W2018291779
W2081395300,W2272908325
W2297938101,W2104843155
W2297938101,W1971503506
W2297938101,W1999868715
W2897319235,W2168515722
W2897319235,W2320249130
W2897319235,W1982627164
W2897319235,W2106632946
W2897319235,W2081395300
W2897319235,W2170589321
W2897319235,W1999167944
W3081879483,W2106963750
W3081879483,W2915336810
W3081879483,W3026582775
W3081879483,W2171984413
W3081879483,W2981420978
W3081879483,W2132041750
W1964805252,W2138879095
W1964805252,W2115247641
W2514139663,W2013731232
W2514139663,W2040456488
W2519343095,W2169286869
W2519343095,W2097686432
W2519343095,W2107159911
W2519343095,W1981213426
W2519343095,W2130509491
W72751723,W2070300719
W72751723,W2160917602
W72751723,W2132484323
W72751723,W1661611782
W1964688613,W2155069722
W2195453830,W2132407977
W2195453830,W2755364214
W2195453830,W4246438352
W2889646458,W2106787323
W2889646458,W2917837889
W2889646458,W2302003756
W2106787323,W2126945850
W2106787323,W1981989535
W2092157292,W2092157292
W2152207030,W2132632499
W2152207030,W2140803428
W2097117768,W2102605133
W2097117768,W2163605009
W2097117768,W1849277567
W2097117768,W2168231600
W2097117768,W104184427
W2132632499,W2111211467
W2799524357,W2311203695
W1757407923,W1981989535
W1757407923,W2168083201
W2132454074,W1969360633
W2752782242,W2117539524
W2752782242,W1903029394
W2752782242,W2194775991
W2752782242,W2963446712
W2752782242,W2531409750
W2752782242,W1677182931
W2752782242,W2549139847
W2752782242,W2183341477
W2752782242,W2097117768
W2752782242,W1665214252
W2752782242,W2097998348
W2752782242,W2964137095
W2752782242,W1861492603
W2752782242,W2163605009
W2752782242,W2274287116
W2752782242,W2302255633
W2752782242,W639708223
W2752782242,W2307770531
W2752782242,W2963125010
W2752782242,W2884585870
W2096747776,W2092157292
W2096747776,W2167872912
W2999417355,W2518536270
W2999417355,W2235523093
W2774486220,W1951724000
W2774486220,W1671063336
W2774486220,W2254509181
W2774486220,W260994251
W2911188335,W2518536270
W2911188335,W2235523093
W2911188335,W2157815126
W2911188335,W4244330657
W2102074887,W2070931774
W2102074887,W2131665769
W2900569176,W4210702584
W2900569176,W2105924489
W2900569176,W2096173332
W2900569176,W2537623931
W2900569176,W2559588208
W2900569176,W2118258530
W2900569176,W1989277387
W2900569176,W2128601422
W2900569176,W2162151166
W2272984102,W2917837889
W2272984102,W2170552969
W2272984102,W2112657305
W2272984102,W2106787323
W2272984102,W1981989535
W3003668884,W2470646526
W3003668884,W3002539152
W2781525129,W2165948908
W2116475791,W2612891587
W2235523093,W2979291688
W2570618306,W2235523093
W2570618306,W2165948908
W2017871657,W2092044679
W2024966118,W2106963750
W2024966118,W2054653365
W2560023338,W2097117768
W2560023338,W2194775991
W2560023338,W2155893237
W2560023338,W2340897893
W2560023338,W1903029394
W2560023338,W2163605009
W2560023338,W2179352600
W2560023338,W2412782625
W2560023338,W1861492603
W2089525884,W1998062017
W2089525884,W2015693422
W2089525884,W1970996323
W2089525884,W1963712116
W2020332193,W2102074887
W2020332193,W2055424520
W2020332193,W2070931774
W2020332193,W2067650803
W2020332193,W1538825449
W2252795400,W4234856688
W2252795400,W1994870116
W2912654919,W2751884637
W2912654919,W2036954961
W2912654919,W2114053580
W2751884637,W2527824850
W2751884637,W2114053580
W2751884637,W2036954961
W2282821441,W1905882502
W2282821441,W2097117768
W2135625048,W2147875900
W2135625048,W2146292423
W2135625048,W2139937287
W2899283552,W1019830208
W2899283552,W2239232218
W2899283552,W2557283755
W2899283552,W2163605009
W4288079944,W2765081049
W4288079944,W2501864044
W4288079944,W2121951791
W4288079944,W2139937287
W4288079944,W4292875581
W4288079944,W4288079944
W4288079944,W2763117186
W4288079944,W3084106382
W4288079944,W1909359706
W2148977460,W2148977460
W2148977460,W1605230984
W2148977460,W2160382843
W1999167944,W2153268540
W1999167944,W2127569725
W1999167944,W2002682820
W1999167944,W1990370234
W1999167944,W2036677156
W1999167944,W2133892291
W1999167944,W2051121620
W1999167944,W2073122003
W1999167944,W2165163979
W1999167944,W2015053255
W1999167944,W1867005924
W1999167944,W2094520873
W1999167944,W2163744914
W1999167944,W3192880971
W1999167944,W2617606220
W2085876742,W2284219800
W2085876742,W3136389637
W2573377826,W2032100925
W2573377826,W2323309348
W2573377826,W1981539053
W2573377826,W2497894926
W2573377826,W2133406747
W2573377826,W2514157351
W2573377826,W2323275360
W2573377826,W4254736414
W2096173332,W2096173332
W2096173332,W2131848047
W2096173332,W2105924489
W2096173332,W2057545775
W2096173332,W2118258530
W2096173332,W1989277387
W3008090866,W2470646526
W3008090866,W2286228001
W3008090866,W3004239190
W1976156302,W2014694192
W2204688218,W1964572117
W2096421416,W2012587360
W2096421416,W2024966938
W2096421416,W1984535384
W2096421416,W2092044679
W2096421416,W2017871657
W2096421416,W2092711669
W2096421416,W2143889004
W2096421416,W1981053966
W2096421416,W2057936436
W2096421416,W2022731012
W4292875581,W2121951791
W4292875581,W4292322877
W4292875581,W4292875581
W3012099172,W3004896487
W3012099172,W3008696669
W2256016639,W2104549677
W2256016639,W2091705028
W2256016639,W2051978340
W2256016639,W2168133698
W2256016639,W1533942137
W2160815625,W2147768505
W2160815625,W1533861849
W2160815625,W2145094598
W2073726416,W2032100925
W2073726416,W1965464747
W2073726416,W2169328609
W2073726416,W2133130045
W2073726416,W2081640113
W2073726416,W2114118829
W2073726416,W2144574847
W2098547240,W4235574122
W2302255633,W2194775991
W2302255633,W2117539524
W2302255633,W1861492603
W2302255633,W2183341477
W2302255633,W2097117768
W2302255633,W1677182931
W2302255633,W1665214252
W2302255633,W2963285578
W2302255633,W2274287116
W2951464304,W2111211467
W2951464304,W1983102293
W2951464304,W2111647009
W3113178943,W3092861045
W2040106495,W1976844911
W2040106495,W2040106495
W2028046413,W2028056984
W2028046413,W2169678694
W2028046413,W1965092590
W2011899447,W2017871657
W2011899447,W2092044679
W2011899447,W2122195656
W2011899447,W2092711669
W2011899447,W2143889004
W2011899447,W2133020370
W2011899447,W2034932701
W2121607567,W2058541903
W2121607567,W1978906881
W1605984840,W2117801354
W2587625522,W114517082
W2587625522,W104184427
W2114118829,W2116327492
W2114118829,W2169328609
W2114118829,W1965464747
W2114118829,W2081640113
W2114118829,W2133130045
W2114118829,W2171105325
W2151207643,W2015693422
W2765081049,W4234856688
W2765081049,W1994870116
W2765081049,W2252795400
W2765081049,W2437571239
W2765081049,W2621266390
W2765081049,W2766754978
W2765081049,W2167572849
W2765081049,W4292875581
W2765081049,W1909359706
W2295124130,W2145962650
W2798336535,W2344233738
W2798336535,W147232447
W2798336535,W2052937506
W2798336535,W2135625048
W2108344016,W2125065061
W1987880468,W2139516501
W2508457857,W2097117768
W2508457857,W1677182931
W2508457857,W2194775991
W2508457857,W1930824406
W2508457857,W2242218935
W2508457857,W1963882359
W2508457857,W2121058967
W2508457857,W2146502635
W2508457857,W2163605009
W2096791516,W2171777347
W2096791516,W1998767819
W2096791516,W2123696077
W4210642183,W3015571324
W2026616100,W2106787323
W2026616100,W2117340355
W3107527779,W2896002881
W3107527779,W1985213868
W3107527779,W2096173332
W3107527779,W2105924489
W3107527779,W2110256992
W3107527779,W2950595506
W3107527779,W3136918052
W3107527779,W2898402099
W3107527779,W2911489562
W3107527779,W1989277387
W2963857746,W2963351448
W2963857746,W2565639579
W2963857746,W2088049833
W2963857746,W2549139847
W2963857746,W2155893237
W2963857746,W2560023338
W2963857746,W2109255472
W2963857746,W2963150697
W2963857746,W2194775991
W2963857746,W2963446712
W2963857746,W2601564443
W2963857746,W1536680647
W2963857746,W2102605133
W2963857746,W2340897893
W2963857746,W1903029394
W2963857746,W2302255633
W2963857746,W2163605009
W2963857746,W1861492603
W2963857746,W1901129140
W2963857746,W2963420686
W2963857746,W639708223
W2963857746,W2752782242
W2963857746,W1849277567
W2133151341,W4206050372
W2133151341,W2110465139
W2133151341,W2027404493
W2133151341,W2144304061
W2534691303,W2039061417
W2534691303,W2078492700
W2534691303,W1991258650
W2534691303,W2020462182
W2534691303,W2066578528
W2534691303,W2261135145
W2534691303,W1992985800
W3012320055,W3004239190
W3012320055,W3003668884
W3012320055,W3002539152
W3012320055,W3010233963
W2793369479,W2127169435
W2793369479,W2787584289
W2793369479,W1992506968
W2793369479,W2091393784
W2950354111,W1983403167
W2950354111,W2950150251
W2950354111,W2575750030
W2950354111,W1982855075
W2108102346,W2014694192
W2108102346,W2040882982
W1579271636,W2519132385
W2105824687,W2161498332
W2105824687,W2119605658
W2105824687,W4296816736
W2105824687,W2049069390
W1731081199,W1722318740
W1731081199,W2110158442
W1731081199,W2095705004
W1731081199,W2163605009
W3034971973,W2549139847
W3034971973,W2570343428
W3034971973,W2982770724
W3034971973,W2963150697
W3034971973,W2194775991
W3034971973,W2964241181
W3034971973,W2531409750
W3034971973,W2037227137
W3034971973,W1536680647
W3034971973,W2565639579
W3034971973,W2963351448
W3034971973,W2963857746
W3034971973,W1861492603
W3034971973,W639708223
W3034971973,W2964309882
W2091875228,W2151207643
W2091875228,W2089525884
W2091875228,W2153511586
W2537623931,W2739999456
W2537623931,W2057545775
W2537623931,W2105924489
W2537623931,W2096173332
W2537623931,W2162151166
W2527824850,W2098082628
W2527824850,W2108344016
W2527824850,W2168630917
W2527824850,W1729017034
W2464708700,W2026616100
W2464708700,W2155893237
W2464708700,W1903029394
W2464708700,W1901129140
W2464708700,W2183341477
W2781738013,W3037447387
W2781738013,W2161685427
W2781738013,W2919115771
W2781738013,W2559394418
W2781738013,W2030867075
W2110999179,W2020084508
W2110999179,W2159449603
W2110999179,W1987435915
W1984883254,W2100305481
W1984883254,W2140729960
W1984883254,W2170551349
W1984883254,W2166820820
W1984883254,W2102619694
W1968812902,W2169961966
W2332712348,W1968984443
W1999717631,W2169328609
W1999717631,W1965464747
W1999717631,W2073726416
W1999717631,W2133130045
W1999717631,W2081640113
W1999717631,W2042468043
W1999717631,W2114118829
W1999717631,W2144574847
W1999717631,W2054093403
W1999717631,W2100716359
W1999717631,W2129970907
W2574394697,W2086880071
W2574394697,W2039418304
W2574394697,W2096421416
W2574394697,W2150315430
W2574394697,W2041311241
W2574394697,W2014451195
W2574394697,W1981729886
W2574394697,W2497894926
W2574394697,W2027563442
W2574394697,W2035206741
W2138122982,W2009570821
W2074880343,W2108102346
W2074880343,W2014694192
W2074880343,W2024261075
W2963864421,W2145339207
W2963864421,W2158782408
W2963864421,W2156387975
W2963864421,W2163605009
W2065077785,W1992985800
W2065077785,W1972767018
W2498106012,W2017871657
W2498106012,W2150315430
W2498106012,W2031316066
W2498106012,W2034932701
W2498106012,W2092711669
W2498106012,W2122195656
W2498106012,W2143889004
W2498106012,W2041311241
W2498106012,W2029281675
W2498106012,W1999717631
W2498106012,W2096421416
W2498106012,W1992506968
W2498106012,W2108102346
W2498106012,W2039418304
W2498106012,W2098269095
W2145962650,W2103972604
W2145962650,W2118550318
W2973457155,W2180229411
W2973457155,W2154197653
W2973457155,W2786390877
W2973457155,W2124026197
W2973457155,W2734356283
W2973457155,W2765322245
W2973457155,W2114622716
W2129970907,W1987880468
W2129970907,W2114118829
W2129970907,W2169328609
W2129970907,W2133130045
W2129970907,W1965464747
W2129970907,W2171105325
W2998853022,W2144589352
W2998853022,W2912654919
W2998853022,W2751884637
W1998343415,W1965464747
W1998343415,W2114118829
W1998343415,W2144574847
W1998343415,W2169328609
W1998343415,W2133130045
W1998343415,W2100716359
W1998062017,W2064454797
W1998062017,W2015693422
W1907369419,W2100365896
W1907369419,W2054653365
W1907369419,W2051833014
W1907369419,W2134927874
W1907369419,W2106963750
W1907369419,W2155039075
W1907369419,W2144304061
W1485504984,W2121745948
W1485504984,W2915783575
W1485504984,W2172622149
W2145287260,W2163605009
W2145287260,W2168231600
W2039061417,W2078492700
W2039061417,W2020462182
W2039061417,W1991258650
W2039061417,W1485283179
W2098082628,W2108344016
W2098082628,W2147018083
W2098082628,W2140513563
W2098082628,W2155477484
W2098082628,W2167810128
W2098082628,W2131222241
W2098082628,W2125065061
W2098082628,W2168630917
W1968105193,W2087292184
W1968105193,W2032230795
W1689711448,W2157331557
W1689711448,W1810943226
W1689711448,W2144499799
W1689711448,W2143612262
W1689711448,W2097998348
W1689711448,W1947481528
W1689711448,W104184427
W1689711448,W2293634267
W2150315430,W2017871657
W2150315430,W2092044679
W2139937287,W1581228648
W2139937287,W2121951791
W2139937287,W2147875900
W2139937287,W2139937287
W2888532099,W2135625048
W2888532099,W4292875581
W2888532099,W2146292423
W2888532099,W1909359706
W3010223921,W3004239190
W3010223921,W3003668884
W3010223921,W3004318991
W3010223921,W2999318660
W3010223921,W311927316
W2016053056,W2062118960
W2016053056,W2022508996
W2016053056,W2102605133
W2016053056,W2168231600
W2016053056,W2163605009
W2593815020,W2089525884
W2593815020,W2021172010
W2593815020,W1972767018
W2593815020,W2151207643
W2593815020,W2153511586
W2593815020,W2321696461
W2593815020,W2064454797
W2560322684,W2527824850
W2560322684,W2168630917
W2560322684,W2140876736
W2560322684,W2112657305
W2560322684,W2751884637
W2560322684,W1757407923
W2560322684,W2912654919
W2560322684,W2911188335
W2560322684,W2889646458
W1895577753,W2157331557
W1895577753,W1861492603
W1895577753,W1810943226
W1895577753,W2117539524
W1895577753,W1956340063
W2046182783,W2018289835
W2046182783,W2046182783
W3015197879,W3006659024
W3015197879,W3004318991
W3015197879,W3007643904
W3015197879,W3009912996
W3015197879,W3009090768
W3005957464,W2164249826
W3005957464,W2912654919
W3005957464,W2470481127
W3005957464,W2751884637
W2898962279,W2024966118
W2898962279,W1997065014
W2898962279,W2017559255
W2898962279,W2237880282
W2898962279,W2029604816
W2898962279,W1981213426
W2898962279,W1982518595
W2898962279,W2614464134
W2898962279,W1867005924
W2898962279,W1989839776
W2898962279,W3104895181
W2742075475,W2328134238
W2742075475,W2089525884
W2742075475,W2518099942
W2742075475,W1972767018
W2742075475,W2593815020
W2742075475,W2331458798
W2742075475,W2229124923
W2742075475,W2587767928
W2742075475,W2153511586
W2742075475,W2321696461
W2742075475,W2060543343
W2742075475,W1987262360
W2742075475,W2476116270
W2742075475,W2015693422
W1990415494,W1521578411
W2027029957,W2121607567
W2027029957,W2031557272
W2027029957,W1978906881
W2027029957,W2112515853
W2027029957,W2066929752
W114517082,W2147880316
W114517082,W2029538739
W2766046358,W2182578492
W2766046358,W2004608617
W2739439285,W2067718414
W2606397457,W1985284024
W2606397457,W2017871657
W2606397457,W2092044679
W2627001981,W2092044679
W2627001981,W2017871657
W2627001981,W2039418304
W2627001981,W1985284024
W2627001981,W2335370736
W2627001981,W2034932701
W2627001981,W2102074887
W2627001981,W2020332193
W2627001981,W2175118067
W2053219565,W1970320842
W2053219565,W613060151
W2006619554,W2073726416
W2006619554,W1965464747
W2006619554,W2067910821
W2006619554,W2123857657
W2006619554,W2171105325
W2006619554,W2042468043
W2006619554,W2160785667
W2909990379,W2615203216
W2909990379,W2082019533
W2286228001,W2115709314
W1909359706,W1733171988
W1909359706,W2121951791
W2042468043,W1965464747
W2042468043,W2171105325
W2886498337,W2587048937
W2886498337,W2107429737
W2886498337,W2104885590
W2886498337,W2655262992
W2886498337,W2299181842
W2886498337,W2028433016
W2886498337,W1107917109
W2886498337,W2507880739
W2886498337,W2042699075
W2886498337,W1910012553
W2886498337,W2785803176
W2886498337,W2158485828
W2886498337,W2005895632
W2886498337,W2118258530
W2886498337,W2949273159
W2886498337,W2749613778
W2916798096,W2560023338
W2916798096,W1936750108
W2916798096,W2080873731
W2916798096,W2963150697
W2916798096,W2560474170
W2916798096,W2097117768
W2916798096,W2412782625
W2916798096,W2307770531
W2916798096,W1861492603
W2916798096,W2559085405
W2023668736,W2101567517
W2023668736,W2097978133
W2866634454,W54257720
W2866634454,W1885185971
W2866634454,W2503339013
W2866634454,W2194775991
W2866634454,W2752782242
W2866634454,W1930824406
W2866634454,W2331128040
W2866634454,W2242218935
W2866634454,W2214802144
W2866634454,W2607041014
W2866634454,W2963470893
W2866634454,W2476548250
W2866634454,W2964101377
W2866634454,W1665214252
W2866634454,W2099471712
W2866634454,W2899771611
W3014251530,W2129497119
W3014251530,W2582524520
W3014251530,W2071068165
W3014251530,W2048505725
W3014251530,W2121671360
W3014251530,W4244330657
W2162677524,W2089525884
W2162677524,W1973408623
W2162677524,W1970320842
W2302003756,W1981989535
W2587048937,W2061123122
W2587048937,W2042699075
W2587048937,W2097995306
W2587048937,W2299181842
W2587048937,W2066671159
W2587048937,W2049553585
W2587048937,W2028433016
W2587048937,W2011458181
W2587048937,W2185075416
W2587048937,W2104885590
W2587048937,W1498931318
W2587048937,W2143772132
W2587048937,W2039123767
W2587048937,W2107429737
W2593414223,W1903029394
W2593414223,W2194775991
W2593414223,W2963684088
W2593414223,W639708223
W2593414223,W2099471712
W2593414223,W2963470893
W2103920597,W2146634980
W2060427373,W2104885590
W2325939864,W2145287260
W2325939864,W2117539524
W2325939864,W2163605009
W2325939864,W1861492603
W2077553363,W2003342633
W2077553363,W2110389012
W2077553363,W2164386968
W2077553363,W1999906527
W2077553363,W2130495917
W2077553363,W2023615726
W2077553363,W2096139589
W2077553363,W2116846792
W2077553363,W2071841602
W2077553363,W2060185417
W2077553363,W2162088497
W2125102738,W1581228648
W2125102738,W2110999179
W2125102738,W2020084508
W2006304022,W2073726416
W2006304022,W2114118829
W2006304022,W2054093403
W1965905995,W2078338131
W1965905995,W2076218685
W1969314684,W2092044679
W1969314684,W2017871657
W2167101736,W2153635508
W1970320842,W613060151
W2034932701,W2092044679
W2034932701,W2017871657
W2034932701,W2132568564
W2034932701,W2000564135
W2132568564,W2000564135
W2132568564,W1500256440
W2132568564,W3039083618
W2593768305,W2031342017
W2593768305,W125693051
W2593768305,W1731081199
W2593768305,W1722318740
W2593768305,W2155893237
W2593768305,W2964288524
W2593768305,W2194775991
W2593768305,W2099471712
W2110808180,W2147874841
W2110808180,W2159211495
W2110808180,W2108921801
W1994682257,W2078271269
W1994682257,W2134843796
W1994682257,W1554944419
W1994682257,W2108696783
W2039153962,W2163924952
W2039153962,W2147311167
W2039153962,W2033151532
W2039153962,W2259938310
W2039153962,W2163013660
W2039153962,W2133520037
W2039153962,W1984068087
W2039153962,W2059145105
W2039153962,W2153118028
W2039153962,W2096791516
W2039153962,W1976844911
W3123722757,W1988050849
W3123722757,W2036736987
W3123722757,W2130892515
W3123722757,W3147343449
W3123722757,W1545460766
W2944851425,W2144499799
W2944851425,W1689711448
W2944851425,W1861492603
W2944851425,W2559655401
W2944851425,W1810943226
W1504052325,W2089758604
W3122812581,W2029941278
W2328134238,W1998062017
W2328134238,W2151207643
W2328134238,W2089525884
W2328134238,W2159915276
W2328134238,W1972767018
W2328134238,W2125658152
W2328134238,W1987262360
W2328134238,W4254736414
W2328134238,W2040959430
W2328134238,W2035206741
W2603442821,W2089525884
W2603442821,W2104814752
W2603442821,W2060543343
W2603442821,W2021403769
W2603442821,W2040959430
W2603442821,W2049965679
W2603442821,W2331458798
W2603442821,W2328134238
W2024966938,W2014451195
W2024966938,W1984535384
W2024966938,W1981053966
W2024966938,W2092044679
W2024966938,W2017871657
W2024966938,W2143889004
W2024966938,W2122195656
W2024966938,W2092711669
W2024966938,W2031316066
W2024966938,W2048610167
W2024966938,W2034932701
W2024966938,W2070931774
W2103783427,W2153118028
W2103783427,W1976844911
W2068908844,W2090399125
W2068908844,W2139516501
W2068908844,W1987880468
W2068908844,W1971113415
W2126129668,W2772487859
W2560167313,W2078860594
W2560167313,W2015053255
W2560167313,W2028240797
W2560167313,W3010621220
W2104669609,W2128952811
W2139921601,W613060151
W2124679671,W2096541451
W2124679671,W2169678694
W1538825449,W2091393784
W1538825449,W2102074887
W1538825449,W2070931774
W3015571324,W3003668884
W3015571324,W3008696669
W2609973983,W1970188810
W2962730651,W2570343428
W2962730651,W2080873731
W2962730651,W1936750108
W2962730651,W2963446712
W2962730651,W2307770531
W2962730651,W2559085405
W2962730651,W2963150697
W2962730651,W2194775991
W2962730651,W1861492603
W2962730651,W639708223
W2962730651,W1533861849
W2079985616,W2116064024
W2060872117,W2161605421
W2787584289,W2096421416
W2787584289,W2127169435
W2787584289,W2091393784
W2787584289,W1992506968
W2105924489,W1985213868
W2105924489,W2057545775
W2105924489,W2128601422
W1966107523,W2049491375
W1966107523,W2004630197
W1972767018,W2151207643
W1972767018,W2015693422
W1972767018,W2153511586
W2564178799,W2032100925
W2564178799,W2156157987
W2564178799,W2567342708
W2564178799,W2114118829
W2564178799,W2051796629
W2564178799,W2125053394
W2564178799,W2076699264
W2076218685,W2078338131
W2101547779,W2110808180
W2101547779,W2147874841
W2149858388,W1255676896
W2149858388,W2114031931
W2149858388,W2152061559
W2149858388,W2156593520
W2000536749,W1988320534
W2044172327,W2160544821
W2044172327,W2161605421
W2044172327,W2169678694
W2044172327,W2045683699
W2044172327,W2142868265
W1979371521,W2134716155
W2013674306,W2120583949
W2013674306,W3039083618
W2951071083,W2911188335
W2951071083,W2097995306
W2060543343,W1970996323
W2060543343,W2021403769
W2147018083,W2110052313
W2147018083,W2125065061
W2147018083,W2108344016
W2147018083,W2121394112
W1992464644,W2046537181
W1992464644,W1971113415
W4211196614,W4242729757
W4211196614,W2160378127
W4211196614,W2037312364
W3034310241,W2067718414
W3034310241,W2739439285
W3034310241,W2028046413
W2000564135,W2499906541
W3010819577,W3003668884
W3010819577,W3004318991
W3010819577,W3002539152
W3010819577,W3004280078
W3010819577,W3007643904
W2029281675,W2096421416
W2029281675,W1984535384
W2029281675,W2000536749
W2029281675,W2150315430
W2029281675,W2041311241
W2963800363,W125693051
W2963800363,W2963470893
W2963800363,W2593414223
W2963800363,W1903029394
W2963800363,W2737258237
W2963800363,W2962793481
W2963800363,W2560023338
W2963800363,W2475287302
W2963800363,W2194775991
W2963800363,W2340897893
W2963800363,W2331128040
W2963800363,W1901129140
W2963800363,W2963684088
W2139516501,W1987880468
W2587767928,W2032100925
W2587767928,W2321696461
W2587767928,W2021172010
W2587767928,W2153511586
W2587767928,W2015693422
W2587767928,W2151207643
W2801702920,W2480133395
W2801702920,W1535520578
W2611395271,W2102074887
W2611395271,W2795835319
W2611395271,W1973972788
W2611395271,W2000564135
W2611395271,W2020332193
W2611395271,W1978426240
W2611395271,W2508920067
W2611395271,W2175118067
W2611395271,W1538825449
W2611395271,W2132568564
W2603203130,W2252355370
W2603203130,W2964137095
W2603203130,W639708223
W2140353364,W2108638835
W2140353364,W2101571099
W2140353364,W2125065061
W1968164782,W1875112053
W1968164782,W3103362336
W2996428491,W2250539671
W2996428491,W2251939518
W2996428491,W2963748441
W2951539866,W2534691303
W2951539866,W2066578528
W2951539866,W2408247608
W2951539866,W2039061417
W2951539866,W2078492700
W2951539866,W2299593614
W2951539866,W2261135145
W2130687298,W2259938310
W2130687298,W2046387002
W2130687298,W2145931730
W2130687298,W2064165694
W2130687298,W2058835062
W2130687298,W2147806662
W2130687298,W2053003053
W2130687298,W2519244818
W2955601895,W1985217958
W2955601895,W2106963750
W2955601895,W2152811544
W1973972788,W2055424520
W1973972788,W2067650803
W2109154308,W2161605421
W2109154308,W2060872117
W1968984443,W2142868265
W2035206741,W1970320842
W2035206741,W2014451195
W2035206741,W1981729886
W2035206741,W2052319966
W2035206741,W2016464593
W2082019533,W2050419919
W2082019533,W2154113062
W2048610167,W2092044679
W2048610167,W2017871657
W2239232218,W1901616594
W2239232218,W2487770199
W2239232218,W2014356541
W2056435747,W1984670836
W2078338131,W389868541
W2016464593,W2139921601
W2016464593,W2058154873
W2016464593,W2003408860
W2016464593,W2052319966
W2162695817,W1977603207
W2004188331,W2147875900
W2004188331,W1989589910
W2004188331,W2166436681
W2206954826,W2066414494
W2206954826,W1031578623
W2206954826,W2060872117
W2143889004,W2034932701
W2143889004,W2017871657
W2143889004,W2092044679
W2143889004,W2092711669
W2143889004,W2122195656
W2157427387,W2171762906
W2117756735,W2118550318
W2117756735,W1554944419
W2117756735,W2798909945
W2460850757,W2171783890
W2460850757,W2116601594
W2014744284,W2160796815
W2014744284,W2096445739
W2140137154,W2147875900
W2594373254,W2570618306
W2594373254,W2302003756
W2594373254,W2915478882
W3035414587,W2963351448
W3035414587,W2565639579
W3035414587,W2963125010
W3035414587,W2752782242
W3035414587,W2194775991
W3035414587,W2963363373
W3035414587,W2531409750
W3035414587,W2963163009
W3035414587,W639708223
W3035414587,W2300242332
W3035414587,W1861492603
W3035414587,W2163605009
W3035414587,W2883780447
W2005933475,W2129624700
W2155477484,W2125065061
W2155477484,W2108344016
W2155477484,W2110052313
W2936349953,W2252795400
W2993250673,W2139736159
W2993250673,W2889646458
W2993250673,W2895926103
W2993250673,W2126945850
W2993250673,W2560322684
W2103972037,W2116334496
W2103972037,W2147601077
W2118609172,W2889615184
W2118609172,W2139921601
W2118609172,W2078853455
W2118609172,W613060151
W2058541903,W2060627980
W2507009361,W2105101328
W2507009361,W2097117768
W2507009361,W2016053056
W2507009361,W1522734439
W2507009361,W1849277567
W2507009361,W1947481528
W2507009361,W2163605009
W1994870116,W1994870116
W2784350055,W2156157987
W2784350055,W1992749124
W2784350055,W2195453830
W2784350055,W2094145140
W2784350055,W2121022470
W2784350055,W2005307077
W2784350055,W2120834437
W2784350055,W1940496428
W2784350055,W2483057761
W2784350055,W2132407977
W2784350055,W2272908325
W1984535384,W1504531927
W2142897908,W2162896254
W2142897908,W2112615110
W2142897908,W1875112053
W1991395163,W2168406111
W1991395163,W2038561289
W2606974598,W2146502635
W2903062212,W2119147717
W2481029670,W2140952049
W2481029670,W1973062929
W2535690855,W2473418344
W2535690855,W1554944419
W2535690855,W2095705004
W2559394418,W2919115771
W2040975718,W2161498332
W2021851106,W2150066425
W2917207851,W2072970694
W2917207851,W2158789637
W2917207851,W2341539131
W2917207851,W2432815617
W2917207851,W2323326409
W2917207851,W2592811885
W2917207851,W2179438025
W2917207851,W2169456326
W1966524739,W2118338381
W2155243985,W3021916629
W1970188810,W2102074887
W1970188810,W2020332193
W1970188810,W2000564135
W2167572849,W2092350553
W2999318660,W2470646526
W2999318660,W2255243349
W2408247608,W2039061417
W2408247608,W2299593614
W2408247608,W2066578528
W2981863007,W1503159956
W2981863007,W2770717476
W2221837786,W1981989535
W1990869665,W1858542512
W1990869665,W2167727518
W1990869665,W2109415008
W2039418304,W2108102346
W2039418304,W2003070696
W2039418304,W2028783209
W2039418304,W2017871657
W2039418304,W2092044679
W2039418304,W2092711669
W2039418304,W1969314684
W2039418304,W2098269095
W3105678606,W1909359706
W3105678606,W2763117186
W3105678606,W2765081049
W3105678606,W2139937287
W3105678606,W2501864044
W3105678606,W2121951791
W2051314902,W2163924952
W2051314902,W2147311167
W2051314902,W2096791516
W2051314902,W2107916366
W2051314902,W2106779017
W2051314902,W1976844911
W2510604673,W2097924219
W2510604673,W1973408623
W2510604673,W1970320842
W2510604673,W2162677524
W2510604673,W2053219565
W2510604673,W2081870623
W2510604673,W2052319966
W4213259675,W2135625048
W4213259675,W147232447
W4213259675,W2798336535
W4213259675,W2052937506
W2024175762,W2327828477
W2024175762,W1969360633
W2169336018,W2157068203
W2169336018,W1996672400
W2169336018,W2133020370
W1981983416,W3143400115
W2166436681,W2167572849
W2166436681,W1581228648
W2166436681,W2092350553
W2166436681,W1989589910
W2092711669,W2034932701
W2092711669,W2143889004
W2092711669,W2017871657
W2092711669,W2092044679
W2092711669,W2122195656
W2335370736,W2034932701
W2335370736,W1985284024
W2335370736,W2092044679
W2335370736,W2017871657
W2335370736,W2108102346
W2335370736,W2096421416
W2335370736,W2024966938
W2335370736,W2132568564
W2335370736,W2039418304
W2335370736,W2031316066
W2335370736,W2122195656
W2335370736,W2143889004
W2335370736,W2092711669
W2335370736,W2098269095
W2335370736,W1969314684
W2335370736,W2041311241
W2078853455,W613060151
W2911997094,W2092157292
W2911997094,W2096747776
W2252355370,W639708223
W2252355370,W1849277567
W2134305330,W2024729467
W2134305330,W2977883299
W2134305330,W2126693856
W2134305330,W2105824687
W2155968351,W2145339207
W1968380849,W1892502720
W2057545775,W1985213868
W2143680521,W2110664940
W2127309075,W2024729467
W1994942139,W2109491705
W1878853999,W2133131640
W1878853999,W3103589660
W1878853999,W1875112053
W1878853999,W1990513740
W2063866856,W2139921601
W2063866856,W1968522699
W2063866856,W2121837178
W2063866856,W2089525884
W2063866856,W2081870623
W2063866856,W1970996323
W2170964688,W2031611770
W2950077417,W2969424089
W2950077417,W2116334496
W2519786994,W1989026904
W2519786994,W1977603207
W2519786994,W2086667809
W2604027935,W2262354148
W2021403769,W1970996323
W2075370047,W1540380506
W1994959046,W1504052325
W2229124923,W2089525884
W2229124923,W2331458798
W2971763914,W2058541903
W2971763914,W2079954478
W2971763914,W2119767565
W3027658010,W2077553363
W3027658010,W2143196592
W3027658010,W2139884694
W3027658010,W2162088497
W3027658010,W2023506796
W3027658010,W2431987552
W3027658010,W2003342633
W3027658010,W2110389012
W3027658010,W2060185417
W3027658010,W2787902098
W3027658010,W2182578492
W3027658010,W2115944543
W3027658010,W2766903152
W3027658010,W2185075416
W3027658010,W2765314233
W3027658010,W1515023627
W3027658010,W2170486072
W2518099942,W2021172010
W2518099942,W2321696461
W2518099942,W2153511586
W2905218447,W2001063720
W2905218447,W1968522699
W2905218447,W1940496428
W2905218447,W2753273584
W2905218447,W2020007931
W2158592639,W2089961441
W2158592639,W2154889144
W3003058300,W2512899508
W3003058300,W2100039832
W3003058300,W1934094702
W3003058300,W2785803176
W1596779608,W2014694192
W1596779608,W2108102346
W1596779608,W2017871657
W1596779608,W2092044679
W1596779608,W2098269095
W1596779608,W2011899447
W1596779608,W2041311241
W1596779608,W2150315430
W2144589352,W2168630917
W2971836485,W2252795400
W2971836485,W2437571239
W2971836485,W4234856688
W2971836485,W1994870116
W2971836485,W2621266390
W2971836485,W2765081049
W2971836485,W2167572849
W2971836485,W4292875581
W2971836485,W1909359706
W2971836485,W1509562192
W2971836485,W3105678606
W2618037459,W2032952916
W2618037459,W2079985616
W3037447387,W3037306418
W3037447387,W1981983416
W3037447387,W3143400115
W2437571239,W4234856688
W2437571239,W2252795400
W2963657244,W2000536749
W3004480399,W3006500278
W3004480399,W2152061559
W3004480399,W2009720434
W2524597629,W2152505869
W2524597629,W2305278139
W2524597629,W1780778418
W1970948459,W1922629554
W1970948459,W3143400115
W2119131940,W3098221464
W3027308092,W2042938036
W3027308092,W2911997094
W2027563442,W2052319966
W2027563442,W2098269095
W2027563442,W2035206741
W2027563442,W2108102346
W2027563442,W2095062688
W2027563442,W2144574847
W2027563442,W2151207643
W2027563442,W613060151
W2082432933,W2121607567
W2140513563,W2108344016
W2140513563,W2167810128
W2890019883,W2032100925
W2890019883,W2116327492
W2890019883,W2039786475
W2890019883,W1982685288
W2890019883,W1970996323
W2890019883,W2089525884
W2890019883,W2139921601
W2890019883,W2097924219
W2890019883,W2081870623
W2890019883,W1978126078
W2890019883,W2053219565
W2890019883,W2049965679
W2890019883,W2016464593
W2890019883,W2052319966
W2890019883,W2162677524
W2890019883,W1970320842
W2890019883,W2021172010
W2890019883,W1973408623
W2890019883,W2035206741
W2890019883,W1980790675
W2890019883,W2229124923
W2795835319,W2102074887
W2795835319,W2020332193
W2795835319,W1978426240
W2795835319,W1538825449
W2795835319,W2132568564
W2795835319,W1970188810
W2795835319,W1904914631
W2795835319,W2000564135
W2795835319,W1531935167
W2201607793,W1588685142
W2201607793,W2751884637
W2201607793,W2098082628
W2201607793,W2003982930
W2570760970,W2105824687
W2570760970,W2044591801
W2570760970,W2002463857
W2570760970,W2408017125
W2570760970,W2161498332
W2570760970,W1767470961
W2570760970,W2169205464
W2570760970,W2134305330
W2570760970,W2108696783
W2752287204,W2582524520
W2752287204,W2129497119
W2752287204,W2121671360
W2752287204,W2071068165
W2154866190,W2096791516
W2154866190,W2145922766
W2963155035,W2105101328
W2963155035,W1522734439
W2963155035,W2097117768
W2963155035,W2194775991
W2963155035,W2963446712
W2963155035,W2016053056
W2963155035,W1947481528
W2963155035,W2163605009
W2963155035,W2507009361
W2029941278,W2029941278
W2201735116,W2057265291
W2028783209,W2108102346
W2028783209,W2157426451
W2057936436,W2102074887
W2057936436,W2499906541
W2588775853,W2124351063
W2588775853,W2121055398
W2588775853,W2206071891
W2766754978,W2437571239
W2766754978,W2252795400
W2766754978,W2621266390
W2766754978,W2765081049
W2766754978,W1994870116
W2766754978,W4292875581
W2766754978,W2167572849
W2766754978,W2166436681
W2766754978,W1909359706
W2026942921,W1969085745
W2026942921,W1974963036
W2026942921,W3125866593
W2026942921,W2053279442
W2026942921,W2123726046
W2026942921,W1998460924
W2026942921,W2010772936
W2124211486,W1491719799
W2115010843,W2089525884
W2115010843,W2015693422
W4211161891,W2611395271
W4211161891,W3037306418
W4211161891,W1970188810
W4211161891,W1904914631
W4211161891,W2102074887
W4211161891,W2494235437
W4211161891,W2795835319
W4211161891,W2000564135
W4211161891,W1575867504
W4211161891,W2020332193
W4211161891,W1978426240
W4211161891,W1531935167
W4211161891,W2158000927
W4211161891,W2175118067
W4211161891,W1538825449
W4211161891,W2132568564
W2803760365,W2145339207
W2803760365,W2257979135
W2803760365,W2581082771
W2803760365,W2557738935
W2803760365,W2128739912
W2803760365,W2592929672
W2803760365,W2103004421
W2803760365,W2533800772
W2803760365,W1901129140
W2803760365,W2083927153
W2803760365,W2919115771
W2803760365,W2610332124
W2803760365,W2253429366
W2803760365,W1019830208
W4206050372,W2110465139
W4206050372,W4293003757
W2574987849,W2089525884
W2574987849,W2028201857
W2574987849,W1989703096
W2574987849,W2020007931
W2574987849,W1981539053
W2574987849,W2323275360
W2574987849,W1971113415
W2574987849,W2070491781
W1729017034,W2168630917
W2119767565,W1991656770
W2119767565,W2068908844
W2321696461,W2153511586
W2953532875,W2789970635
W2895126220,W2190169384
W2895126220,W2292281710
W2895126220,W2527042386
W1994724903,W2159182565
W2424778531,W1947481528
W2424778531,W1895577753
W2424778531,W1810943226
W2560474170,W2307770531
W2117057469,W2152505869
W2117057469,W2103920597
W2117057469,W2146634980
W2000714505,W2000714505
W2164623173,W1971354656
W2164623173,W2105326339
W2164623173,W1592263067
W2164623173,W633661686
W2461419449,W2195453830
W2104814752,W2089525884
W2104814752,W1970996323
W2104814752,W2021403769
W2104814752,W2115010843
W2104814752,W2060543343
W2111143102,W1515587369
W2512971201,W2168231600
W2512971201,W2156387975
W2008668719,W2068060907
W2008668719,W2089758604
W3099862724,W2146512944
W2143196592,W2033829415
W2143196592,W2083717261
W2143196592,W2030500910
W2143196592,W2023506796
W2143196592,W2128769815
W2143196592,W2023615726
W2143196592,W2139884694
W2143196592,W2122559203
W2143196592,W2129933858
W2143196592,W2125826054
W2143196592,W2071841602
W2143196592,W2162088497
W2110154495,W2323309348
W2094483427,W2142234851
W1963561884,W2013674306
W1553661931,W2140042874
W1553661931,W1999717631
W1553661931,W1965464747
W1553661931,W2169328609
W1553661931,W2075511306
W1553661931,W2133130045
W1553661931,W2081640113
W1553661931,W2011472471
W1553661931,W1998343415
W1553661931,W2114118829
W1553661931,W2144574847
W1553661931,W2073726416
W1553661931,W2160785667
W1553661931,W2160391726
W1553661931,W2123857657
W1553661931,W2129970907
W1553661931,W2001574526
W1553661931,W2006619554
W1553661931,W2006304022
W1553661931,W2078019609
W1553661931,W2100716359
W1553661931,W2067910821
W1553661931,W2042468043
W2160785667,W2169328609
W2160785667,W1965464747
W2160785667,W2133130045
W2160785667,W2114118829
W2160785667,W2144574847
W2160785667,W2042468043
W2160785667,W2073726416
W1981539053,W2092044679
W1981539053,W1604284211
W2036479846,W1987490818
W2036479846,W2002682820
W2036479846,W2156208893
W2036479846,W2059175769
W2036479846,W1608013130
W2979291688,W2951071083
W2979291688,W2911188335
W2979291688,W2781525129
W2979291688,W2915478882
W2153406260,W2100820895
W2153406260,W2148898943
W2153406260,W2010876644
W2415475836,W2027029957
W2415475836,W2031557272
W2415475836,W2121607567
W2415475836,W1994520136
W2003408860,W1976156302
W2003408860,W613060151
W2983762108,W2091875228
W2983762108,W2796568833
W2983762108,W4211137059
W2065903669,W2053501256
W2794284562,W2179352600
W2794284562,W2109255472
W2794284562,W2163922914
W2794284562,W2088049833
W2794284562,W639708223
W2794284562,W2395611524
W2916252188,W1972767018
W1978426240,W2102074887
W2123857657,W2129970907
W2123857657,W2114118829
W2123857657,W2169328609
W2123857657,W2133130045
W2123857657,W2160785667
W2123857657,W2171105325
W2161112598,W2152061559
W2161112598,W2180481128
W2161112598,W2078972833
W2161112598,W2051025382
W2161112598,W2009720434
W2161112598,W2114031931
W2161112598,W1578291413
W2161112598,W2170552969
W2161112598,W2107633226
W2161112598,W1981989535
W2134887638,W2066411725
W2134887638,W2086667809
W2738516213,W4213327538
W2075004202,W4242721106
W2167810128,W2125065061
W2167810128,W2108344016
W2167810128,W2110052313
W2167810128,W2063277639
W2167810128,W2140513563
W2167810128,W2167810128
W2398894736,W2128769815
W2398894736,W1999906527
W2398894736,W2003342633
W2398894736,W2060185417
W2398894736,W1515023627
W2398894736,W2078599166
W2067650803,W2055424520
W2026172453,W1965092590
W2026172453,W2092157292
W2026172453,W1988320534
W2026172453,W2169678694
W2026172453,W2028046413
W2139066576,W2085978470
W2139066576,W2074574519
W2928165649,W1903029394
W2928165649,W2565639579
W2928165649,W2964137095
W2928165649,W2560023338
W2928165649,W2109255472
W2928165649,W2963150697
W2928165649,W2194775991
W2928165649,W2963446712
W2928165649,W2752782242
W2928165649,W2097117768
W2928165649,W2039313011
W2928165649,W2549139847
W2928165649,W2183341477
W2928165649,W2531409750
W2928165649,W2037227137
W2928165649,W2102605133
W2928165649,W2412782625
W2928165649,W2962858109
W2928165649,W2916798096
W2928165649,W2117539524
W2928165649,W639708223
W2928165649,W2963420686
W2928165649,W2964309882
W2928165649,W1861492603
W2928165649,W2274287116
W2928165649,W2992308087
W2928165649,W2163605009
W2928165649,W2883780447
W2156575365,W1976156302
W2968810373,W2950077417
W2968810373,W2121607567
W2968810373,W2082432933
W2968810373,W2969424089
W1982906652,W2118278569
W1982906652,W2117692326
W2086880071,W2096421416
W2086880071,W2014694192
W2086880071,W2108102346
W2086880071,W1992506968
W2086880071,W2150315430
W2086880071,W2041311241
W2086880071,W2032197740
W2086880071,W2040077883
W2133131640,W1990513740
W2042938036,W2102074887
W2042938036,W2000564135
W2042938036,W2132568564
W1993962865,W2145962650
W1993962865,W2118550318
W1993962865,W1997201895
W1993962865,W4292363360
W1993962865,W2341171179
W1993962865,W2164278908
W4254736414,W2089525884
W4254736414,W2133406747
W2070491781,W1971113415
W2256362396,W54257720
W2256362396,W2117539524
W2256362396,W2155893237
W2256362396,W2125188192
W2256362396,W2097117768
W2256362396,W2128254161
W2256362396,W2102605133
W2256362396,W1885185971
W2256362396,W2163605009
W2256362396,W1665214252
W3103589660,W2113096089
W3103589660,W2128728535
W3103589660,W3037085755
W3103589660,W1968164782
W3103589660,W1875112053
W3103589660,W2062533676
W2222589778,W2161605421
W2222589778,W2404280981
W2222589778,W2060872117
W2282942319,W2322232911
W2282942319,W2282942319
W2050993261,W2060627980
W2050993261,W2058541903
W1982685288,W2015693422
W1998358855,W1987880468
W2067910821,W2129970907
W2067910821,W2073726416
W2067910821,W2114118829
W2067910821,W2144574847
W2067910821,W2081640113
W2067910821,W2133130045
W2067910821,W1965464747
W2067910821,W2169328609
W2067910821,W2042468043
W2586407709,W2016360721
W2586407709,W2150575159
W2586407709,W2168631000
W2586407709,W2117692326
W2586407709,W1964847767
W2586407709,W4211233744
W2586407709,W2169491358
W2586407709,W2033278321
W2586407709,W2028593825
W2586407709,W2044433401
W2586407709,W2169895148
W2586407709,W2476542314
W2273267066,W2166550586
W2295739661,W2171279286
W2886281704,W2320249130
W2886281704,W1588713494
W2886281704,W2766136866
W2886281704,W2138879095
W2886281704,W2530597942
W2886281704,W1608013130
W2038561289,W2168406111
W3008092789,W2752698709
W3008092789,W843007777
W3008092789,W2607307034
W3008092789,W2520676852
W3008092789,W2026277606
W2796568833,W2742075475
W2796568833,W2518099942
W2796568833,W2567205822
W2796568833,W2159915276
W2796568833,W2331458798
W2796568833,W2587767928
W2796568833,W2482083820
W2796568833,W2151207643
W2796568833,W2008426812
W2494235437,W2102074887
W2346062110,W2062118960
W2346062110,W2919115771
W2346062110,W1849277567
W2346062110,W1677182931
W2346062110,W1533861849
W2346062110,W2097117768
W2501864044,W2121951791
W2501864044,W2029343094
W2501864044,W3098221464
W2068511562,W1511920456
W2068511562,W1528251861
W2099419573,W4297957988
W2099419573,W2799061466
W2999590263,W2886600502
W2999590263,W2784506527
W2999590263,W2082019533
W2999590263,W2792783390
W2999590263,W2909990379
W1939526929,W1534798215
W2168231600,W2147768505
W2168231600,W2146502635
W2168231600,W2141125852
W2001574526,W2114118829
W2001574526,W2144574847
W2001574526,W1965464747
W2001574526,W2073726416
W2001574526,W2133130045
W2001574526,W2171105325
W2001574526,W2042468043
W2001574526,W2160785667
W2001574526,W2123857657
W2001574526,W2100716359
W2801625478,W2155477484
W2801625478,W2161374186
W2206071891,W2121055398
W2206071891,W2116206245
W2293634267,W2147768505
W2293634267,W179875071
W2293634267,W2168231600
W2293634267,W2143612262
W2998885490,W2121745948
W2998885490,W2193503481
W2998885490,W1985217958
W2998885490,W2600399632
W2998885490,W2738516213
W2998885490,W2115247641
W2998885490,W2125634634
W2998885490,W1970327765
W2998885490,W2981104727
W2998885490,W2337225114
W2998885490,W2051416171
W2031557272,W2121607567
W2031557272,W2139516501
W2112515853,W2003070696
W2515146993,W2089525884
W2515146993,W2091875228
W2515146993,W2340600715
W2515146993,W4235574122
W2515146993,W2098547240
W1992506968,W2012587360
W1992506968,W2096421416
W1992506968,W2098269095
W3001362559,W1981425990
W3001362559,W2155243985
W3001362559,W4294214983
W3001362559,W2331393505
W3001362559,W1966976587
W3001362559,W1568955415
W2110953678,W3103362336
W2110953678,W1987228002
W2964288524,W2155893237
W2964288524,W1722318740
W2964288524,W2163605009
W3046751266,W2067718414
W3046751266,W2739439285
W3046751266,W2180229411
W3046751266,W2114622716
W1905829557,W2102605133
W1905829557,W2163605009
W1905829557,W1903029394
W1905829557,W2097117768
W1905829557,W125693051
W1987435915,W1581228648
W1997321313,W2026318397
W1997321313,W2154467650
W1997321313,W3041188046
W1997321313,W4210789697
W2340600715,W2091875228
W2340600715,W2081738501
W2340600715,W2081870623
W2190169384,W1629273100
W2190169384,W2144574847
W2190169384,W2075511306
W2190169384,W2081640113
W2190169384,W2011472471
W2190169384,W2006304022
W2190169384,W2073726416
W2061289966,W2132652356
W2061289966,W2086157089
W2061289966,W1993326409
W2061289966,W62824994
W2061289966,W2097357438
W2061289966,W1976748235
W2061289966,W2115379661
W2061289966,W2023071763
W2061289966,W2131568786
W2752849906,W2919115771
W2752849906,W2257979135
W2752849906,W2145339207
W2752849906,W2076063813
W2752849906,W1978426240
W2752849906,W2155893237
W2752849906,W2163605009
W2032372805,W2032372805
W2004678447,W58517354
W4211017340,W2889646458
W4211017340,W2272984102
W4211017340,W2174661749
W4211017340,W2049553585
W4211017340,W2011458181
W4211017340,W2796207838
W2034834428,W2168100296
W2017986009,W2013674306
W2326411711,W2042397184
W2393319904,W2163922914
W2393319904,W2160815625
W2393319904,W2251939518
W2393319904,W2163605009
W2566076131,W2102074887
W2566076131,W2014744284
W2566076131,W2160796815
W2566076131,W2070931774
W2566076131,W2000564135
W2566076131,W1985284024
W2258661450,W2162677524
W2258661450,W2003408860
W2258661450,W613060151
W3043220753,W2969424089
W3043220753,W2968810373
W3043220753,W3043220753
W3043220753,W2950077417
W3043220753,W2082432933
W3043220753,W2121607567
W3043220753,W2150166076
W2126945850,W1981989535
W2097116556,W1557459633
W2003478788,W1965464747
W2003478788,W2144574847
W2003478788,W2114118829
W2003478788,W1998343415
W2003478788,W2073726416
W2003478788,W2129970907
W2003478788,W2123857657
W2003478788,W2100716359
W2964134613,W1947481528
W2964134613,W2056898157
W2031316066,W2017871657
W2031316066,W2092044679
W2031316066,W2143889004
W2031316066,W2092711669
W2031316066,W2122195656
W2031316066,W2034932701
W3037683188,W1540380506
W2963839617,W2325939864
W2963839617,W2194775991
W2963839617,W2752782242
W2963839617,W2963420686
W2159128662,W1494137514
W2090399125,W2025864484
W2090399125,W2139516501
W2090399125,W1987880468
W2755255888,W2161685427
W2884081989,W2126525177
W2884081989,W2130495917
W2884081989,W2129155846
W2884081989,W2147790901
W2884081989,W2156593520
W2884081989,W1974047233
W2884081989,W2121091193
W2884081989,W2134219545
W2593116425,W2117539524
W2593116425,W2163605009
W2593116425,W2097117768
W2593116425,W2194775991
W2569658671,W2143463421
W2569658671,W2177603935
W2615203216,W2050419919
W2615203216,W2304458631
W2615203216,W2082019533
W2914907359,W2590568317
W2914907359,W2139066576
W2914907359,W2085978470
W2914907359,W1952608303
W2914907359,W2756821926
W2032952916,W2116064024
W2032952916,W1998062017
W2032952916,W2052319966
W2032952916,W2156562079
W2023535408,W1971443733
W2023535408,W2141682101
W2023535408,W2147601077
W2023535408,W2116334496
W2023535408,W2084304524
W2784506527,W2615203216
W2784506527,W2304458631
W2784506527,W2082019533
W2946372752,W1981500982
W2946372752,W2201607793
W2946372752,W1999906527
W2946372752,W2003342633
W2946372752,W1515023627
W2946372752,W2164342861
W2946372752,W2033386838
W2946372752,W2627092521
W2946372752,W2409656339
W2946372752,W2166562121
W2946372752,W2060185417
W2030867075,W1500256440
W2030867075,W3037853801
W2073122003,W2152600059
W2073122003,W2051833014
W2304845716,W2102074887
W2304845716,W2074574519
W2304845716,W2102277728
W2304845716,W3037683188
W2893450414,W2791483720
W2893450414,W2153771870
W2893450414,W2092044679
W2893450414,W2143463421
W2893450414,W2344644350
W2893450414,W2030964111
W1985284024,W2034932701
W1985284024,W2143889004
W1985284024,W2092711669
W1985284024,W2122195656
W1985284024,W2132568564
W1985284024,W2092044679
W1985284024,W2017871657
W1985284024,W2031316066
W1985284024,W2096421416
W4214532600,W4214532600
W2615715350,W1981425990
W2615715350,W1957890759
W2615715350,W2103879113
W2964159205,W2963446712
W2964159205,W2156387975
W2964159205,W2302255633
W2964159205,W2095705004
W2964159205,W2964059111
W2964159205,W2099471712
W2964159205,W1665214252
W1900956557,W2142514031
W1904914631,W1970188810
W1904914631,W2102074887
W1904914631,W2055424520
W1904914631,W2070931774
W1904914631,W1973972788
W1904914631,W2000564135
W1904914631,W2067650803
W1904914631,W2020332193
W1904914631,W1978426240
W1904914631,W2175118067
W1904914631,W1538825449
W1904914631,W2131665769
W1980790675,W2035206741
W1980790675,W2052319966
W1980790675,W2092044679
W1980790675,W1976156302
W1994520136,W2121607567
W2890904471,W2029608738
W2890904471,W2346505350
W2890904471,W2597150627
W2798241172,W2008426812
W2798241172,W2134374287
W2798241172,W2482083820
W2798241172,W2125658152
W2157068203,W1996672400
W3037443854,W2076257979
W3037443854,W3037853801
W3047141442,W1984883254
W3047141442,W2766437506
W3047141442,W2800392236
W3047141442,W2889326414
W3047141442,W2102212449
W3047141442,W2019552331
W2040547343,W2088486634
W2040077883,W2011899447
W2040077883,W2024966938
W2040077883,W2096421416
W2040077883,W2012587360
W2040077883,W2017871657
W2040077883,W2092044679
W2040077883,W2031316066
W2040077883,W2034932701
W2040077883,W2143889004
W2040077883,W2092711669
W2040077883,W2122195656
W2040077883,W2048610167
W2040077883,W1969314684
W2040077883,W2098269095
W2066929752,W2040882982
W1026348989,W1999717631
W1026348989,W1965464747
W1026348989,W2169328609
W1026348989,W2114118829
W1026348989,W2144574847
W1026348989,W2133130045
W1026348989,W2129970907
W1026348989,W2042468043
W1026348989,W2073726416
W1026348989,W2100716359
W1026348989,W1998343415
W1026348989,W2123857657
W1026348989,W2011472471
W1026348989,W2054093403
W1026348989,W2171105325
W2097924219,W1998062017
W2097924219,W2089525884
W2097924219,W2151207643
W2097924219,W2153511586
W2078019609,W2114118829
W2078019609,W2144574847
W2078019609,W1965464747
W2078019609,W2081640113
W2078019609,W2169328609
W2027404493,W2054653365
W2123267088,W4293003757
W2123267088,W2052937506
W2123267088,W3103868583
W2163886442,W3149745985
W1902335101,W2162013747
W2108485082,W2098572294
W2108485082,W2130271602
W2133130045,W2169328609
W2133130045,W1965464747
W2133130045,W2140042874
W2596636257,W2058401212
W2596636257,W2134295053
W2596636257,W2038194220
W2596636257,W2105103777
W2596636257,W2114623221
W2596636257,W2416799949
W2006102096,W2065586875
W2766358903,W2102471114
W2766358903,W2080283023
W2766358903,W2315521535
W2766358903,W2091627137
W2766358903,W1952026831
W2766358903,W2592367925
W2766358903,W2170486072
W2766358903,W2154026962
W2766358903,W2034285706
W2766358903,W2166171121
W2766358903,W2072970694
W2766358903,W2124799197
W2766358903,W2513506562
W2766358903,W2141052558
W2766358903,W2110300022
W2766358903,W2054407804
W2766358903,W2151350595
W1709784975,W4211058570
W2125658152,W2151207643
W2125658152,W2089525884
W2125658152,W2021172010
W2125658152,W1970996323
W2167872912,W1988320534
W2167872912,W2092157292
W2118934859,W2896548965
W2118934859,W2795656446
W2999458928,W2911892655
W2999458928,W2942915186
W2999458928,W2796444718
W2999458928,W2753273584
W2999458928,W2523591818
W2999458928,W2012136380
W2999458928,W1999468792
W1992769383,W2157068203
W1992769383,W1996672400
W1992769383,W2169336018
W1992769383,W2159182565
W3009468976,W3003668884
W3009468976,W3004239190
W2220987254,W2135555519
W2220987254,W2160085528
W2220987254,W2054054553
W2763117186,W2501864044
W2763117186,W4292875581
W2763117186,W2029343094
W2763117186,W1909359706
W1991656770,W1987880468
W1991656770,W2068908844
W1991656770,W2090399125
W2543927648,W2243397390
W2543927648,W2117539524
W2543927648,W2097117768
W2543927648,W2194775991
W2543927648,W2155893237
W2543927648,W2145287260
W2543927648,W2163605009
W2029961407,W2029961407
W2127388200,W2031557272
W2127388200,W2027029957
W2127388200,W2121607567
W2003070696,W1987880468
W2003070696,W1978906881
W2003070696,W2108102346
W2049965679,W2052319966
W2049965679,W2015693422
W2049965679,W2125658152
W2594183968,W2919115771
W2594183968,W2076063813
W2594183968,W1988037271
W2594183968,W2117539524
W2594183968,W2319902168
W1984625256,W1970996323
W1984625256,W2015693422
W1984625256,W2067126321
W1984625256,W2085020302
W2078492700,W1485283179
W1964308073,W1588713494
W1964308073,W2024966118
W1964308073,W1991308688
W2792783390,W2050419919
W2792783390,W2304458631
W2792783390,W2615203216
W2792783390,W2082019533
W1966000877,W2032372805
W2144504271,W2171777347
W2144504271,W2149992227
W2585392941,W2061438946
W2585392941,W2154943049
W2585392941,W2001979953
W2585392941,W2963103847
W2963782415,W2155893237
W2963782415,W2963446712
W2963782415,W2560474170
W2963782415,W2150066425
W2963782415,W1901129140
W2963782415,W2412782625
W2963782415,W2163605009
W2159449603,W1581228648
W2170133891,W2114207581
W2054093403,W1965464747
W2054093403,W2114118829
W2054093403,W2144574847
W2054093403,W2081640113
W2054093403,W2129970907
W2054093403,W2073726416
W2054093403,W2042468043
W2119866123,W2155556726
W2147297736,W2169961966
W2145931730,W2046387002
W2473162054,W1757407923
W2342772717,W2050379798
W2342772717,W2119913861
W2342772717,W1991192698
W2342772717,W1996941025
W3211488171,W2912654919
W3211488171,W1757407923
W3211488171,W2560322684
W3211488171,W2889646458
W3211488171,W2911188335
W1985530487,W2081870623
W1985530487,W1976156302
W1985530487,W2052319966
W1985530487,W2151207643
W2570166109,W2024966938
W2570166109,W2040077883
W2570166109,W1984535384
W2570166109,W2017871657
W2570166109,W2096421416
W2570166109,W2335370736
W2570166109,W2150315430
W2570166109,W2206837932
W2570166109,W2086880071
W2570166109,W2135522286
W2570166109,W2041311241
W2570166109,W1980790675
W2570166109,W1998062017
W2570166109,W1596779608
W2475096219,W2096421416
W2475096219,W2011899447
W2475096219,W2086880071
W2475096219,W2040077883
W2475096219,W2017871657
W2475096219,W2092711669
W2475096219,W2029281675
W2475096219,W2150315430
W2475096219,W1981053966
W2475096219,W1992506968
W2475096219,W2108102346
W2475096219,W2098269095
W2475096219,W2041311241
W1987490818,W2025238960
W2078271269,W1994682257
W2135522286,W2017871657
W2135522286,W2040077883
W2135522286,W2086880071
W2135522286,W1985284024
W2135522286,W2092157292
W2135522286,W1988320534
W2135522286,W2167872912
W2135522286,W1984535384
W2135522286,W2011899447
W2135522286,W2098269095
W2135522286,W2096421416
W2135522286,W1969314684
W2135522286,W1987880468
W2135522286,W1504531927
W2135522286,W2041311241
W2135522286,W2150315430
W2135522286,W1596779608
W2135522286,W2029281675
W2135522286,W2014451195
W2135522286,W1981729886
W2135522286,W2035206741
W2135522286,W2092711669
W2522054313,W1985538633
W2522054313,W1864325817
W1978906881,W2139516501
W1978906881,W1987880468
W2045912757,W2016464593
W2045912757,W2058154873
W2045912757,W2052319966
W2020462182,W2078492700
W2045443942,W2144673831
W2045443942,W1609810996
W2045443942,W2104465908
W2071054182,W2155800098
W2807728333,W2033386838
W1972643702,W2139168999
W1972643702,W1524830325
W1991258650,W2078492700
W2566376500,W2128254161
W2147874841,W4248872320
W2937483840,W2889646458
W4211208840,W2169895148
W1978126078,W2081870623
W1978126078,W2058154873
W1978126078,W2003408860
W2098269095,W1987880468
W2098269095,W2040882982
W3043135743,W4296816736
W3043135743,W4236357753
W3043135743,W2105824687
W3043135743,W2772803673
W3043135743,W2570760970
W3043135743,W2002463857
W3043135743,W2044591801
W3043135743,W2302501749
W3043135743,W1714980748
W3043135743,W2049069390
W3043135743,W2955504961
W3043135743,W3047879827
W2770598799,W2169556367
W2770598799,W2103783427
W2770598799,W2113699335
W2770598799,W2324862792
W2770598799,W2328393125
W2122195656,W2017871657
W2122195656,W2092044679
W2122195656,W2034932701
W2147626801,W2147875900
W2344233738,W2140137154
W2344233738,W2006124034
W2344233738,W2052937506
W2949223833,W2060872117
W2949223833,W1031578623
W2949223833,W2161605421
W2949223833,W2206954826
W2121951791,W2147875900
W2323275360,W1971113415
W2323275360,W2133406747
W1927052826,W2105101328
W1927052826,W2155893237
W1927052826,W2016053056
W1927052826,W2080873731
W1927052826,W2074276081
W1927052826,W2117539524
W1927052826,W2163605009
W1927052826,W1606858007
W2171105325,W2169328609
W2171105325,W1965464747
W2121877814,W2026572419
W4211132876,W2911188335
W4211132876,W1812256879
W4211132876,W2148977460
W2759136286,W1552847225
W2759136286,W2141599568
W2759136286,W2127795553
W2759136286,W2283196293
W2759136286,W2146502635
W2216357226,W1966481002
W2216357226,W2007878524
W2216357226,W1995524284
W2216357226,W225706379
W2562637781,W2155893237
W2562637781,W1677182931
W2562637781,W2141983208
W2562637781,W1523113578
W2562637781,W54257720
W1991192698,W1996941025
W3006419170,W3004280078
W3006419170,W3002539152
W3006419170,W3003668884
W3006419170,W3005212621
W2053987409,W2139126750
W2108451834,W1579271636
W2124075924,W2165739256
W1957890759,W2103879113
W1957890759,W1990415494
W1957890759,W2149868499
W1957890759,W1521578411
W2781491230,W1531935167
W2781491230,W1911969426
W2781491230,W1978426240
W2146349866,W2154903153
W2146349866,W1989703096
W2146349866,W1981539053
W2146349866,W2046537181
W1886626438,W2066578528
W2508920067,W2034932701
W2508920067,W1985284024
W2508920067,W2143889004
W2508920067,W2122195656
W2508920067,W2092711669
W2508920067,W2017871657
W2508920067,W2096421416
W2508920067,W1969314684
W2508920067,W2098269095
W2508920067,W1992506968
W2508920067,W2132568564
W2508920067,W2031316066
W2753160622,W2146502635
W2753160622,W2194775991
W2340338776,W1523693806
W2279780730,W2064299621
W2279780730,W2014734472
W2102716046,W1989589910
W2102716046,W2092350553
W2102716046,W2166436681
W2139126750,W2165739256
W2108119513,W2799061466
W2159915276,W1998062017
W2159915276,W2021403769
W2159915276,W1963712116
W2159915276,W2151207643
W3007172120,W2396849069
W3007172120,W2950993016
W3007172120,W1982855075
W3007172120,W2575750030
W3007172120,W2950354111
W3007172120,W2065847836
W3007172120,W2078964320
W3007172120,W2592811885
W3007172120,W2138207763
W3007172120,W2110905563
W3007172120,W2950464315
W3007172120,W2146512944
W3007172120,W2130116522
W3007172120,W2179438025
W3007172120,W2952167528
W3007172120,W2788228074
W2952757700,W2045443942
W2952757700,W2019655958
W2952757700,W1951724000
W2952757700,W2101971030
W2952757700,W1592263067
W2950750906,W2138071797
W2950750906,W2905811773
W2950750906,W2105846236
W2950750906,W3147343449
W2950750906,W2783817214
W2950750906,W2755862626
W2950750906,W1545460766
W2889615184,W2139921601
W2182578492,W2004608617
W2182578492,W2143625465
W2081738501,W2139921601
W2081738501,W2081870623
W2081738501,W2016464593
W2098224539,W2064454797
W2146634980,W2103920597
W2157076315,W2097360283
W3013252775,W2021172010
W3013252775,W2065077785
W3013252775,W2089525884
W3013252775,W2151207643
W2885738414,W2168083201
W2885738414,W4244330657
W2885738414,W1981989535
W2057274775,W1523693806
W2057274775,W2048030072
W2100716359,W1965464747
W2100716359,W2114118829
W2100716359,W2144574847
W2100716359,W2081640113
W2100716359,W2133130045
W2100716359,W2042468043
W2100716359,W2169328609
W2126340581,W2169434152
W2126340581,W2140092196
W2126340581,W2044858486
W2126340581,W2105501846
W2126340581,W2340035112
W2126340581,W1990513740
W2165172960,W2055638681
W2165172960,W2022731012
W2428595929,W2166562121
W2428595929,W2078599166
W2428595929,W2115944543
W2428595929,W1968105193
W2292281710,W2114118829
W2621266390,W4234856688
W2621266390,W2252795400
W2621266390,W2437571239
W2621266390,W4292875581
W2621266390,W2166436681
W3003912482,W2068234766
W3003912482,W2147637673
W3003912482,W1515023627
W3003912482,W1981500982
W3003912482,W2946372752
W3003912482,W2003342633
W3003912482,W2060185417
W3003912482,W2023506796
W3003912482,W2143196592
W3003912482,W2139884694
W3003912482,W2033386838
W3003912482,W2550084345
W3003912482,W2314634699
W3003912482,W2201607793
W3003912482,W2135989088
W3003912482,W2023615726
W2175118067,W1538825449
W2476116270,W2032100925
W2476116270,W2089525884
W2476116270,W2021172010
W2476116270,W2151207643
W2476116270,W2125658152
W2476116270,W2482083820
W2476116270,W2328134238
W2476116270,W2060543343
W4211085660,W2025864484
W4211085660,W1978906881
W2040467972,W1574378514
W2183341477,W1903029394
W2183341477,W54257720
W2183341477,W1677182931
W2183341477,W2102605133
W2183341477,W2016053056
W2183341477,W2097117768
W2183341477,W2163605009
W2183341477,W104184427
W2183341477,W2117539524
W2105846236,W2138071797
W2105846236,W1988050849
W2105846236,W2130892515
W2105846236,W2036736987
W2105846236,W1545460766
W2105846236,W2100739170
W2105846236,W2772487859
W2105846236,W2000380427
W2302501749,W2302501749
W2302501749,W4242729757
W2302501749,W2739999456
W2737217596,W2037496050
W2737217596,W2143362587
W2737217596,W2565282363
W2737217596,W1665009454
W3111255098,W3007643904
W3111255098,W3010233963
W2950504429,W81685006
W2155628349,W2138122982
W2155628349,W2107772251
W2032100925,W2022299938
W2032100925,W2120012334
W2148333466,W2530121532
W3126081245,W3122846673
W3126081245,W2891649320
W3126081245,W3021143228
W3126081245,W4236290419
W2900756811,W2900756811
W2900756811,W2207291742
W2900756811,W2032696674
W2900756811,W2259481044
W2900756811,W2098259366
W2900756811,W2169491358
W2019655958,W2144673831
W2019655958,W2045443942
W2019655958,W1609810996
W2019655958,W1592263067
W2137070227,W2024306642
W2295124130,W2145962650
W2149074973,W2160517070
W2149074973,W2125826054
W2149074973,W2071841602
W2149074973,W2004549986
W2149074973,W2164386968
W2149074973,W2147790901
W2751583588,W2160378127
W2751583588,W2127322768
W2751583588,W2135621733
W3001195213,W2903899730
W2126902408,W2148333466
W2126902408,W2123562234
W2126902408,W2114735032
W2126902408,W2142231247
W2126902408,W2153221451
W2126902408,W2129920251
W2126902408,W1987490818
W2126902408,W2029945928
W2126902408,W1994433187
W2126902408,W2025238960
W2126902408,W2138803696
W2126902408,W2786563204
W2526781987,W3124124240
W2526781987,W1508296537
W2526781987,W579193340
W2140092196,W2476732026
W2140092196,W1990513740
W2130892515,W1988050849
W2130892515,W2495001861
W2091875228,W2151207643
W2091875228,W2089525884
W2091875228,W2153511586
W2120012334,W2617606220
W2013414890,W2148333466
W2013414890,W2126902408
W2015053255,W2170121306
W2015053255,W2051782740
W2015053255,W3010621220
W279724836,W2049318638
W1999717631,W2169328609
W1999717631,W1965464747
W1999717631,W2073726416
W1999717631,W2133130045
W1999717631,W2081640113
W1999717631,W2042468043
W1999717631,W2114118829
W1999717631,W2144574847
W1999717631,W2054093403
W1999717631,W2100716359
W1999717631,W2129970907
W2101196063,W1990513740
W1943745580,W2119605658
W1943745580,W1943745580
W2016053056,W2062118960
W2016053056,W2022508996
W2016053056,W2102605133
W2016053056,W2168231600
W2016053056,W2163605009
W2582561810,W1686065478
W2582561810,W2303924600
W3015197879,W3006659024
W3015197879,W3004318991
W3015197879,W3007643904
W3015197879,W3009912996
W3015197879,W3009090768
W2223470559,W2138071797
W2223470559,W1988050849
W2223470559,W2036736987
W2223470559,W2130892515
W2223470559,W2105846236
W2223470559,W2167344400
W2223470559,W2100739170
W2223470559,W3147343449
W2223470559,W2131568786
W2141975087,W2141975087
W2141975087,W2174706414
W2141975087,W1886337131
W2141975087,W1494137514
W2130509491,W2150326250
W2130509491,W2752099845
W1732240353,W2007878524
W1732240353,W1995524284
W1732240353,W4210789697
W2105501846,W2105501846
W2554773181,W2153771870
W2554773181,W2110634891
W2554773181,W2164841185
W2554773181,W2130166533
W2554773181,W2033278321
W2554773181,W2076922024
W2902652978,W2889326414
W2902652978,W2800392236
W2902652978,W2794480084
W2902652978,W2616922646
W2902652978,W1875842236
W2912800036,W2148060162
W2912800036,W2610102381
W2912800036,W2163040809
W2912800036,W2075763914
W2912800036,W2574735439
W2912800036,W202954878
W2912800036,W279724836
W2806569362,W2148333466
W2806569362,W2126902408
W2806569362,W1525095461
W2806569362,W2037561382
W2806569362,W1999167944
W2806569362,W4213327538
W2806569362,W2142231247
W2806569362,W2144304061
W2806569362,W2044247101
W2806569362,W1981213426
W2806569362,W2340972631
W2806569362,W2399146901
W2806569362,W2118930997
W2806569362,W2153221451
W2260274902,W2122854726
W2260274902,W2126902408
W2260274902,W2093027911
W2887114371,W2194775991
W2887114371,W2167279371
W2887114371,W2080873731
W2887114371,W2557283755
W2887114371,W2163605009
W2887114371,W2559655401
W2170121306,W2181552524
W3123722757,W1988050849
W3123722757,W2036736987
W3123722757,W2130892515
W3123722757,W3147343449
W3123722757,W1545460766
W2148540129,W2159401492
W2422895071,W2132652356
W2422895071,W2086157089
W2422895071,W2141975087
W2422895071,W2063139645
W2422895071,W2061289966
W2422895071,W2153991478
W2422895071,W2115379661
W2422895071,W2104212223
W2422895071,W2023071763
W3020637112,W3008696669
W3020637112,W2990024397
W3020637112,W3012284084
W3020637112,W3004239190
W1956340063,W1956340063
W1956340063,W1947481528
W1956340063,W1905882502
W1956340063,W2037227137
W1956340063,W1861492603
W1956340063,W1895577753
W2083927153,W2083927153
W2911892655,W2432612777
W2010049072,W2085028749
W2010049072,W2126340581
W2136071264,W2165086204
W2136071264,W2145526289
W2136071264,W2049318638
W2136071264,W2055056256
W2504691963,W2504691963
W2504691963,W4242729757
W2056435747,W1984670836
W2953522645,W1901616594
W2953522645,W2902634493
W2081465448,W2128551987
W2081465448,W2141091417
W3121716941,W3121545263
W2978346165,W2165086204
W2978346165,W2141975087
W2978346165,W1993326409
W2978346165,W2557711433
W2978346165,W2422895071
W2978346165,W2610102381
W2978346165,W2104212223
W2978346165,W2075763914
W2978346165,W279724836
W2978346165,W2397558774
W2329076747,W2066309940
W2329076747,W2050379798
W3124321936,W3124550632
W3124321936,W2090650059
W3124321936,W2315678552
W3124321936,W2109341202
W2784350055,W2156157987
W2784350055,W1992749124
W2784350055,W2195453830
W2784350055,W2094145140
W2784350055,W2121022470
W2784350055,W2005307077
W2784350055,W2120834437
W2784350055,W1940496428
W2784350055,W2483057761
W2784350055,W2132407977
W2784350055,W2272908325
W1971354656,W633661686
W1971354656,W2063513444
W1966481002,W1971354656
W1966481002,W2113476348
W1966481002,W279724836
W1966481002,W2136071264
W2084335597,W2752099845
W2604319603,W2160815625
W2604319603,W1019830208
W2604319603,W2097117768
W2604319603,W2531409750
W2604319603,W2183341477
W2604319603,W2257979135
W2604319603,W2581082771
W2604319603,W2138913040
W2604319603,W2155893237
W2604319603,W1677182931
W2604319603,W2919115771
W2604319603,W2117539524
W2604319603,W2194775991
W2604319603,W2102605133
W2604319603,W1903029394
W2604319603,W2300242332
W2604319603,W2163605009
W2604319603,W1665214252
W2604319603,W2963285578
W2604319603,W1731081199
W2889884634,W2889884634
W3111521801,W1901129140
W3111521801,W2167279371
W3111521801,W2963150697
W3111521801,W2194775991
W3111521801,W2475287302
W3111521801,W2471536144
W3111521801,W2110158442
W3111521801,W2962730651
W3111521801,W2302255633
W3111521801,W2559655401
W2063866856,W2139921601
W2063866856,W1968522699
W2063866856,W2121837178
W2063866856,W2089525884
W2063866856,W2081870623
W2063866856,W1970996323
W2473930607,W1857884451
W2473930607,W1963882359
W2473930607,W2037227137
W2473930607,W2062118960
W2473930607,W2117539524
W2473930607,W2560647685
W2473930607,W2102605133
W2473930607,W2163605009
W2473930607,W1533861849
W2399146901,W2138803696
W2969625533,W2891503716
W2969625533,W2096870307
W2969625533,W2526781987
W2969625533,W2786141192
W2969625533,W2076587863
W2969625533,W2767346351
W2969625533,W2752099845
W2891125414,W2125065061
W2891125414,W1983651981
W2891125414,W2808044704
W2060172488,W1974038018
W2898069736,W1965746216
W2898069736,W2782348312
W2898069736,W2290426788
W2898069736,W2810507576
W1738524706,W3125654204
W1738524706,W3122389139
W1738524706,W3122220309
W1738524706,W2115183045
W1738524706,W4211141187
W1738524706,W2005525451
W2761590587,W2037496050
W2761590587,W2164526292
W2761590587,W2609067898
W2761590587,W2160916596
W2761590587,W1863165817
W2736219668,W2216357226
W2736219668,W1995524284
W2211074832,W2128753220
W2211074832,W1511920456
W2211074832,W1528251861
W2026942921,W1969085745
W2026942921,W1974963036
W2026942921,W3125866593
W2026942921,W2053279442
W2026942921,W2123726046
W2026942921,W1998460924
W2026942921,W2010772936
W2342540942,W1966481002
W2342540942,W2007878524
W2342540942,W2113476348
W2113991966,W2059527695
W2113991966,W1848725895
W2910597635,W2346505350
W2910597635,W2783918566
W2910597635,W2597150627
W3041188046,W2026318397
W3041188046,W1997321313
W3041188046,W2104554137
W2132652356,W2094182805
W2132652356,W1976748235
W2132652356,W2153991478
W2132652356,W2115379661
W2132652356,W2023071763
W2132652356,W2086157089
W919187098,W2054877429
W919187098,W1993326409
W919187098,W271526086
W919187098,W4238399289
W919187098,W2002704355
W1984426948,W2010143351
W1984426948,W2024306642
W1984426948,W1849190772
W1984426948,W1640894779
W3012690896,W3003668884
W2067126321,W1999468792
W2081757228,W2051898806
W2081757228,W2021057500
W2081757228,W2155069722
W2081757228,W2051159954
W2081757228,W2148333466
W2037561382,W4246438352
W2037561382,W2148333466
W2037561382,W2123562234
W2037561382,W2013414890
W2037561382,W2016916834
W2037561382,W2786563204
W2037561382,W1715038780
W2037561382,W2186066651
W2023560061,W2117692326
W2023560061,W2032518018
W2023560061,W2169895148
W2023560061,W2106391833
W3122220309,W3121464887
W3122220309,W3124550632
W3122220309,W2036829732
W3105081694,W3010604545
W3105081694,W2919115771
W3105081694,W2194775991
W3105081694,W2963446712
W1992193293,W2054653365
W1992193293,W1964308073
W1992193293,W2024966118
W1992193293,W1991308688
W1992193293,W2530597942
W1992193293,W2752384816
W2086157089,W2132652356
W2086157089,W1976748235
W2086157089,W2115379661
W2086157089,W2023071763
W2779206865,W2141708418
W2779206865,W2106568252
W1814023381,W1990513740
W2791781902,W2140353364
W2791781902,W2104843155
W2791781902,W2179036997
W2044858486,W2140092196
W2044858486,W1990513740
W2273267066,W2166550586
W2737258237,W2022508996
W2737258237,W2150066425
W2737258237,W2155893237
W2737258237,W1903029394
W2737258237,W125693051
W2737258237,W2117539524
W2737258237,W1861492603
W2737258237,W2163605009
W2737258237,W2412782625
W2895932308,W2101702311
W2895932308,W2130811469
W2895932308,W2106371033
W2895932308,W1999167944
W2895932308,W2037561382
W2895932308,W2138803696
W2895932308,W1982627164
W2895932308,W2118921617
W2895932308,W1991308688
W2895932308,W1964308073
W2895932308,W2186066651
W2895932308,W2165163979
W1622878345,W2007878524
W2029945928,W2129920251
W2029945928,W1994433187
W2029945928,W2148333466
W1686065478,W2891649320
W1686065478,W1583059097
W3122494203,W1545420549
W2789444712,W2029608738
W2789444712,W2606213502
W2789444712,W2528223815
W2789444712,W2038194220
W2789444712,W2105103777
W2001965107,W1504052325
W2001965107,W1994959046
W2742330194,W2232384272
W2742330194,W2919115771
W1997321313,W2026318397
W1997321313,W2154467650
W1997321313,W3041188046
W1997321313,W4210789697
W2024306642,W1640894779
W3121315632,W1967579779
W2606213502,W2029608738
W2606213502,W2044049559
W2606213502,W2507126430
W2606213502,W2303531378
W2606213502,W2038194220
W2606213502,W1570385038
W2061289966,W2132652356
W2061289966,W2086157089
W2061289966,W1993326409
W2061289966,W62824994
W2061289966,W2097357438
W2061289966,W1976748235
W2061289966,W2115379661
W2061289966,W2023071763
W2061289966,W2131568786
W3122136669,W2323881768
W3121176335,W1738524706
W3121176335,W2115183045
W3121176335,W2005525451
W3121176335,W2164623173
W2155556726,W2068060907
W2786141192,W2581082771
W2116734767,W2159589190
W2116734767,W2004678447
W2116734767,W58517354
W3121143499,W3124321936
W3121143499,W3125170781
W3121143499,W2120084007
W2073122003,W2152600059
W2073122003,W2051833014
W2153771870,W2110634891
W2076587863,W2111619626
W2076587863,W2105103777
W2076587863,W1494137514
W2799670133,W2551675031
W2799670133,W2052419127
W2799670133,W3217264615
W2799670133,W2800663167
W1998460924,W1974963036
W1982627164,W2148333466
W1982627164,W2013414890
W1982627164,W2126902408
W1982627164,W2142231247
W1982627164,W2086710305
W2767346351,W2029608738
W2767346351,W1981616524
W2767346351,W2038194220
W2767346351,W2111619626
W2767346351,W2058401212
W2767346351,W2114296561
W2767346351,W2044049559
W2767346351,W2285118877
W2767346351,W1570385038
W2767346351,W1494137514
W2336998050,W1508162533
W2336998050,W1196712433
W2336998050,W2118412746
W2336998050,W2011866185
W3123452386,W3124321936
W3123452386,W3124595561
W3123452386,W1498895452
W2175751433,W1981213426
W2175751433,W2103751670
W2175751433,W2010635848
W2175751433,W2110052313
W2175751433,W1999167944
W2175751433,W2121958618
W2175751433,W2037561382
W2175751433,W2029945928
W2175751433,W2094520873
W2175751433,W2025238960
W2175751433,W2129920251
W2175751433,W2042122216
W2175751433,W2051833014
W2175751433,W2578081910
W2175751433,W1560889174
W2175751433,W1608013130
W2112657305,W1578083272
W2112657305,W1605230984
W2052194544,W2162437324
W2162455264,W2164505476
W2756791498,W2130509491
W2756791498,W2150326250
W2756791498,W2589424942
W2756791498,W2097022543
W2756791498,W2752099845
W1525095461,W2029945928
W2597150627,W2038194220
W2190546151,W2126902408
W2190546151,W1982627164
W2190546151,W1999167944
W2190546151,W2013414890
W2190546151,W2038782607
W2587466508,W2159128662
W2587466508,W2149140091
W2587466508,W202954878
W2587466508,W2574735439
W2005525451,W2115183045
W2005525451,W2068155429
W3121545263,W3121716941
W3121545263,W3122061554
W3000603264,W2466381818
W3000603264,W2582336686
W3000603264,W2581082771
W3000603264,W2412247133
W2908815325,W2805611890
W2908815325,W2888648656
W2908815325,W2029608738
W2908815325,W2597150627
W2908815325,W2767346351
W2908815325,W202954878
W2908815325,W1624712119
W2908815325,W2574735439
W2908815325,W2606213502
W2216357226,W1966481002
W2216357226,W2007878524
W2216357226,W1995524284
W2216357226,W225706379
W2027482274,W2096541451
W2027482274,W2128601422
W2172598864,W2157554024
W2172598864,W2102471114
W2172598864,W2026006003
W2172598864,W2033829415
W2172598864,W2043103313
W2172598864,W2017387862
W2172598864,W2110235509
W2172598864,W1973831267
W2172598864,W2114392707
W2172598864,W2124351063
W2172598864,W2072970694
W2172598864,W2160947363
W2172598864,W2034285706
W2010772936,W1998460924
W2738241474,W2163040809
W2738241474,W2483540831
W2738241474,W279724836
W2738241474,W1555252427
W2738241474,W2136071264
W2738241474,W575598456
W2950750906,W2138071797
W2950750906,W2905811773
W2950750906,W2105846236
W2950750906,W3147343449
W2950750906,W2783817214
W2950750906,W2755862626
W2950750906,W1545460766
W2025138352,W2047459256
W2885738414,W2168083201
W2885738414,W4244330657
W2885738414,W1981989535
W2126340581,W2169434152
W2126340581,W2140092196
W2126340581,W2044858486
W2126340581,W2105501846
W2126340581,W2340035112
W2126340581,W1990513740
W3124423437,W3125975775
W3124423437,W3124321936
W3124423437,W3123227524
W2904649625,W2739126509
W2904649625,W2148060162
W2904649625,W2165086204
W2904649625,W2145526289
W2904649625,W1978343804
W2904649625,W2083415664
W2904649625,W2530432988
W2904649625,W2610102381
W2904649625,W2163040809
W2904649625,W2738241474
W2904649625,W2483540831
W2904649625,W2156236309
W2904649625,W2075763914
W2904649625,W2136071264
W2140042874,W2081640113
W2140042874,W2951826594
W2128507082,W2040709535
W2128507082,W4234319266
W2128507082,W4360586574
W2128507082,W2772487859
W1993326409,W2054877429
W1993326409,W2070504166
W1993326409,W2002704355
W1993326409,W2063513444
W2207760002,W2140353364
W2610102381,W2148060162
W2610102381,W271526086
W2610102381,W2530432988
W2610102381,W202954878
W2610102381,W1624712119
W2610102381,W2574735439
W2610102381,W2156236309
W2610102381,W575598456
W2610102381,W2075763914
W2610102381,W3121575000
W2610102381,W2397558774
W2897109701,W2101571099
W2897109701,W2038752330
W2897109701,W2140353364
W2897109701,W2207760002
W2897109701,W2189116376
W2897109701,W2179036997
W2897109701,W2589067428
W2897109701,W2081183202
W2897109701,W1874122563
W2897109701,W2108638835
W2128368240,W1715038780
W2518959324,W2008410413
W2518959324,W2518959324
W3004612364,W2557738935
W3004612364,W2581082771
W2137800079,W2101761001
W2167344400,W2138071797
W2167344400,W2036736987
W2167344400,W2130892515
W2167344400,W2105846236
W2167344400,W2100739170
W2167344400,W3147343449
W2167344400,W2085206464
W2018915326,W3217264615
W2018915326,W1551036771
W2774072836,W2121180999
W2774072836,W2036897871
W2774072836,W2131271579
W2774072836,W2136482257
W1553746973,W1999138303
W1989688131,W2329076747
W1989688131,W2066309940
W2130295923,W2131491403
W2130295923,W2055638681
W2130295923,W2046034814
W3125866593,W1969085745
W3125866593,W1500693574
W3125866593,W1494137514
W3124550632,W2090650059
W2165086204,W2113476348
W2165086204,W2055056256
W2165086204,W2063513444
W2530432988,W3121545263
W2530432988,W3121575000
W2530432988,W271526086
W2530432988,W3121716941
W2530432988,W2075763914
W2530432988,W575598456
W2530432988,W2397558774
W2158037744,W2114504287
W2101702311,W2126902408
W2101702311,W2148333466
W2101702311,W2123562234
W2101702311,W2129920251
W2101702311,W1994433187
W2101702311,W2138803696
W2101702311,W2086710305
W2101702311,W2158535548
W2101702311,W2013414890
W2966722893,W2260274902
W2966722893,W1974527622
W2966722893,W2121958618
W1972591816,W1546067212
W2141958938,W2105326339
W2141958938,W2141958938
W1968319881,W2096541451
W3123227524,W3124550632
W2763133679,W1999717631
W2763133679,W1627978401
W2763133679,W2403824339
W2025238960,W2148333466
W2104843155,W2140353364
W2104843155,W2108638835
W2104843155,W2131222241
W2587970647,W2587970647
W2899357412,W2063866856
W2899357412,W2114296561
W2899357412,W2290426788
W2899357412,W2886706106
W2899357412,W2629433172
W3026582775,W2979653715
W3026582775,W3010223921
W3026582775,W1984190418
W3026582775,W3023441241
W2053279442,W2105103777
W2053279442,W2010772936
W2053279442,W1998460924
W2053279442,W2058401212
W2053279442,W1969085745
W2053279442,W2574134800
W2053279442,W2026942921
W2104212223,W2097357438
W2095867549,W2561755977
W2906323621,W3122337292
W2906323621,W1949455802
W2906323621,W2079300606
W2906323621,W2116323796
W2156236309,W2075763914
W2089659076,W1511920456
W2138870994,W1511920456
W2138870994,W2037710531
W2138870994,W2085334591
W2138870994,W4236523229
W2138870994,W3149745985
W2803438242,W2020007931
W2803438242,W2179653678
W2765304416,W2111534125
W2011576100,W2026572419
W2927181048,W2140092196
W2927181048,W2126340581
W1962572544,W2098023424
W3035686316,W2557711433
W3035686316,W3123679541
W3035686316,W2115379661
W3035686316,W2422895071
W3035686316,W2133880275
W3035686316,W2134178647
W3035686316,W2979963738
W3035686316,W2969625533
W3035686316,W2037710531
W2899351518,W2550156300
W2899351518,W2000380427
W2899351518,W1545460766
W2036736987,W1988050849
W2036736987,W2130892515
W2036736987,W3147343449
W2057438322,W1971625691
W1997744353,W2272908325
W1980137968,W2068155429
W2940549837,W2582561810
W2940549837,W2739126509
W2940549837,W2018915326
W2940549837,W2913649461
W2940549837,W271526086
W2940549837,W2530432988
W2940549837,W2610102381
W2940549837,W2075763914
W2940549837,W2156236309
W3013188135,W3004318991
W3013188135,W3003217347
W3013188135,W3004280078
W3013188135,W3003668884
W3013188135,W1504518491
W2171323324,W2300567117
W2914665624,W2164526292
W2914665624,W2609067898
W2914665624,W2737217596
W2914665624,W2583342343
W2914665624,W2051121620
W2914665624,W2037496050
W2914665624,W2604316091
W2153268540,W2094520873
W2153268540,W2037102228
W2002653371,W2020969191
W2002653371,W4238399289
W1982479612,W2092643722
W1982479612,W2048693902
W1982479612,W2045935930
W2625856057,W2125065061
W2625856057,W2097995306
W3035597798,W3020637112
W2155675907,W1560889174
W2155675907,W1990513740
W2800299140,W2066286996
W2800299140,W2028979033
W2800299140,W2083029259
W2800299140,W2021530952
W2800299140,W2120012334
W2005029869,W3122763283
W2005029869,W1990513740
W2005029869,W2139035425
W2897264299,W1709784975
W2093575882,W2130509491
W2093575882,W2103751670
W2093575882,W2033355897
W2093575882,W2015053255
W2811133697,W2195453830
W2811133697,W2257992222
W2811133697,W2410390527
W2811133697,W1940496428
W2811133697,W2009775084
W3123937330,W2029941278
W3013474995,W2810507576
W2055595553,W2068155429
W2121434806,W10833075
W2315521535,W2127303481
W2315521535,W2115701239
W2315521535,W2028302194
W2315521535,W2114392707
W2046034814,W2141237239
W1969085745,W1987228002
W1969085745,W1974963036
W2923879367,W2037496050
W2923879367,W2164526292
W2923879367,W2051121620
W2923879367,W2565277564
W1977341902,W2148333466
W1977341902,W2126902408
W2883908928,W2134295053
W2883908928,W2111619626
W2883908928,W2607075461
W2883908928,W2029608738
W2883908928,W2044049559
W2883908928,W2528223815
W2883908928,W2303531378
W2883908928,W2515300481
W2883908928,W2507126430
W2027016436,W1508886745
W2625464253,W2891649320
W2625464253,W2336317428
W2625464253,W2313281002
W2625464253,W3123123374
W2941705808,W2432612777
W2941705808,W2909678677
W2941705808,W2811133697
W2941705808,W2045987553
W2941705808,W2806569362
W2941705808,W1999167944
W2941705808,W2412247133
W2888648656,W2507126430
W2888648656,W2303531378
W2888648656,W2597150627
W2888648656,W202954878
W2888648656,W2574735439
W2888648656,W2159401492
W2888648656,W1570385038
W2888648656,W62824994
W2078248663,W2128591134
W2143025931,W2108696783
W2603592506,W1502898407
W2603592506,W2114181060
W2041563290,W2037710531
W2041563290,W2907515539
W2041563290,W1990513740
W2041563290,W1966114254
W2154776925,W2799061466
W2790424199,W2171762906
W2790424199,W2157427387
W2790424199,W2104675861
W1799410249,W2050160040
W2107910518,W2164841185
W3033668954,W2002704355
W2063139645,W2104554137
W2063139645,W1990596918
W1508198902,W1545420549
W2107067966,W2161498332
W2107067966,W3122819058
W2621222172,W2527042386
W2621222172,W1802734970
W2621222172,W2067910821
W2621222172,W2011472471
W2621222172,W2327721819
W2049318638,W2063513444
W2049318638,W1999138303
W2049318638,W1480553355
W974480840,W2105103777
W974480840,W2018915326
W2085206464,W1988050849
W2085206464,W3123722757
W2085206464,W2036736987
W2085206464,W2130892515
W2085206464,W3147343449
W2085206464,W1591013228
W2085206464,W2000380427
W2085206464,W2481769138
W2085206464,W1545460766
W2950221693,W2152239989
W2950221693,W1973094248
W2950221693,W2137526110
W2950221693,W2179438025
W2950221693,W2130116522
W2950221693,W2592811885
W2950221693,W2197124664
W2950221693,W2100305481
W1759037920,W3118149923
W2129094496,W2135555519
W2129094496,W2149967678
W2773929027,W2392113277
W2773929027,W2476732026
W2773929027,W1990513740
W2105691566,W2126902408
W2105691566,W2148333466
W2105691566,W2399146901
W2105691566,W1967156257
W2105691566,W2114735032
W2107438106,W3141595720
W2050876420,W2050967443
W2050876420,W2166214412
W2050876420,W2124362779
W2981104727,W2144304061
W2981104727,W2165242200
W2981104727,W1985217958
W2981104727,W2955601895
W2981104727,W2115247641
W2981104727,W2096371469
W2981104727,W2126479957
W2981104727,W2142231247
W2981104727,W1989839776
W2981104727,W2009225674
W2981104727,W2165163979
W2023071763,W2115379661
W2891146712,W1999717631
W2891146712,W2129970907
W2891146712,W2169328609
W2891146712,W2011472471
W2891146712,W2075511306
W2891146712,W2067910821
W2891146712,W2114118829
W2891146712,W1629273100
W2891146712,W2527042386
W2891146712,W2621222172
W2891146712,W1553661931
W2891146712,W2126164548
W2190990375,W2034057221
W2190990375,W2118338381
W2190990375,W1497843627
W1950669244,W2139452699
W2487200295,W1500693574
W2487200295,W2141975087
W2487200295,W2159128662
W2487200295,W2149140091
W2487200295,W2302800291
W2551675031,W2136071264
W2979906316,W2786141192
W2979906316,W1977655452
W2979906316,W2919115771
W2979906316,W2145339207
W2979906316,W2894528744
W2515300481,W1988050849
W2515300481,W2481769138
W2515300481,W1494137514
W2515300481,W2574134800
W2515300481,W1545460766
W2963928582,W2565639579
W2963928582,W2117539524
W2963928582,W2570343428
W2963928582,W2128254161
W2963928582,W2150066425
W2963928582,W2256362396
W2963928582,W2340897893
W2963928582,W1982471090
W2963928582,W639708223
W2963928582,W125693051
W2963928582,W2331128040
W2963928582,W2037227137
W4211170237,W1858542512
W4211170237,W2167727518
W4211170237,W2151353604
W4211170237,W2182051792
W4211170237,W2002882686
W1965746216,W1990457952
W1965746216,W1980137968
W3015183602,W2161708711
W1980544129,W1980544129
W2432612777,W2126902408
W2166678085,W3010621220
W2884775052,W2013414890
W2884775052,W2115944543
W2884775052,W2038752330
W2884775052,W2037561382
W2884775052,W1525095461
W2884775052,W2093027911
W2403824339,W2011866185
W2403824339,W2119760459
W2078771477,W2081757228
W2078771477,W2086710305
W2078771477,W2051898806
W2078771477,W2138803696
W2078771477,W2101702311
W2078771477,W4246438352
W2078771477,W2186066651
W2078771477,W2755364214
W2078771477,W1997744353
W3123123374,W2891649320
W3123123374,W3021143228
W3123123374,W2152136804
W2322872268,W3124550632
W2322872268,W3123227524
W2322872268,W2120084007
W3217485783,W2114843025
W3217485783,W2149441684
W3217485783,W2114031931
W3217485783,W2262414037
W3217485783,W2096283457
W3217485783,W2044702943
W3217485783,W2614443510
W2894528744,W2526781987
W2894528744,W2786141192
W2167623651,W1971354656
W2126034631,W2072970694
W2126034631,W2116846792
W2435437921,W2135400982
W2435437921,W2129688566
W2435437921,W2435437921
W2435437921,W1990513740
W2435437921,W2104675861
W2435437921,W3147310958
W1585881858,W3215386941
W1585881858,W1581199048
W2098023424,W2020969191
W2611356021,W2097916756
W2611356021,W2057353990
W2611356021,W2752384816
W1860063347,W1978648105
W2128434938,W2066309940
W2128434938,W2329076747
W2156578941,W2018915326
W2156578941,W1726621761
W2156578941,W2147093515
W3088283486,W2551675031
W3088283486,W2148060162
W3088283486,W2795321837
W3088283486,W2799670133
W3088283486,W1624712119
W3088283486,W2978346165
W3088283486,W2912800036
W3088283486,W2904649625
W3088283486,W2156236309
W3088283486,W2075763914
W3088283486,W2136071264
W2260783129,W2111619626
W2260783129,W2040340473
W2158856211,W2013414890
W2158856211,W2399146901
W2158856211,W4250459928
W2053227378,W2124614417
W2020833085,W1980137968
W4211147054,W3141595720
W2011733013,W2011733013
W2128753220,W1511920456
W2128753220,W1480553355
W1981188819,W1528251861
W2145252402,W2097795991
W2124642471,W2136888045
W2483540831,W2083415664
W2483540831,W575598456
W2483540831,W113044168
W3122763283,W2005029869
W2303924600,W1686065478
W2303924600,W2027135291
W2303924600,W2891649320
W2303924600,W1583059097
W2803371618,W4300127641
W2803371618,W2392113277
W2803371618,W2335755599
W2803371618,W2043007983
W2803371618,W2125858711
W2803371618,W2886706106
W2803371618,W1559136758
W2044049559,W2019880039
W2044049559,W2574134800
W602304841,W314550734
W3121274724,W1686065478
W3121274724,W2084335597
W3121274724,W2468221858
W3121274724,W2790166049
W3121274724,W2752099845
W2303531378,W1966481002
W2303531378,W1971499895
W2303531378,W2526781987
W2912799455,W2031720269
W2912799455,W1974285157
W2912799455,W2790834180
W2912799455,W2253030359
W2912799455,W262869635
W271526086,W2002704355
W271526086,W2075763914
W2997638503,W2888648656
W2997638503,W2388726286
W2997638503,W2526781987
W2997638503,W2607075461
W2997638503,W2810507576
W2997638503,W2254884657
W2997638503,W2029608738
W2997638503,W2528223815
W2997638503,W2783918566
W2997638503,W2597150627
W2997638503,W2789444712
W2997638503,W2606213502
W1995524284,W2752099845
W2980464326,W2255447065
W2980464326,W2622898554
W2988822512,W2138206378
W2255243349,W2166867592
W1602619638,W1990513740
W3016207602,W3013188135
W3016207602,W3012099172
W3016207602,W3010441732
W3127891378,W2618037459
W3127891378,W2809502094
W3127891378,W2089525884
W3127891378,W2032952916
W3127891378,W2116064024
W3127891378,W2079985616
W2912633426,W2154467650
W2912633426,W2155675907
W2912633426,W2157399030
W2912633426,W2190990375
W2315678552,W3124321936
W2996508375,W1874122563
W2996508375,W2791781902
W2996508375,W2038752330
W2996508375,W2189116376
W2996508375,W2897109701
W2996508375,W2140353364
W2028327917,W1991622328
W2028327917,W1480553355
W2028327917,W4210789697
W2607075461,W2574735439
W2607075461,W1570385038
W2607075461,W202954878
W2161708711,W2162455264
W2161708711,W2134291350
W2117142641,W2068155429
W2117142641,W2109341202
W1981616524,W2109026747
W3122061554,W3121545263
W3122061554,W2112256230
W3122061554,W3121716941
W314550734,W602304841
W2105517277,W2135011388
W2105517277,W2148333466
W2105517277,W2013414890
W2105517277,W2169286869
W2105517277,W2105872868
W2105517277,W1967156257
W2105517277,W2105691566
W2885167492,W2564178799
W2885167492,W2258661450
W2885167492,W2162677524
W2885167492,W2031720269
W2885167492,W1980790675
W1967360446,W2153779825
W2738226240,W4292363360
W2738226240,W2164278908
W2738226240,W2163605009
W4232698832,W4232698832
W2008426812,W2134374287
W2163040809,W1978343804
W2163040809,W1555252427
W2163040809,W575598456
W2788597170,W2590404804
W4360586574,W1581199048
W4360586574,W2166307729
W2913649461,W2790166049
W2913649461,W2232384272
W2913649461,W2582561810
W2913649461,W4294541781
W2913649461,W1686065478
W2913649461,W2097360283
W1802734970,W2169328609
W1802734970,W2067910821
W1802734970,W2114118829
W1802734970,W2140042874
W1802734970,W2095062688
W1802734970,W2042468043
W1802734970,W2129970907
W1802734970,W2073726416
W1802734970,W1965464747
W1802734970,W2133130045
W1802734970,W2081640113
W1802734970,W2144574847
W1802734970,W1999717631
W1802734970,W1998343415
W1802734970,W2075511306
W1802734970,W2171105325
W1802734970,W2054093403
W1802734970,W2006619554
W1802734970,W2006304022
W1802734970,W2100716359
W1802734970,W2001574526
W1802734970,W2160391726
W3125170781,W3122389139
W3125170781,W2068155429
W2388726286,W2064299621
W2388726286,W2027137968
W2388726286,W1969566657
W2388726286,W1480553355
W3003658253,W2916252188
W3003658253,W2742075475
W3003658253,W2040959430
W3003658253,W2151207643
W2605868587,W1951724000
W2605868587,W2045443942
W2605868587,W2019655958
W2027774628,W2001498083
W1502898407,W2114181060
W2343188872,W2163283323
W2157539385,W2171777347
W2335755599,W2043007983
W2335755599,W2335755599
W2335755599,W2886706106
W2335755599,W3151748982
W3032942076,W2147200107
W3032942076,W2118338381
W2795321837,W2590404804
W3013473577,W3121274724
W1967579779,W1814023381
W1967579779,W2101196063
W1967579779,W1990513740
W1967579779,W2476732026
W2810507576,W2607075461
W2810507576,W2528223815
W2810507576,W2302800291
W2810507576,W2769593477
W2996233037,W3122337292
W2996233037,W3122220309
W2996233037,W3125586325
W2996233037,W2906323621
W2996233037,W3125969230
W2036315340,W58517354
W2145526289,W2165086204
W2168978055,W3121672546
W2168978055,W2109341202
W2168978055,W2117142641
W2168978055,W1995684393
W2168978055,W2068155429
W2582336686,W2560647685
W2582336686,W2526781987
W3006275595,W2776544319
W3006275595,W2901309204
W3006275595,W2761590587
W3006275595,W2037496050
W3006275595,W2230820137
W3006275595,W2785715629
W3006275595,W2809418529
W3006275595,W2620099204
W3006275595,W2948574679
W3006275595,W2885126584
W3006275595,W2228338508
W3015960835,W3013474995
W3015960835,W2810507576
W2051898806,W2148333466
W2051898806,W2013414890
W2051898806,W2126902408
W2051898806,W1967156257
W2138269677,W2020969191
W2138269677,W2002653371
W2724418474,W2064299621
W2724418474,W1969566657
W2724418474,W2048644480
W2083415664,W1978343804
W2083415664,W2752099845
W2119942537,W2133151341
W2025771364,W1973472735
W2025771364,W2162437324
W2025771364,W1511920456
W4230327943,W2168967186
W2336317428,W3125975775
W2336317428,W3124423437
W2336317428,W3124321936
W2336317428,W3121722682
W2336317428,W2313281002
W2336317428,W2625464253
W2336317428,W2090650059
W2336317428,W1498895452
W2336317428,W3125170781
W2083252150,W2038976751
W2122445336,W1588713494
W2298887234,W2752287204
W2298887234,W2149450071
W2298887234,W2115779804
W2298887234,W2124490243
W2298887234,W2128613449
W2298887234,W2582524520
W2298887234,W2129497119
W2298887234,W2048505725
W2298887234,W2121671360
W2622898554,W2255447065
W2622898554,W2186066651
W2922443589,W2331458798
W2922443589,W2518099942
W2922443589,W2587767928
W2922443589,W2328134238
W2922443589,W2229124923
W2922443589,W2040959430
W2111534125,W2158467768
W2111534125,W2044858486
W2111534125,W1501241011
W3124803286,W2103200671
W2794942920,W1829643206
W1967156257,W2148333466
W1967156257,W2029945928
W2114181060,W2110052313
W2979963738,W1686065478
W2979963738,W2154467650
W3122638935,W3121464887
W3122638935,W3122337292
W3122638935,W3124384052
W3122638935,W3123419065
W3122638935,W2103200671
W3122638935,W2141958938
W3122638935,W3121176335
W2059527695,W1554940969
W2059527695,W1589572802
W2096570145,W2040709535
W2096570145,W2068155429
W1463266149,W2300567117
W2589424942,W2097686432
W2589424942,W1967360446
W2105753174,W2141708418
W2105753174,W2106568252
W2271174547,W2148333466
W2271174547,W1523078206
W2271174547,W1977341902
W2271174547,W1999167944
W2620721366,W2236822143
W2620721366,W2137526110
W2620721366,W2141458291
W2620721366,W2152239989
W2620721366,W2179438025
W2620721366,W2323326409
W2620721366,W2166820820
W2620721366,W2102278945
W2620721366,W2138207763
W2076257979,W2152953137
W2416572746,W2132652356
W2416572746,W2115379661
W2416572746,W2023071763
W2891799885,W1975325122
W2891799885,W2530597942
W2989970761,W2766136866
W2989970761,W2074398030
W2989970761,W2073009068
W2989970761,W2130509491
W2989970761,W3159281654
W3015372994,W3006659024
W2783817214,W2481769138
W2783817214,W2595629513
W2783817214,W1988050849
W2783817214,W1591013228
W2783817214,W2036736987
W2783817214,W2130892515
W2783817214,W2100739170
W2783817214,W2223470559
W2783817214,W2105846236
W2783817214,W2167344400
W2783817214,W3147343449
W2783817214,W2755862626
W2783817214,W2085206464
W2783817214,W1545460766
W2783817214,W2000380427
W2050785507,W1668418461
W3121575000,W1528027857
W2104881646,W2157427387
W1995157919,W2131491403
W2799571143,W2342540942
W2799571143,W2565277564
W2799571143,W1732240353
W2799571143,W2756283300
W2799571143,W2736219668
W2799571143,W2216357226
W2799571143,W1622878345
W2429610540,W2127569725
W2103200671,W2138384227
W2103200671,W2772487859
W2791256869,W1974963036
W2791256869,W2032100925
W2791256869,W2111619626
W2791256869,W2068060907
W2791256869,W2053279442
W2791256869,W2058401212
W2791256869,W3125866593
W2791256869,W1998460924
W2791256869,W2140190241
W3125969230,W4237239309
W3125969230,W3124803286
W3125969230,W2322872268
W3125969230,W3122638935
W3125969230,W2002882686
W2084927382,W2055595553
W2084927382,W2040709535
W2084927382,W2005525451
W2084927382,W1995684393
W3014604938,W3008090866
W3014604938,W3012099172
W3014604938,W3010604545
W3014604938,W2286228001
W3014604938,W3005212621
W3014604938,W3010930696
W3014604938,W3004804052
W3014604938,W3003217347
W3014604938,W3185956067
W2983376237,W2261059368
W2983376237,W2142023815
W2983376237,W2725897987
W2983376237,W2790979755
W2983376237,W2026337749
W2983376237,W2473156356
W2983376237,W2063907334
W2983376237,W2038782607
W2983376237,W2913323966
W2983376237,W2027404493
W2983376237,W2081757228
W2983376237,W2587466508
W1714980748,W1714980748
W3124830097,W3125906919
W3124830097,W2155163959
W1984190418,W2164703638
W2036829732,W3121464887
W3012481340,W2785715629
W3012481340,W2749550903
W3012481340,W2621679044
W3012481340,W2340972631
W3012481340,W2294707565
W3012481340,W2294827616
W3012481340,W3012481340
W3122337292,W3122220309
W4234319266,W2040709535
W2793814093,W1966481002
W2793814093,W2264050319
W2793814093,W1995524284
W3124376267,W4211141187
W3124376267,W3125374214
W3124376267,W4242361829
W2133848823,W1511920456
W2133848823,W2094182805
W2785818155,W1999167944
W2785818155,W2079300606
W2785818155,W2412247133
W2785818155,W2045987553
W2785818155,W2752384816
W2785818155,W2195453830
W3124384052,W1738524706
W3124384052,W3021143228
W3016802478,W3014604938
W2910027323,W2582561810
W2910027323,W2790166049
W2910027323,W1686065478
W2594555910,W2129094496
W2594555910,W4234009276
W2594555910,W2100117826
W2594555910,W2023115322
W2594555910,W2036315340
W2594555910,W2002653371
W2594555910,W4238399289
W2594555910,W2098023424
W2594555910,W2068155429
W2594555910,W2772487859
W2800663167,W2052419127
W2800663167,W2163040809
W2040924390,W3126012494
W2040924390,W2163975393
W2550156300,W2345458209
W2550156300,W1557459633
W1196712433,W2073122003
W1196712433,W2058993674
W1196712433,W2162838272
W1196712433,W1678509351
W2153582874,W2162040794
W1949559959,W2066309940
W1949559959,W2329076747
W2030808931,W2099419573
W2129070899,W1577898010
W2801352948,W1984190418
W1989535739,W1990513740
W2045987553,W2164703638
W2045987553,W1984190418
W2070504166,W2002704355
W2070504166,W2063513444
W3126012573,W3121672546
W3126012573,W3124000261
W2146890278,W2144269887
W2118724967,W1511920456
W2118724967,W2037710531
W1884571572,W3124124240
W1884571572,W1980544129
W1884571572,W2526781987
W1884571572,W579193340
W3033094519,W3003217347
W3033094519,W3023441241
W3033094519,W3010131837
W3033094519,W3012284084
W3033094519,W3003668884
W3033094519,W3009468976
W3033094519,W3013188135
W2159915507,W1686678914
W2163043615,W1974963036
W2018105531,W2086710305
W2951826594,W1629273100
W2951826594,W2951826594
W2025028179,W2002547950
W2138384227,W2055056256
W2557711433,W2154467650
W2557711433,W2422895071
W2557711433,W2104212223
W2577043885,W1986221133
W2577043885,W3125976894
W2577043885,W1990290172
W2577043885,W62824994
W2577043885,W1990513740
W1993871668,W2055638681
W3125906919,W3122389139
W2154467650,W2026318397
W2154467650,W1892502720
W2154467650,W1997321313
W2140803428,W1579928530
W2285118877,W2141975087
W2285118877,W2120751691
W2124228948,W3123679541
W2124228948,W1991622328
W1553898020,W2561755977
W2762041969,W2076587863
W2762041969,W3121716941
W2152686358,W2138803696
W2152686358,W1515587369
W2152686358,W2399146901
W2152686358,W2786563204
W2273675851,W2103972037
W2273675851,W2038194220
W2273675851,W2040340473
W2629433172,W2155556726
W2629433172,W2290426788
W2629433172,W1559136758
W2724821146,W2105824687
W2724821146,W2468221858
W2724821146,W2040975718
W2724821146,W2045443942
W2724821146,W1986234982
W2783918566,W2159128662
W2783918566,W2149140091
W2783918566,W2346505350
W2783918566,W1494137514
W2783918566,W2597150627
W3002058265,W2951826594
W3002058265,W2081640113
W3002058265,W2160391726
W3002058265,W2621222172
W3002058265,W2067910821
W3124595561,W3123452386
W3123419065,W3121672546
W2264050319,W2020833085
W2264050319,W1966481002
W2264050319,W279724836
W3016024765,W2565277564
W3016024765,W2075144475
W3016024765,W2342540942
W2127422494,W1987735979
W2809502094,W2328134238
W2809502094,W2564178799
W2809502094,W2151207643
W2809502094,W2079985616
W2809502094,W2032952916
W2809502094,W2116064024
W2809502094,W2331458798
W2913876336,W2751884637
W2981720610,W2962793481
W2981720610,W2593768305
W2981720610,W2194775991
W2981720610,W2029538739
W2981720610,W2163605009
W2981720610,W1722318740
W2159589190,W58517354
W2159589190,W2772487859
W1973472735,W1511920456
W2168967186,W4254090008
W2168967186,W2057353990
W2168967186,W1508198902
W2151697120,W1988037271
W2151697120,W2028046413
W2151697120,W1554944419
W2083717261,W2013371150
W2083717261,W1968105193
W2083717261,W2068234766
W2083717261,W2023506796
W2083717261,W2032230795
W2083717261,W2139884694
W3015769695,W3010223921
W2590404804,W3122061554
W2590404804,W3121545263
W2590404804,W3121716941
W2590404804,W2574134800
W2590404804,W1893938325
W4211054514,W2889884634
W4211054514,W4211054514
W2067713319,W1554944419
W2067713319,W2171033594
W2605840304,W3010621220
W2027135291,W1967579779
W2050967443,W2166214412
W2050967443,W2093044565
W2050967443,W2119180969
W2050967443,W2132632499
W2050967443,W2124362779
W2050967443,W2091705028
W2050967443,W2096791516
W2050967443,W2149992227
W2157335584,W1640894779
W2157335584,W1610612296
W2671169680,W2589067428
W3113033734,W3035915797
W3124796920,W3125654204
W2044591801,W2104881646
W2044591801,W2002463857
W1949455802,W2109341202
W2152941631,W2089457241
W2302800291,W2141975087
W2125858711,W2125858711
W1879687480,W2097916756
W1879687480,W2164505476
W1992435591,W2107974152
W3043617920,W3126081245
W3121672546,W1949455802
W2810456565,W2087032263
W2164505476,W2162455264
W1557570256,W1966481002
W1557570256,W1971354656
W1557570256,W2138269677
W1557570256,W1963699201
W1557570256,W1999167944
W1557570256,W225706379
W2198710635,W2057327092
W2198710635,W1893938325
W2198710635,W2149868499
W1702559537,W2160796815
W2754517384,W1533861849
W2754517384,W2257979135
W2754517384,W2158782408
W2754517384,W2963864421
W3017199550,W2753819772
W3017199550,W2737217596
W3017199550,W2621679044
W3017199550,W2749550903
W3028352916,W2162040794
W3028352916,W1567215247
W1501241011,W1494137514
W1501241011,W1983651981
W1501241011,W1943745580
W1501241011,W2076257979
W1501241011,W1990513740
W1501241011,W2162420979
W1804644284,W1804644284
W2133880275,W2128847913
W2133880275,W2070504166
W2133880275,W2156236309
W2133880275,W2574134800
W2999414134,W2886281704
W2999414134,W2473015971
W2810801192,W1966481002
W2810801192,W2342540942
W2810801192,W2165086204
W2810801192,W2145526289
W2810801192,W2565277564
W2810801192,W2113476348
W2810801192,W2055056256
W2810801192,W2136071264
W2810801192,W1480553355
W2810801192,W1998992565
W2763398287,W2886706106
W2886706106,W2886706106
W2594141822,W2026942921
W2594141822,W1998460924
W2594141822,W2053279442
W2594141822,W1969085745
W2594141822,W2010772936
W2594141822,W3125866593
W3125374214,W4242361829
W3125374214,W3125538792
W3125374214,W3124376267
W2097357438,W2153991478
W2097357438,W3126012494
W2097357438,W3141714916
W2097357438,W3125672425
W2097357438,W2163975393
W2528223815,W1570385038
W2528223815,W2899108003
W2804572516,W2107794472
W1990457952,W2107974152
W1990457952,W1980137968
W1990457952,W1686678914
W2473015971,W2126902408
W2473015971,W2127569725
W2473015971,W1999167944
W2473015971,W2045987553
W2120084007,W3123227524
W2120084007,W2090650059
W1986221133,W3125976894
W1986221133,W1990290172
W1986221133,W2767192956
W2948999417,W2328134238
W2948999417,W2065077785
W2948999417,W2796568833
W2948999417,W2798241172
W2948999417,W2091875228
W2948999417,W2564178799
W2948999417,W2789575335
W2948999417,W2761046937
W2948999417,W2514318270
W2948999417,W2593815020
W2948999417,W2587767928
W2948999417,W2159915276
W2948999417,W2518099942
W2948999417,W2111003787
W2948999417,W2079985616
W2995164493,W2909678677
W2995164493,W2432612777
W2995164493,W1502898407
W2995164493,W2895932308
W4244398222,W2110052313
W2207291742,W2121354606
W2207291742,W2170852633
W2207291742,W2066234893
W2134695519,W2057313715
W3091614728,W2810507576
W3091614728,W2898069736
W2081395300,W2141707502
W2081395300,W2132041750
W2081395300,W2001092428
W2081395300,W2146992469
W2081395300,W1996585409
W2081395300,W2124614231
W2081395300,W2081757228
W2081395300,W2069864946
W2081395300,W2095807316
W2081395300,W2018291779
W2081395300,W2272908325
W2044636434,W3121315632
W2297938101,W2104843155
W2297938101,W1971503506
W2297938101,W1999868715
W2164682760,W2129624700
W2164682760,W2003982930
W2164682760,W2154459716
W1994788755,W2125858711
W2403516908,W2075004202
W2403516908,W2097789390
W2026141069,W2121394112
W2977895282,W3217485783
W2977895282,W2275877493
W2736498356,W2037561382
W2736498356,W2123562234
W2736498356,W2018105531
W2955156490,W1624712119
W2955156490,W2113537253
W1995684393,W58517354
W1995684393,W2055595553
W2018176383,W2948928365
W2018176383,W2118338381
W2078974095,W2127569725
W2078974095,W2036315340
W2333879426,W1972591816
W948640695,W2107974152
W948640695,W1980137968
W2623357374,W2993259418
W2761046937,W2032100925
W2739126509,W271526086
W2739126509,W2530432988
W2739126509,W2610102381
W2739126509,W1585881858
W2739126509,W2156236309
W2739126509,W2075763914
W2739126509,W113044168
W2739126509,W3215386941
W2968770299,W1901616594
W2589012190,W1997744353
W2589012190,W1525095461
W2589012190,W2186066651
W2133120170,W2025238960
W2133120170,W1987735979
W2090560403,W2066309940
W1936750108,W2080873731
W2158467768,W2044858486
W2158467768,W1990513740
W2507977639,W2122305905
W3032857945,W3016207602
W3032857945,W3012099172
W3049032936,W3124384052
W3049032936,W3122389139
W3049032936,W3123419065
W3049032936,W3122220309
W3049032936,W2103200671
W3049032936,W3122638935
W3049032936,W3122494203
W3049032936,W3121464887
W3125975775,W2090650059
W3125975775,W2109341202
W3125975775,W3123452386
W2153991478,W2115379661
W2153991478,W2128847913
W1178327149,W2074398030
W1178327149,W2054054553
W2467209159,W2034057221
W2467209159,W2118338381
W2467209159,W2085067988
W2024573596,W2134291350
W2786563204,W2138803696
W4234009276,W2020969191
W4234009276,W2098023424
W4234009276,W1962572544
W4234009276,W2002653371
W4234009276,W4238399289
W4234009276,W2113476348
W2115379661,W2097357438
W2115379661,W2153991478
W3125586325,W1537287213
W3125586325,W3124384052
W3125586325,W3123419065
W3125586325,W2105326339
W3125586325,W3049032936
W2254884657,W1570385038
W2254884657,W2029608738
W2254884657,W2044049559
W2254884657,W2038194220
W2254884657,W2025138352
W2254884657,W1969566657
W2254884657,W2064299621
W2126877580,W3035140987
W2994632914,W2886785109
W2994632914,W1482190741
W3081223604,W2792709023
W3081223604,W2017387862
W3081223604,W2027938175
W3081223604,W2118554039
W3081223604,W2328487243
W3081223604,W2883893555
W3081223604,W2913323966
W3081223604,W2318568688
W2910462204,W2078974095
W2910462204,W2036315340
W2910462204,W2594555910
W3124112311,W3124112311
W3124112311,W2047437177
W2012062191,W2094392268
W2782348312,W948640695
W2782348312,W1732240353
W2782348312,W3021916629
W2782348312,W2264050319
W2782348312,W2216357226
W2782348312,W2007878524
W2782348312,W1995524284
W66373487,W2147880316
W66373487,W2084046180
W2097698421,W2109158012
W2097698421,W2135011388
W3009999522,W2273267066
W3009999522,W2166550586
W1967105697,W2166550586
W1967105697,W2161771297
W2073378182,W2002735931
W1663154925,W1967105697
W2593137067,W2256120588
W2593137067,W2293040502
W2593137067,W2097022543
W2020104019,W1973472735
W1994547427,W2089659076
W2464238462,W2041563290
W2464238462,W2061289966
W2464238462,W2029485242
W2464238462,W3126012494
W2464238462,W1990596918
W3034825141,W311927316
W3034825141,W3012099172
W3034825141,W3015571324
W3034825141,W2040113717
W1963699201,W1971499895
W2002463857,W4296816736
W2002463857,W2108696783
W2002463857,W2049069390
W2123726046,W1974963036
W2134374287,W2055240231
W2134374287,W2476732026
W2134374287,W1508162533
W2134374287,W1990513740
W2408382927,W2005307077
W2769593477,W2105103777
W2769593477,W1965746216
W2769593477,W2111619626
W2769593477,W2076587863
W2769593477,W2029608738
W2769593477,W2606213502
W2769593477,W2303531378
W2769593477,W2038194220
W2769593477,W2114623221
W2769593477,W2786563204
W2085391041,W2040709535
W2085391041,W2772487859
W2031441006,W2166550586
