cited,cites
W2103017472,W2141652419
W2103017472,W3112600195
W2103017472,W2133790733
W2103017472,W4213149192
W2103017472,W2141885858
W2105831729,W2137813581
W2105831729,W2106403318
W2120160157,W2132616700
W2024046085,W1678356000
W2036063909,W1574378514
W2166982098,W2168569455
W2166982098,W2098685541
W2055666215,W2096525273
W2055666215,W2061008984
W1678356000,W2024046085
W2168909179,W2127230663
W2168909179,W2061008984
W2168909179,W2141885858
W2161163382,W1587094587
W2158049821,W2163059190
W2148726987,W2098979973
W2143516773,W2121947440
W2166667242,W2290312602
W2163059190,W2101963262
W2163059190,W2158049821
W2137813581,W2121606987
W2132870739,W1576520375
W2132870739,W1964357740
W2032285541,W2089402107
W2032285541,W2116006659
W2126105956,W2145479420
W2126105956,W2125899728
W2124637492,W1645305843
W2124637492,W2130790725
W2124637492,W2038195874
W2124637492,W1650797637
W2168452204,W2106335692
W2168452204,W2148251644
W2127774996,W2144362290
W2109364787,W2152195021
W2130403046,W2106335692
W2130403046,W2148251644
W2160337655,W2126736494
W2160337655,W1749494163
W2067191022,W2099244020
W2128016314,W2168909179
W2128016314,W2061008984
W2128016314,W2136145671
W2156267802,W1550443206
W2052644075,W2148726987
W2104846640,W2148251644
W2104846640,W2106335692
W2165299997,W2109364787
W2165299997,W2152195021
W2143426320,W2147246240
W2112680994,W2161728228
W4235770099,W2148726987
W2004293194,W2136573752
W2169245194,W2152195021
W4255411484,W2047805825
W2136145671,W2168909179
W2136145671,W2055666215
W2170102584,W1490482062
W2121927366,W2121947440
W2119652992,W2089402107
W2035908878,W1494075612
W2099249565,W2108244474
W2153624566,W2110699703
W2153624566,W2156737316
W2166706824,W1576520375
W2070493638,W1678356000
W2070493638,W2024046085
W2104974755,W2143516773
W2104974755,W2167667767
W2104974755,W2113137767
W2018514036,W2089402107
W2084864304,W1631356911
W2159675211,W2126602684
W2100379340,W2166982098
W2100379340,W2168569455
W2146058063,W2994240441
W2146058063,W2141913814
W1880262756,W2107743791
W2148606196,W2124637492
W2148606196,W2161728228
W2148606196,W2167869241
W2148606196,W2130790725
W2148606196,W2156737316
W2148606196,W2153624566
W2148606196,W2038195874
W2148606196,W2018045523
W2148606196,W2110699703
W2148606196,W2065304353
W2103546861,W2994240441
W2103546861,W3217097258
W2103546861,W2161444534
W2096525273,W3097145107
W2096525273,W2899070097
W2096525273,W2177317049
W2096525273,W2055666215
W2096525273,W2122732537
W2096525273,W1499500424
W2096525273,W2020541351
W2096525273,W2119412782
W2096525273,W2165674132
W2096525273,W2107903949
W2096525273,W1544923801
W2096525273,W2116041602
W2096525273,W4210400672
W2096525273,W2141885858
W2096525273,W2133790733
W2096525273,W2103017472
W2096525273,W2123060905
W2096525273,W2127774996
W2096525273,W2155606054
W2096525273,W2130479394
W2096525273,W2146341019
W2170989872,W2120865735
W2170989872,W2038437697
W1964895626,W2105381419
W1964895626,W4294107304
W1964895626,W2126602684
W1964895626,W2157795344
W2122683221,W4294216483
W2122683221,W2103017472
W2122683221,W2096525273
W1999908724,W2164043498
W1999908724,W2022085591
W2120865735,W2170989872
W2002726823,W1575585006
W2002726823,W1486722793
W2002726823,W1567420244
W2158489424,W2156434383
W2158489424,W2098126593
W2158489424,W2141042406
W2158489424,W2110755408
W2154139219,W2103017472
W2154139219,W2141885858
W1574235309,W2168569455
W1574235309,W1608836379
W2097308346,W2053186076
W2097308346,W2001141328
W2097308346,W2165874743
W2135273380,W2168676717
W2017044005,W2142960568
W2143238378,W2096525273
W2143238378,W2164004777
W2143238378,W4213149192
W2143238378,W2122732537
W2131846894,W2124404372
W2147555557,W2148726987
W1990911977,W4239696231
W2136850043,W2065304353
W2136850043,W2167869241
W2136850043,W2037036397
W2136850043,W2084619201
W2136850043,W2130790725
W2136850043,W2156737316
W2136850043,W2103017472
W2136850043,W2165874743
W2136850043,W2159675211
W2166272087,W2070808447
W2892380133,W2096684396
W2159094788,W2042281163
W2171380100,W2113583180
W1708393801,W2168569455
W1708393801,W1608836379
W2031553845,W2028011121
W2163199119,W2059382687
W2163199119,W2151922790
W2163199119,W1965306643
W2163199119,W2167557255
W2163199119,W1992941735
W2163199119,W1920303762
W2142237411,W4294216483
W2121512231,W2161339576
W2121512231,W1619623942
W2121512231,W2141042406
W2121512231,W2158489424
W2121512231,W2098126593
W2151103935,W2124404372
W2133665775,W2159269332
W2132629607,W2130479394
W2132629607,W2095724872
W2132926880,W2127774996
W2132926880,W2144362290
W2144081223,W2130479394
W2128495200,W2123649031
W2147993766,W2131288855
W1995031937,W2068719957
W1995031937,W2104057213
W2162530578,W2152664025
W2162530578,W2058401000
W2095293504,W2124637492
W2095293504,W2148606196
W2095293504,W2038195874
W2095293504,W2171707538
W2158266834,W2141885858
W2107396783,W2146890818
W2107396783,W1888172398
W2107396783,W2165744313
W2160697532,W2038437697
W1964357740,W2132870739
W1964357740,W2153635508
W1964357740,W1576520375
W2152121970,W2129766733
W2152121970,W2148963518
W2081098333,W2038437697
W2081098333,W2122598723
W2081098333,W2109972881
W2081098333,W2157795344
W2146396346,W2156434383
W2146396346,W1522592213
W2146396346,W3217097258
W2158196600,W2057765075
W2158196600,W2009435671
W1985588649,W2009423060
W2063978378,W2024046085
W2063978378,W1678356000
W2063978378,W2084341220
W3151685851,W1721421031
W3151685851,W1996293917
W3151685851,W2166982098
W1519266993,W2132926880
W1519266993,W2144362290
W1519266993,W2127774996
W1519266993,W2130479394
W2154652894,W2101105183
W2136451344,W1721421031
W2136451344,W1996293917
W2136451344,W2166982098
W2160660844,W2166706824
W2160660844,W2038721957
W2047940964,W2124637492
W2047940964,W2148606196
W2047940964,W2167869241
W2047940964,W2095293504
W2047940964,W2089458547
W2105423509,W1577577364
W2105423509,W2120865735
W2105423509,W2109972881
W2105423509,W2107277218
W2105423509,W2136145671
W2155806125,W2103546861
W2161746138,W4213149192
W2161746138,W2152770371
W1972673502,W4241456496
W2124459709,W2025415734
W3122074090,W3126105906
W1971040550,W2042281163
W1580389772,W2159269332
W1580389772,W2133665775
W2107282968,W2151464048
W2107282968,W2124281279
W2119132330,W2101225175
W2089458547,W2124637492
W2089458547,W2095293504
W2089458547,W2148606196
W2121677860,W2146396346
W2121677860,W3217097258
W2116634113,W2170989872
W2116634113,W2159400887
W2116634113,W2120865735
W2116634113,W2038437697
W2116634113,W2122598723
W2116634113,W1544923801
W2129163149,W2091395676
W2129163149,W2049424645
W2009423060,W1985588649
W2130410032,W2123106337
W2130410032,W2097413644
W2161969291,W2177274842
W2161969291,W2151103935
W2161969291,W1576520375
W2161339576,W1619623942
W2161339576,W2141042406
W2161339576,W2098126593
W2161339576,W2158489424
W2112776483,W2117779820
W2112776483,W1985949400
W2122825543,W2063978378
W2122825543,W2074682976
W2122825543,W2143426320
W2122825543,W2138550913
W2122825543,W4294107304
W2122825543,W2157795344
W2122825543,W2171033594
W2171268876,W2123768693
W2171268876,W2127522551
W2171268876,W2118233996
W2129660502,W2171380100
W2139416101,W2120160157
W2139416101,W2149507322
W2106335692,W2148251644
W2159752439,W2166244948
W2159752439,W2003193361
W2071707134,W2137775453
W2071707134,W2129766733
W2071707134,W1985093013
W2164154943,W2103017472
W2134233006,W2058122340
W2154053567,W2147246240
W2171960770,W1971040550
W2171960770,W2159094788
W2171960770,W2042281163
W2118233996,W2147993766
W2118233996,W2024726841
W2536620281,W1967344706
W2536620281,W2213594914
W2055298722,W2103546861
W2055298722,W2146058063
W1760829075,W2162010696
W1760829075,W2129900561
W4239149238,W2102234847
W2138019504,W2063978378
W2138019504,W2074682976
W4230920194,W2004293194
W4230920194,W2118421222
W4230920194,W2136573752
W2090249381,W2022548072
W2090249381,W1989668498
W2090249381,W2012407814
W2090249381,W2006165291
W2090249381,W2176202464
W2152301430,W2161062388
W2152301430,W4210400672
W2152301430,W2060809301
W2152301430,W2096525273
W2152301430,W2141885858
W2097073572,W2099244020
W2177274842,W2057175746
W2177274842,W2151103935
W2177274842,W2163352848
W2177274842,W2131846894
W2177274842,W2124404372
W2099175737,W2107396783
W2099175737,W2165744313
W2099175737,W2146890818
W1986792585,W1539835075
W2099304543,W2049350168
W2060705109,W2130790725
W2060705109,W2038437697
W2060705109,W2018045523
W2060705109,W2142437744
W2060705109,W2124637492
W1976579441,W2075884494
W2287814884,W2543580944
W2023999328,W3021353408
W2164928285,W2124637492
W2164928285,W2018045523
W2164928285,W2089458547
W2164928285,W2084619201
W1976759885,W2142289369
W1976759885,W2103948957
W1976759885,W2105827100
W1976759885,W2274815048
W1976759885,W2083919264
W1976759885,W2103317434
W1976759885,W2002311592
W1976759885,W2161586297
W1976759885,W2131022626
W1976759885,W2099784075
W1976759885,W2606995208
W1976759885,W2006970256
W2161080627,W2167366201
W1979290264,W2170816415
W4250955649,W2116148865
W4250955649,W2145096794
W2100495367,W2136922672
W2100495367,W2053186076
W2100495367,W2001141328
W2136922672,W2057175746
W2136922672,W2116064496
W2168696662,W2103546861
W2168696662,W1971415551
W2168696662,W2146058063
W2145096794,W2116148865
W2136334331,W2134233006
W2136334331,W2058122340
W2101135654,W2110208125
W2101135654,W2004293194
W2101135654,W2151130155
W2101135654,W2058046532
W2151936673,W2153624566
W2151936673,W2124637492
W2151936673,W2148606196
W2151936673,W2120043163
W2151936673,W2095293504
W2151936673,W2089458547
W2151936673,W2047940964
W2156125289,W2154139219
W2156125289,W2105275554
W1565746575,W2009543464
W1988925586,W1577577364
W1988925586,W2146396346
W1988925586,W2155806125
W2070722739,W2124637492
W2070722739,W2018045523
W2070722739,W2148606196
W2070722739,W2089458547
W2070722739,W2153624566
W2070722739,W2130790725
W2070722739,W1650797637
W2070722739,W2161728228
W2070722739,W2038195874
W2070722739,W2114104729
W2070722739,W2095293504
W2070722739,W2156737316
W2070722739,W2065304353
W229097380,W2151936673
W2160547390,W2128659236
W2160547390,W2116148865
W2160547390,W2078204800
W2112315008,W2024046085
W2112315008,W2120160157
W2112315008,W2112776483
W2112315008,W2139416101
W2112315008,W2091395676
W2112315008,W2057765075
W2112315008,W2149507322
W2112315008,W2157641482
W2112315008,W2009435671
W2112315008,W2077959816
W2258584306,W2128158076
W2107665951,W4294107304
W2107665951,W2081098333
W2107665951,W2170989872
W2107665951,W2157795344
W2107665951,W2100668965
W2111967267,W2116137883
W2111967267,W2142437744
W2162915993,W1566135517
W2162915993,W1880262756
W2056132907,W2911964244
W1992865536,W2048377078
W2020925091,W2063978378
W2020925091,W2078204800
W2020925091,W2074682976
W2148011665,W2140484936
W2148011665,W2017039362
W2148011665,W2006763260
W2148011665,W2166272087
W2164452299,W2145096794
W2164452299,W2129131372
W2164452299,W2078204800
W2164452299,W2129638195
W2028979275,W2119007429
W2028979275,W2128225313
W2028979275,W2152984210
W2028979275,W1909100498
W2084530896,W2096522898
W2084530896,W4233283252
W2084530896,W2123587734
W2084530896,W2083919264
W2084530896,W2142289369
W2084530896,W1976759885
W2084530896,W2121981479
W2084530896,W2105827100
W2084530896,W2103317434
W2084530896,W2002311592
W2084530896,W2103948957
W2084530896,W2110559753
W2084530896,W2274815048
W2084530896,W2099784075
W2084530896,W2006970256
W2144288821,W2118233996
W2144288821,W2131288855
W2129638195,W2129131372
W2129638195,W4250955649
W2129638195,W2145096794
W2128881154,W2128158076
W2150667092,W2118421222
W2150667092,W2148726987
W2150667092,W4235770099
W2150667092,W2138790588
W2150667092,W2052644075
W1976637107,W2166667242
W2144369278,W2071707134
W2081870935,W77753788
W2163808566,W2102544846
W2163808566,W2177274842
W2163808566,W2163352848
W2108169091,W2098126593
W2108169091,W2217809488
W2108169091,W2058401000
W2108169091,W2158489424
W2108169091,W2157752701
W2015688756,W2131288855
W2015688756,W2147993766
W2153663612,W2160547390
W2153663612,W2078204800
W2153663612,W2128659236
W2121604817,W2097255042
W2121604817,W2128985829
W2121604817,W2146264532
W2121604817,W2123106337
W2121604817,W2130410032
W2107554012,W2138825607
W2127141656,W2147880316
W2127141656,W2079735306
W1541774929,W2157641482
W1989763926,W2146272101
W1989763926,W2164385948
W1989763926,W4213284804
W1989763926,W2153610778
W1989763926,W1902610065
W2138621090,W2121947440
W2138621090,W2001141328
W2138621090,W2053186076
W2138621090,W2165874743
W2110559753,W4233283252
W2110559753,W2008157089
W2110559753,W2084530896
W2110559753,W2069985294
W2110559753,W2105827100
W2105850748,W1888172398
W2105850748,W2130403046
W2105850748,W2107396783
W2105850748,W2165744313
W2105850748,W2099175737
W2105850748,W2146890818
W2105850748,W2160643434
W2131350133,W2144081223
W2131350133,W2074986801
W2138664283,W2599076725
W2161633633,W2098126593
W2161633633,W2157752701
W2161633633,W2048755332
W2161633633,W2162530578
W2125121305,W2146396346
W2125121305,W2121677860
W2137015675,W2132926880
W2137015675,W2127774996
W2137015675,W2144362290
W2543580944,W2169245194
W2543580944,W2109364787
W2543580944,W2152195021
W2543580944,W2125213524
W2599076725,W2142960568
W2163341755,W255996521
W2163341755,W2109184569
W2152885278,W2170024099
W2152885278,W2096525273
W2059796825,W2142960568
W2275737843,W2142960568
W2275737843,W2599076725
W1985749074,W2099556653
W2167928095,W2582377764
W2110335151,W2161444534
W2110335151,W2146058063
W2110335151,W2146396346
W2169667133,W2141647475
W2169667133,W2089402107
W2169667133,W2059813301
W2119799171,W2102234847
W2110835349,W2094939159
W2110835349,W2161444534
W2110835349,W2153432740
W2058998445,W2037511922
W2010348352,W2127625785
W2010348352,W2048385562
W2010348352,W2153610778
W2160643434,W2148606196
W2160643434,W2107396783
W2160643434,W2146890818
W2160643434,W2165744313
W2160643434,W2099175737
W2160643434,W2105850748
W2090330784,W2044579390
W2035503835,W2130479394
W2035503835,W2144998676
W2132914434,W2097308346
W2132914434,W2121947440
W2132914434,W2165874743
W2127271355,W4250955649
W2127271355,W2129638195
W2127271355,W2063978378
W2127271355,W2115706991
W2127271355,W2128659236
W2127271355,W2078204800
W2127271355,W2129131372
W2127271355,W2145096794
W2127271355,W2116148865
W2115217290,W2113168655
W2115217290,W2141125801
W2115217290,W2068719957
W2115217290,W1995031937
W2115217290,W2104057213
W2115217290,W2038702827
W2143381319,W2125899728
W2143381319,W2098907614
W2143381319,W2126105956
W2143381319,W2165171393
W2056370875,W2153663612
W2135894974,W2138790588
W3022423927,W2142960568
W2155298532,W4230920194
W2155298532,W2118421222
W2088321686,W2134233006
W2088321686,W2072923279
W2110035718,W2107356656
W2110035718,W2134036574
W2143560894,W2152195021
W2143560894,W2287814884
W2126840412,W2135526934
W2123060905,W2165674132
W2123060905,W2133579817
W2101675075,W2145096794
W2101675075,W4250955649
W2101675075,W2115706991
W2101675075,W2164452299
W2165232124,W2137813581
W2165232124,W2121947440
W2015416439,W1509466986
W2015416439,W1968931043
W2015416439,W2158610627
W2015416439,W2168602111
W2015416439,W2128016314
W2015416439,W2164683872
W2136922540,W2149662495
W2136922540,W2136451344
W2125092464,W2121512231
W2125092464,W2158489424
W2125092464,W2098126593
W2125092464,W2161339576
W2125092464,W2141042406
W2112316706,W2107165713
W2165935007,W2122838852
W1972432506,W2104718076
W3121953277,W2099901798
W3121953277,W2085525886
W3121953277,W2113601822
W3121953277,W2171405751
W3121953277,W2040452926
W2106824077,W2150345533
W2130517250,W2102746137
W2158217645,W2122683221
W2158217645,W2130410032
W2187089797,W2053186076
W2187089797,W2001141328
W2187089797,W2100495367
W2187089797,W2139823104
W2038702827,W2068719957
W2038702827,W2113168655
W2038702827,W1995031937
W2038702827,W2115217290
W2038702827,W2104057213
W1966327575,W2060705109
W1966327575,W2018045523
W1966327575,W2096863518
W1966327575,W2159675211
W1966327575,W2122683221
W1966327575,W2103017472
W2114570899,W2161222316
W2114570899,W2108244474
W2114570899,W2107277218
W2067404301,W2142225512
W2131681506,W2124637492
W2131681506,W2095293504
W2131681506,W2047940964
W2131681506,W2015953751
W2131681506,W2151936673
W2131681506,W2089458547
W2131681506,W2164928285
W2131681506,W2128366083
W2131681506,W2120043163
W2173213060,W2122465391
W2173213060,W2119565742
W1966078827,W2123768693
W1966078827,W2171268876
W1966078827,W2059013803
W1966078827,W2150981663
W2080752012,W2140946052
W2080752012,W2065566217
W2080752012,W2169805130
W2080752012,W2013947447
W2133465414,W2103017472
W2133465414,W2122683221
W2133465414,W2171030481
W2133465414,W2130410032
W2133465414,W2165463056
W2133465414,W2158217645
W2133465414,W2161062388
W2119605622,W2151103935
W2119605622,W2177274842
W2119605622,W2164598857
W2119605622,W1625255723
W2119605622,W2124404372
W2004548026,W2133579817
W2004548026,W4294216483
W2004548026,W2123060905
W2112181056,W2045197688
W3125688476,W2111558694
W3125688476,W2096684396
W2119667497,W2129131372
W2119667497,W2164452299
W2119667497,W4250955649
W2119667497,W2129638195
W2119667497,W2127271355
W2119667497,W2145096794
W2160969485,W2168909179
W2160969485,W2129795133
W2160969485,W2128114769
W2160969485,W1767772592
W2160969485,W2127230663
W2160969485,W2151464048
W2915783575,W2142794782
W2915783575,W1909100498
W2915783575,W2028979275
W2915783575,W2121690346
W2915783575,W2128225313
W2915783575,W2114883075
W2915783575,W2119007429
W2915783575,W2129031626
W1560371066,W2025781576
W1560371066,W2897971917
W1979368277,W2086945873
W2021520922,W2118233996
W2021520922,W2171268876
W2021520922,W2150981663
W2116341502,W2147880316
W1831050183,W273955616
W1831050183,W2123998733
W1979308046,W2141708961
W2109305774,W1979290264
W2146290595,W2098126593
W2010163891,W2092509345
W2112042732,W2110506823
W2112042732,W2098685541
W2112042732,W1721421031
W2112042732,W1996293917
W2112042732,W2170899200
W2112042732,W2166982098
W2112042732,W2168569455
W2112042732,W2100379340
W2025768430,W2153663612
W2025768430,W2136922672
W2025768430,W2100495367
W2148092884,W2107165713
W2148092884,W2112316706
W2127847431,W1988925586
W2127847431,W2103546861
W2127847431,W2146058063
W2127847431,W2168696662
W2127847431,W3217097258
W2132022337,W2011301426
W2132022337,W2148606196
W2118585731,W2153635508
W2118585731,W2097360283
W2118585731,W2109943925
W2033686454,W2112315008
W2033686454,W1678356000
W2033686454,W2139416101
W2033686454,W2149507322
W2124565737,W2067804762
W2124565737,W2049468624
W2124565737,W2146904764
W2135695572,W2084341220
W2135695572,W2112315008
W2135695572,W1678356000
W2135695572,W2070493638
W2135695572,W2024046085
W2135695572,W2161548576
W2135695572,W2009435671
W2170239483,W2130403046
W2070059498,W2165528549
W2159805452,W3123974754
W1977367431,W2131726714
W1977367431,W2122465391
W2067715889,W1928998639
W2108929776,W2125346198
W2132764286,W2764347725
W2132764286,W1631356911
W2046557060,W2118421222
W2155201844,W2102245393
W2155201844,W2130479394
W2109943925,W2118585731
W2109943925,W2153635508
W2163097950,W2258584306
W2156098321,W2165010366
W2156098321,W2599076725
W2108234281,W2128016314
W2108234281,W2124985265
W2108234281,W2112113834
W2103441770,W2124985265
W2103441770,W2112113834
W2103441770,W2139760555
W2103441770,W2136145671
W2103441770,W2108234281
W2103441770,W2055666215
W2103441770,W2132341951
W2108598243,W2151103935
W2108598243,W2038721957
W2114104545,W2160697532
W2114104545,W2121211805
W2114104545,W2081098333
W2005501262,W2165010366
W2134967712,W2109364787
W2134967712,W2152195021
W2134967712,W2105668062
W2059205366,W2131350133
W2120145199,W2014166972
W2120145199,W2102182691
W2108718991,W2155066423
W2108718991,W1988925586
W2108718991,W2156125289
W2108718991,W2170024099
W2108718991,W2155806125
W2108718991,W2091922579
W2108718991,W2149573313
W2108718991,W2131186249
W2142678478,W2055666215
W2142678478,W2151464048
W2142678478,W2146341019
W2142678478,W2136145671
W2031489346,W2161969291
W2031489346,W1565746575
W2031489346,W2162915993
W2031489346,W2151103935
W2031489346,W2104974755
W2031489346,W3097096317
W2031489346,W2131846894
W2031489346,W2038721957
W2031489346,W1625255723
W2133990480,W3120421331
W2133990480,W2153635508
W2133990480,W2118585731
W2150220236,W4238591974
W2154845780,W2128016314
W2154845780,W2102234847
W2154845780,W2061680337
W2154845780,W2083878136
W2154845780,W2110755408
W2168420558,W1544923801
W2168420558,W2114570899
W2168420558,W2138581811
W2168420558,W2108244474
W2168420558,W2099249565
W2168420558,W2105423509
W2168420558,W1577577364
W2145538332,W2131350133
W2145538332,W2032842297
W2154714625,W2109184569
W2154714625,W2130479394
W2154714625,W2144081223
W2154714625,W2074986801
W2020155291,W2024641550
W2020155291,W4255411484
W2096885696,W2174670974
W2096885696,W2103948957
W2096885696,W2073141004
W2096885696,W1951817746
W2096885696,W2142289369
W2096885696,W2018459257
W2096885696,W2274815048
W2096885696,W2084530896
W2115888213,W1963957860
W2115888213,W2159957100
W2097065948,W2124985265
W2097065948,W2112113834
W2097065948,W2121211805
W2097065948,W2154431984
W2097065948,W2155804510
W2097065948,W2160969485
W2097065948,W2136145671
W2100556411,W2115706991
W2167822639,W2131681506
W2167822639,W2070722739
W2167822639,W2171707538
W2167822639,W2120043163
W2167822639,W2117663940
W2167822639,W2132022337
W2167822639,W2159929956
W2167822639,W2156737316
W2167822639,W2153624566
W2167822639,W2148606196
W2167822639,W2089458547
W2167822639,W2151936673
W2167822639,W2164928285
W2158804744,W1994145712
W2158804744,W2124967403
W2158804744,W1966822396
W2127048411,W2124637492
W2127048411,W2148606196
W2127048411,W2070722739
W2127048411,W2164928285
W2127048411,W2095293504
W2127048411,W2171960770
W2127048411,W2018045523
W2127048411,W2015953751
W2127048411,W2121947440
W2127048411,W2171707538
W2127048411,W2089458547
W2127048411,W2047940964
W2127048411,W2151936673
W2127048411,W2153624566
W2127048411,W2128366083
W2127048411,W2023655578
W2127048411,W2103017472
W2127048411,W2038195874
W2127048411,W3140968660
W2127048411,W2132914434
W2127048411,W1607198972
W2127048411,W2165874743
W2127048411,W2120043163
W2127048411,W2009435671
W2127048411,W2131681506
W2157009395,W2145091349
W2157009395,W2105381419
W2125910575,W2159675211
W2120772351,W2132926880
W2120772351,W2102502076
W2120772351,W2141885858
W1983981789,W2133674686
W2024165284,W2013912476
W2168356304,W2152826865
W2168356304,W2161969291
W2168356304,W2151103935
W2168356304,W3097096317
W2168356304,W1576520375
W2119444539,W2158489424
W2119444539,W2217809488
W2119444539,W2108169091
W2119444539,W2157752701
W2119444539,W2098126593
W2129812935,W2164452299
W2129812935,W2129638195
W2129812935,W2117553576
W2129812935,W2078204800
W2129812935,W2163808566
W2129812935,W2123921160
W2074932610,W2073279551
W2074932610,W2171137184
W2074932610,W4212838134
W2074932610,W2113168655
W2074932610,W1995031937
W2074932610,W2038702827
W2074932610,W2115217290
W2074932610,W2104057213
W2074932610,W2068719957
W2118978333,W2132870739
W2118978333,W2148143831
W2118978333,W2158698691
W2118978333,W1976526581
W2118978333,W2104933073
W2011430131,W2151103935
W2011430131,W2151936673
W2011430131,W2121947440
W2011430131,W2165874743
W2011430131,W2140190241
W2011430131,W2095293504
W2011430131,W2897971917
W2011430131,W1663973292
W2011430131,W1880262756
W2037199116,W1597678601
W2037199116,W2080752012
W2077968790,W2939474406
W2140699752,W2032285541
W2140699752,W2141647475
W2140699752,W2169667133
W2111684210,W1587094587
W2111684210,W2034562813
W2111684210,W2009435671
W2150687058,W2022085321
W2150687058,W2119607070
W2072955302,W2152195021
W2070753604,W2150981663
W2070753604,W2118233996
W2070753604,W2147993766
W2070753604,W2015688756
W2065974896,W3022423927
W2065974896,W2599076725
W2065974896,W1550443206
W1980740976,W2164004777
W1980740976,W2143238378
W1980740976,W2098425296
W2169589032,W2103017472
W2169589032,W2171030481
W2169589032,W2159675211
W2138763184,W2143514530
W2138763184,W2147746661
W2059885388,W2003193361
W2059885388,W2140886907
W2059885388,W2044591029
W2119888547,W2127036970
W2119888547,W2107282968
W1976744965,W2152195021
W2114850508,W4210400672
W2114850508,W1996423252
W2114850508,W2047417387
W2114850508,W2141885858
W2114850508,W2161062388
W2119180969,W2012016911
W2119180969,W2173213060
W2119180969,W2058401000
W2119180969,W2103441770
W2119180969,W2112113834
W2119180969,W2139760555
W2119180969,W2108234281
W2119180969,W2128114769
W2119180969,W2061680337
W2119180969,W2122732537
W2119180969,W2128016314
W2124026197,W2109184569
W2124026197,W2144081223
W2124026197,W2144998676
W2124026197,W2074986801
W2102619694,W2128016314
W2102619694,W2108234281
W2180229411,W2109184569
W2180229411,W2130479394
W2180229411,W2154714625
W2180229411,W2144081223
W2180229411,W2074986801
W2180229411,W2163341755
W2180229411,W2131350133
W2180229411,W255996521
W2124351063,W2132926880
W2124351063,W2156125289
W2124351063,W2141885858
W2111211467,W2103546861
W2111211467,W2163627198
W2111211467,W2146058063
W2111211467,W2168696662
W2111211467,W2127847431
W2111211467,W2062018285
W2111211467,W2031611770
W2139168999,W2033585778
W2139168999,W2126930838
W1990074132,W2098595817
W1990074132,W2161633633
W1990074132,W2119799171
W2152239989,W2154431984
W2152239989,W2121211805
W2152239989,W2119034410
W2152239989,W2114104545
W2152239989,W2107018762
W2152239989,W2081098333
W2152239989,W2160697532
W2152239989,W2124985265
W2152239989,W2158698691
W2105103777,W2168452204
W2031611770,W2127847431
W2031611770,W2111211467
W2031611770,W2151692850
W2031611770,W2168696662
W2031611770,W1988925586
W2031611770,W2105329815
W2031611770,W2103546861
W2017871657,W2134233006
W2097360283,W2138019504
W2097360283,W2020925091
W2097360283,W2074682976
W2097360283,W2063978378
W2097360283,W2132555912
W2097360283,W2115706991
W2097360283,W2122825543
W1665214252,W2116064496
W1665214252,W2136922672
W1665214252,W2100495367
W2084154288,W2075950485
W2084154288,W2142225512
W1533861849,W2136922672
W1533861849,W2025768430
W1533861849,W2117130368
W4247053599,W2132341951
W4247053599,W2124985265
W4247053599,W2103441770
W4247053599,W2112113834
W4247053599,W2108234281
W4247053599,W2139760555
W4247053599,W2055666215
W2143485490,W2105199251
W2143485490,W2170488656
W2028302194,W2168696662
W2028302194,W2146058063
W2131568786,W2068719957
W2131568786,W1995031937
W2131568786,W2038702827
W2131568786,W2104057213
W2166073443,W2128495200
W2166073443,W2135894974
W2080283023,W2047774330
W2080283023,W2127602818
W2080283023,W2156125289
W2080283023,W2105329815
W2080283023,W2152885278
W2080283023,W2170024099
W2080283023,W2144568881
W2080283023,W2149573313
W2080283023,W2154736508
W2134843796,W2065974896
W2134843796,W1550443206
W2033151532,W2117446594
W2033151532,W2155496693
W2033151532,W2067715889
W2033151532,W2157752701
W2033151532,W2158489424
W2033151532,W2098597355
W2033151532,W2161633633
W2033151532,W2134783591
W2033151532,W1577941315
W2146502635,W3120740533
W2146502635,W2108598243
W2107060225,W2155804510
W2107060225,W2130410032
W2107060225,W2158217645
W2107060225,W2103017472
W2107060225,W2114104545
W2107060225,W2154431984
W2107060225,W2121211805
W2107060225,W2124985265
W2107060225,W2107018762
W2140092196,W2024641550
W2140092196,W4255411484
W4296816736,W2142960568
W4296816736,W1544923801
W2101196063,W2061820396
W2147601077,W2133475491
W2049069390,W4296816736
W2049069390,W2108696783
W2049069390,W2142960568
W2049069390,W1544923801
W2103879113,W2113537253
W2037312364,W2130479394
W2037312364,W2060259273
W2037312364,W2102245393
W2037312364,W2103017472
W2037312364,W2155201844
W2037312364,W2161062388
W2133360663,W2107794977
W2133360663,W2170024099
W2133360663,W2151409320
W2133360663,W2109628725
W2133360663,W1990221500
W2161605421,W2144288821
W2161605421,W2024726841
W2128254161,W2099244020
W1965092590,W2140886907
W1965092590,W2062852634
W1965092590,W2044591029
W2110158442,W2121927366
W2110158442,W1999478155
W2110158442,W2067191022
W2110158442,W2121947440
W2110158442,W2116040950
W2110158442,W2124351162
W2121058967,W2053186076
W2121058967,W4250955649
W2121058967,W2153663612
W2121058967,W2160547390
W2145094598,W2116064496
W2145094598,W2025768430
W2145094598,W2100495367
W2145094598,W2136922672
W3125057276,W2096684396
W2156194072,W2137340504
W2156194072,W2155529731
W2156194072,W2126105956
W2156194072,W2145479420
W2155142785,W2159675211
W2045287414,W2114296561
W2045287414,W1977367431
W1977601452,W2161339576
W1977601452,W2157752701
W1977601452,W2158489424
W1977601452,W2137015675
W1977601452,W2108169091
W1977601452,W2125092464
W1977601452,W2151409320
W1977601452,W2130517250
W1977601452,W2146290595
W1977601452,W2141042406
W1977601452,W2133360663
W1977601452,W2120772351
W1977601452,W2098126593
W1985213868,W2122863289
W1985213868,W2154455818
W1979594866,W2129795133
W1979594866,W2103017472
W1979594866,W2090037139
W1979594866,W2130410032
W1979594866,W2128016314
W1979594866,W2102304447
W2119738171,W2119565742
W2119738171,W2122465391
W2136145485,W2155298532
W2136145485,W1970928383
W2136145485,W2110208125
W2153635508,W2132870739
W2153635508,W2109943925
W2153635508,W1576520375
W2132632499,W1519266993
W2132632499,W2111211467
W2132632499,W2103546861
W2132632499,W2110899053
W2132632499,W2101846955
W2132632499,W2168696662
W2132632499,W2121677860
W2132632499,W3217097258
W2036897871,W2139760555
W2036897871,W2112113834
W2036897871,W1996423252
W2036897871,W2103441770
W2098923148,W2165010366
W2121745948,W2022548072
W2121745948,W2165242200
W2121745948,W2127559745
W2121745948,W1992652001
W2121745948,W2051416171
W2121745948,W1974038018
W2121745948,W2141748334
W2121745948,W2090249381
W2121745948,W2176050019
W2028056984,W2159752439
W2028056984,W2070059498
W2028056984,W2166244948
W2028056984,W2131350133
W1988050849,W2049159124
W1988050849,W2116305749
W1988050849,W2073503722
W2149992227,W2171777347
W2149992227,W2108234281
W2149992227,W2119180969
W2127322768,W4210623056
W2127322768,W2127774996
W2127322768,W2137015675
W2127322768,W2144362290
W2127322768,W2141885858
W2127322768,W2132926880
W2127322768,W2073459066
W2136879569,W2124351063
W2136879569,W2101120467
W2136879569,W2119362018
W2136879569,W2155066423
W2157107905,W2107282968
W2157107905,W2124985265
W2157107905,W2108234281
W2157107905,W2161546116
W2024966118,W2151328940
W2024966118,W2106963750
W2024966118,W2062217294
W2024966118,W2054653365
W2089525884,W1949231392
W2089525884,W2006318126
W2006617902,W2158698691
W2115098571,W1550443206
W2108921801,W2180229411
W2108921801,W2124026197
W2108921801,W2035503835
W2108921801,W2074986801
W2108921801,W2163341755
W2108921801,W2114367386
W2108921801,W2131350133
W2108921801,W2146080841
W2035839217,W2161339576
W2035839217,W2158489424
W2035839217,W2124020140
W2035839217,W2060891246
W2035839217,W2125092464
W2035839217,W2098126593
W2035839217,W2121512231
W2014451195,W2058122340
W2169678694,W2147993766
W2169678694,W2015688756
W2169678694,W2106824077
W2141708418,W2162090451
W2117228865,W2151103935
W2117228865,W2131846894
W2582524520,W2129497119
W2121607567,W2048377078
W2121607567,W2058541903
W1605984840,W1990221500
W1605984840,W229097380
W1605984840,W2180478016
W1605984840,W2151409320
W1605984840,W2117801354
W1605984840,W1504702575
W2151207643,W1949231392
W2151207643,W2019903682
W2159211495,W2180229411
W2159211495,W2144081223
W2159211495,W1607198972
W2159211495,W2114367386
W2159211495,W2131350133
W2159211495,W3140968660
W1990134753,W2127048411
W1990134753,W1760829075
W1990134753,W2089572795
W2130892515,W2049159124
W2130892515,W1988050849
W2130892515,W2116305749
W2130892515,W3157407122
W2010457001,W2103017472
W2010457001,W2133465414
W2010457001,W4294216483
W2010457001,W2123106337
W2010457001,W2130410032
W2150131459,W2171777347
W2150131459,W2012016911
W2150131459,W2149992227
W2150131459,W2168133698
W2150131459,W1992436001
W2150131459,W2103441770
W2150131459,W4247053599
W2150131459,W2112113834
W2150131459,W2108234281
W2138122982,W2142678478
W2138122982,W4210623056
W2138122982,W2141885858
W2129497119,W2582524520
W2129497119,W2167840686
W2145962650,W2100556411
W2145962650,W2097308346
W2145962650,W2103972604
W2145962650,W2611328865
W2145962650,W2145096794
W2145962650,W2078204800
W2145962650,W2123921160
W2145962650,W2118550318
W2145962650,W2001141328
W2145962650,W2102625004
W1969353942,W2103017472
W1969353942,W2038963685
W1969353942,W2128985829
W1969353942,W2171030481
W2161498332,W2144981148
W2135621733,W4210623056
W2135621733,W2096525273
W2135621733,W2141885858
W2052319966,W1525197209
W2052319966,W2105685140
W2074276081,W2171129594
W2074276081,W2144852094
W2036321220,W2009826707
W2036321220,W1597678601
W2036321220,W2104726963
W2036321220,W2080752012
W2036321220,W2140946052
W2131374955,W2124985265
W2131374955,W2059099579
W2026131661,W2154053567
W2026131661,W2134603844
W2026131661,W2111072639
W2026131661,W2047028564
W2121656227,W2061326496
W2064186732,W2911964244
W2064186732,W2096863518
W2064186732,W3120740533
W2064186732,W1550443206
W2154071138,W2168696662
W2154071138,W2125121305
W2134539328,W1973268287
W2134539328,W2171972386
W2134539328,W2130410032
W2134539328,W2142739240
W2134539328,W2129172946
W2134539328,W2014691022
W2134539328,W2082833890
W2027847170,W2105106534
W2027847170,W4294216483
W2027847170,W2103017472
W2027847170,W2171030481
W2027847170,W2133465414
W2027847170,W2158217645
W2027847170,W2098425296
W2027847170,W2117446594
W2027847170,W2105381419
W2027847170,W1596515083
W2027847170,W2160697532
W2154026962,W2155066423
W2154026962,W1988925586
W2154026962,W2101120467
W2154026962,W2155806125
W2154026962,W2031611770
W2154026962,W2091922579
W2154026962,W2131186249
W2154026962,W2152885278
W2154026962,W2096525273
W2051416171,W2022548072
W2051416171,W2165242200
W2051416171,W2121745948
W2051416171,W2012407814
W2051416171,W2176202464
W2051416171,W1974038018
W2051416171,W2090249381
W2096166399,W1565746575
W2096166399,W2152195021
W2096166399,W103650626
W2096166399,W2009543464
W2086561953,W2154241726
W2086561953,W2094253263
W2086561953,W2137015675
W2086561953,W2120456037
W1998767819,W2165674132
W1998767819,W2123060905
W1999284878,W2152195021
W1999284878,W2145479420
W1999284878,W2287814884
W1999284878,W2143560894
W1999284878,W2543580944
W3122812581,W2139577967
W3122812581,W2029941278
W2167279371,W2107554012
W2167279371,W2124404372
W2167279371,W2151103935
W2167279371,W2133990480
W2167279371,W2138825607
W2099540110,W2167279371
W2099540110,W2107554012
W2170551349,W2119180969
W2170551349,W2141458291
W2170551349,W2124985265
W2170551349,W2103441770
W2170551349,W4247053599
W2170551349,W2097341408
W2170551349,W2171777347
W2170551349,W2108234281
W2169456326,W1991330646
W2169456326,W2041257508
W2169456326,W2166810745
W2169456326,W2096465161
W2169456326,W2107282968
W2169456326,W2097065948
W2169456326,W2136145671
W2035618305,W2103017472
W2035618305,W2169589032
W2035618305,W2160697532
W2035618305,W45534775
W2035618305,W2105381419
W2034285706,W2155066423
W2034285706,W1988925586
W2034285706,W2155806125
W2034285706,W2108718991
W2034285706,W1989348205
W2034285706,W2045843097
W2034285706,W2114392707
W2034285706,W2124351063
W2140190241,W1678356000
W2140190241,W2165874743
W2140190241,W2911964244
W2140190241,W2144182447
W2140190241,W2064853889
W2148698435,W2094939159
W2148698435,W2161444534
W2148698435,W2146058063
W2120902911,W2145336165
W2120902911,W2161546116
W2120902911,W2032518018
W2120902911,W1966822396
W2120902911,W2160969485
W1913957972,W3021353408
W2128880918,W2136482257
W2128880918,W2155142785
W2128880918,W2125121305
W2259938310,W2102304447
W2259938310,W2151464048
W2259938310,W2096465161
W2259938310,W2166810745
W2259938310,W2141831115
W2259938310,W1964963969
W2259938310,W2171808845
W2259938310,W2117792884
W2259938310,W2059099579
W2259938310,W2171777347
W2259938310,W1979594866
W2259938310,W2117446594
W2150066425,W2168356304
W2150066425,W3120421331
W2150066425,W2161969291
W2150066425,W2104974755
W2150066425,W2117248802
W2150066425,W2153635508
W3125976894,W1979422830
W3125976894,W2098685541
W3125976894,W2168569455
W3125976894,W2100379340
W3125976894,W2110506823
W2127396309,W1990074132
W2127396309,W2146290595
W2127396309,W2004444667
W2127396309,W2098126593
W2127396309,W2047417387
W2100305481,W2154431984
W2100305481,W2160333540
W2100305481,W2141458291
W2100305481,W2121211805
W2100305481,W2097065948
W2100305481,W2136482257
W2100305481,W2152239989
W2100305481,W2114104545
W2100305481,W2119034410
W2100305481,W2126419817
W2100305481,W2129795133
W2100305481,W2079517684
W2100305481,W2124985265
W2100305481,W2108234281
W2110052313,W2069977802
W2110052313,W2148099625
W2110052313,W2125065061
W2110052313,W2144981148
W2110052313,W2331384579
W2106578986,W1984068087
W2106578986,W2119180969
W2106578986,W2149992227
W2106578986,W2122683221
W1990170643,W2131350133
W1990170643,W2165528549
W2170747616,W2124351063
W2170747616,W2156125289
W2170747616,W2125826054
W2170747616,W2149573313
W2130362098,W2110835349
W2130362098,W2107608009
W2118258530,W2020541351
W2118258530,W1544923801
W2118258530,W2259938310
W2118258530,W2160697532
W2118258530,W2100239923
W2118258530,W2081098333
W2118258530,W2519244818
W2160815625,W2116064496
W2160815625,W2136922672
W2160815625,W2100495367
W2160815625,W2147768505
W2160815625,W2145094598
W2160815625,W1533861849
W2028046413,W2028056984
W2028046413,W2169678694
W2028046413,W1965092590
W2028046413,W2003949305
W2028046413,W255996521
W2162098634,W2124985265
W2162098634,W2139122477
W2162098634,W1499500424
W2162098634,W2096525273
W2117131162,W2170488656
W2117131162,W2025183726
W2117131162,W1999746344
W2117131162,W2171777347
W2117131162,W2108234281
W2117131162,W2149992227
W2117131162,W2161289668
W2117131162,W2153056550
W2118246710,W2067191022
W2118246710,W2031489346
W2118246710,W1999478155
W2118246710,W2121927366
W2118246710,W2121947440
W2026616100,W2106787323
W2026616100,W2127890285
W2026616100,W2117340355
W2026616100,W2098979973
W2097998348,W2025768430
W2097998348,W2153635508
W2097998348,W2038669746
W2097998348,W2136922672
W2097998348,W1533861849
W2146395539,W2140199336
W2169353806,W2107665951
W2169353806,W2081098333
W2032019813,W2055666215
W2032019813,W1499500424
W2141975087,W2171960770
W2141975087,W2128438887
W2141975087,W2174706414
W2141975087,W2136451344
W2141975087,W2127048411
W2104234755,W1976579441
W2102166818,W2121927366
W2102166818,W1580389772
W2102166818,W1982471090
W2102166818,W2133665775
W2102166818,W1663973292
W2133870991,W2110835349
W2133870991,W2111211467
W2133870991,W2146058063
W2133870991,W2168696662
W2129933858,W2161546116
W2129933858,W2160969485
W2129933858,W2141920662
W2154197653,W2180229411
W2154197653,W2109184569
W2154197653,W2130479394
W2154197653,W2154714625
W2154197653,W2144081223
W2154197653,W2124026197
W2154197653,W2159211495
W2154197653,W2131350133
W2154197653,W2108921801
W2174706414,W1880262756
W2174706414,W2098126593
W1982471090,W2121927366
W1982471090,W2133665775
W1982471090,W1580389772
W1982471090,W2097073572
W1982471090,W2056370875
W1982471090,W2153663612
W1982471090,W2153635508
W1982471090,W2009543464
W1982471090,W3120421331
W2125188192,W2099244020
W2125188192,W2056370875
W2125188192,W2034562813
W2125188192,W2128254161
W1989083100,W2114850508
W1989083100,W2107903949
W1989083100,W2147096538
W1545241942,W2884525847
W2110375946,W2099901798
W2110375946,W2071510336
W2110375946,W2108718991
W2110375946,W2085525886
W2034932701,W2058122340
W2034932701,W2134233006
W2034932701,W2017871657
W1983183519,W2130010412
W1983183519,W1760829075
W1983183519,W2111464173
W1983183519,W1990134753
W1983183519,W2162010696
W1981729886,W2058122340
W1981729886,W2134233006
W1981729886,W2014451195
W2066131315,W2162348455
W2066131315,W1994433187
W2066131315,W2166394891
W2066131315,W2126473499
W2162896254,W2112615110
W2162896254,W3133236490
W2162896254,W1913957972
W2162896254,W2070722739
W2162896254,W229097380
W2086865963,W2162088497
W2086865963,W2080283023
W2086865963,W2166171121
W2086865963,W2170024099
W2086865963,W2124351063
W2086865963,W2152885278
W2086865963,W1988925586
W1968984443,W2029582401
W2119298903,W2141708418
W2056435747,W2056352756
W2056435747,W2117706739
W2056435747,W2084744129
W2056435747,W1984670836
W2056435747,W181107242
W2140137154,W2899497983
W2140137154,W2147875900
W2027254180,W2151103935
W2015197254,W2169678694
W2152207030,W2132632499
W2152207030,W3217097258
W2152207030,W2146396346
W2152207030,W2156434383
W2160378127,W2155066423
W2160378127,W2102502076
W2160378127,W2127774996
W2160378127,W2119362018
W2160378127,W4320301318
W2160378127,W2127322768
W2160378127,W2120772351
W2160378127,W2141885858
W2160378127,W255996521
W2138207763,W2152239989
W2138207763,W2160697532
W2138207763,W2128016314
W2138207763,W2124985265
W2138207763,W1999574084
W2138207763,W2103441770
W2138207763,W2108234281
W2138207763,W2110905563
W2138207763,W2130116522
W2138207763,W2102619694
W2138207763,W2114104545
W2138207763,W2097065948
W2138207763,W2141458291
W2138207763,W2171808845
W2138207763,W2137526110
W2056279562,W1988925586
W2056279562,W2155066423
W2056279562,W2091922579
W2056279562,W2156125289
W2056279562,W2108718991
W2056279562,W1989348205
W2056279562,W2113601822
W2056279562,W2117801354
W2056279562,W2133360663
W2056279562,W2160697532
W2056279562,W2170024099
W2056279562,W2080283023
W2056279562,W229097380
W2056279562,W2144981148
W2056279562,W2128769815
W2056279562,W2032230795
W2056279562,W2331384579
W2088833470,W2128769815
W2088833470,W1973831267
W2088833470,W2086865963
W2088833470,W2136879569
W2088833470,W2101120467
W2088833470,W1988925586
W2088833470,W2124351063
W2088833470,W2096525273
W2114843025,W2149441684
W2114843025,W2025183726
W2114843025,W2107633226
W2114843025,W2123696077
W2114843025,W2096283457
W2114843025,W2262414037
W2114843025,W2275877493
W2114843025,W2043398720
W2114843025,W2157852151
W2114843025,W4210623056
W2114843025,W2122863289
W2114843025,W2159675211
W2114843025,W2141885858
W2159707944,W2123106337
W2159707944,W2130410032
W2159707944,W2123879591
W2159707944,W2161289668
W2159707944,W2133465414
W2159707944,W2123696077
W2159707944,W2154431984
W2159707944,W2114104545
W2159707944,W2107060225
W2159707944,W2107665951
W2159707944,W2119279196
W2159707944,W2160697532
W2159707944,W2109972881
W2159707944,W2081098333
W2135625048,W2147875900
W2135625048,W2146292423
W2111619626,W2168452204
W2111619626,W2105103777
W2111619626,W1977367431
W2111619626,W4250955649
W2111619626,W4231109964
W1992985800,W2015197254
W1981213426,W1985007599
W1981213426,W1918072595
W1981213426,W2093540905
W1981213426,W2166394891
W1981213426,W2103819062
W1981213426,W2114892242
W1981213426,W2001510610
W2130430382,W2160450758
W2130430382,W2121158863
W2130430382,W2161289668
W2130430382,W2123879591
W2130430382,W2025183726
W2130430382,W2123696077
W2130430382,W2096283457
W2130430382,W2262414037
W2130430382,W2275877493
W2130430382,W2041440766
W2130430382,W2006617902
W2130430382,W2150575159
W2130430382,W2163798887
W2130430382,W2154431984
W2130430382,W1999574084
W2130430382,W2020541351
W2130430382,W2043398720
W2130430382,W2170989872
W2130430382,W4294107304
W2130430382,W2157795344
W2107772251,W2120902911
W2107772251,W2107282968
W2107772251,W2161546116
W2107772251,W2141920662
W2107772251,W2160969485
W2107772251,W2106090237
W1976770755,W2142225512
W1976770755,W4235278727
W2115579991,W2150066425
W2143612262,W2079735306
W2143612262,W2160815625
W2143612262,W2127141656
W2011657487,W2100305481
W2011657487,W2126419817
W2011657487,W2096128575
W2011657487,W1999574084
W2011657487,W2114104545
W2011657487,W2152239989
W2011657487,W2154431984
W2011657487,W2141458291
W2011657487,W2124985265
W2011657487,W2107018762
W2011657487,W2121211805
W2011657487,W2132341951
W2011657487,W2170551349
W2011657487,W2036897871
W2144574847,W1965464747
W2144574847,W2057327293
W2144574847,W2081640113
W2144574847,W2073777485
W2070050178,W2133465414
W2070050178,W2130410032
W2070050178,W2010457001
W2070050178,W2103017472
W2070050178,W2259938310
W2070050178,W2171808845
W2070050178,W2163199119
W2070050178,W2122863289
W2070050178,W2164683872
W2070050178,W2043398720
W2070050178,W4210400672
W2070050178,W2141458291
W2070050178,W2015132841
W2070050178,W2121604817
W2070050178,W2141885858
W2160544821,W2118233996
W2160544821,W1966078827
W2160544821,W2119267663
W2160544821,W2150981663
W2160544821,W1965092590
W2160544821,W2070753604
W2160544821,W2147993766
W2169434152,W2162544110
W2169434152,W2121671360
W2332712348,W2118233996
W2332712348,W1968984443
W1919257374,W2171777347
W1919257374,W2168133698
W1919257374,W2107916366
W1919257374,W4247053599
W1919257374,W2108234281
W1919257374,W2119180969
W1919257374,W2122732537
W1919257374,W2103441770
W2251939518,W2146502635
W2251939518,W2117130368
W2171811563,W2108696783
W2171811563,W2065974896
W2147526198,W2138122982
W2147526198,W4320301318
W2147526198,W2120772351
W2147526198,W2031611770
W2147526198,W4210623056
W2147526198,W2108787198
W2147526198,W4210400672
W2147526198,W2096525273
W2147526198,W2141885858
W2116206245,W2127036970
W2116206245,W2119888547
W2116206245,W2142678478
W2116206245,W2107282968
W2116206245,W2119160928
W2116206245,W2136145671
W2116206245,W3149745985
W1867005924,W1979440117
W1867005924,W2117779820
W1867005924,W2133488074
W1867005924,W1989839776
W1867005924,W2939474406
W2122559203,W2108929776
W2122559203,W4320301318
W2122559203,W2141885858
W2022485595,W2143381319
W2022485595,W2126105956
W2022485595,W2098907614
W2088049833,W2110158442
W2088049833,W2067191022
W2088049833,W2161969291
W2088049833,W2031489346
W2088049833,W2168356304
W2088049833,W1999478155
W2088049833,W2162915993
W2088049833,W2151103935
W2088049833,W2163352848
W2088049833,W2121947440
W2088049833,W2131846894
W2088049833,W2164598857
W2088049833,W3097096317
W2088049833,W1625255723
W2162143298,W2121604817
W2031168104,W1985588649
W2031168104,W2009423060
W2031168104,W2130479394
W1983208069,W1984453610
W1983208069,W2101135654
W1983208069,W2004293194
W1983208069,W2020044743
W1983208069,W2148726987
W1983208069,W4235770099
W1983208069,W1990134753
W1983208069,W2136573752
W1983208069,W2052644075
W1967485833,W2132216432
W2042468043,W2057327293
W2042468043,W1965464747
W2042468043,W2131350133
W2042468043,W2166689829
W2167101736,W2143426320
W2167101736,W2152195021
W2167101736,W2153635508
W2167101736,W2154053567
W2167101736,W2998216295
W2163225965,W2167183660
W2110808180,W2159211495
W2110808180,W2108921801
W3123722757,W2049159124
W3123722757,W1988050849
W3123722757,W2130892515
W3123722757,W2090552208
W3123722757,W2116305749
W2128711701,W2080283023
W2128711701,W2170551349
W2128711701,W2157107905
W2128711701,W2152885278
W2131478115,W2160697532
W2131478115,W2102619694
W2131478115,W2112113834
W1983102293,W2130362098
W1983102293,W2111211467
W1983102293,W2161444534
W1983102293,W2148698435
W1983102293,W2168696662
W1983102293,W2127847431
W1983102293,W2062018285
W2142428670,W2004548026
W2142428670,W4242729757
W2142428670,W1998767819
W2142428670,W2105199251
W2142428670,W2096525273
W2117834225,W2092509345
W2117834225,W1975390269
W1979371521,W2134716155
W2057327092,W1893938325
W2057327092,W2165935007
W1983403167,W2107282968
W1983403167,W2132926880
W1983403167,W2132341951
W2101491865,W2159929956
W2101491865,W2132914434
W2101491865,W2154455818
W2101491865,W2139823104
W2089961441,W2161969291
W2089961441,W2132103241
W2089961441,W3097096317
W2005821483,W2159929956
W2005821483,W2151936673
W2005821483,W2167822639
W2005821483,W2058046532
W2005821483,W2170702893
W2108524369,W2169773990
W2108524369,W2159474015
W2108524369,W1990074132
W2108524369,W2161339576
W2108524369,W2124020140
W2108524369,W2162157671
W2108524369,W2060891246
W2108524369,W2124985265
W2108524369,W2103441770
W2108524369,W2108234281
W2108524369,W2154845780
W2108524369,W2119180969
W2108524369,W2161184021
W2108524369,W1619623942
W2108524369,W2047417387
W2108524369,W2061680337
W2108524369,W2158489424
W2108524369,W2098126593
W3121716941,W3121545263
W2101020813,W2113521108
W2101020813,W2144042033
W2101020813,W2161783224
W2101020813,W2134000397
W2101020813,W2119567434
W2101020813,W2168173042
W2101020813,W2107625277
W2101020813,W2142097792
W2101020813,W2118295263
W2101020813,W2118720098
W2101020813,W2171210136
W2101020813,W2107561290
W1973776237,W2089572795
W1973776237,W1990134753
W1973776237,W4295750005
W1973776237,W2067456724
W2171783890,W2107794977
W2171783890,W2120474334
W2171783890,W1972750202
W2084335597,W2167366201
W2131271579,W2170551349
W2131271579,W2103441770
W2131271579,W2036897871
W2131271579,W2160969485
W1969360633,W2032842297
W1969360633,W2131350133
W1969360633,W2145538332
W1969360633,W2024175762
W1969360633,W2101547779
W2095705004,W2145094598
W2095705004,W2100495367
W2095705004,W1524333225
W2095705004,W2136922672
W2095705004,W2163605009
W2095705004,W2025768430
W2250539671,W2141599568
W2250539671,W2146502635
W2250539671,W2117130368
W2141052558,W2111211467
W2141052558,W2122082385
W2141052558,W1983102293
W2141052558,W2168696662
W2141052558,W2127847431
W2102605133,W2168356304
W2102605133,W2088049833
W2102605133,W2031489346
W2102605133,W2022508996
W2102605133,W2151103935
W2102605133,W2161969291
W2102605133,W2108598243
W2102605133,W1566135517
W2102605133,W2163605009
W2105846236,W2049159124
W2105846236,W2138071797
W2105846236,W2095659828
W2105846236,W1988050849
W2105846236,W2130892515
W2105846236,W2100739170
W2105846236,W2090552208
W2105846236,W2100379340
W2105846236,W3157407122
W2105846236,W2000380427
W2132454074,W2131350133
W2132454074,W1969360633
W2132454074,W2145538332
W2111647009,W2111211467
W2111647009,W2103546861
W2111647009,W1983102293
W2111647009,W2168696662
W2111647009,W2062018285
W2111647009,W3217097258
W2134526812,W2131271579
W2134526812,W2114850508
W2134526812,W2160697532
W2134526812,W2131478115
W2134526812,W2138207763
W2134526812,W2102619694
W2134526812,W2114104545
W2134526812,W2146292423
W2134526812,W2179438025
W2096093282,W2004548026
W2096093282,W2154139219
W2096093282,W2142678478
W2096093282,W2138122982
W2096093282,W2143485490
W2096093282,W2045843097
W2096093282,W4320301318
W2096093282,W2141885858
W2061438946,W2152195021
W2061438946,W2168081761
W2061438946,W2072955302
W2061438946,W1976744965
W2061438946,W2145479420
W2045204781,W4294216483
W2045204781,W2136145671
W2045204781,W2124351063
W2045204781,W2131186249
W2045204781,W2113601822
W2045204781,W2096525273
W1832693441,W2146502635
W1832693441,W2143612262
W1832693441,W2062118960
W1832693441,W2114524997
W1832693441,W2251939518
W1832693441,W2163605009
W1832693441,W2160660844
W2155893237,W2102605133
W2155893237,W2163605009
W2155893237,W2088049833
W2157795344,W4294107304
W2170892587,W1537972189
W2331393505,W2138664283
W2331393505,W2103879113
W2331393505,W2108696783
W2331393505,W2599076725
W2331393505,W3022423927
W1982855075,W2108234281
W1982855075,W2119180969
W1982855075,W2103441770
W1982855075,W2170551349
W1982855075,W2117131162
W1982855075,W2137015675
W2145555293,W2171811563
W2145555293,W2059796825
W2145555293,W2108696783
W2145555293,W3022423927
W2145555293,W2599076725
W2145555293,W2162544110
W2101291993,W2152770371
W2101291993,W4320301318
W2101291993,W2091448229
W2101291993,W2103017472
W2101291993,W2141885858
W2054692642,W2116334496
W2054692642,W2084304524
W2054692642,W2147601077
W2054692642,W2148963518
W2054692642,W2152121970
W2054692642,W1979408141
W2000982976,W2120390927
W2000982976,W2011430131
W2091875228,W1569308213
W2091875228,W2151207643
W2091875228,W2089525884
W2091875228,W2091248159
W2123442489,W2251939518
W2110999179,W2163097950
W2110999179,W2258584306
W2110999179,W2151165908
W2037227137,W3120421331
W2037227137,W2161969291
W2037227137,W2031489346
W2037227137,W2168356304
W2037227137,W2102605133
W2037227137,W2163605009
W2037227137,W2162915993
W2037227137,W2151103935
W2037227137,W2088049833
W2037227137,W3097096317
W2037227137,W2153635508
W2037227137,W1625255723
W2168974130,W2120772351
W2168974130,W2142678478
W2168974130,W2127322768
W2168974130,W2160378127
W2168974130,W2096525273
W2026062398,W2110835349
W2026062398,W2130362098
W2026062398,W2094939159
W2026062398,W2153432740
W2026062398,W2107608009
W2141682101,W2147601077
W2141682101,W2084304524
W2141682101,W1971443733
W2048644480,W2076922024
W2048644480,W2138442302
W2048644480,W2025371271
W2048644480,W2107503723
W2145287260,W4231109964
W2145287260,W2163808566
W2145287260,W2163605009
W2015159529,W2011301426
W2015159529,W2167279371
W2015159529,W2099540110
W2015159529,W2146292423
W2015159529,W2117228865
W2160995259,W2143238378
W2160995259,W2145191876
W2160995259,W2259938310
W2160995259,W2096791516
W2160995259,W2129795133
W2160995259,W2117446594
W2016053056,W2062118960
W2016053056,W2131846894
W2016053056,W2022508996
W2016053056,W2161969291
W2016053056,W2102605133
W2016053056,W2108598243
W2016053056,W2163605009
W2103912979,W2130790725
W2103912979,W2159675211
W2058401212,W2105103777
W2058401212,W1577231857
W2130509491,W2096885696
W2130509491,W1551533759
W3125707221,W2174706414
W3125707221,W2131681506
W3125707221,W4238591974
W3125707221,W2127048411
W2154889144,W2089961441
W2154889144,W1964846093
W2154889144,W2168356304
W2154889144,W3144619878
W2053219565,W1525197209
W2099813784,W2251939518
W2099813784,W2160660844
W2099813784,W2114524997
W2099813784,W2038721957
W2038194220,W2068849277
W2038194220,W1990911977
W2038194220,W2105103777
W2038194220,W2111619626
W2165835468,W2165232124
W2165835468,W2011430131
W2040340473,W2147118406
W2149525061,W2060809301
W2149525061,W2152301430
W2149525061,W2051210555
W2149525061,W2060259273
W2149525061,W2082667898
W2119205648,W4242729757
W2101547779,W2110808180
W2101547779,W2131350133
W2101870168,W2120865735
W2101870168,W2121091193
W2143325926,W2134852597
W2143325926,W2037993016
W2044172327,W2118233996
W2044172327,W2160544821
W2044172327,W2029582401
W2044172327,W2150981663
W2044172327,W2144288821
W2044172327,W2161605421
W2044172327,W2147993766
W2044172327,W2169678694
W2044172327,W2015688756
W2044172327,W2045683699
W2044172327,W2057477511
W2044172327,W2059013803
W2062118960,W2145287260
W2062118960,W2163605009
W2062118960,W2102605133
W2068767807,W2155804510
W2068767807,W2154431984
W2068767807,W2149573463
W2068767807,W2100305481
W2107940314,W2158804744
W2153109441,W2110300022
W2153109441,W1989348205
W2161685427,W2764347725
W2119366833,W2067404301
W2119366833,W2142225512
W2119366833,W2149868499
W2261525379,W2141975087
W2261525379,W4205184193
W1951724000,W1587094587
W1951724000,W2172199324
W2097117768,W2102605133
W2097117768,W104184427
W2097117768,W2163605009
W2146512944,W2160697532
W2146512944,W2137526110
W2146512944,W2081098333
W2146512944,W2114104545
W2146512944,W2120865735
W2146512944,W2138207763
W2146512944,W2134526812
W2146512944,W1999574084
W2146512944,W2110905563
W2146512944,W2100668965
W2146512944,W2107018762
W2146512944,W2103017472
W2146512944,W2107060225
W2146512944,W2123106337
W2146512944,W2130410032
W2146512944,W2010457001
W2117539524,W2163808566
W2117539524,W2110158442
W2117539524,W2108598243
W2117539524,W2031489346
W2117539524,W2037227137
W2117539524,W2168356304
W2117539524,W2115579991
W2117539524,W2102605133
W2117539524,W2163605009
W2117539524,W2162915993
W2117539524,W2151103935
W2117539524,W1566135517
W2117539524,W2141125852
W2117539524,W2088049833
W2117539524,W2155893237
W2051978340,W1980740976
W2051978340,W2089335658
W2051978340,W2160995259
W2145339207,W4231109964
W2145339207,W2100495367
W2145339207,W1665214252
W2145339207,W2163605009
W2145339207,W2187089797
W2145339207,W2121863487
W1536680647,W2155893237
W1536680647,W2162915993
W1536680647,W2168356304
W1536680647,W2031489346
W1536680647,W2102605133
W1536680647,W2164598857
W1536680647,W2088049833
W1536680647,W2163605009
W1536680647,W2108598243
W2161374186,W2156098321
W2161374186,W2171811563
W2161374186,W2169205464
W2161374186,W2162544110
W2102278945,W2154431984
W2102278945,W2100305481
W2102278945,W2160333540
W2102278945,W2140729960
W2102278945,W2169456326
W2102278945,W2170551349
W1031578623,W2160544821
W1031578623,W2118233996
W1031578623,W2150981663
W1031578623,W2146411229
W1031578623,W2119267663
W1031578623,W2059013803
W1031578623,W2123768693
W1031578623,W2171268876
W1031578623,W1966078827
W1031578623,W2057477511
W1677182931,W2145287260
W1677182931,W2155893237
W1677182931,W2141125852
W1677182931,W1536680647
W1677182931,W2031489346
W1677182931,W2102605133
W1677182931,W2097117768
W1677182931,W2117539524
W1677182931,W2163605009
W1677182931,W1665214252
W1677182931,W2108598243
W1677182931,W1533861849
W1677182931,W2095705004
W2104005232,W2155804510
W2104005232,W2160333540
W2104005232,W2126419817
W2104005232,W1999574084
W2104005232,W2141458291
W2104005232,W2140729960
W2104005232,W2259938310
W2155628349,W2138122982
W2155628349,W2107772251
W2155628349,W2142678478
W2155628349,W2155606054
W2214074259,W2123879591
W2214074259,W2043398720
W2214074259,W2133465414
W2214074259,W2158217645
W2214074259,W2010457001
W2214074259,W2123106337
W2214074259,W2130410032
W2214074259,W2161289668
W2099085143,W2161633633
W2099085143,W1992436001
W2099085143,W2119180969
W2099085143,W2149992227
W2099085143,W2108234281
W2099085143,W2033151532
W2099085143,W2152664025
W2099085143,W2162530578
W2099085143,W2096791516
W2169205464,W2005501262
W2169205464,W2171811563
W2169205464,W2161374186
W2169205464,W2098923148
W2169205464,W2088095316
W2169205464,W2119605658
W2169205464,W2108696783
W2169205464,W2156098321
W2109255472,W2153635508
W2109255472,W2145287260
W2109255472,W2162915993
W2109255472,W2131846894
W2109255472,W2151103935
W2109255472,W2102605133
W2109255472,W2062118960
W2109255472,W2031489346
W2109255472,W2161969291
W2109255472,W2168356304
W2109255472,W2163605009
W2109255472,W2108598243
W2109255472,W2097117768
W2109255472,W2037227137
W2109255472,W2117539524
W2404280981,W2144288821
W2404280981,W2131288855
W2404280981,W2118233996
W2404280981,W2161605421
W2404280981,W2332712348
W1803102843,W2060259273
W1803102843,W2037312364
W1803102843,W2152301430
W1803102843,W2051210555
W1885185971,W2121927366
W1885185971,W2160547390
W1885185971,W2155893237
W1885185971,W1930824406
W1885185971,W2121058967
W1885185971,W1580389772
W1885185971,W2133665775
W1885185971,W1665214252
W1885185971,W2163605009
W1885185971,W2108598243
W1902237438,W2101105183
W2113679889,W2120902911
W2113679889,W2107772251
W2113679889,W2170551349
W2113679889,W2129933858
W2113679889,W2141920662
W2113679889,W2125826054
W2134295053,W2114623221
W2134295053,W2111619626
W2134295053,W2105103777
W2134295053,W1577231857
W2174661749,W2150575159
W2174661749,W1980497534
W2174661749,W2103004421
W2174661749,W2083927153
W2102212449,W2135937351
W2102212449,W2069089843
W2102212449,W2149573463
W2102212449,W2187089797
W1834627138,W2138621090
W1834627138,W2145287260
W1834627138,W2062118960
W1834627138,W2163605009
W1834627138,W2118585731
W1834627138,W2108598243
W1617328014,W2005501262
W1617328014,W2010699829
W1617328014,W2098923148
W1617328014,W2057765075
W1617328014,W2091808438
W1617328014,W2156098321
W2110256992,W2739999456
W2110256992,W2133579817
W2110256992,W2156125289
W2105321265,W2075950485
W2105321265,W2084154288
W2105321265,W2005501262
W2173732482,W1767470961
W2173732482,W2739999456
W2173732482,W2077327925
W2173732482,W2107903949
W2173732482,W2167898988
W2173732482,W2168909179
W2173732482,W2110375946
W2173732482,W2106090237
W1204404493,W3125449341
W1204404493,W2056795330
W1204404493,W1985093013
W2224056471,W4320301318
W2224056471,W2739999456
W2224056471,W2147526198
W2224056471,W4210623056
W2224056471,W2141885858
W2143463421,W1965097716
W1895577753,W2117539524
W1895577753,W2101105183
W1895577753,W1956340063
W1946252112,W2164418313
W1946252112,W2098595817
W1946252112,W2055298722
W1946252112,W2154845780
W1946252112,W2119799171
W1989277387,W4231254854
W1989277387,W2103017472
W1989277387,W1490161904
W1989277387,W1998767819
W1989277387,W2133465414
W1989277387,W2130479394
W1989277387,W2128601422
W1989277387,W1985213868
W2085001923,W2162544110
W2085001923,W2169434152
W2085001923,W2138664283
W1494198834,W1524333225
W2122673596,W2124166542
W2122673596,W2170747616
W2122673596,W2096093282
W1947481528,W2155893237
W1947481528,W2016053056
W1947481528,W2101105183
W1947481528,W2097117768
W1947481528,W2117539524
W1947481528,W2163605009
W1947481528,W2108598243
W2177317049,W2096525273
W2177317049,W1577231857
W2325939864,W2117539524
W2325939864,W2145287260
W2325939864,W2163605009
W2125102738,W2258584306
W2125102738,W2163097950
W2125102738,W2110999179
W1905882502,W2250539671
W1905882502,W2031489346
W1905882502,W179875071
W1905882502,W2102605133
W1905882502,W2117539524
W1905882502,W2097117768
W1905882502,W1947481528
W1905882502,W2163605009
W1905882502,W2108598243
W1905882502,W2101105183
W1905882502,W1895577753
W1905882502,W1956340063
W1709815505,W2140952049
W1709815505,W2157009395
W1709815505,W2145091349
W2163278718,W2599076725
W2163278718,W2036193982
W2163278718,W2065974896
W2163278718,W2059796825
W2165869860,W2169244146
W2165869860,W2010986636
W2165869860,W2064815984
W2165869860,W2158266834
W2165869860,W2120503144
W2165869860,W2132926880
W2165869860,W2019670881
W2165869860,W2036176224
W2165869860,W2045435533
W2165869860,W2103441770
W2165869860,W2086561953
W2165869860,W2107959600
W2165869860,W2031611770
W2165869860,W2070614858
W2009867031,W2043509228
W2161041152,W2136072582
W1920022804,W2168356304
W1920022804,W2116064496
W1920022804,W2136922672
W1920022804,W2163605009
W1956340063,W2104974755
W1956340063,W2168356304
W1956340063,W2121927366
W1956340063,W2154652894
W1956340063,W2123301721
W1956340063,W2101105183
W1956340063,W1905882502
W1956340063,W2037227137
W1956340063,W1947481528
W1956340063,W1895577753
W1956340063,W2108598243
W2195783463,W2106036991
W2195783463,W2155496693
W2195783463,W2033151532
W2195783463,W2098597355
W2195783463,W2153860431
W2195783463,W2107916366
W2195783463,W1844405070
W2204750386,W2162915993
W2204750386,W2168356304
W2204750386,W2151103935
W883434633,W2109364787
W883434633,W2168081761
W883434633,W2143560894
W883434633,W1976744965
W883434633,W2061438946
W883434633,W2072955302
W883434633,W1993885071
W883434633,W2096166399
W883434633,W2152195021
W883434633,W2145479420
W2010049072,W2020155291
W2010049072,W2024641550
W2010049072,W4255411484
W1787224781,W2031489346
W1787224781,W2151103935
W1787224781,W2164598857
W1787224781,W2163605009
W1787224781,W1625255723
W2170830174,W2160697532
W2170830174,W2131478115
W2170830174,W2035618305
W1780778418,W2129660502
W2230320310,W2158485828
W2230320310,W1812256879
W2230320310,W2126547130
W2230320310,W2263206910
W2230320310,W1848939527
W2230320310,W2180481128
W2230320310,W2025183726
W2230320310,W2114843025
W2230320310,W2160697532
W2230320310,W2131478115
W2230320310,W2146512944
W2230320310,W2114104545
W2230320310,W2115462905
W2230320310,W2096283457
W2230320310,W2262414037
W2230320310,W2109816625
W2230320310,W2044702943
W2118836230,W2134291350
W2118836230,W2096684396
W2118836230,W1605491412
W2118836230,W3122178585
W2118836230,W3125057276
W2118836230,W3125688476
W2101971030,W2019655958
W2101971030,W2151409320
W2101971030,W1913957972
W2194775991,W1677182931
W2194775991,W1536680647
W2194775991,W2031489346
W2194775991,W2102605133
W2194775991,W2097117768
W2194775991,W1665214252
W2194775991,W1533861849
W2194775991,W639708223
W2194775991,W2117539524
W2194775991,W2155893237
W2194775991,W2163605009
W639708223,W1536680647
W639708223,W2088049833
W639708223,W2102605133
W639708223,W2168356304
W639708223,W2031489346
W639708223,W2117539524
W639708223,W2155893237
W639708223,W2097117768
W639708223,W1665214252
W639708223,W2194775991
W2401404581,W2128769815
W2401404581,W2108718991
W2401404581,W2088833470
W2401404581,W2117457769
W2401404581,W2013371150
W2401404581,W2166171121
W2401404581,W2136879569
W2183341477,W1677182931
W2183341477,W2102605133
W2183341477,W2016053056
W2183341477,W2097117768
W2183341477,W2163605009
W2183341477,W2117539524
W2183341477,W104184427
W2327037637,W2096632664
W2560438049,W2005501262
W2560438049,W2156098321
W2302501749,W4242729757
W2302501749,W2739999456
W2302501749,W2130479394
W2257979135,W2145339207
W2257979135,W2126316555
W2257979135,W2121863487
W2257979135,W2163605009
W2282821441,W2063978378
W2282821441,W1905882502
W2282821441,W2097117768
W2290883490,W2168081761
W2290883490,W2072955302
W2290883490,W4292083457
W2290883490,W1999284878
W2290883490,W1993885071
W2290883490,W2061438946
W2290883490,W2145479420
W2290883490,W2152195021
W2290883490,W2143560894
W2290883490,W1976744965
W2340897893,W2088049833
W2340897893,W1536680647
W2340897893,W2102605133
W2340897893,W2117539524
W2340897893,W2037227137
W2340897893,W2168356304
W2340897893,W2115579991
W2340897893,W1566135517
W2340897893,W639708223
W2340897893,W2163605009
W2193503481,W2130256070
W2193503481,W2986345846
W2193503481,W2062217294
W2193503481,W2054653365
W2193503481,W1992193293
W2193503481,W2024966118
W2193503481,W1991308688
W2193503481,W2939474406
W2395611524,W639708223
W2395611524,W2155893237
W2395611524,W2022508996
W2395611524,W2097117768
W2395611524,W2109255472
W2345356016,W2103017472
W2345356016,W2171030481
W2345356016,W4294216483
W2345356016,W2010457001
W2345356016,W2133465414
W2345356016,W2124649657
W2345356016,W2122683221
W2345356016,W2070050178
W2345356016,W1533942137
W2345356016,W2056499061
W2345356016,W2118258530
W2345356016,W1979594866
W2345356016,W2130410032
W3126081245,W2144836007
W3126081245,W3122846673
W2962756421,W2010457001
W2962756421,W2250539671
W2962756421,W2053186076
W2962756421,W2001141328
W2962756421,W2127048411
W2295107390,W2162915993
W2295107390,W2102605133
W2295107390,W2062118960
W2295107390,W2117539524
W2295107390,W2097117768
W2295107390,W2163605009
W2295107390,W2118585731
W2323326409,W2140729960
W2323326409,W2141458291
W2323326409,W2134526812
W2323326409,W2154431984
W2323326409,W1999574084
W2323326409,W2121211805
W2513506562,W1988925586
W2513506562,W2124351063
W2513506562,W2088833470
W2513506562,W2136879569
W2513506562,W2128769815
W2513506562,W2103441770
W2513506562,W2034285706
W2513506562,W2096885696
W2513506562,W2108718991
W2513506562,W1999167944
W2513506562,W2128711701
W2406250479,W2180481128
W2406250479,W2114843025
W2319902168,W2032842297
W2319902168,W2130479394
W2319902168,W2059205366
W2319902168,W1979368277
W2319902168,W2086945873
W2319902168,W1969360633
W2319902168,W2145538332
W2166152751,W2980373194
W2166152751,W4245471709
W2166152751,W3148514506
W2239306219,W2113583180
W2559588208,W2110256992
W2559588208,W2173732482
W2559588208,W2165674132
W2559588208,W2739999456
W2432815617,W2011301426
W2432815617,W2137586531
W2463195069,W2080752012
W2463195069,W2170776626
W2463195069,W4294107304
W2463195069,W2130410032
W2463195069,W2036321220
W2463195069,W1490161904
W2463195069,W2043274355
W2463195069,W2159675211
W2463195069,W2140729960
W2463195069,W2169456326
W2463195069,W2079517684
W2463195069,W2154431984
W2463195069,W2128551987
W2463195069,W2153635508
W2463195069,W2060705109
W2463195069,W2110256992
W2463195069,W2096863518
W2463195069,W2739999456
W2463195069,W2157795344
W2463195069,W1989277387
W2341539131,W2014677321
W2341539131,W2158789637
W2341539131,W2108234281
W2341539131,W2259938310
W2341539131,W2076154138
W2341539131,W2135937351
W2341539131,W2519244818
W2417483443,W2117446594
W2417483443,W2096465161
W2417483443,W2096791516
W2417483443,W1980740976
W2417483443,W2259938310
W2417483443,W2160995259
W2417483443,W2122732537
W2417483443,W2154866190
W2417483443,W2106578986
W2417483443,W1533942137
W2417483443,W1984068087
W2526781987,W2892380133
W2396881363,W2162800060
W2579533542,W2151350595
W2579533542,W2154071138
W2579533542,W2034285706
W2579533542,W2121055398
W2579533542,W2119888547
W2579533542,W2206071891
W2579533542,W2141052558
W2579533542,W2124351063
W2579533542,W2110300022
W2579533542,W2175094144
W2242218935,W1677182931
W2242218935,W2121927366
W2242218935,W2121058967
W2242218935,W1885185971
W2242218935,W1963882359
W2537623931,W2739999456
W2537623931,W2105924489
W2537623931,W2096173332
W2537623931,W2162151166
W2537623931,W2159675211
W2537623931,W2171030481
W2537623931,W2169589032
W2416799949,W2114296561
W2416799949,W2114623221
W2416799949,W2119738171
W2416799949,W2173213060
W2416799949,W2111619626
W2416799949,W2119565742
W2416799949,W2189465200
W2510875395,W2154431984
W2510875395,W2140729960
W2510875395,W2141458291
W2510875395,W2100305481
W2510875395,W2102278945
W2510875395,W2104005232
W2510875395,W2169456326
W2510875395,W2126419817
W2510875395,W1999574084
W2510875395,W2114104545
W2510875395,W2179438025
W2510875395,W2166820820
W2510875395,W2066231767
W2510875395,W2124985265
W2510875395,W2170551349
W2510875395,W2103441770
W2510875395,W2146512944
W2565277564,W2067404301
W2565277564,W2121519719
W2565277564,W2113991966
W2565277564,W2105414963
W2565277564,W1975675278
W2565277564,W2342540942
W2557738935,W2117539524
W2557738935,W2163605009
W2963864421,W2145339207
W2963864421,W2158782408
W2963864421,W2163605009
W2476548250,W2097117768
W2476548250,W2121927366
W2476548250,W2121058967
W2476548250,W2164598857
W2476548250,W2117539524
W2476548250,W1885185971
W2476548250,W2163605009
W2555870966,W2074986801
W2555870966,W1966078827
W2555870966,W2109154308
W2470052926,W2141152740
W2470052926,W2142428670
W2470052926,W2096093282
W2470052926,W2124351063
W2470052926,W2142678478
W2470052926,W2739999456
W2470052926,W2106090237
W1689711448,W2127141656
W1689711448,W2079735306
W1689711448,W1947481528
W1689711448,W2097998348
W1689711448,W104184427
W1689711448,W2143612262
W2402144811,W2194775991
W2402144811,W2097117768
W2402144811,W2160815625
W2402144811,W2145339207
W2402144811,W2122465391
W2402144811,W2016053056
W2402144811,W2117539524
W2402144811,W104184427
W2402144811,W2146502635
W2963748441,W2108598243
W2223470559,W2138071797
W2223470559,W1988050849
W2223470559,W2130892515
W2223470559,W2105846236
W2223470559,W2167344400
W2223470559,W2100739170
W2223470559,W2090552208
W2223470559,W2131568786
W2475287302,W2155893237
W2475287302,W2603777577
W2475287302,W1905829557
W2475287302,W2117539524
W2475287302,W2163605009
W2293040502,W2161498332
W2395579298,W2119605622
W2395579298,W2160660844
W2395579298,W2151103935
W2395579298,W2165698076
W2395579298,W2025768430
W2395579298,W2106053110
W2253429366,W2136922672
W2253429366,W2097117768
W2253429366,W2161969291
W2253429366,W2151103935
W2253429366,W2062118960
W2253429366,W2155893237
W2253429366,W2037227137
W2253429366,W2109255472
W2253429366,W2022508996
W2253429366,W2108598243
W2253429366,W2395611524
W2253429366,W2412782625
W2253429366,W2163605009
W2253429366,W2117539524
W2473418344,W2257979135
W2473418344,W1677182931
W2473418344,W2163605009
W2473418344,W2250539671
W2473418344,W2159024459
W2473418344,W2097117768
W2473418344,W2146502635
W2336330109,W2124967403
W2232317135,W2168081761
W2232317135,W2143560894
W2232317135,W2072955302
W2232317135,W1999284878
W2232317135,W883434633
W2232317135,W2109364787
W2563535234,W2133870991
W2563535234,W2059359550
W2499800833,W1983208069
W2499800833,W4295750005
W2499800833,W2151130155
W2499800833,W2067456724
W2336400828,W2111647009
W2336400828,W2141052558
W2336400828,W2111211467
W2336400828,W2133870991
W2336400828,W1983102293
W2336400828,W2122082385
W2471962767,W2151103935
W2243397390,W2097117768
W2243397390,W2160815625
W2243397390,W2155893237
W2243397390,W1963882359
W2243397390,W2163605009
W2544360569,W2080752012
W2544360569,W2036321220
W2544360569,W2170776626
W2544360569,W2463195069
W2544360569,W2141091417
W2544360569,W2015556811
W2544360569,W2128551987
W2203714058,W2057765075
W2203714058,W2025720061
W2203714058,W2963977107
W2474747771,W2119412782
W2474747771,W2018838463
W2470673105,W2251939518
W2470673105,W1832693441
W2470673105,W2265846598
W2470673105,W2123442489
W2513727910,W2026062398
W2513727910,W2160697532
W2513727910,W2056279562
W2513727910,W2151409320
W2513727910,W2138178197
W2513727910,W1605984840
W2513727910,W2141052558
W2513727910,W2110335151
W2163605009,W2911964244
W2163605009,W2097117768
W2163605009,W2108598243
W2163605009,W1665214252
W2099471712,W2163605009
W2099471712,W2136922672
W2099471712,W2025768430
W2774486220,W1951724000
W2774486220,W2254509181
W2412782625,W2022508996
W2412782625,W2340897893
W2412782625,W2102605133
W2412782625,W1536680647
W2412782625,W2088049833
W2412782625,W2155893237
W2412782625,W2162915993
W2412782625,W1905829557
W2412782625,W2124351162
W2412782625,W2037227137
W2412782625,W2163605009
W2412782625,W2097117768
W2412782625,W639708223
W2412782625,W2194775991
W2962793481,W2117539524
W2962793481,W2475287302
W2962793481,W2194775991
W2962793481,W2100495367
W2962793481,W2340897893
W2962793481,W1905829557
W2962793481,W2099471712
W2962793481,W2963470893
W2962858109,W2257979135
W2962858109,W2282821441
W2962858109,W2102605133
W2962858109,W2194775991
W2962858109,W2155893237
W2962858109,W1933349210
W2962858109,W2295107390
W2962858109,W1905882502
W2962858109,W1895577753
W2962858109,W2163605009
W2962858109,W2108598243
W2570343428,W2117539524
W2570343428,W2031489346
W2570343428,W2108598243
W2570343428,W1536680647
W2570343428,W2163605009
W2570343428,W639708223
W2570343428,W2194775991
W2570343428,W2097117768
W2570343428,W2274287116
W2531409750,W2097117768
W2531409750,W2163605009
W2531409750,W2117539524
W2531409750,W2194775991
W2531409750,W2183341477
W2531409750,W2274287116
W2614081736,W2133870991
W2614081736,W2111647009
W2614081736,W2163627198
W2614081736,W2111211467
W2614081736,W2026062398
W2737217596,W2037496050
W2737217596,W2143362587
W2614464134,W1966334841
W2614464134,W2084744129
W2614464134,W1867005924
W2614464134,W2112776483
W2614464134,W1985949400
W2593436234,W2043509228
W2593436234,W2169678694
W2593436234,W2009867031
W2593436234,W2074274985
W2593436234,W2177317049
W2593436234,W2153635508
W2560023338,W2097117768
W2560023338,W2194775991
W2560023338,W2155893237
W2560023338,W2162915993
W2560023338,W2340897893
W2560023338,W2031489346
W2560023338,W2163605009
W2560023338,W2412782625
W2581082771,W2117539524
W2581082771,W2183341477
W2581082771,W2097117768
W2581082771,W2194775991
W2581082771,W2108598243
W2581082771,W2145339207
W2581082771,W2257979135
W2581082771,W2165698076
W2581082771,W2163605009
W2581082771,W2187089797
W2725897987,W1981213426
W2725897987,W2151456308
W2725897987,W2560167313
W2725897987,W2119565742
W2592811885,W2158485828
W2592811885,W2323326409
W2592811885,W2170551349
W2963470893,W1930824406
W2963470893,W1677182931
W2963470893,W2194775991
W2963470893,W2475287302
W2963470893,W2097117768
W2963470893,W2133665775
W2963470893,W1885185971
W2963470893,W2476548250
W2963470893,W2121927366
W2963470893,W2117539524
W2963470893,W2099471712
W2963470893,W1580389772
W2963470893,W2163605009
W2755950973,W2128438887
W2755950973,W3125707221
W2755950973,W2150220236
W2755950973,W4238591974
W2549139847,W2183341477
W2549139847,W2097117768
W2549139847,W2117539524
W2549139847,W2102605133
W2549139847,W1677182931
W2549139847,W2194775991
W2549139847,W2151103935
W2549139847,W2161969291
W2549139847,W1536680647
W2549139847,W639708223
W2549139847,W2163605009
W2549139847,W2155893237
W2549139847,W2274287116
W2763766763,W2170816415
W2763766763,W1979290264
W2763766763,W2133674686
W2763766763,W2138664283
W2763766763,W2103879113
W2763766763,W1990415494
W2763766763,W2149868499
W2786358356,W1951724000
W2786358356,W2749069611
W2786358356,W2144673831
W2786358356,W2144898279
W2607129810,W2158485828
W2607129810,W1533942137
W2607129810,W2018838463
W2607129810,W2012034410
W2607129810,W2121158863
W2754799758,W2129660502
W2754799758,W2524597629
W2754799758,W2305278139
W2754799758,W1498027297
W2754799758,W1780778418
W2951464304,W2344940607
W2951464304,W2111211467
W2951464304,W1983102293
W2951464304,W2111647009
W2951464304,W2168696662
W2951464304,W2127847431
W2768348081,W2070493638
W2768348081,W2024046085
W2768348081,W1678356000
W2493916176,W2117130368
W2587625522,W104184427
W2560609797,W2211722331
W2560609797,W2160821342
W2560609797,W1920022804
W2611772571,W2022548072
W2611772571,W2136408596
W2611772571,W2165242200
W2611772571,W2121745948
W2611772571,W1989120577
W2611772571,W2105103805
W2611772571,W2145265567
W2611772571,W2176202464
W2611772571,W2131070146
W2611772571,W2051416171
W2611772571,W1974038018
W2611772571,W2162953324
W2766447205,W2194775991
W2766447205,W2145339207
W2766447205,W2257979135
W2766447205,W2126316555
W2766447205,W1977655452
W2766447205,W2121863487
W2766447205,W2163605009
W2767891136,W2170146596
W2767891136,W2009313526
W2767891136,W2559028527
W2749069611,W1951724000
W2749069611,W2577537660
W2749069611,W1536497620
W2749069611,W2144673831
W2749069611,W1517555081
W2749069611,W2057765075
W2749069611,W1587094587
W2749069611,W2963977107
W2749069611,W2119160928
W2508457857,W2097117768
W2508457857,W1677182931
W2508457857,W2153663612
W2508457857,W2194775991
W2508457857,W2056370875
W2508457857,W2097073572
W2508457857,W1930824406
W2508457857,W2242218935
W2508457857,W1963882359
W2508457857,W2121058967
W2508457857,W2163605009
W2508457857,W2146502635
W2751583588,W2127774996
W2751583588,W2160378127
W2751583588,W2127322768
W2751583588,W2135621733
W2751583588,W2120772351
W2133151341,W2027404493
W2133151341,W4205182410
W2133151341,W2144304061
W2133151341,W2010341850
W2133151341,W2097004990
W2133151341,W2104718076
W2133151341,W2149662495
W2952167528,W1983403167
W2952167528,W2950354111
W2952167528,W2120902911
W2952167528,W2144362290
W2952167528,W2170551349
W2952167528,W1982855075
W2952167528,W2107772251
W2952167528,W2575750030
W2950354111,W1983403167
W2950354111,W2538143681
W2950354111,W2132341951
W2950354111,W2612812586
W2950354111,W2107282968
W2950354111,W2950150251
W2950354111,W2575750030
W2950354111,W1982855075
W2950354111,W2160969485
W2952481429,W2099540110
W2952481429,W2167279371
W2952481429,W2142300779
W2952481429,W2911964244
W2952481429,W2118246710
W2762367303,W2503161491
W2755331695,W2149992227
W2755331695,W1990074132
W2755331695,W2154845780
W2577537660,W1517555081
W2577537660,W2963977107
W2756283300,W2565277564
W2601564443,W2162915993
W2601564443,W2194775991
W2601564443,W2168356304
W2601564443,W1536680647
W2601564443,W2102605133
W2601564443,W2340897893
W2601564443,W2031489346
W2601564443,W2117228865
W2601564443,W2108598243
W2601564443,W2163605009
W2601564443,W639708223
W2601564443,W2274287116
W2601564443,W2412782625
W2765224588,W1985987855
W2765224588,W1107917109
W2765224588,W2949273159
W2765224588,W2028433016
W2765224588,W2507880739
W2765224588,W2157852151
W2560647685,W2145339207
W2560647685,W2163605009
W2560647685,W2155968351
W2582561810,W1686065478
W2616922646,W1979283544
W2616922646,W2332292689
W2616922646,W2107665951
W2616922646,W2146512944
W2616922646,W1678356000
W2616922646,W2173213060
W2616922646,W2102212449
W2616922646,W1985213868
W2616922646,W2020541351
W2767128594,W2103004421
W2767128594,W2026616100
W2580035316,W2099540110
W2580035316,W2107554012
W2580035316,W2167279371
W2580035316,W2529052661
W2962949934,W2395611524
W2962949934,W1885185971
W2962949934,W2109255472
W2962949934,W2007339694
W2962949934,W639708223
W2962949934,W2168356304
W2962949934,W2136848157
W2962949934,W2022508996
W2962949934,W2160815625
W2962949934,W2117130368
W2962949934,W2194775991
W2962949934,W2088049833
W2962949934,W2016053056
W2962949934,W2274287116
W2962949934,W1533861849
W2962949934,W2102605133
W2962949934,W2117539524
W2962949934,W2295107390
W2962949934,W2099471712
W2962949934,W2138621090
W2962949934,W2025768430
W2962949934,W2194187530
W2962949934,W2183341477
W2962949934,W2097117768
W2962949934,W104184427
W2962949934,W1665214252
W2962949934,W1905829557
W2962949934,W2037227137
W2120575449,W2146292423
W2739439285,W2067718414
W2734356283,W2154139219
W2734356283,W2224056471
W2734356283,W2153544371
W2734356283,W2132629607
W2734356283,W2159675211
W2734356283,W2537623931
W2734356283,W2146292423
W2734356283,W2029582401
W2734356283,W2134967712
W2734356283,W2127322768
W2734356283,W4210702584
W2734356283,W2096525273
W2739748921,W2099471712
W2593414223,W2100495367
W2593414223,W2194775991
W2593414223,W639708223
W2593414223,W2099471712
W2593414223,W2963470893
W2624989916,W2114296561
W2624989916,W2150166076
W2624989916,W2134295053
W2624989916,W2054692642
W2624989916,W2068849277
W2624989916,W2141682101
W2624989916,W2195423816
W2624989916,W2114623221
W2624989916,W2610335499
W2624989916,W2131726714
W2277195237,W1933349210
W2277195237,W2108598243
W2277195237,W1947481528
W2277195237,W2031489346
W2277195237,W1536680647
W2277195237,W2102605133
W2277195237,W1905882502
W2277195237,W2163605009
W2277195237,W2123442489
W2277195237,W2117539524
W2277195237,W2097117768
W2277195237,W1956340063
W2277195237,W1895577753
W2277195237,W2101105183
W2747877289,W1984883254
W2747877289,W2165835468
W2593768305,W2155893237
W2593768305,W2099471712
W2593768305,W2149933564
W2593768305,W2194775991
W2738900493,W2168081761
W2738900493,W2143560894
W2738900493,W2061438946
W2738900493,W2290883490
W2738900493,W1993885071
W2738900493,W2072955302
W2738900493,W1999284878
W2738900493,W2143381319
W2738900493,W2126105956
W2738900493,W883434633
W2738900493,W2001979953
W2738900493,W2232317135
W2738900493,W2165171393
W2738900493,W2125899728
W2738900493,W2145479420
W2738900493,W1976744965
W2738900493,W2109364787
W2738900493,W2031183907
W2738900493,W414544266
W2603777577,W2475287302
W2603777577,W2099471712
W2274287116,W2102605133
W2274287116,W2016053056
W2274287116,W2163605009
W2274287116,W104184427
W2274287116,W2194775991
W2274287116,W2097117768
W2765322245,W2074986801
W2765322245,W2154714625
W2765322245,W2180229411
W2765322245,W2032842297
W2765322245,W2131350133
W2765322245,W2124026197
W2765322245,W2734356283
W2761275051,W2102304447
W2761275051,W2076154138
W2761275051,W1533942137
W2761275051,W2104549677
W2761275051,W1964895626
W2761275051,W2123564569
W2761275051,W2256016639
W2761275051,W2328393125
W2761275051,W1848939527
W2761275051,W2214074259
W2761275051,W2096791516
W2761275051,W2102619694
W2761275051,W2559466477
W2761275051,W1969353942
W2588003345,W1969543759
W2588003345,W2130560194
W2588003345,W2112776483
W2588003345,W2160615957
W2588003345,W1831050183
W2625774310,W2127625785
W2625774310,W2048385562
W2625774310,W2153610778
W2603203130,W639708223
W2799524357,W2311203695
W2799524357,W2156434383
W2891378911,W2105321265
W2891378911,W2075950485
W2891378911,W2084154288
W2891378911,W2299177375
W2891378911,W2156098321
W2951912016,W2131271579
W2951912016,W2170551349
W2951912016,W2103441770
W2951912016,W2108234281
W2951912016,W2036897871
W2905811773,W2049159124
W2905811773,W2138071797
W2905811773,W1988050849
W2905811773,W3123722757
W2905811773,W1591013228
W2905811773,W2130892515
W2905811773,W2100739170
W2905811773,W2223470559
W2905811773,W2105846236
W2905811773,W2167344400
W2905811773,W2090552208
W2900569176,W4210702584
W2900569176,W2105924489
W2900569176,W2096173332
W2900569176,W2537623931
W2900569176,W2559588208
W2900569176,W2118258530
W2900569176,W1966327575
W2900569176,W1989277387
W2900569176,W2128601422
W2900569176,W2162151166
W2900569176,W2187089797
W2900569176,W2154139219
W2789843538,W2168133698
W2789843538,W2169456326
W2789843538,W2170551349
W2789843538,W4247053599
W2789843538,W2108234281
W2789843538,W2784788330
W2789843538,W2103441770
W2794480084,W2135937351
W2794480084,W2102212449
W2794480084,W2951506174
W2794480084,W2605810679
W2794480084,W1984883254
W2794480084,W2069089843
W2794480084,W2190545194
W2794480084,W2107665951
W2794480084,W2146512944
W2794480084,W2471536144
W2794480084,W2332292689
W2794480084,W1966701961
W2794480084,W2345356016
W2794480084,W2068767807
W2899283552,W1019830208
W2899283552,W2239232218
W2899283552,W2163605009
W2804822363,W2060809301
W2804822363,W2152301430
W2804822363,W2149525061
W2804822363,W4210702584
W2804822363,W2142678478
W2804822363,W2051210555
W2804822363,W2949223833
W2804822363,W2154139219
W2801159594,W2026062398
W2801159594,W2153432740
W2801159594,W2130362098
W2801159594,W2148698435
W2901669506,W2075950485
W2901669506,W2105321265
W2901669506,W2084154288
W2901669506,W2891378911
W2884561390,W2194775991
W2884561390,W2549139847
W2884561390,W2088049833
W2884561390,W2164598857
W2884561390,W2570343428
W2884561390,W1536680647
W2884561390,W2102605133
W2884561390,W2161969291
W2884561390,W2031489346
W2884561390,W639708223
W2884561390,W2163605009
W2884561390,W2274287116
W2895486342,W2082704080
W2895486342,W2040547343
W2895486342,W2256016639
W2895486342,W2104549677
W2895486342,W2511515754
W2895486342,W2102213696
W2895486342,W2217809488
W2803072880,W2106036991
W2803072880,W2195783463
W2803072880,W2113699335
W2803072880,W2324862792
W2803072880,W2613603864
W2803072880,W2559028527
W2803072880,W1905058580
W2803072880,W2104549677
W2883251903,W2151409320
W2800392236,W2069089843
W2800392236,W1984883254
W2800392236,W2190545194
W2800392236,W2951506174
W2800392236,W2102212449
W2800392236,W2131681506
W2800392236,W2747877289
W2800392236,W2132022337
W2800392236,W2125910575
W2800392236,W2146292423
W2800392236,W2011301426
W2800392236,W2342249984
W2800392236,W2181523240
W2800392236,W229097380
W3136918052,W4210702584
W3136918052,W4250359879
W3136918052,W2154139219
W2884436604,W2964227007
W2884436604,W2395611524
W2805983714,W2104549677
W2805983714,W2113699335
W2805983714,W2324862792
W2805983714,W2195783463
W2805983714,W2106036991
W2805983714,W2045949302
W2805983714,W1533942137
W2805983714,W2264585211
W2805983714,W2613603864
W2805983714,W2770598799
W2805983714,W1972696558
W2805983714,W2119605658
W2805983714,W2803072880
W2805983714,W2328393125
W2790166049,W3121315632
W2790166049,W2118836230
W2790166049,W1880262756
W2790166049,W2131681506
W2899760200,W4250359879
W2899760200,W2154139219
W2899760200,W2544360569
W2781738013,W3037447387
W2781738013,W2161685427
W2781738013,W2559394418
W2781738013,W2735457220
W2781738013,W2030867075
W2781738013,W2257937122
W3103362336,W3140968660
W3103362336,W2950627632
W2888532099,W2135625048
W2888532099,W2146292423
W2888532099,W1909359706
W2807194798,W2401404581
W2807194798,W2154026962
W2807194798,W2142678478
W2807194798,W2513506562
W2807194798,W2152885278
W2807194798,W2124351063
W2807194798,W2124799197
W2807194798,W2166171121
W2807194798,W2160947363
W2807194798,W2086865963
W2902652978,W2001141328
W2902652978,W2889326414
W2902652978,W2800392236
W2902652978,W2794480084
W2902652978,W2616922646
W2902652978,W2187089797
W2899714098,W2142161929
W2899714098,W2587625522
W2899714098,W2953320394
W2899714098,W2104234755
W2899714098,W2593511418
W2891503716,W2766447205
W2891503716,W2084341220
W2891503716,W1787224781
W2891503716,W1975675278
W2891503716,W2295107390
W2891503716,W2135695572
W2891503716,W2282821441
W2896872272,W2152061559
W2896872272,W2262414037
W2896872272,W2096283457
W2896872272,W1255676896
W2896872272,W2149441684
W2896872272,W2160697532
W2896872272,W2406250479
W2896872272,W2131478115
W2896872272,W2009720434
W2896872272,W2114031931
W2896872272,W2157852151
W2896872272,W2044702943
W2887114371,W2194775991
W2887114371,W2102625004
W2887114371,W2167279371
W2887114371,W2163605009
W2887114371,W2559655401
W2745461083,W2117539524
W2745461083,W1933349210
W2745461083,W2194775991
W2745461083,W1905882502
W2745461083,W1947481528
W2745461083,W1956340063
W2745461083,W2088049833
W2745461083,W2154652894
W2745461083,W2277195237
W2745461083,W2101105183
W2745461083,W639708223
W2898402099,W2154139219
W2898402099,W4210702584
W2898402099,W2302501749
W2898402099,W2138122982
W2898402099,W2224056471
W2951254987,W2127036970
W2951254987,W2136145671
W2951254987,W2124351063
W2951254987,W2045204781
W2951254987,W2119888547
W2951254987,W2206071891
W2951254987,W2588775853
W2951254987,W2950354111
W2951254987,W2950150251
W2951254987,W2736920791
W2951254987,W1991330646
W2951254987,W2107282968
W2951254987,W2121055398
W2950595506,W1989277387
W2900629010,W4250359879
W2900629010,W2559466477
W2900629010,W2155606054
W2900629010,W2537623931
W2900629010,W2127322768
W2900629010,W2614081736
W2900629010,W2111647009
W2900629010,W1983102293
W2900629010,W2277953252
W2900629010,W2559588208
W2900629010,W2949841808
W2963076818,W2163605009
W2963076818,W2601564443
W2901303766,W2559028527
W2901303766,W1533942137
W2901303766,W2161633633
W2901303766,W2058401000
W2901303766,W2104549677
W2901303766,W2163013660
W2901303766,W2302501749
W2963800363,W2963470893
W2963800363,W2593414223
W2963800363,W2962793481
W2963800363,W2560023338
W2963800363,W2475287302
W2963800363,W2194775991
W2963800363,W2340897893
W2765811365,W2099471712
W2765811365,W2395611524
W2765811365,W2962793481
W2765811365,W2963470893
W2745859992,W2150066425
W2804233742,W1810028515
W2964101377,W2133665775
W2964101377,W2242218935
W2964101377,W2963470893
W2964101377,W2121927366
W2964101377,W1885185971
W2964101377,W2194775991
W2964101377,W1930824406
W2964101377,W2476548250
W2784350055,W2156157987
W2784350055,W2195453830
W2784350055,W2161787079
W2784350055,W2121022470
W2784350055,W2120834437
W2784350055,W1940496428
W2784350055,W2186567173
W2784350055,W2132407977
W2784350055,W1499256377
W2784350055,W2343457024
W2790979755,W2108598243
W2790979755,W2136848157
W2790979755,W2473156356
W2790979755,W2165698076
W2790979755,W2097117768
W2790979755,W2274287116
W2790979755,W2163605009
W2807308836,W2026062398
W2807308836,W2130362098
W2917207851,W2108718991
W2917207851,W2158789637
W2917207851,W2341539131
W2917207851,W2432815617
W2917207851,W2323326409
W2917207851,W2592811885
W2917207851,W2179438025
W2917207851,W2169456326
W2917207851,W2159675211
W2917207851,W2142678478
W2923014074,W2251939518
W2923014074,W2963748441
W2803664483,W2559588208
W2803664483,W2767683865
W2803664483,W2177317049
W2803664483,W2130410032
W2795989238,W1812256879
W2795989238,W2096283457
W2795989238,W1950829641
W2795989238,W2025183726
W2795989238,W2123696077
W2795989238,W2275877493
W2795989238,W2041440766
W2795989238,W2068523052
W2795989238,W2161112598
W2795989238,W2097255042
W2795989238,W2108696783
W2795989238,W2161289668
W2795989238,W2044702943
W2951583631,W1990134753
W2951583631,W1973776237
W2951583631,W2130010412
W2951583631,W2136145485
W2951583631,W1983208069
W2951583631,W2089632738
W2951583631,W2117340355
W2951583631,W1970928383
W2951583631,W2136573752
W2951583631,W4235770099
W2951583631,W2020044743
W2951583631,W2052644075
W2905452503,W2160995259
W2905452503,W2154866190
W2905452503,W2256016639
W2905452503,W2417483443
W2905452503,W2145191876
W2905452503,W2143238378
W2905452503,W2770092353
W2905452503,W2521967673
W2905452503,W1984068087
W2791544114,W2582561810
W2791544114,W2790166049
W2791544114,W1686065478
W2950077417,W2116334496
W2950077417,W2969424089
W2619383789,W2327501763
W2619383789,W1933349210
W2619383789,W2143612262
W2619383789,W2160815625
W2619383789,W2136922672
W2619383789,W1956340063
W2619383789,W1895577753
W2619383789,W2151103935
W2619383789,W1905882502
W2619383789,W2147880316
W2619383789,W1533861849
W2619383789,W2099471712
W2619383789,W2095705004
W2619383789,W2101105183
W2619383789,W2163605009
W2798991696,W2117539524
W2798991696,W2108598243
W2798991696,W2963466847
W2798991696,W2136922672
W2798991696,W2031489346
W2798991696,W1536680647
W2798991696,W2163605009
W2798991696,W639708223
W2798991696,W2194775991
W2798991696,W2025768430
W2798991696,W2099471712
W2898069736,W2025883194
W2898069736,W2136039427
W2898069736,W4211068006
W2898069736,W2100379340
W2842089854,W2123871098
W2786390877,W2180229411
W2786390877,W2154197653
W2786390877,W2130479394
W2786390877,W2154714625
W2786390877,W2144081223
W2786390877,W2124026197
W2786390877,W2734356283
W2786390877,W2765322245
W2963155035,W2097117768
W2963155035,W2194775991
W2963155035,W2016053056
W2963155035,W1947481528
W2963155035,W2163605009
W2783525259,W2138913040
W2783525259,W2100556411
W2902907165,W2257979135
W2902907165,W2766447205
W2898598946,W2102304447
W2898598946,W2259938310
W2898598946,W2096465161
W2898598946,W4250359879
W2898598946,W2761275051
W2898598946,W2104549677
W2898598946,W2256016639
W2898598946,W4210702584
W2898598946,W2077327925
W2898598946,W2141831115
W2898598946,W2154139219
W2900030356,W2110375946
W2900030356,W2160947363
W2900030356,W2108718991
W2900030356,W2124351063
W2900030356,W2136879569
W2900030356,W2034285706
W2900030356,W1005007408
W2963341956,W2108598243
W2963341956,W2117130368
W2963341956,W2250539671
W2963341956,W2025768430
W2963341956,W2149933564
W2963341956,W2963748441
W2963341956,W2251939518
W2944434778,W2093274439
W2949177718,W2794480084
W2949177718,W2169456326
W2949177718,W1966701961
W2949177718,W2794521141
W2949177718,W2014677321
W2949177718,W1966327575
W2949177718,W2124985265
W2949177718,W2108234281
W2949177718,W2161546116
W2949177718,W2179438025
W2949177718,W2032518018
W2949177718,W2151409320
W2949177718,W2747877289
W2949177718,W2102619694
W2949177718,W2341539131
W2949177718,W2069089843
W2949177718,W2894687190
W2949177718,W2739492614
W2949177718,W1964895626
W2949177718,W2097065948
W2949177718,W2817838603
W2949177718,W2951506174
W2949177718,W2997280954
W2949177718,W2766437506
W2928665623,W2158217645
W2928665623,W2103017472
W2928665623,W4294216483
W2928665623,W2130410032
W2928665623,W2767891136
W2928665623,W4250359879
W2928665623,W2159675211
W2928665623,W2345356016
W2928665623,W2124649657
W2928665623,W2136850043
W2928665623,W2158804744
W2928665623,W2133465414
W2928665623,W2559466477
W2928665623,W1979594866
W2928665623,W2611604995
W2928665623,W1989277387
W2928665623,W2154139219
W2950504429,W1979290264
W2964849163,W2171777347
W2964849163,W2096791516
W2964849163,W2018838463
W2964849163,W2116041602
W2964849163,W2168909179
W2964849163,W2122732537
W2964849163,W2124985265
W2964849163,W2103441770
W2964849163,W2097341408
W2964849163,W2136145671
W2964849163,W2112113834
W2964849163,W2102278945
W2964849163,W2129933858
W2964849163,W2170551349
W2964849163,W2139760555
W2964849163,W2149992227
W2964849163,W2124362779
W2963420686,W1677182931
W2963420686,W2183341477
W2963420686,W2531409750
W2963420686,W2117539524
W2963420686,W2194775991
W2963420686,W2549139847
W2963420686,W2097117768
W2963420686,W1665214252
W2963420686,W2163605009
W2963420686,W2149933564
W2963420686,W2097998348
W2963420686,W639708223
W2954996726,W2163605009
W2954996726,W2395579298
W2954996726,W2250539671
W2954996726,W2581082771
W2954996726,W2148143831
W2954996726,W569478347
W2954996726,W2593414223
W2954996726,W2108598243
W2954996726,W2149933564
W2954996726,W2138011018
W2954996726,W2161969291
W2954996726,W2151103935
W2954996726,W2102605133
W2954996726,W2402144811
W2954996726,W2145287260
W2954996726,W2099471712
W2954996726,W2187089797
W2954996726,W2095705004
W2954996726,W2963470893
W2954996726,W2194775991
W2954996726,W2296073425
W2970641574,W2963341956
W2970641574,W2250539671
W2970641574,W2251939518
W2970641574,W2114524997
W2970641574,W2160660844
W2984472267,W2794480084
W2984472267,W2794521141
W2984472267,W2951506174
W2984472267,W2146512944
W2984472267,W2123491442
W2984472267,W2766437506
W2984472267,W2169456326
W2984472267,W2889326414
W2984472267,W2902652978
W2984472267,W2070050178
W2984472267,W2345356016
W2984472267,W2103017472
W2984472267,W2131681506
W2981731882,W2891503716
W2981731882,W1787224781
W2981731882,W2134732827
W2981731882,W2062118960
W2981731882,W2123649031
W2981731882,W2945976633
W2981731882,W2165698076
W2981731882,W2910705748
W2981731882,W1947481528
W2981731882,W2541884796
W2981731882,W2295107390
W2981731882,W2612690371
W2981731882,W2962858109
W2981731882,W2963819344
W2981731882,W2282821441
W2981731882,W2559655401
W2945976633,W2910705748
W2988396470,W2142678478
W2988396470,W2045204781
W2988396470,W2950954328
W2988396470,W2008856488
W2988396470,W1900937478
W2988396470,W2031611770
W2988396470,W2111647009
W2988396470,W2141052558
W2988396470,W2160378127
W2988396470,W2277953252
W2973457155,W2180229411
W2973457155,W2109184569
W2973457155,W2154197653
W2973457155,W2786390877
W2973457155,W2154714625
W2973457155,W2124026197
W2973457155,W2734356283
W2973457155,W2011301426
W2973457155,W2074986801
W2973457155,W2163341755
W2973457155,W2131350133
W2973457155,W2765322245
W2955058313,W2412782625
W2955058313,W2560023338
W2955058313,W2340897893
W2955058313,W2031489346
W2911489562,W2250539671
W2911489562,W2963341956
W2979750740,W2558748708
W2979750740,W2211722331
W2979750740,W2160821342
W2979750740,W2116341502
W2979750740,W2101491865
W2979750740,W569478347
W2979750740,W2099471712
W2979750740,W2560722161
W2979750740,W2560609797
W2979750740,W1920022804
W2979750740,W2163605009
W2982770724,W2549139847
W2982770724,W2108598243
W2982770724,W1536680647
W2982770724,W2194775991
W2982770724,W2570343428
W2982770724,W2916798096
W2982770724,W639708223
W2949676527,W2899771611
W2919979744,W2290883490
W2919979744,W2168081761
W2919979744,W2072955302
W2919979744,W2061438946
W2919979744,W883434633
W2919979744,W2096166399
W2919979744,W2738900493
W2919979744,W2585392941
W2919979744,W2031183907
W2919979744,W1999284878
W2919979744,W2109364787
W2788228074,W1983403167
W2788228074,W2538143681
W2788228074,W2950354111
W2788228074,W2120902911
W2788228074,W1982855075
W2916798096,W2560023338
W2916798096,W2560474170
W2916798096,W2097117768
W2916798096,W2412782625
W2912213068,W2473418344
W2912213068,W2165698076
W2912213068,W2257979135
W2912213068,W2159024459
W2944545583,W2345356016
W2944545583,W2027847170
W2944545583,W2611604995
W2944545583,W2103017472
W2944545583,W2130410032
W2944545583,W2917207851
W2944545583,W1617495083
W2944545583,W2012034410
W2944545583,W3136918052
W2944545583,W2010457001
W2944545583,W2159675211
W2944545583,W1969353942
W2944545583,W2537679995
W2944545583,W2910111050
W2944545583,W1989277387
W2946657092,W1533942137
W2946657092,W2018838463
W2946657092,W2158485828
W2946657092,W2607129810
W2946657092,W2796207838
W2946657092,W2120865735
W2946657092,W2749613778
W2981869278,W2893425640
W2975424845,W2119605658
W2975424845,W2139168999
W2986925300,W2745006471
W2986925300,W2138122982
W2986925300,W2143485490
W2986925300,W2951254987
W2986925300,W2889019390
W2962730651,W2570343428
W2962730651,W2194775991
W2962730651,W3141776272
W2962730651,W639708223
W2962730651,W1533861849
W2997022986,W2103017472
W2997022986,W1989277387
W2997022986,W2158217645
W2997022986,W2559588208
W2997022986,W2345356016
W2997022986,W2214074259
W2997022986,W2096173332
W2938574745,W2142678478
W2938574745,W2101291993
W2938574745,W3136918052
W2938574745,W1996423252
W2938574745,W2120772351
W2938574745,W2160378127
W2934047558,W2057327293
W2934047558,W1965464747
W2934047558,W2075511306
W2934047558,W2527042386
W2997280954,W2179438025
W2997280954,W2069089843
W2997280954,W2794480084
W2997280954,W2949177718
W2997280954,W2800392236
W2997280954,W2190545194
W2997280954,W2130116522
W2997280954,W2152239989
W2997280954,W2137526110
W2997280954,W2114104545
W2997280954,W2081098333
W2997280954,W2739492614
W2997280954,W2889326414
W2912990441,W2161746138
W2912990441,W2170747616
W2912990441,W2165698076
W2912990441,W2095705004
W2991188715,W2032842297
W2991188715,W2319902168
W2991188715,W1979368277
W2991188715,W2086945873
W2992308087,W2117539524
W2992308087,W2183341477
W2992308087,W2097117768
W2992308087,W2412782625
W2992308087,W2295107390
W2992308087,W2194775991
W2992308087,W2031489346
W2992308087,W1895577753
W2992308087,W2549139847
W2992308087,W2095705004
W2992308087,W2998508940
W2992308087,W2163605009
W2992308087,W2899771611
W2992308087,W2274287116
W2992308087,W639708223
W2981137429,W2174602966
W2981137429,W2045435533
W2981137429,W2064815984
W2981137429,W2003171404
W2981137429,W2336828812
W2981137429,W2766599608
W2981137429,W2169244146
W2981137429,W2107959600
W2981137429,W2003797386
W2981137429,W2224398381
W2981137429,W2146512944
W2981137429,W2320983896
W2981137429,W1999574084
W2969424089,W1971443733
W2969424089,W2082432933
W2969424089,W2950077417
W2969424089,W2990747873
W2995576379,W1988050849
W2995576379,W2905811773
W2995576379,W2130892515
W2995576379,W2100739170
W2995576379,W2223470559
W2995576379,W2105846236
W2995576379,W2167344400
W2995576379,W2950750906
W2995576379,W1815596065
W2995576379,W2000380427
W2995576379,W2118338381
W2901954177,W2026062398
W2901954177,W2122082385
W2901954177,W2094939159
W2901954177,W2110835349
W2901954177,W2107608009
W2901954177,W2091705028
W2901954177,W2807308836
W2949867654,W2111211467
W2949867654,W2111647009
W2949867654,W2031611770
W2949867654,W2141052558
W2990747873,W2082432933
W2990747873,W2969424089
W2978346165,W2032285541
W2978346165,W2141975087
W2978346165,W2140699752
W2953151710,W2794480084
W2953151710,W2135937351
W2953151710,W2102212449
W2953151710,W2006617902
W2953151710,W2069089843
W2953151710,W2951506174
W2953151710,W1831050183
W2953151710,W2817838603
W2936349953,W2252795400
W2981863007,W2156098321
W2979811825,W2115888213
W2979811825,W2614081736
W2979811825,W2160378127
W2979811825,W2128880918
W2979811825,W2799524357
W2979811825,W2133870991
W2979811825,W2563535234
W2979811825,W2336330109
W2979811825,W2111647009
W2979811825,W2148698435
W2979811825,W2159957100
W2979811825,W2131473084
W2996597775,W1979290264
W2996597775,W2950504429
W2996597775,W2129660502
W2996597775,W2524597629
W2996597775,W2305278139
W2996597775,W2754799758
W2996597775,W2138664283
W2996597775,W2900619723
W2996597775,W1780778418
W2996597775,W4235278727
W2996290406,W2916798096
W2996290406,W2734349601
W2996290406,W2884436604
W2996290406,W2253429366
W2996290406,W4231109964
W2996290406,W2194775991
W2996290406,W2395611524
W2946412700,W2169678694
W2946412700,W2900090807
W2946412700,W2593436234
W2969625533,W2891503716
W2969625533,W2526781987
W2969625533,W2923537029
W2971763914,W2020093054
W2971763914,W2058541903
W2971836485,W2252795400
W2971836485,W2765081049
W2971836485,W2167572849
W2971836485,W1909359706
W2938868597,W2103901746
W2938868597,W2887136521
W2938868597,W2745006471
W2938868597,W2599417231
W2938868597,W2112364185
W2936774411,W2183341477
W2936774411,W1494198834
W2936774411,W2143612262
W2936774411,W1524333225
W2936774411,W2327501763
W2936774411,W2147768505
W2946173685,W2130410032
W2946173685,W2043274355
W2946173685,W2559588208
W2946173685,W2165232124
W2946173685,W2162151166
W2990503944,W2549139847
W2990503944,W2194775991
W2990503944,W1677182931
W2990503944,W2963155035
W2990503944,W1536680647
W2990503944,W2108598243
W2990503944,W2097117768
W2990503944,W2163605009
W2982316857,W179875071
W2982316857,W2902907165
W2982316857,W2257979135
W2982316857,W2145339207
W2982316857,W2194775991
W2982316857,W2121863487
W2910597635,W2597150627
W2970358232,W2014946489
W2970358232,W2898440040
W2970358232,W1978337436
W2970358232,W1988163167
W2970358232,W2065566217
W2970358232,W2173732482
W2970358232,W2043398720
W2970358232,W2900044275
W2970358232,W2950595506
W2989604896,W2570343428
W2989604896,W2102605133
W2989604896,W2109255472
W2989604896,W2194775991
W2989604896,W2031489346
W2989604896,W2601564443
W2989604896,W2088049833
W2989604896,W2899771611
W2989604896,W1536680647
W2989604896,W639708223
W2989604896,W2916798096
W2982531601,W2779019546
W2982531601,W2134852597
W2982531601,W2544493586
W2982531601,W2899070097
W2982531601,W2130479394
W2982531601,W2767891136
W2982531601,W2142678478
W2982531601,W2143485490
W2982531601,W2045204781
W2982531601,W2170551349
W2982531601,W2103441770
W2982531601,W2114850508
W2982531601,W2096525273
W2991012415,W2898402099
W2991012415,W2559191318
W2928165649,W2151103935
W2928165649,W2560023338
W2928165649,W2057175746
W2928165649,W2109255472
W2928165649,W2194775991
W2928165649,W2097117768
W2928165649,W2549139847
W2928165649,W2183341477
W2928165649,W2531409750
W2928165649,W2037227137
W2928165649,W2031489346
W2928165649,W2102605133
W2928165649,W2412782625
W2928165649,W2962858109
W2928165649,W2916798096
W2928165649,W2117539524
W2928165649,W2274287116
W2928165649,W639708223
W2928165649,W2992308087
W2928165649,W2163605009
W2928165649,W2963420686
W3003668884,W3002539152
W3036319615,W2103017472
W3036319615,W2157009395
W3036319615,W2142678478
W3036319615,W2115888213
W3036319615,W2158804744
W3036319615,W2132926880
W3036319615,W2406250479
W3036319615,W2119205648
W3036319615,W4294216483
W3036319615,W2086561953
W3036319615,W2037993016
W3036319615,W2111647009
W3005235420,W2917207851
W3005235420,W2344940607
W3005235420,W1900937478
W3005235420,W2111211467
W3005235420,W2952045272
W3005235420,W2951464304
W3005235420,W2614081736
W3005235420,W2949867654
W3005235420,W2133870991
W3005235420,W2122082385
W3005235420,W1983102293
W3005235420,W2111647009
W3005235420,W2031611770
W3005235420,W2141052558
W3096831136,W2108598243
W3096831136,W2559655401
W3096831136,W2612690371
W3096831136,W2099471712
W3035524453,W2194775991
W3035524453,W2549139847
W3035524453,W2798991696
W3035524453,W2138621090
W3035524453,W1536680647
W3035524453,W2102605133
W3035524453,W2025768430
W3035524453,W2131846894
W3035524453,W2340897893
W3035524453,W2108598243
W3035524453,W2031489346
W3035524453,W2099471712
W3035524453,W2963341956
W3035524453,W2412782625
W3035524453,W639708223
W3083406432,W2153544371
W3083406432,W3136918052
W3083406432,W2130479394
W3083406432,W2132629607
W3083406432,W2734356283
W3083406432,W3007643904
W3083406432,W2096525273
W3092861045,W2110052313
W3092861045,W2530597942
W3001195213,W2132260239
W3107527779,W1985213868
W3107527779,W2950764390
W3107527779,W2096173332
W3107527779,W2105924489
W3107527779,W2110256992
W3107527779,W2950595506
W3107527779,W3136918052
W3107527779,W2898402099
W3107527779,W2911489562
W3107527779,W4231254854
W3107527779,W1989277387
W3034971973,W2549139847
W3034971973,W2570343428
W3034971973,W2982770724
W3034971973,W2194775991
W3034971973,W2531409750
W3034971973,W2037227137
W3034971973,W1536680647
W3034971973,W639708223
W2979826702,W2923014074
W2979826702,W2123442489
W3095583226,W2898402099
W3095583226,W2224056471
W3095583226,W3136918052
W2999615587,W2282821441
W2999615587,W2157840751
W3034552520,W2183341477
W3034552520,W2097117768
W3034552520,W2549139847
W3034552520,W2194775991
W3034552520,W2108598243
W3034552520,W2531409750
W3034552520,W2955058313
W3034552520,W639708223
W3034552520,W1665214252
W3034552520,W2163605009
W3112376646,W3136918052
W3112376646,W2951257985
W3112376646,W4210702584
W3112376646,W2950595506
W3112376646,W2051978340
W3112376646,W2155804510
W3112376646,W2011920499
W3112376646,W2983166786
W3112376646,W2096525273
W3112376646,W2154139219
W3014067025,W3004280078
W3014067025,W3003217347
W3014067025,W3004318991
W3014067025,W3009335299
W3014067025,W3008394341
W3014067025,W3009912996
W3014067025,W3007643904
W3014067025,W3004348779
W3014067025,W2163341755
W3014067025,W2144081223
W3014067025,W2109184569
W3041133507,W2253429366
W3041133507,W2786808285
W3041133507,W2593768305
W3041133507,W2108598243
W3041133507,W2395579298
W3041133507,W2025768430
W3041133507,W2097117768
W3041133507,W2165698076
W3041133507,W2194775991
W3041133507,W2121947440
W3041133507,W1964357740
W3041133507,W2099471712
W3041133507,W2163605009
W3041133507,W2149933564
W3041133507,W2165874743
W3027286012,W2952001873
W3027286012,W2533508881
W3027286012,W2507880739
W3027286012,W1985987855
W3027286012,W2765224588
W3027286012,W2158485828
W3027286012,W1999574084
W3027286012,W2153056550
W3027286012,W2157852151
W3027286012,W2142300779
W3027286012,W2114104545
W3027286012,W2886498337
W3027286012,W2796408191
W2999309192,W2911964244
W2999309192,W1966976587
W2999309192,W1565746575
W2999309192,W2170505850
W2999309192,W2888728157
W2999309192,W1966716734
W2999309192,W4294214983
W2999309192,W2158698691
W2999309192,W2070493638
W3008696669,W3002539152
W3008696669,W3003668884
W3008696669,W3001195213
W4236357753,W4296816736
W4236357753,W2049069390
W4236357753,W2302501749
W2885195348,W2079735306
W2885195348,W2559655401
W2885195348,W1689711448
W3014125413,W2133488074
W3014125413,W2117779820
W3014125413,W1867005924
W3014125413,W1989120577
W3042011474,W2549139847
W3042011474,W2989604896
W3042011474,W2108598243
W3042011474,W2194775991
W3042011474,W2928165649
W3034310241,W2067718414
W3034310241,W2739439285
W3034310241,W2119547517
W3034310241,W2122427541
W3034310241,W2031430816
W3034310241,W2028046413
W3016249157,W2170899200
W3019350884,W2098923148
W3019350884,W2139168999
W3012284084,W3002539152
W3012284084,W2160337655
W3014641072,W2955058313
W3014641072,W2989604896
W3014641072,W2340897893
W3014641072,W2395611524
W3014641072,W2884436604
W3014641072,W2560023338
W3014641072,W2194775991
W3014641072,W2981689412
W3014641072,W2549139847
W3014641072,W2097117768
W3014641072,W2916798096
W3014641072,W2982770724
W3014641072,W639708223
W3014641072,W2412782625
W3014641072,W2163605009
W3010131837,W3004912618
W3010131837,W3003668884
W3010131837,W3004397688
W3035414587,W2194775991
W3035414587,W2108598243
W3035414587,W2531409750
W3035414587,W639708223
W3035414587,W2163605009
W3112066496,W2979586175
W3032971139,W3012284084
W2997747012,W639708223
W2997747012,W2982770724
W2997747012,W2570343428
W2997747012,W2962721361
W3097145107,W2899070097
W3097145107,W2177317049
W3097145107,W3136918052
W3097145107,W2767891136
W3097145107,W4231254854
W3097145107,W1989277387
W3097145107,W2096525273
W3097145107,W1577231857
W2999318660,W2132260239
W3112600195,W2900044275
W3112600195,W1490161904
W3112600195,W2950595506
W3112600195,W2302501749
W3111521801,W2167279371
W3111521801,W2107554012
W3111521801,W2194775991
W3111521801,W2475287302
W3111521801,W2471536144
W3111521801,W2110158442
W3111521801,W2011301426
W3111521801,W2962730651
W3111521801,W2559655401
W3111521801,W2187089797
W3045200674,W2054141820
W3045200674,W1533861849
W3045200674,W2194775991
W3027308092,W2014166972
W3027308092,W2003193361
W3027308092,W2000770615
W3027308092,W2085093563
W3027308092,W2118233996
W3027308092,W2120145199
W3017049640,W2168909179
W3017049640,W2886785109
W3017049640,W1482190741
W3017049640,W2156125289
W3017049640,W2127774996
W3017049640,W1981239255
W2998789541,W2174661749
W2998789541,W2103004421
W2998789541,W2083927153
W2998789541,W2327037637
W2998789541,W2088783247
W2998789541,W2767128594
W3007935255,W2159675211
W3007935255,W2900144939
W3007935255,W2771542157
W3007935255,W2471536144
W3007935255,W2915848182
W3007935255,W2147526198
W3007935255,W2069089843
W3007935255,W2800392236
W2999044305,W2130479394
W2999044305,W2194775991
W2999044305,W2051210555
W2999044305,W2082667898
W2999044305,W2102245393
W2999044305,W2095705004
W2990648940,W2891378911
W2990648940,W1617328014
W2990648940,W2085001923
W2990648940,W2156098321
W2998553334,W2145113795
W2998553334,W2143560894
W2998553334,W2152195021
W2998553334,W2061438946
W2998553334,W2072955302
W2998553334,W1976744965
W2998553334,W2287814884
W3022535278,W2170816415
W3022535278,W1979290264
W3022535278,W2763766763
W3012690896,W3003668884
W3105081694,W3010604545
W3105081694,W2194775991
W3105081694,W2108598243
W3013594674,W3004912618
W3013594674,W3003668884
W3013594674,W2097360283
W3013594674,W2158196600
W3013594674,W3012284084
W3013594674,W2151570219
W3013594674,W1951724000
W3013594674,W4294541781
W3013594674,W2122825543
W2998885490,W2015834247
W2998885490,W2121745948
W2998885490,W2193503481
W2998885490,W1985217958
W2998885490,W2115247641
W2998885490,W2110179017
W2998885490,W2125634634
W2998885490,W1970327765
W2998885490,W2171675471
W2998885490,W2337225114
W2998885490,W2051416171
W3001362559,W2170816415
W3001362559,W1979290264
W3001362559,W1981425990
W3001362559,W2155243985
W3001362559,W2061504941
W3001362559,W2142225512
W3001362559,W4294214983
W3001362559,W2331393505
W3001362559,W2109305774
W3001362559,W2138664283
W3001362559,W4235278727
W3001362559,W1966976587
W3005332201,W2737217596
W3005332201,W2037496050
W3005332201,W2169904088
W3005332201,W2294707565
W3046751266,W2150981663
W3046751266,W2127522551
W3046751266,W2067718414
W3046751266,W2057477511
W3046751266,W2149655632
W3046751266,W2057806291
W3046751266,W2739439285
W3046751266,W2029582401
W3046751266,W2180229411
W3046751266,W2021520922
W3085758516,W2132341951
W3085758516,W2968499116
W3085758516,W2073026107
W3085758516,W2538143681
W3085758516,W2155628349
W3085758516,W2950354111
W3085758516,W1983403167
W3085758516,W3002362821
W3085758516,W2117131162
W3036135788,W2169456326
W3036135788,W2107772251
W3036135788,W2102278945
W3036135788,W2108234281
W3036135788,W2599417231
W3036135788,W2137586531
W3043220753,W2950077417
W3043220753,W2969424089
W3043220753,W2121607567
W3043220753,W2150166076
W3043220753,W2082432933
W3043220753,W2990747873
W2998175747,W2557738935
W2998175747,W2581082771
W3045004532,W2097998348
W3045004532,W2117756735
W3045004532,W2163605009
W3045004532,W1663973292
W3015988827,W3010233963
W3015988827,W3003668884
W3015988827,W3012284084
W3015988827,W3013594674
W3015988827,W2038669746
W3015988827,W2097360283
W3015988827,W3023441241
W3015988827,W2122825543
W2097255042,W2147246240
W1494075612,W2141652419
W1494075612,W2152458080
W2137683543,W1497947649
W2149353640,W2141885858
W2152458080,W4213149192
W2611370172,W3133236490
W2149166037,W1568390176
W2065996794,W2141652419
W2065996794,W1494075612
W2141452262,W2002698073
W2146264532,W2147246240
W2127230663,W2141652419
W2127230663,W1494075612
W2127230663,W2065996794
W2127230663,W4213149192
W2127230663,W2133790733
W2127230663,W2141885858
W2131994307,W2147246240
W2131994307,W2097255042
W2131994307,W4294107304
W2131994307,W2044702943
W2131994307,W2157795344
W1611419331,W1916491745
W1611419331,W2166903671
W1611419331,W2117991391
W1611419331,W2152993806
W1928998639,W1577941315
W2130790725,W2065304353
W2151922790,W1611419331
W2151922790,W2152993806
W2151922790,W1916491745
W2151922790,W2166903671
W2151922790,W1920303762
W2151922790,W2054109341
W2151922790,W2117991391
W2151922790,W2167557255
W2151922790,W1992941735
W2117991391,W1916491745
W2117991391,W2166903671
W2167869241,W2065304353
W2167869241,W4294216483
W1486722793,W1575585006
W2152993806,W1916491745
W2152993806,W2166903671
W2167557255,W1920303762
W2167557255,W1916491745
W2167557255,W2166903671
W2167557255,W2152993806
W2167557255,W2117991391
W2167557255,W2054109341
W2167557255,W2151922790
W2167557255,W1992941735
W2061008984,W2168909179
W2061008984,W2055666215
W2122082385,W2994240441
W1509466986,W2141452262
W1509466986,W2002698073
W1992941735,W1920303762
W1992941735,W2054109341
W1992941735,W2167557255
W1992941735,W2151922790
W1603793127,W2002698073
W1603793127,W2141452262
W2141913814,W2161444534
W1727290854,W2147246240
W1727290854,W2097255042
W1727290854,W2044702943
W2054109341,W1920303762
W2054109341,W1916491745
W2054109341,W2166903671
W2054109341,W2117991391
W2054109341,W2152993806
W2054109341,W1611419331
W2164004777,W4213149192
W2124281279,W2168909179
W2124281279,W1996423252
W2097413644,W2147246240
W2097413644,W2097255042
W2097413644,W1727290854
W2097413644,W2044702943
W1575585006,W1967261754
W1575585006,W1486722793
W2126376871,W2008715871
W2126376871,W1984547206
W2134351926,W1594032928
W2141885858,W2136145671
W2141885858,W2130479394
W2141885858,W2141652419
W2141885858,W2096525273
W2141885858,W2168909179
W2141885858,W2137015675
W2141885858,W2105329815
W2141885858,W2152770371
W2151464048,W2168909179
W2151464048,W2127230663
W2151464048,W1494075612
W2151464048,W2141652419
W2151464048,W2156622081
W2151464048,W4213149192
W2151464048,W2152664025
W2151464048,W2163188200
W2107503723,W2173497140
W2107503723,W2581259096
W2107503723,W2158048826
W2152664025,W1642457845
W2152664025,W1670573097
W2152664025,W2061008984
W2158048826,W1631250427
W2171280873,W1645305843
W2135314242,W2318933236
W2135314242,W2054109341
W2135314242,W2151922790
W2135314242,W1965306643
W2135314242,W2167557255
W2135314242,W1992941735
W2084619201,W2168909179
W2084619201,W2065304353
W2084619201,W2167869241
W2084619201,W1597678601
W2084619201,W2130790725
W2019851585,W2103017472
W2019851585,W1494075612
W2019851585,W2152458080
W2019851585,W2141885858
W2019851585,W2152770371
W2038783205,W1611419331
W2156622081,W1494075612
W2156622081,W2127230663
W2156622081,W2141652419
W2156622081,W2103017472
W2156622081,W2065996794
W1976564639,W2147246240
W2015132841,W2002698073
W2015132841,W2141452262
W2015132841,W1509466986
W2015132841,W1603793127
W2124166542,W2168909179
W2124166542,W4213149192
W2124166542,W2103017472
W2124166542,W2141885858
W2037036397,W2065304353
W2037036397,W2167869241
W2107356656,W1577941315
W1497947649,W2065304353
W2100668965,W2146264532
W2100668965,W2147246240
W1965306643,W2151922790
W1965306643,W2167557255
W1965306643,W1992941735
W1965306643,W1920303762
W1965306643,W2054109341
W1965306643,W2117991391
W4294326454,W1494075612
W2012960603,W2149353640
W2063264144,W2118471749
W2156737316,W2065304353
W2156737316,W2167869241
W2156737316,W2130790725
W2156737316,W2084619201
W2156737316,W1650797637
W2141042406,W2098126593
W2126602684,W2137683543
W2126602684,W2146264532
W2126602684,W2110699703
W2006559495,W1611419331
W2138550913,W1727290854
W2138550913,W4294107304
W2138550913,W2171033594
W2138550913,W2157795344
W2139122477,W1499500424
W2147863419,W1519633296
W1966701961,W2147246240
W1966701961,W2096863518
W1996487270,W1611419331
W1996487270,W4294107304
W1996487270,W2157795344
W2159400887,W2097413644
W2159400887,W2097255042
W2159400887,W2128985829
W2122598723,W2146264532
W2122598723,W2100668965
W2092868756,W2097413644
W2092868756,W2128985829
W2092868756,W2159400887
W2092868756,W2097255042
W2092868756,W2147246240
W2099901798,W2156434383
W2023427658,W1483167997
W2123106337,W4294107304
W2123106337,W2105381419
W2123106337,W2157795344
W2162196924,W2088842558
W2097811455,W1575585006
W2097811455,W1486722793
W2097811455,W1567420244
W1966238900,W2104548316
W1966238900,W2132260239
W2058401000,W1642457845
W2058401000,W1670573097
W2058401000,W2152664025
W2058401000,W2141042406
W2058401000,W2122732537
W2058401000,W2061008984
W2058401000,W2127230663
W2058401000,W2168909179
W2008856488,W2103017472
W2008856488,W2124166542
W2008856488,W2019851585
W2008856488,W2133790733
W2157840751,W2147246240
W2157840751,W2097255042
W2157840751,W2131994307
W2157840751,W1976564639
W2157840751,W2128985829
W2157840751,W2138550913
W2157840751,W2160450758
W2157840751,W2044702943
W2098115340,W1494075612
W2098115340,W2142437744
W2098115340,W2038492783
W1980269624,W1920303762
W1980269624,W2151922790
W1980269624,W2167557255
W1980269624,W1992941735
W1980269624,W1965306643
W1980269624,W2054109341
W1980269624,W2117991391
W1980269624,W2152993806
W1980269624,W1611419331
W2109972881,W2100668965
W2109972881,W2038437697
W2109972881,W2120865735
W2109972881,W2170989872
W2167650288,W2023427658
W2095724872,W3095583226
W2095724872,W2141885858
W45534775,W1544923801
W1527927437,W2141652419
W1527927437,W2103017472
W2155606054,W2168909179
W2155606054,W2141652419
W2155606054,W1494075612
W2155606054,W2151464048
W2155606054,W2019851585
W2085525886,W2099901798
W2085525886,W1555476426
W2169805130,W2065304353
W2169805130,W2167869241
W2169805130,W2084619201
W2169805130,W2037036397
W2169805130,W2126602684
W2169805130,W2142437744
W2169805130,W2013947447
W2169805130,W2107913200
W1990221500,W2180478016
W2158267770,W2147246240
W2158267770,W1976564639
W1967464880,W2150999725
W2130417276,W2032866243
W2001568034,W2138226825
W2013947447,W2084619201
W2013947447,W2169805130
W2013947447,W1597678601
W2099524720,W2156622081
W2120456037,W1965306643
W2120456037,W1920303762
W2120456037,W2117991391
W2120456037,W2054109341
W2120456037,W1980269624
W2120456037,W1916491745
W2120456037,W2151922790
W2120456037,W2103017472
W2038492783,W2141652419
W2038492783,W2168909179
W2038492783,W2127230663
W2038492783,W1494075612
W2028036560,W2158048826
W2028036560,W1631250427
W2137440275,W2143729842
W2026578487,W2161057248
W2059382687,W1920303762
W2059382687,W2135314242
W2059382687,W2151922790
W2059382687,W1965306643
W2059382687,W2167557255
W2059382687,W1980269624
W2150163104,W2158048826
W2150163104,W2126851387
W2150163104,W1608762409
W2150163104,W2138442302
W2126851387,W2150163104
W2126851387,W1608762409
W2126851387,W2138442302
W2153983456,W2130479394
W2098425296,W2103017472
W2098425296,W4213149192
W2098425296,W2141885858
W2098425296,W2168909179
W2098425296,W2151464048
W2098425296,W2164004777
W2098425296,W2122732537
W2098425296,W2127230663
W2116864112,W2130516299
W2043696829,W2139248078
W2043696829,W2163188200
W2043696829,W2161821474
W2014946489,W2167557255
W2014946489,W1992941735
W2014946489,W2151922790
W2014946489,W1965306643
W2014946489,W1920303762
W2014946489,W2059382687
W2014946489,W2120456037
W2014946489,W2163199119
W2161821474,W2163188200
W2161821474,W2129172946
W2161821474,W2043696829
W2001544973,W2023427658
W2001544973,W2167650288
W2104890139,W2148422863
W2163151727,W1979260070
W2163151727,W2062900498
W2150678612,W2002726823
W2150678612,W2097811455
W1991330646,W2144362290
W2099824652,W2108244474
W2099824652,W2099249565
W2099824652,W1577577364
W2612812586,W2141652419
W2612812586,W2168909179
W2612812586,W2127230663
W2612812586,W1494075612
W2612812586,W2151464048
W2097933346,W1650797637
W2139236349,W2043696829
W2139236349,W2161821474
W2139236349,W2124662474
W2168230240,W2117991391
W2168230240,W2059382687
W2168230240,W2152993806
W2168230240,W2054109341
W2168230240,W2151922790
W2168230240,W2167557255
W2168230240,W1992941735
W2168230240,W1980269624
W2168230240,W2163199119
W2083089709,W1642457845
W2083089709,W1670573097
W2150536104,W2135314242
W2150536104,W2151922790
W2150536104,W2167557255
W2150536104,W1992941735
W2150536104,W1965306643
W2150536104,W2038492783
W2101846955,W2141913814
W2101846955,W2077959816
W2101846955,W2009435671
W4212766227,W1509466986
W4212766227,W2015132841
W4212766227,W1603793127
W4212766227,W2141452262
W2040191060,W2135314242
W2040191060,W2150536104
W2040191060,W2059382687
W2040191060,W2152993806
W2040191060,W2120456037
W2040191060,W2151922790
W2040191060,W1965306643
W2040191060,W2167557255
W2040191060,W1992941735
W2040191060,W1980269624
W2040191060,W2163199119
W2040191060,W2094253263
W2040191060,W1920303762
W2040191060,W2166903671
W2040191060,W2141157874
W2141137217,W2076361525
W2141137217,W1969072247
W2141137217,W1994391392
W2141137217,W1514540900
W2036008499,W2156323704
W2036008499,W2092868756
W2036008499,W2128985829
W2161062388,W2141885858
W2161062388,W2154139219
W1977918192,W2147246240
W1977918192,W2097413644
W1977918192,W2097255042
W1977918192,W1976564639
W1977918192,W2159400887
W1977918192,W2131994307
W1977918192,W2128985829
W1977918192,W1544923801
W1977918192,W2105381419
W1977918192,W4294216483
W1977918192,W2044702943
W1977918192,W2103017472
W2164683872,W2127230663
W2164683872,W2168909179
W2164683872,W2136145671
W2164683872,W2020541351
W2081255404,W2143180984
W1986662234,W1494075612
W2114524997,W2166706824
W2114524997,W2143516773
W2124898423,W2088381487
W2097529540,W1999872096
W2097529540,W2160621707
W2033797333,W2167033587
W2033797333,W2038783205
W2108787198,W2168909179
W2108787198,W2151464048
W2027448315,W2128016314
W2027448315,W2107282968
W2027448315,W2136145671
W2027448315,W2151464048
W2117880641,W2024641550
W2124662474,W2163188200
W2136991248,W1980269624
W2136991248,W2054109341
W2136991248,W2117991391
W2136991248,W1920303762
W2136991248,W2045402423
W2045402423,W2059382687
W2045402423,W2151922790
W2045402423,W2167557255
W2045402423,W1992941735
W2045402423,W1980269624
W2045402423,W2136991248
W2101543035,W2117991391
W2101543035,W1980269624
W2101543035,W1916491745
W2101543035,W2166903671
W2065887259,W2006559495
W2094253263,W2120456037
W2094253263,W2167557255
W2094253263,W2163199119
W2094253263,W1920303762
W2094253263,W2141157874
W2040452926,W2099901798
W2040452926,W2085525886
W2130979840,W2014946489
W2130979840,W1920303762
W2130979840,W2135314242
W2130979840,W2144038313
W2130979840,W2023427658
W2130979840,W2001544973
W2130979840,W2167557255
W2130979840,W2097255042
W2130979840,W1965306643
W2130979840,W2147246240
W2170024099,W1971415551
W2170024099,W2155806125
W2169330513,W2083089709
W2169330513,W2104890139
W2169330513,W2148422863
W2148260760,W2163151727
W2148260760,W2062900498
W1973268287,W2009007206
W1971415551,W2104890139
W1971415551,W2169330513
W1971415551,W2155806125
W1971415551,W2146058063
W2217809488,W1670573097
W2217809488,W1642457845
W2217809488,W2113784410
W2217809488,W2152664025
W2217809488,W2058401000
W2217809488,W2083878136
W2217809488,W2141042406
W2217809488,W2151464048
W2217809488,W2116753165
W2217809488,W2123431154
W2217809488,W2103017472
W2217809488,W2127230663
W2009007206,W1973268287
W2161222316,W2167557255
W2161222316,W2059382687
W2161222316,W2107277218
W2161222316,W1965306643
W2161222316,W1920303762
W2161222316,W2151922790
W2161222316,W1992941735
W2161222316,W2014946489
W2102502076,W1519266993
W2102502076,W2141885858
W2102502076,W4210400672
W2102502076,W2144362290
W2102502076,W4320301318
W2102502076,W2127774996
W2102502076,W2132926880
W2112192177,W2062290101
W2112192177,W2094253263
W2112192177,W2120456037
W2112192177,W2151922790
W2112192177,W2014946489
W2112192177,W2050869737
W2112192177,W2130979840
W2112192177,W1992941735
W2112192177,W2167557255
W2112192177,W2163199119
W1978337436,W2163199119
W1978337436,W1965306643
W1978337436,W2040191060
W1978337436,W2103017472
W1978337436,W2146264532
W2050869737,W2014946489
W2050869737,W2120456037
W2050869737,W2163199119
W2050869737,W2040191060
W2050869737,W2094253263
W2050869737,W1920303762
W2050869737,W2107903949
W2113784410,W2152664025
W2113784410,W2058401000
W2107575419,W2150163104
W2107575419,W2126602684
W2107575419,W2153624566
W2107575419,W2126851387
W2107575419,W1608762409
W2107575419,W2138442302
W2107575419,W2110699703
W2107575419,W2164683872
W2171030481,W2103017472
W2171030481,W2136850043
W2171030481,W1596515083
W2171030481,W2159675211
W2145191876,W2103017472
W2145191876,W2120456037
W2145191876,W2040191060
W2145191876,W2050869737
W2145191876,W2151464048
W2145191876,W2136145671
W2134036574,W2098126593
W2134036574,W2105306382
W2134036574,W2107356656
W2171405751,W2099901798
W2171405751,W2040452926
W2171405751,W2146396346
W2135836598,W2135314242
W2135836598,W2150536104
W2135836598,W2138550913
W2135836598,W2120456037
W2135836598,W2163199119
W2135836598,W2050869737
W2135836598,W2040191060
W2135836598,W2144038313
W2105106534,W2103017472
W2105106534,W4294216483
W2105106534,W2105381419
W2163485494,W2065304353
W2163485494,W2084619201
W2163485494,W1527927437
W2163485494,W2037036397
W2163485494,W2167869241
W2161693225,W2014946489
W2161693225,W2062290101
W2161693225,W2130979840
W2161693225,W1978337436
W2161693225,W2050869737
W2161693225,W2040191060
W2161693225,W2107903949
W2170146596,W2142237411
W2170146596,W2161062388
W2003984225,W2043696829
W2003984225,W2161821474
W2003984225,W2139236349
W2003984225,W2114367386
W2121158863,W1977918192
W2175948239,W2016006311
W2175948239,W2098115340
W2175948239,W1494075612
W2175948239,W2156622081
W2082667898,W2155606054
W2101037339,W1587094587
W2102245393,W2130479394
W2144038313,W2135314242
W2144038313,W2150536104
W2144038313,W2059382687
W2144038313,W2151922790
W2144038313,W1965306643
W2144038313,W2167557255
W2144038313,W1992941735
W2144038313,W2163199119
W2144038313,W1920303762
W2099468911,W2151464048
W2002937040,W2043696829
W2002937040,W2161821474
W2002937040,W2139236349
W1985563073,W2135314242
W1985563073,W2150536104
W1985563073,W2144038313
W1985563073,W1978337436
W1985563073,W2050869737
W1985563073,W2040191060
W1985563073,W2062290101
W2062290101,W1980269624
W2062290101,W2117991391
W2062290101,W2014946489
W2062290101,W2059382687
W2062290101,W4294107304
W2062290101,W2150536104
W2062290101,W2135314242
W2062290101,W2157795344
W2085419794,W1984547206
W2107513655,W2141137217
W2107513655,W2126376871
W2086491289,W2105423509
W2086491289,W2120865735
W2086491289,W2108244474
W2086491289,W2099824652
W2086491289,W2149548143
W2086491289,W1986662234
W2086491289,W1577577364
W2146530991,W1574172480
W2146530991,W2156323704
W2165674132,W2142237411
W2165674132,W2107903949
W2091448229,W2161746138
W2091448229,W4210400672
W2091448229,W2141885858
W1767772592,W2108787198
W1994803330,W2065304353
W1994803330,W2167869241
W1994803330,W2130790725
W1994803330,W2612812586
W1994803330,W2084619201
W1994803330,W2136850043
W2057360098,W2043696829
W2057360098,W2161821474
W2057360098,W2060809301
W2057360098,W2058401000
W2082833890,W2036008499
W2082833890,W2160450758
W2082833890,W2128985829
W2082833890,W2092868756
W2082833890,W2097255042
W2082833890,W2044702943
W2169409681,W2113601822
W2169409681,W2155806125
W2072417345,W2083089709
W2120043163,W2124637492
W2120043163,W2148606196
W2120043163,W2018045523
W2120043163,W2089458547
W2120043163,W2095293504
W2120043163,W2164928285
W2120043163,W2047940964
W2120043163,W2171707538
W2153382986,W2023427658
W2153382986,W2167650288
W2153382986,W2001544973
W2125987139,W2107575419
W2125987139,W2150163104
W2125987139,W2110015307
W2125987139,W2126851387
W2125987139,W1608762409
W2134208433,W2144023435
W2167062509,W2145336165
W2167062509,W2104890139
W2167062509,W1971415551
W2167062509,W2169330513
W2167062509,W2128114769
W2167062509,W2107282968
W2167062509,W2142237411
W2167062509,W2073332363
W2157752701,W2098126593
W2157752701,W2217809488
W2073332363,W2145336165
W2073332363,W2104890139
W2073332363,W1971415551
W2073332363,W2167062509
W2073332363,W2169330513
W2155779547,W2006249161
W2155779547,W2107235439
W2155779547,W1987628377
W2155779547,W2120010406
W2155779547,W2002726823
W2155779547,W2097811455
W2155779547,W2112866067
W2094939159,W2161444534
W2094939159,W2153432740
W2060551076,W2001544973
W2060551076,W2126902508
W2060551076,W2167650288
W2123491442,W2122683221
W2123491442,W2099468911
W2135810600,W2135314242
W2135810600,W2062290101
W2135810600,W2130979840
W2135810600,W2135836598
W2135810600,W2144038313
W2135810600,W1985563073
W2135810600,W4294107304
W2135810600,W2138550913
W2135810600,W2157795344
W2135810600,W2006797972
W1968931043,W2107575419
W1968931043,W2168909179
W1968931043,W2151464048
W2142017607,W2155779547
W2142017607,W2120010406
W2142017607,W2107235439
W2142017607,W2006249161
W2142017607,W2776663677
W2142017607,W1987628377
W2142017607,W2083089709
W2142017607,W1845975704
W2142017607,W1967261754
W2142017607,W2112866067
W1991366673,W2140946052
W2015953751,W2148606196
W2015953751,W2070722739
W2015953751,W2164928285
W2015953751,W2095293504
W2015953751,W2089458547
W2015953751,W2151936673
W2015953751,W2047940964
W2015953751,W2120043163
W2145336165,W2169330513
W2145336165,W1971415551
W2145336165,W2072417345
W2145336165,W2083089709
W2145336165,W2104890139
W2145336165,W2113601822
W2145336165,W2142237411
W2145336165,W2155606054
W1607931568,W2161062388
W1607931568,W4210400672
W1607931568,W2132926880
W1607931568,W2144362290
W1607931568,W2060809301
W1607931568,W1992192767
W1607931568,W2130479394
W1607931568,W2152301430
W1607931568,W2082667898
W1607931568,W2102245393
W1607931568,W2141885858
W2107903949,W2096525273
W2107903949,W2122732537
W2155707112,W2116753165
W2155707112,W2123431154
W2155707112,W2217809488
W2155707112,W2124281279
W2155707112,W2141042406
W2155707112,W2098126593
W2155707112,W2025253353
W2155707112,W2162530578
W2075860675,W2014946489
W2075860675,W2045402423
W2075860675,W2168230240
W2075860675,W2059382687
W2075860675,W2150536104
W2075860675,W2130979840
W2075860675,W2062290101
W2075860675,W2163199119
W2075860675,W2040191060
W2075860675,W2112192177
W2075860675,W2050869737
W2125121177,W2088381487
W2125121177,W2130410032
W2051055358,W2023427658
W2051055358,W2001544973
W2029231546,W2001544973
W2029231546,W2023427658
W2029231546,W2167650288
W2028575270,W2141137217
W2028575270,W2076361525
W2028575270,W2107513655
W2028575270,W1994391392
W2112866067,W2107235439
W2112866067,W2006249161
W2112866067,W1987628377
W2112866067,W1967261754
W2104726963,W2140946052
W2036348189,W2107503723
W2046183549,W1963957860
W2170644095,W2127810309
W2170644095,W1967464880
W2170644095,W2082429191
W2124967403,W2096525273
W2142739240,W2023427658
W2142739240,W2170989872
W2142739240,W2097255042
W2142739240,W2131994307
W2142739240,W2138550913
W2142739240,W2044702943
W2113942802,W2129172946
W2113942802,W2001544973
W2113942802,W2000589976
W2113942802,W2167650288
W2006797972,W2135314242
W2006797972,W2150536104
W2006797972,W2062290101
W2006797972,W2135836598
W2006797972,W2040191060
W2006797972,W2144038313
W2006797972,W2050869737
W2006797972,W2151922790
W2006797972,W2167557255
W2006797972,W1992941735
W2006797972,W1980269624
W2006797972,W2163199119
W2006797972,W2130979840
W2006797972,W1964895626
W2006797972,W2135810600
W2776663677,W2107235439
W2776663677,W1987628377
W2776663677,W2006249161
W2776663677,W2120010406
W2776663677,W2112866067
W2025253353,W2217809488
W2025253353,W2136145671
W2016612145,W1976881265
W1981714996,W1642457845
W1981714996,W1670573097
W1981714996,W2006249161
W1981714996,W2155779547
W1981714996,W2776663677
W1981714996,W2112866067
W2128366083,W2124637492
W2128366083,W2148606196
W2128366083,W2070722739
W2128366083,W2018045523
W2128366083,W2164928285
W2128366083,W2047940964
W2128366083,W2153624566
W1520812622,W1966701961
W1520812622,W2128985829
W1520812622,W2911964244
W1520812622,W2138550913
W1520812622,W2084341220
W1520812622,W2092868756
W1520812622,W2147246240
W1520812622,W2159400887
W1520812622,W1727290854
W1520812622,W273955616
W1520812622,W2153635508
W1520812622,W3120421331
W2165463056,W2156622081
W2165463056,W2103017472
W2165463056,W1527927437
W2158364367,W1504702575
W2102883209,W2164418313
W2102883209,W2099901798
W2102883209,W2040452926
W1978436252,W2097855813
W2093760700,W1499500424
W2050721857,W2084619201
W2050721857,W2037036397
W2050721857,W2065304353
W2050721857,W1994803330
W2050721857,W2013947447
W2050721857,W2169805130
W2050721857,W1597678601
W2050721857,W2136850043
W2050721857,W2130790725
W2158610627,W2107575419
W2158610627,W2015132841
W2098595817,W2059147403
W2032604387,W2113601822
W2032604387,W2169409681
W2032604387,W2128114769
W2110015307,W1608762409
W2110015307,W2150163104
W2110015307,W2126851387
W2110015307,W2107575419
W3099289621,W2148606196
W2138977668,W2107575419
W2138977668,W2110015307
W2138977668,W2053911973
W2138977668,W2125987139
W2055313665,W2050869737
W2142046859,W2053911973
W2142046859,W2125987139
W2142046859,W2102304447
W2134783591,W2217809488
W2134783591,W2158489424
W2134783591,W2098126593
W2134783591,W2157752701
W2134783591,W2048755332
W2134783591,W2097660065
W2134783591,W1642457845
W2134783591,W1670573097
W2134783591,W1981714996
W2134783591,W2025143098
W2091922579,W2155806125
W2091922579,W2128114769
W2091922579,W2154139219
W2091922579,W1988925586
W2045843097,W2113601822
W1992192767,W2130479394
W2159957100,W1963957860
W2159957100,W2132926880
W2159957100,W2103546861
W2159957100,W2102502076
W2159957100,W2127774996
W2159957100,W2144362290
W2159957100,W2155606054
W1982603620,W2051055358
W2055402151,W2043696829
W2055402151,W2161821474
W2055402151,W2139236349
W2102304447,W2168909179
W2102304447,W2127230663
W2102304447,W2612812586
W2102304447,W2151464048
W2102304447,W2099468911
W2102304447,W2168602111
W2102304447,W2015132841
W2102304447,W2145191876
W2102304447,W2217809488
W2102304447,W1499500424
W2102304447,W2120865735
W2102304447,W1964895626
W2102304447,W1968931043
W2102304447,W2164683872
W2102304447,W2157795344
W2102304447,W2128016314
W2052821301,W2147863419
W2146482929,W2163151727
W1972696558,W2106036991
W1972696558,W1619623942
W1972696558,W2098126593
W2123388186,W2154736508
W2123388186,W2145808276
W2123388186,W2108356966
W2119279196,W2058401000
W2119279196,W2217809488
W2119279196,W2025253353
W2119279196,W2155707112
W2119279196,W2134783591
W2119279196,W2161633633
W2119279196,W2098425296
W2119279196,W2157752701
W2097875133,W2083089709
W2097875133,W2072417345
W2097875133,W1971415551
W2097875133,W2073332363
W2097875133,W2167062509
W2097875133,W2169330513
W2097875133,W1988925586
W2097875133,W2170024099
W1998971866,W2161821474
W1998971866,W2043696829
W2070571588,W2112192177
W2070571588,W2040191060
W2070571588,W2149146453
W2070571588,W2059073003
W2097660065,W2092509345
W2097660065,W2157752701
W2116236561,W2158610627
W2116236561,W2099468911
W2116236561,W2167557255
W2053911973,W1608762409
W2053911973,W2125987139
W2053911973,W2126851387
W2053911973,W2150163104
W2133579817,W2103017472
W2133579817,W2165674132
W2017840637,W1968931043
W2017840637,W2158610627
W2017840637,W2099468911
W2158173168,W2169805130
W2158173168,W2103017472
W2158173168,W2161062388
W2023316892,W2023427658
W2023316892,W2153382986
W2023316892,W2019264784
W2023316892,W2051055358
W2023316892,W2101037339
W2023316892,W2029231546
W2023316892,W2001544973
W2023316892,W2128985829
W2138581811,W2107277218
W2138581811,W2108244474
W2138581811,W1577577364
W2138581811,W2099824652
W2138581811,W2105423509
W2147819711,W2062900498
W2147819711,W2148260760
W2147819711,W2163151727
W2147819711,W1979260070
W2147819711,W2052130118
W1994145712,W2125346198
W1994145712,W2175948239
W1994145712,W1494075612
W1994145712,W2125121177
W1994145712,W2136145671
W1994145712,W2108787198
W1994145712,W2161062388
W1994145712,W1484347389
W2059073003,W2040191060
W2059073003,W2050869737
W2059073003,W2161693225
W2059073003,W2149146453
W2059073003,W2163199119
W2059073003,W1978337436
W2059073003,W1920303762
W2059073003,W2094253263
W2059073003,W2167557255
W2149146453,W2112192177
W2149146453,W2161693225
W2149146453,W2151922790
W2149146453,W1965306643
W2149146453,W2167557255
W2149146453,W1992941735
W2149146453,W2168230240
W2149146453,W2163199119
W2149146453,W1978337436
W2104010513,W2109627278
W2124020140,W2161339576
W2124020140,W1619623942
W2124020140,W2141042406
W2124020140,W2158489424
W2124020140,W2098126593
W2138345444,W2217809488
W2138345444,W2110755408
W2138345444,W2134783591
W2138345444,W2083878136
W2168602111,W2002698073
W2168602111,W2107903949
W2116895571,W2128114769
W2116895571,W2113601822
W2019264784,W2023427658
W2019264784,W2001544973
W2019264784,W2167650288
W2100239923,W2160697532
W2083045667,W1994803330
W2083045667,W1650797637
W2083045667,W2130790725
W2083045667,W2119412782
W2083045667,W2018045523
W2141815918,W2101037339
W2105199251,W2106090237
W2105199251,W2096525273
W2023568503,W2163188200
W2023568503,W2124662474
W2023568503,W4240237951
W2025143098,W2217809488
W2025143098,W2098126593
W2075320162,W2099468911
W2075320162,W4210400672
W2075320162,W2141885858
W2098432852,W2123388186
W2098432852,W2139610873
W2098432852,W1525882651
W1999478182,W2134555277
W1999478182,W2170760271
W2131170195,W2023427658
W2131170195,W2019264784
W2131170195,W2156323704
W2131170195,W2051055358
W2131170195,W2029231546
W2131170195,W2001544973
W2048755332,W2217809488
W2048755332,W2157752701
W2048755332,W2025143098
W2048755332,W1981714996
W2048755332,W1642457845
W2002179012,W2125987139
W2002179012,W2053911973
W2002179012,W2138977668
W2002179012,W2142046859
W2009313526,W2165674132
W2009313526,W2170146596
W2009313526,W2096525273
W2171808845,W2015416439
W2171808845,W2017840637
W2171808845,W2129795133
W2171808845,W2155707112
W2162544110,W2059796825
W2162544110,W3022423927
W2162544110,W2599076725
W2014691022,W2023427658
W2014691022,W2165901622
W2014691022,W2087367170
W2014691022,W2051055358
W2014691022,W2029231546
W2014691022,W2001544973
W2014691022,W2036008499
W2026570544,W1988163167
W2026570544,W2059073003
W2026570544,W2050869737
W2026570544,W2149146453
W2026570544,W2163199119
W2026570544,W1978337436
W2026570544,W2065566217
W2026570544,W2107903949
W2115093090,W2130979840
W2115093090,W2161222316
W2115093090,W2070571588
W2115093090,W2055313665
W2149573313,W2131186249
W2149573313,W1971415551
W2149573313,W2167062509
W2149573313,W2104890139
W2149573313,W2073332363
W2149573313,W2169330513
W2149573313,W2097875133
W2149573313,W2142237411
W2149573313,W2145336165
W2149573313,W2144568881
W2149573313,W2156125289
W2149573313,W1988925586
W2149573313,W2055666215
W2025183726,W2113942802
W2025183726,W2129172946
W2025183726,W2105100844
W2109034822,W2014918593
W1994823455,W2109034822
W1994823455,W2014918593
W2040827479,W4240237951
W2040827479,W2138155367
W2040827479,W2143238378
W2040827479,W2129172946
W2040827479,W2154431984
W2040827479,W2132629607
W1979973356,W2132963724
W1592674309,W2074307717
W2155804510,W2168909179
W2155804510,W2154431984
W2030701238,W2055313665
W2107861471,W2145096794
W2107861471,W2129638195
W2107861471,W4250955649
W2107861471,W2164452299
W2107861471,W2101675075
W2107861471,W2129131372
W2107861471,W2020925091
W2155066423,W2045843097
W2155066423,W2152885278
W2004798786,W1963957860
W2004798786,W2103546861
W2004798786,W2144362290
W2004798786,W1519266993
W2097233439,W2161222316
W2097233439,W2135810600
W2097233439,W2115093090
W1974116356,W2103017472
W1974116356,W2165674132
W1974116356,W2164154943
W1974116356,W2091448229
W2061680337,W2128114769
W2061680337,W4240237951
W2061680337,W2139760555
W2061680337,W2112113834
W2061680337,W2160969485
W2061680337,W1544923801
W2061680337,W2154431984
W2061680337,W2129795133
W2061680337,W1767772592
W2061680337,W2096525273
W2141125135,W2097875133
W2141125135,W2083089709
W2108108770,W1767772592
W2108108770,W2108787198
W2108108770,W2136145671
W2138155367,W4240237951
W2138155367,W2040827479
W2138155367,W2143238378
W2138155367,W2154431984
W2138155367,W2132629607
W2011920499,W2154431984
W2011920499,W2164683872
W1976324983,W1978337436
W1976324983,W2036008499
W1976324983,W2130979840
W1976324983,W2081098333
W2144568881,W2131186249
W2144568881,W2169330513
W2144568881,W2073332363
W2144568881,W2159675211
W2144568881,W1971415551
W2144568881,W1988925586
W2144568881,W2152885278
W2144568881,W2170024099
W2012016911,W2612812586
W2012016911,W2128114769
W2012016911,W2112113834
W2012016911,W2061008984
W2012016911,W2217809488
W2012016911,W2119279196
W2012016911,W2058401000
W2012016911,W2102304447
W2012016911,W2155707112
W2012016911,W2015416439
W2012016911,W2129795133
W2012016911,W2017840637
W2012016911,W2154431984
W1989348205,W2113601822
W1989348205,W2128114769
W1989348205,W2004548026
W1989348205,W1988925586
W1989348205,W2091922579
W1988163167,W2163199119
W1988163167,W2050869737
W1988163167,W2059073003
W1988163167,W1978337436
W1988163167,W2161693225
W1988163167,W2140946052
W1988163167,W2059382687
W1988163167,W2070571588
W1988163167,W2040191060
W1988163167,W2103017472
W1988163167,W2136145671
W1988163167,W2120865735
W2119362018,W2102502076
W2119362018,W2141885858
W2119362018,W2132926880
W2119362018,W3095583226
W2119362018,W2127774996
W2119362018,W1519266993
W2119362018,W2144362290
W2119362018,W2137015675
W2119362018,W1991330646
W2110899053,W2156434383
W2110899053,W2125121305
W2110899053,W2146396346
W2139760555,W2136145671
W2058521801,W2150163104
W2058521801,W2052750950
W2065566217,W2014946489
W2065566217,W1978337436
W2065566217,W2140946052
W2065566217,W2149146453
W2065566217,W2059073003
W1976881265,W2016612145
W1976881265,W2109034822
W1976881265,W2738996050
W1976881265,W2015426350
W2017511982,W2158489424
W2122863289,W2130410032
W2122863289,W2096525273
W2163627198,W2141885858
W2163627198,W1963957860
W2163627198,W2103546861
W2163627198,W2101846955
W2163627198,W2062018285
W2124940469,W2160697532
W2124940469,W2165674132
W2124940469,W2123491442
W2124940469,W4294107304
W2124940469,W2157795344
W2143858605,W2170760271
W2143858605,W2134783591
W2023655578,W2148606196
W2023655578,W2070722739
W2023655578,W2164928285
W2023655578,W2038195874
W2023655578,W2047940964
W2023655578,W2089458547
W2023655578,W2120043163
W2023655578,W2128366083
W2121211805,W2102304447
W2121211805,W2116634113
W2121211805,W2128114769
W2121211805,W2017840637
W2121211805,W2081098333
W2121211805,W1964895626
W2095713067,W2160252043
W2095713067,W2107625277
W2095713067,W3147128100
W2095713067,W2123388186
W2162157671,W2158489424
W2163798887,W2139236349
W2163798887,W2043696829
W2163798887,W2161821474
W2163798887,W2003984225
W2163798887,W2002937040
W2163798887,W2023568503
W2163798887,W4240237951
W2163798887,W2163188200
W2163798887,W2106787323
W2025176940,W2006559495
W2138946470,W2095666785
W2112113834,W2015416439
W2112113834,W2129795133
W2112113834,W2128114769
W2112113834,W2160969485
W2112113834,W2136145671
W2094424219,W40301670
W2110888553,W1990221500
W2110888553,W2112315008
W2110888553,W2120160157
W2110888553,W2112776483
W2110888553,W2102746137
W2110888553,W2139416101
W2110888553,W2109628725
W1619082318,W2003618511
W1619082318,W2031964319
W2010986636,W2169244146
W2124985265,W2129795133
W2124985265,W2121211805
W2124985265,W2012016911
W2124985265,W2112113834
W2124985265,W2139760555
W2090037139,W2073026107
W2090037139,W2017840637
W2104135721,W2127810309
W2104135721,W2167095271
W2104135721,W2109627278
W2104135721,W2104010513
W2104135721,W2123491442
W1965157206,W1982603620
W1965157206,W2109627278
W2126817554,W2025183726
W2126817554,W2040827479
W2126817554,W4240237951
W2126817554,W2113942802
W2105329815,W1988925586
W2105329815,W2103546861
W2105329815,W2168696662
W2105329815,W2132926880
W2098597355,W2134783591
W2098597355,W2161633633
W2119034410,W2121211805
W2119034410,W2154431984
W2119034410,W1964895626
W2119034410,W2149573463
W2119034410,W4294107304
W2119034410,W2100668965
W2119034410,W2157795344
W2059099579,W2129795133
W2059099579,W2123564569
W2059099579,W1968931043
W2059099579,W2124985265
W2059099579,W2168602111
W2059099579,W2160697532
W2107369528,W2122683221
W2107369528,W1981714996
W2107369528,W2097811455
W2107369528,W2002726823
W2107369528,W2158217645
W2107369528,W2142017607
W2107369528,W2006249161
W2107369528,W2144568881
W2107369528,W2776663677
W2107369528,W2072417345
W2107369528,W2167062509
W2107369528,W2112866067
W2085934079,W2116634113
W2045949302,W2160697532
W2045949302,W2107903949
W2045949302,W2142739240
W2045949302,W2170989872
W1999746344,W2099468911
W1999746344,W2116236561
W1999746344,W2017840637
W1999746344,W2112192177
W1999746344,W2145191876
W1999746344,W2130410032
W1999746344,W2110015307
W1999746344,W2015416439
W2117446594,W2128016314
W2117446594,W2025253353
W2014704298,W2022685385
W1992436001,W2134783591
W1992436001,W2119279196
W1992436001,W2138345444
W1992436001,W2161633633
W2123879591,W2130410032
W2123879591,W2163798887
W2123879591,W2097413644
W2079517684,W1988163167
W2079517684,W2065566217
W2079517684,W2012016911
W2079517684,W2154431984
W2100303404,W2092868756
W2100303404,W2134208433
W2127602818,W2123388186
W2127602818,W2154736508
W2127602818,W2134539878
W2127602818,W2170024099
W2097341408,W2124985265
W2097341408,W2112113834
W2097341408,W2139760555
W2149573463,W2154431984
W2149573463,W2155804510
W2149573463,W2121211805
W2149573463,W2011920499
W1966822396,W2012016911
W1966822396,W2116753165
W1966822396,W2058401000
W1966822396,W2119279196
W1966822396,W2612812586
W1966822396,W2112113834
W1966822396,W2155707112
W1966822396,W1767772592
W1966822396,W2127230663
W1966822396,W2160969485
W1966822396,W2055666215
W2171972386,W1973268287
W2171972386,W2009007206
W2171972386,W2139248078
W2038963685,W2103017472
W2038963685,W2171030481
W2038963685,W2122683221
W2038963685,W2130410032
W2038963685,W2128985829
W2087786585,W2138977668
W2087786585,W2142046859
W2087786585,W2002179012
W2060891246,W2161339576
W2060891246,W2124020140
W2060891246,W1619623942
W2060891246,W2141042406
W2060891246,W2158489424
W2060891246,W2108169091
W2060891246,W2098126593
W2148337554,W2170760271
W2152119060,W2162530578
W2152119060,W2161633633
W2152119060,W2157752701
W2152119060,W2134783591
W2022685385,W2175948239
W2165067288,W2097875133
W2165067288,W2136850043
W2165067288,W2144568881
W2165067288,W2083089709
W2165067288,W2073332363
W2124649657,W2083045667
W2124649657,W1994803330
W2136552678,W2131186249
W2136552678,W2047774330
W2136552678,W2149573313
W2136552678,W1971415551
W2136552678,W2170024099
W2136552678,W2142237411
W2136552678,W2167062509
W2136552678,W2004548026
W2136552678,W2108929776
W2161546116,W2012016911
W2161546116,W2119279196
W2161546116,W2168909179
W2161546116,W2139760555
W2161546116,W2097341408
W2161546116,W2151464048
W2161546116,W1966822396
W2161546116,W2127230663
W2161546116,W2160969485
W2136309995,W2108244474
W2136309995,W2149548143
W2136309995,W2099249565
W2144137532,W1999746344
W2144137532,W2102304447
W2144137532,W2015416439
W2144137532,W2017840637
W2144137532,W2116236561
W2144137532,W2130410032
W4210623056,W2136145671
W4210623056,W2105329815
W2071510336,W2099901798
W2071510336,W2132926880
W2171311487,W2134208433
W1968178474,W2028575270
W1968178474,W2141137217
W1968178474,W2107513655
W2155897723,W2072417345
W2155897723,W2097875133
W2155897723,W2131186249
W2155897723,W2167062509
W2155897723,W2145336165
W2155897723,W1964010911
W2074726646,W1619082318
W2074726646,W2003618511
W2074726646,W1996024251
W2123564569,W2168602111
W2123564569,W2129795133
W2123564569,W2015416439
W2107608009,W2110835349
W2107608009,W2161444534
W2107608009,W2098126593
W2107608009,W2094939159
W2141458291,W2154431984
W2141458291,W2155804510
W2141458291,W2121211805
W2141458291,W2097065948
W2141458291,W1999746344
W2141458291,W2129795133
W2141458291,W2124985265
W2141458291,W2108234281
W1984068087,W2143238378
W1984068087,W2012016911
W1984068087,W2107903949
W1984068087,W2145191876
W2014677321,W2015416439
W2014677321,W2123564569
W2014677321,W2017840637
W2108696783,W2142960568
W2108696783,W2156098321
W2108696783,W3022423927
W2108696783,W2059796825
W2108696783,W2599076725
W2125826054,W2073332363
W2125826054,W2167062509
W2125826054,W1971415551
W2125826054,W2149573313
W2125826054,W2169330513
W2125826054,W2145336165
W2125826054,W2161546116
W2125826054,W2142237411
W2125826054,W2155606054
W2125826054,W2111967267
W2125826054,W2136145671
W2125826054,W2097341408
W2125826054,W2116895571
W2125826054,W2159675211
W2107018762,W2155804510
W2107018762,W2120865735
W2107018762,W2121211805
W2107018762,W2154431984
W2107018762,W2100668965
W2107018762,W2170989872
W2107018762,W2160697532
W2107018762,W2114104545
W2171777347,W2612812586
W2171777347,W2061008984
W2171777347,W2217809488
W2171777347,W2119279196
W2171777347,W2012016911
W2171777347,W2108234281
W2171777347,W2107916366
W2171777347,W2025253353
W2161289668,W2123879591
W2161289668,W2124940469
W2161289668,W2122683221
W2161289668,W2105100844
W2161289668,W2109972881
W2161289668,W2113942802
W2161289668,W2025183726
W2161289668,W4294107304
W2161289668,W2126817554
W2161289668,W2157795344
W2103972604,W2611328865
W2103972604,W2145096794
W2103972604,W2129131372
W2103972604,W2129638195
W2103972604,W2115706991
W2103972604,W4250955649
W2103972604,W2142058898
W2087292184,W2145336165
W2087292184,W2144568881
W2087292184,W2073332363
W2087292184,W2149573313
W2087292184,W2125826054
W2087292184,W2136552678
W2087292184,W2141125135
W2087292184,W2152885278
W2087292184,W2132926880
W2087292184,W2108718991
W2146573461,W2099468911
W2146573461,W1999746344
W2146573461,W2116236561
W2146573461,W2144137532
W2146573461,W2160450758
W2146573461,W2103017472
W2148898943,W2161057248
W2155496693,W2117446594
W2155496693,W2098597355
W2155496693,W2157752701
W2155496693,W2161633633
W2155496693,W2108169091
W2023506796,W2104890139
W2023506796,W2072417345
W2023506796,W2047774330
W2023506796,W2156125289
W2023506796,W2144568881
W2023506796,W1988925586
W2023506796,W2152885278
W2023506796,W2105329815
W2023506796,W2170024099
W2012986985,W2022685385
W2012986985,W2125346198
W2012986985,W1994145712
W2012986985,W2158804744
W2012986985,W2107282968
W2012986985,W2132926880
W2012986985,W2112113834
W2025665129,W1977767269
W2025665129,W2109034822
W2025665129,W1994823455
W2124362779,W2012016911
W2124362779,W2128114769
W2124362779,W2103017472
W2124362779,W2119279196
W2124362779,W2103441770
W2124362779,W2108234281
W2124362779,W2160697532
W2124362779,W2055666215
W2124362779,W2168909179
W2124362779,W2096525273
W1981030303,W2123564569
W1981030303,W2014677321
W1981030303,W2102304447
W1981030303,W2168602111
W1981030303,W1968931043
W2153056550,W2025183726
W2153056550,W2123879591
W2153056550,W2038437697
W2013371150,W2152885278
W1980680725,W2123388186
W1980680725,W2154736508
W1980680725,W2127602818
W1980680725,W2134539878
W1980680725,W2156125289
W1980680725,W2170024099
W1980680725,W2105329815
W1980680725,W2091922579
W2041257508,W2107282968
W2041257508,W1991330646
W2041257508,W2008856488
W2041257508,W1519266993
W2133968430,W2026570544
W2133968430,W2101543035
W2133968430,W1978337436
W2133968430,W2161693225
W2133968430,W1988163167
W2133968430,W2065566217
W2133968430,W2079517684
W2133968430,W2059073003
W2133968430,W2124985265
W2133968430,W2154431984
W2117801354,W2103546861
W2117801354,W2055298722
W2117801354,W2163627198
W2117801354,W2151409320
W2117801354,W2062018285
W2107633226,W2153056550
W2107633226,W2025183726
W2107633226,W2163798887
W2107633226,W2023568503
W2107633226,W2138155367
W2107633226,W2040827479
W2107633226,W2159400887
W2107633226,W4240237951
W2107633226,W2121158863
W2107633226,W2160450758
W2030517878,W2144998676
W2017426710,W2112192177
W2017426710,W2070571588
W2017426710,W2124985265
W2017426710,W2026570544
W2017426710,W2050869737
W2102213696,W2105306382
W2102213696,W2217809488
W2102213696,W2088486634
W2102213696,W2157752701
W2102213696,W2161633633
W2102213696,W2155496693
W2110389012,W2107369528
W2110389012,W2097875133
W2136482257,W2154431984
W2136482257,W2160697532
W2136482257,W1996423252
W1968628080,W2077330278
W1968628080,W2076491580
W1968628080,W2122367477
W2126504590,W2144137532
W2126504590,W2116236561
W2126504590,W1968931043
W2126504590,W2017840637
W2126504590,W2146573461
W2126504590,W4212766227
W2126504590,W2130410032
W2126504590,W2129795133
W2126504590,W1999746344
W2037993016,W4210623056
W2037993016,W2155606054
W2037993016,W2141885858
W2037993016,W2096525273
W2107916366,W2168909179
W2107916366,W2061008984
W2107916366,W2119279196
W2107916366,W2155707112
W2107916366,W2217809488
W2107916366,W2134783591
W2121748291,W2095566926
W2121748291,W2155066423
W2121748291,W1988925586
W2121748291,W2125121305
W2121748291,W2131186249
W2136541538,W2125987139
W2136541538,W2739174192
W2147311167,W2097660065
W2147311167,W2098597355
W2147311167,W2161633633
W2135989088,W2149573313
W2135989088,W2155066423
W2135989088,W2167062509
W2135989088,W1971415551
W2135989088,W2104890139
W2088486634,W2134783591
W2088486634,W2157752701
W2088486634,W2108169091
W2088486634,W2134036574
W2088486634,W1577941315
W2053003053,W1988163167
W2053003053,W2048755332
W2053003053,W2026570544
W2053003053,W2059073003
W2053003053,W2149146453
W2053003053,W1978337436
W2053003053,W2065566217
W2053003053,W2160697532
W2053003053,W2164683872
W2163013660,W2128016314
W2116041602,W2108234281
W2108326484,W2155015733
W2078972833,W2080452140
W2078972833,W2040827479
W2078972833,W2108664872
W2078972833,W2126817554
W2078972833,W2020541351
W2102806222,W4248251600
W2102806222,W2112669742
W2111663113,W2055313665
W2139736159,W2101196984
W2106391833,W2148323109
W1984248485,W1971439989
W2098597036,W1994391392
W2098597036,W2002179012
W2098597036,W2125987139
W2098597036,W2138977668
W2098597036,W2142046859
W2011759111,W2072923279
W2011759111,W2088321686
W2011759111,W2042454875
W2011759111,W2136334331
W2131473084,W2151692850
W2131473084,W1522592213
W2131473084,W3217097258
W1999574084,W2141458291
W1999574084,W2152239989
W1999574084,W2114104545
W1999574084,W2126419817
W1999574084,W2121211805
W1999574084,W2154431984
W1999574084,W2097065948
W1999574084,W2124985265
W1999574084,W2108234281
W1999574084,W2155804510
W1999574084,W2128016314
W2126419817,W2141458291
W2126419817,W2097341408
W2126419817,W2160969485
W2126419817,W2155804510
W2126419817,W2097065948
W2126419817,W2136145671
W2133856765,W2087292184
W2133856765,W2131186249
W2133856765,W2167062509
W2133856765,W2136552678
W2133856765,W4294107304
W2133856765,W2081098333
W2133856765,W2149573313
W2133856765,W2116895571
W2133856765,W2170024099
W2133856765,W1989348205
W2133856765,W2108718991
W2133856765,W2136482257
W2133856765,W2155066423
W2133856765,W2152885278
W2133856765,W2091922579
W2133856765,W2101120467
W2133856765,W2011301426
W2133856765,W2157795344
W2168133698,W2171777347
W2168133698,W2153056550
W2168133698,W2097341408
W2168133698,W2112113834
W2168133698,W2103441770
W2168133698,W2012016911
W2168133698,W2108234281
W2168133698,W2119180969
W2168133698,W2124985265
W2168133698,W2124362779
W2168133698,W1663973292
W2123696077,W2158734599
W2123696077,W2163798887
W2123696077,W2153056550
W2123696077,W2161289668
W2123696077,W2122863289
W2123696077,W1973268287
W2123696077,W2171972386
W2123696077,W2025183726
W2046387002,W2153056550
W2046387002,W2102304447
W2046387002,W2135314242
W2046387002,W2026570544
W2046387002,W1999746344
W2046387002,W2144137532
W2128551987,W2065566217
W2128551987,W2080752012
W2128551987,W2154431984
W2128551987,W2079517684
W2159474015,W2169773990
W2159474015,W2014704298
W2159474015,W2012016911
W2159474015,W2103441770
W2146337514,W2144023435
W2146337514,W2134208433
W2146337514,W2099709490
W2141292707,W2120772351
W2141292707,W2012986985
W2141292707,W2125346198
W2141292707,W2022685385
W2141292707,W1994145712
W2141292707,W2014704298
W2141292707,W4210623056
W2141292707,W4294216483
W2141292707,W2103017472
W2141292707,W2027448315
W2141292707,W2008856488
W2141292707,W2132926880
W2141292707,W1767772592
W2141292707,W2141885858
W2154945114,W2003618511
W2154945114,W2150523249
W2154945114,W1619082318
W2154945114,W2074726646
W2096128575,W2173213060
W2096128575,W2132926880
W2140952049,W2157009395
W2140952049,W2105381419
W2150523249,W2154945114
W2150523249,W2103441770
W2150523249,W2119180969
W2150523249,W2003618511
W2150523249,W2161633633
W2150523249,W1619082318
W2150523249,W2074726646
W2022315563,W2047205370
W2108433768,W2168482920
W2108433768,W3017100980
W2108433768,W2118858814
W2108433768,W1505626160
W4320301318,W4210623056
W4320301318,W2108929776
W4320301318,W2141885858
W2157852151,W2153056550
W2157852151,W2023568503
W2157852151,W2025183726
W2157852151,W4240237951
W2157852151,W2038437697
W2157852151,W2109948920
W2160333540,W2102304447
W2160333540,W2099468911
W2160333540,W2117792884
W2160333540,W4210623056
W2160333540,W1999746344
W2160333540,W2117446594
W2160333540,W2079517684
W2160333540,W2144137532
W2160333540,W2154431984
W2160333540,W2116236561
W2160333540,W2141458291
W2160333540,W2141885858
W2160333540,W2128016314
W2002513358,W1965157206
W2002513358,W1982603620
W1980497534,W2043696829
W1980497534,W2161821474
W1980497534,W2139236349
W1980497534,W2003984225
W1980497534,W2002937040
W1980497534,W1998971866
W1980497534,W2139248078
W1980497534,W2106391833
W2101120467,W2155066423
W2101120467,W1988925586
W2101120467,W2045843097
W2101120467,W2156125289
W2101120467,W2091922579
W2101120467,W2108718991
W2101120467,W2152885278
W2069519394,W2010417927
W2130305733,W2026570544
W2130305733,W2050869737
W2130305733,W2167557255
W2130305733,W2151922790
W2130305733,W1992941735
W2130305733,W2103441770
W2130305733,W2020541351
W2130305733,W2112192177
W2130305733,W2053003053
W2130305733,W2096525273
W2091030812,W2027448315
W2091030812,W1991330646
W2091030812,W2158804744
W2091030812,W2107282968
W2091030812,W2103441770
W2091030812,W2096525273
W2084046180,W4205184193
W2084046180,W2160660844
W2084046180,W2038721957
W2084046180,W2114524997
W2084046180,W2166706824
W2030500910,W2144568881
W2030500910,W2145336165
W2030500910,W2155897723
W2116585889,W2146290595
W2116585889,W1977601452
W2116585889,W2151409320
W2116585889,W2161633633
W2116585889,W2117801354
W1558095504,W2118858814
W2117792884,W2102304447
W2117792884,W2015416439
W2117792884,W2017840637
W2117792884,W2168602111
W2117792884,W2123564569
W2117792884,W2117446594
W2117792884,W2128016314
W2117792884,W2107903949
W2117792884,W2145191876
W2117792884,W2103017472
W2117792884,W1968931043
W1966623514,W229097380
W1966623514,W2124351063
W1966623514,W2154736508
W1966623514,W2127602818
W1966623514,W2032604387
W1966623514,W2148606196
W1966623514,W2151936673
W1966623514,W2038195874
W1966623514,W2152885278
W1966623514,W2125910575
W2120572492,W2153056550
W2120572492,W2041535798
W2120572492,W2085419794
W2120572492,W2120865735
W2120572492,W2109972881
W2120572492,W2170989872
W2120572492,W2107665951
W2120572492,W2130410032
W2091705028,W2171777347
W2091705028,W2012016911
W2091705028,W2124362779
W2091705028,W2103441770
W2091705028,W2108234281
W2091705028,W2119180969
W2131860315,W2080452140
W2131860315,W2078972833
W2131860315,W2040031153
W2131860315,W2144625075
W2131860315,W2040827479
W2131860315,W2108664872
W2131860315,W2161289668
W2131860315,W2126817554
W2040547343,W2088486634
W2040547343,W2103017472
W2019075610,W2144568881
W2019075610,W2125826054
W2019075610,W2155066423
W2019075610,W2146396346
W2032696674,W2055313665
W2032696674,W2065566217
W2032696674,W1988163167
W2032696674,W2115093090
W2032696674,W2059382687
W2032696674,W2026570544
W2032696674,W2070571588
W2032696674,W2038437697
W2032696674,W1877686344
W2032518018,W2124985265
W2145931730,W2120456037
W2145931730,W2116236561
W2145931730,W2046387002
W2145931730,W2103017472
W2145931730,W2026570544
W2145931730,W2070571588
W2145931730,W2145191876
W1960895270,W2128985829
W2120503144,W2169244146
W2120503144,W2010986636
W2163953557,W2117446594
W2163953557,W2128114769
W2163953557,W2112113834
W2163953557,W2157752701
W2163953557,W1980740976
W2163953557,W2171777347
W2135230723,W2097065948
W2135230723,W1996700726
W2135230723,W2141458291
W2051210555,W2082667898
W2051210555,W4210623056
W2051210555,W2156125289
W2051210555,W2102245393
W2051210555,W2141885858
W2109948920,W2153056550
W2109948920,W1985563073
W2109948920,W2158804744
W2109948920,W2112113834
W2123411711,W2117792884
W2123411711,W2164004777
W2123411711,W2171777347
W2123411711,W2122732537
W2123411711,W2102619694
W2123411711,W2107903949
W2123411711,W2168909179
W2123411711,W2117446594
W2123411711,W2149992227
W2123411711,W2128016314
W2001374342,W1994145712
W2001374342,W2125346198
W2001374342,W2008856488
W2001374342,W2132926880
W2001374342,W2115888213
W2001374342,W2168696662
W2001374342,W2046183549
W2001374342,W2103017472
W2045119680,W2165067288
W2045119680,W2109972881
W2071849521,W2012016911
W2071849521,W2133968430
W2071849521,W1999746344
W2071849521,W2079517684
W2071849521,W2144137532
W2071849521,W2058864686
W2071849521,W2168909179
W2071849521,W2167557255
W2071849521,W2128551987
W2071849521,W2127230663
W2071849521,W2124985265
W2071849521,W1608762409
W2071849521,W1576520375
W1992724001,W2102304447
W2149441684,W2025183726
W2149441684,W2123696077
W2149441684,W2107633226
W2149441684,W4320301318
W2149441684,W2141885858
W2045435533,W2120503144
W2045435533,W2010986636
W2045435533,W2169244146
W2096283457,W2128985829
W2096283457,W2157840751
W2096283457,W2097255042
W2096283457,W2025183726
W2096283457,W2163798887
W2096283457,W2017426710
W2096283457,W2005895632
W2096283457,W2123696077
W2096283457,W2171972386
W2128769815,W2149573313
W2128769815,W2125826054
W2128769815,W2047774330
W2128769815,W2013371150
W2128769815,W2141125135
W2128769815,W2095566926
W2128769815,W4247053599
W2128769815,W2103441770
W2166171121,W2080283023
W2262414037,W2025183726
W2262414037,W2123696077
W2262414037,W4240237951
W2262414037,W2128793721
W2115701239,W2128114769
W2115701239,W2166171121
W2115701239,W2132341951
W2115701239,W2091922579
W2115701239,W2114392707
W2115701239,W2124351063
W2115701239,W2155806125
W2115701239,W1988925586
W2043398720,W2142739240
W2043398720,W2153056550
W2043398720,W2122825543
W2096791516,W2171777347
W2096791516,W2119279196
W2096791516,W1998767819
W2096791516,W2123696077
W2096791516,W2117446594
W2020134788,W2022685385
W2020134788,W2008856488
W2020134788,W2124166542
W2020134788,W2001374342
W2020134788,W1994145712
W2020134788,W2012986985
W2020134788,W2111211467
W2162088497,W2125826054
W2162088497,W2023506796
W2162088497,W2087292184
W2162088497,W2170024099
W2162088497,W2032230795
W2162088497,W1968105193
W2162088497,W2149573313
W2162088497,W273955616
W2070021921,W2090037139
W2070021921,W2161212572
W2071841602,W2134783591
W2071841602,W2169330513
W2071841602,W2149573313
W2071841602,W2125826054
W2071841602,W2128769815
W2071841602,W2104890139
W2071841602,W1971415551
W2071841602,W2167062509
W2071841602,W2135989088
W2071841602,W2032230795
W2071841602,W2157752701
W2071841602,W1968105193
W2005895632,W2097255042
W2005895632,W2131994307
W2005895632,W2138550913
W2005895632,W2044702943
W2130116522,W2154431984
W2130116522,W2149573463
W2130116522,W2011920499
W2130116522,W2141458291
W2130116522,W2081098333
W2130116522,W2114104545
W2130116522,W2152239989
W2130116522,W2107018762
W2130116522,W4294107304
W2130116522,W2121211805
W2130116522,W2130410032
W2130116522,W2107060225
W2130116522,W2160697532
W2130116522,W2157795344
W2166810745,W2102304447
W2166810745,W2096465161
W2166810745,W2154431984
W2166810745,W2259938310
W2166810745,W1964963969
W2141831115,W2015416439
W2141831115,W2160333540
W2141831115,W2099468911
W2141831115,W2102304447
W2141831115,W2117792884
W2141831115,W1999746344
W2141831115,W2096465161
W2141831115,W2158217645
W2141831115,W2144137532
W2141831115,W2154431984
W2141831115,W2102619694
W2141831115,W2145191876
W2141831115,W1767772592
W2141831115,W2166810745
W2141831115,W2259938310
W2155943701,W2153056550
W2155943701,W2123696077
W2096465161,W2171777347
W2096465161,W2130479394
W2096465161,W2160333540
W2096465161,W2141831115
W2096465161,W2102304447
W2096465161,W4210623056
W2096465161,W1999746344
W2096465161,W2071849521
W2096465161,W2612812586
W2096465161,W2124985265
W2096465161,W1767772592
W2096465161,W2141885858
W2096465161,W2166810745
W2065847836,W2071930821
W2065847836,W2124985265
W2065847836,W2171808845
W2065847836,W2097065948
W2065847836,W2152239989
W2065847836,W2102619694
W2105924489,W1985213868
W2105924489,W2133790733
W2105924489,W2133465414
W2105924489,W2158217645
W2105924489,W2156737316
W2105924489,W2128601422
W2147806662,W2158217645
W2147806662,W2101543035
W2147806662,W2102619694
W2078964320,W2160333540
W2078964320,W2133968430
W2078964320,W2071930821
W2078964320,W4247053599
W2078964320,W2133465414
W2078964320,W2158217645
W2078964320,W2102619694
W2078964320,W2097065948
W2078964320,W2138825607
W2078964320,W2103441770
W2121091193,W2097360283
W2121091193,W2097529540
W2121091193,W2134555277
W2121091193,W2160697532
W2121091193,W2139760555
W2121091193,W2096863518
W2121091193,W2122825543
W2121091193,W4294541781
W2108068107,W2104830962
W2108068107,W2043398720
W2275877493,W2055402151
W2275877493,W2161821474
W2275877493,W2043696829
W2275877493,W2139236349
W2275877493,W2123696077
W2275877493,W2025183726
W2275877493,W2153056550
W2275877493,W2157852151
W2275877493,W2163798887
W2078059415,W1964963969
W2078059415,W2171777347
W2078059415,W2098597355
W2078059415,W2124985265
W2078059415,W2107916366
W2078059415,W2140952049
W2078059415,W2103017472
W2078059415,W2108234281
W2078059415,W1964895626
W2033617297,W2122828560
W2033617297,W2161057248
W2033617297,W2094660330
W2033617297,W1980789245
W2033617297,W2096327192
W2033617297,W1996024251
W2033617297,W2082429191
W1980168725,W2088486634
W1980168725,W2134036574
W1980168725,W1992436001
W1980168725,W2134783591
W2161184021,W2171777347
W2161184021,W2169773990
W2161184021,W2168133698
W2161184021,W2108234281
W2161184021,W2112113834
W2161184021,W2136145671
W2161184021,W2008856488
W2161184021,W2132926880
W2161184021,W2116053845
W2161184021,W2108169091
W2161184021,W2103441770
W2166820820,W2154431984
W2166820820,W2141458291
W2166820820,W2121211805
W2166820820,W2155804510
W2166820820,W2011920499
W2166820820,W2152239989
W2166820820,W2114104545
W2166820820,W2119034410
W2166820820,W2160333540
W2166820820,W2130410032
W2166820820,W2166810745
W2166820820,W2129795133
W2166820820,W2017840637
W2165547003,W2103017472
W2165547003,W2065847836
W2165547003,W2097660065
W2165547003,W2071930821
W2165547003,W2078964320
W2165547003,W4212766227
W2165547003,W2108664872
W2165547003,W2097065948
W2165547003,W2141458291
W2169556367,W2081098333
W2169556367,W2130410032
W2107915254,W1494075612
W2107915254,W2022685385
W2107915254,W1994145712
W2027753197,W2085397620
W2027753197,W1965079305
W2027753197,W2160697532
W2027753197,W2170989872
W2027753197,W2038437697
W4242729757,W2146341019
W2114392707,W2155066423
W2114392707,W1988925586
W2114392707,W1519266993
W2114392707,W2124351063
W2114392707,W2155806125
W2114392707,W2091922579
W2114392707,W2108718991
W2141920662,W2161546116
W2141920662,W1966822396
W2141920662,W2160969485
W2141920662,W2136145671
W2161212572,W2090037139
W2161212572,W1999746344
W2161212572,W2144137532
W2161212572,W2070021921
W2055655674,W2123491442
W2055655674,W2158217645
W2055655674,W2060705109
W2055655674,W2154431984
W2124799197,W2124351063
W2124799197,W2103441770
W2124799197,W2155806125
W2124799197,W2091922579
W2148663653,W2611370172
W2148663653,W2018045523
W2148663653,W2151936673
W2148663653,W2015953751
W2148663653,W1966327575
W2148663653,W2047940964
W2148663653,W2156737316
W2148663653,W2032230795
W2148663653,W2125826054
W2148663653,W2089458547
W2148663653,W2163250554
W2148663653,W2060705109
W2166214412,W2119444539
W2166214412,W2158489424
W2166214412,W2124362779
W2166214412,W2108169091
W2166214412,W2098126593
W2166214412,W2107916366
W2166214412,W1504702575
W2166214412,W2093044565
W2166214412,W2004444667
W2089335658,W2156125289
W2089335658,W2164004777
W2089335658,W2171777347
W2089335658,W2025183726
W2089335658,W2107916366
W2089335658,W2098425296
W2137586531,W2136482257
W2093044565,W2098126593
W2093044565,W2108169091
W2093044565,W2141042406
W2093044565,W2124362779
W2093044565,W2055298722
W2093044565,W1504702575
W2093044565,W2166214412
W1964963969,W2168602111
W1964963969,W2096465161
W1964963969,W2070571588
W1964963969,W2166810745
W1964963969,W2259938310
W1964963969,W2140952049
W1973831267,W2019075610
W1973831267,W2032230795
W1973831267,W1988925586
W1973831267,W2170024099
W2156078931,W2043696829
W2156078931,W2104830962
W2019670881,W2169244146
W2019670881,W2010986636
W2019670881,W2120503144
W2064815984,W1978129709
W2064815984,W2045435533
W2064815984,W2019670881
W2064815984,W2120503144
W2064815984,W2003171404
W2064815984,W2010986636
W2140729960,W2154431984
W2140729960,W2097065948
W2140729960,W2169456326
W2140729960,W2170551349
W2140729960,W2124985265
W2044702943,W2097255042
W2044702943,W2096283457
W2044702943,W2128985829
W2044702943,W2171972386
W2044702943,W2023427658
W2044702943,W2149908785
W2044702943,W2130900820
W2044702943,W2017426710
W2044702943,W2123696077
W2044702943,W2005895632
W2044702943,W2163798887
W2044702943,W2157840751
W1977709885,W1978129709
W1977709885,W2064815984
W1977709885,W2003171404
W1977709885,W2045435533
W1977709885,W2019670881
W1977709885,W2010986636
W1977709885,W2169244146
W1977709885,W2170039745
W1977709885,W2160051211
W1977709885,W2036176224
W1977709885,W2101749257
W1977709885,W2120503144
W2152061559,W2262414037
W2152061559,W2041440766
W2152061559,W2009720434
W2152061559,W2163798887
W2152061559,W2122732537
W2152061559,W2096791516
W2166562121,W1968105193
W2166562121,W2073332363
W2166562121,W2136552678
W2166562121,W2167062509
W2166562121,W2032230795
W2166562121,W2087292184
W2166562121,W2110300022
W2166562121,W4294216483
W2166562121,W2080283023
W2166562121,W2166171121
W2166562121,W1988925586
W2166562121,W2342249984
W2166562121,W2113977541
W2166562121,W2133856765
W2166562121,W2170551349
W2166562121,W2110375946
W2018838463,W2259938310
W2018838463,W2117446594
W2003171404,W2045435533
W2003171404,W2019670881
W2003171404,W2038783205
W2003171404,W2120503144
W2003171404,W1978129709
W2003171404,W2128016314
W2003171404,W2102619694
W2003171404,W2124985265
W2003171404,W2086561953
W2003171404,W1964963969
W2003171404,W2064815984
W2110300022,W2128769815
W2110300022,W1998767819
W2110300022,W1988925586
W2110300022,W1989348205
W2110300022,W2101120467
W2110300022,W2154026962
W2110300022,W2151409320
W2110300022,W2124351063
W2158485828,W2055402151
W2158485828,W2121158863
W2158485828,W2163188200
W2158485828,W2025183726
W2158485828,W2123696077
W2158485828,W2096283457
W2158485828,W2275877493
W2158485828,W2262414037
W2158485828,W2097255042
W2158485828,W2335012284
W2158485828,W2161821474
W2158485828,W2109948920
W2158485828,W2152061559
W2158485828,W2041440766
W2158485828,W2000589976
W2158485828,W2009720434
W2158485828,W2043398720
W2064165694,W2145931730
W2058835062,W2014946489
W2058835062,W1988163167
W2058835062,W2065566217
W2058835062,W2050869737
W2058835062,W2026570544
W2058835062,W2145931730
W2058835062,W2128016314
W2058835062,W2160333540
W2058835062,W2053003053
W2058835062,W2149146453
W2058835062,W2147806662
W2058835062,W2170551349
W2058835062,W2141458291
W2058835062,W2136482257
W2058835062,W2103441770
W2058835062,W2124985265
W2058835062,W2136145671
W2058835062,W2130305733
W2058835062,W2097065948
W2058835062,W2107903949
W2117457769,W2128769815
W2117457769,W2152885278
W2117457769,W2012016911
W2117457769,W2166171121
W2117457769,W2080283023
W2117457769,W2086865963
W2117457769,W2091922579
W2117457769,W2101120467
W2117457769,W1966822396
W2117457769,W2108718991
W2117457769,W2136879569
W1974047233,W2097360283
W1974047233,W2121091193
W1974047233,W2117792884
W1974047233,W1968931043
W1974047233,W4294541781
W2117757143,W1964963969
W2117757143,W2015416439
W2117757143,W2078059415
W2117757143,W2149573463
W2117757143,W2124985265
W1905058580,W2106036991
W2117977572,W2046387002
W2117977572,W2058835062
W2117977572,W2064165694
W2117977572,W2146573461
W2117977572,W2144137532
W2117977572,W2145931730
W2117977572,W2118258530
W2117977572,W2059073003
W2117977572,W2017426710
W2117977572,W2102619694
W2117977572,W2096465161
W2117977572,W2103017472
W2117977572,W1998767819
W2117977572,W2010457001
W2009720434,W2025183726
W2009720434,W2123696077
W2009720434,W2262414037
W2009720434,W2163798887
W2009720434,W2275877493
W2009720434,W2040827479
W2009720434,W2023568503
W2041440766,W2262414037
W2041440766,W2096283457
W2041440766,W2123696077
W2041440766,W2157852151
W1973260880,W2064815984
W1973260880,W2003171404
W1973260880,W2045435533
W1973260880,W2036176224
W1973260880,W2130410032
W1973260880,W2163188200
W1973260880,W2101749257
W2077327925,W2017426710
W2077327925,W2070571588
W2077327925,W2112192177
W2077327925,W2118258530
W2018286352,W1965157206
W2018286352,W2125987139
W2018286352,W2053911973
W1255676896,W2109948920
W1255676896,W2059382687
W1255676896,W2158804744
W1255676896,W2078972833
W2060185417,W2165067288
W2060185417,W2110389012
W2060185417,W2045119680
W2060185417,W2087292184
W2060185417,W2128769815
W2060185417,W2125826054
W2160051211,W2169244146
W2160051211,W2107913200
W2160051211,W2064815984
W2160051211,W2120503144
W2160051211,W2019670881
W2160051211,W2045435533
W2160051211,W2003171404
W2160051211,W2154431984
W2160051211,W2166903671
W2109816625,W2153056550
W2109816625,W2105100844
W2109816625,W2157852151
W2109816625,W2113942802
W2109816625,W2025183726
W2109816625,W2123696077
W2109816625,W2275877493
W2109816625,W2262414037
W2109816625,W2096283457
W2109816625,W2161289668
W2109816625,W2168133698
W2109816625,W2026570544
W2109816625,W2059073003
W2109816625,W2040191060
W2109816625,W2050869737
W2109816625,W2009720434
W1999906527,W2107369528
W1999906527,W2110389012
W1999906527,W2083089709
W1999906527,W2165067288
W1999906527,W2097875133
W1999906527,W2137015675
W1999906527,W2124967403
W1999906527,W2045119680
W1981239255,W2096791516
W1981239255,W2158804744
W2036176224,W2064815984
W2036176224,W2170039745
W2036176224,W2003171404
W2036176224,W2120503144
W2036176224,W2045435533
W2036176224,W2160051211
W1991807334,W2097660065
W1991807334,W2071930821
W1991807334,W2165547003
W1991807334,W2065847836
W1991807334,W2078964320
W1991807334,W2053003053
W1991807334,W2079517684
W1991807334,W2097065948
W1991807334,W2152239989
W1991807334,W2141458291
W1991807334,W2171808845
W1991807334,W2124733101
W2004549986,W2147311167
W2004549986,W2097660065
W2004549986,W2073332363
W2004549986,W2149573313
W2004549986,W2104890139
W2004549986,W1971415551
W2004549986,W2167062509
W2004549986,W2125826054
W2004549986,W2032230795
W2004549986,W2162088497
W2004549986,W2141125135
W2004549986,W2071841602
W2004549986,W1968105193
W2004549986,W2097341408
W2004549986,W1998767819
W1966107523,W2169589032
W1966107523,W2142300779
W1966107523,W1642873092
W1966107523,W2159675211
W2151350595,W2136879569
W2151350595,W2141152740
W2151350595,W2152885278
W2151350595,W2155066423
W2151350595,W2124351063
W2151350595,W2170747616
W2151350595,W2108718991
W2151350595,W2117457769
W2151350595,W2096525273
W2022495797,W2155943701
W2022495797,W2138155367
W2022495797,W2040827479
W2022495797,W4240237951
W2022495797,W2025183726
W2022495797,W2163798887
W2022495797,W2123696077
W2022495797,W2096283457
W2022495797,W2041440766
W2022495797,W1255676896
W2022495797,W2262414037
W2022495797,W2335012284
W2022495797,W2009720434
W1971578941,W2107575419
W1971578941,W1981030303
W1971578941,W2070021921
W1971578941,W2259938310
W1971578941,W2055655674
W1971578941,W2123564569
W1971578941,W2124985265
W1971578941,W2110015307
W1971578941,W2125987139
W1971578941,W1964963969
W1971578941,W2171808845
W1971578941,W2158610627
W1971578941,W2140952049
W1971578941,W2014677321
W1971578941,W2158217645
W1971578941,W2123106337
W1971578941,W2107903949
W1971578941,W2130410032
W1971578941,W1967261754
W1971578941,W2519244818
W2103296919,W2091922579
W2103296919,W2152885278
W2103296919,W2154026962
W2103296919,W2155066423
W2004966039,W2259938310
W2004966039,W2107575419
W2004966039,W1981030303
W2004966039,W2168602111
W2004966039,W2123564569
W2004966039,W2117446594
W2004966039,W2078059415
W2004966039,W4212766227
W2004966039,W1964963969
W2004966039,W1971578941
W2004966039,W2171808845
W2004966039,W2070021921
W2004966039,W2140952049
W2004966039,W2128016314
W2004966039,W2124985265
W2004966039,W2107903949
W2004966039,W2097065948
W2004966039,W2519244818
W1563940013,W2120772351
W2101749257,W2064815984
W2101749257,W2120503144
W2101749257,W1971439989
W2101749257,W2169805130
W2101749257,W2045435533
W2101749257,W2003171404
W2101749257,W2160051211
W2101749257,W1964963969
W2101749257,W2170039745
W1993399595,W2169330513
W1993399595,W2149573313
W1993399595,W2125826054
W1993399595,W2013371150
W1993399595,W2162088497
W1993399595,W2128769815
W1993399595,W2023506796
W1993399595,W2054407804
W1993399595,W2167062509
W1993399595,W2136552678
W1993399595,W2124351063
W1993399595,W1988925586
W1993399595,W2170551349
W1993399595,W2105199251
W1993399595,W2045843097
W1993399595,W2108929776
W1993399595,W2085397620
W1993399595,W2170024099
W2167898988,W2259938310
W2167898988,W2164683872
W2167898988,W2097065948
W2167898988,W2141458291
W2167898988,W2103017472
W2167898988,W2038963685
W2167898988,W2159675211
W2167898988,W2154431984
W2167898988,W2158485828
W2141152740,W2155066423
W2141152740,W2138122982
W2160947363,W2136879569
W2160947363,W2108718991
W2160947363,W2110375946
W2170039745,W2064815984
W2170039745,W2019670881
W2170039745,W2045435533
W2170039745,W2003171404
W2114053580,W3122664795
W2146411229,W2150981663
W2146411229,W1966078827
W2146411229,W2120145199
W2146411229,W2149655632
W2146411229,W2332712348
W2146411229,W2057806291
W2335012284,W2150575159
W2335012284,W2163199119
W2335012284,W2123696077
W2154866190,W2096791516
W2154866190,W2096525273
W2179438025,W2130116522
W2179438025,W2152239989
W2179438025,W2097360283
W2179438025,W2160697532
W2179438025,W2081098333
W2179438025,W2166820820
W2179438025,W2114104545
W2179438025,W2137526110
W2179438025,W2004014148
W2179438025,W2122598723
W2179438025,W4294541781
W2179438025,W2131478115
W2179438025,W2134526812
W2179438025,W2138207763
W2179438025,W2140729960
W2096173332,W2103017472
W2096173332,W2105924489
W2096173332,W2118258530
W2096173332,W2160697532
W2096173332,W229097380
W2096173332,W1989277387
W1973062929,W2073026107
W1973062929,W2070021921
W1973062929,W2259938310
W1973062929,W4247053599
W1973062929,W2090037139
W1973062929,W2119180969
W1973062929,W2161212572
W1973062929,W2096791516
W1973062929,W2015416439
W1973062929,W2103441770
W2101357408,W2098597355
W2101357408,W2171777347
W2101357408,W2078059415
W2101357408,W2153860431
W1984883254,W2024626836
W1984883254,W2123649031
W1984883254,W2100305481
W1984883254,W2140729960
W1984883254,W2170551349
W1984883254,W2166820820
W1984883254,W2102619694
W2002490399,W1997183854
W2137526110,W4294107304
W2137526110,W2081098333
W2137526110,W2130410032
W2137526110,W2114104545
W2137526110,W2152239989
W2137526110,W2130116522
W2137526110,W2154431984
W2137526110,W2166810745
W2137526110,W2107018762
W2137526110,W2110905563
W2137526110,W2120865735
W2137526110,W2160697532
W2137526110,W2157795344
W2137526110,W2138207763
W2126547130,W2262414037
W2126547130,W2041440766
W2126547130,W2009720434
W2180481128,W2161821474
W2180481128,W2104830962
W2180481128,W2163798887
W2180481128,W2275877493
W2180481128,W2114031931
W2180481128,W2109948920
W2180481128,W2097413644
W2180481128,W2009720434
W2128035403,W2097995306
W2054275187,W2124940469
W2054275187,W1999746344
W2054275187,W2124985265
W2054275187,W2121211805
W2054275187,W2154431984
W2054275187,W2011920499
W2054275187,W2141458291
W2054275187,W2155804510
W2124427232,W1978436252
W2124427232,W2097995306
W2124427232,W2101653483
W2124427232,W2016983859
W2159954944,W2113601822
W2159954944,W2128769815
W2159954944,W2116895571
W2159954944,W2142678478
W2159954944,W2096128575
W2149858388,W1255676896
W2149858388,W2114031931
W2149858388,W2152061559
W2104885590,W2097995306
W2104885590,W2152061559
W1490161904,W2103017472
W2153544371,W2147526198
W2153544371,W2159675211
W2126816979,W1255676896
W2126816979,W2114031931
W2126816979,W1980568348
W2170486072,W2054407804
W2170486072,W2115701239
W2170486072,W2108718991
W2170486072,W2117457769
W2170486072,W2131271579
W2043274355,W2104726963
W2043274355,W2149441684
W2043274355,W1989277387
W2054891772,W2064165694
W2054891772,W2147806662
W2054891772,W2086561953
W2054891772,W2058835062
W2125784987,W2166562121
W2125784987,W2097660065
W2125784987,W2128769815
W2125784987,W2110300022
W2125784987,W2004549986
W2125784987,W1971415551
W2125784987,W2125826054
W2125784987,W2071841602
W2125784987,W1993399595
W2125784987,W2149573313
W2125784987,W1968105193
W2125784987,W2162088497
W2125784987,W2080283023
W2125784987,W2124351063
W2125784987,W2155142785
W2125784987,W2141125135
W2125784987,W2167062509
W2114031931,W2009720434
W2114031931,W2041440766
W2114031931,W2022495797
W2129034036,W2103441770
W2129034036,W2097341408
W2129034036,W2124985265
W2129034036,W2119180969
W2129034036,W2166214412
W2129034036,W2150131459
W2129034036,W2124362779
W2129034036,W2171777347
W2129034036,W2119279196
W2068523052,W2106787323
W2068523052,W2009720434
W2068523052,W2114031931
W2068523052,W2096283457
W2068523052,W2275877493
W2068523052,W2335012284
W2068523052,W2041535798
W2068523052,W2044702943
W1848939527,W2068523052
W1848939527,W2009720434
W1848939527,W2114031931
W1848939527,W2157852151
W1848939527,W2103017472
W1848939527,W2096283457
W1848939527,W2123696077
W1848939527,W2335012284
W1848939527,W2106578986
W1848939527,W4294216483
W1848939527,W1999574084
W1848939527,W4247053599
W1848939527,W2114104545
W1848939527,W2130410032
W1848939527,W2117131162
W1848939527,W4294107304
W1848939527,W2115462905
W1848939527,W2103441770
W1848939527,W2157795344
W2121055398,W2127036970
W2121055398,W2154071138
W2121055398,W2154026962
W2121055398,W2116206245
W2121055398,W2119888547
W2016603972,W2146290595
W2016603972,W2116585889
W2016603972,W2151409320
W2016603972,W2004444667
W2016603972,W2098126593
W2016603972,W2117801354
W2016603972,W229097380
W2017919052,W2064165694
W2017919052,W2058835062
W2017919052,W2147806662
W2017919052,W2128551987
W2127862779,W1973260880
W2127862779,W2101749257
W2127862779,W2045435533
W2127862779,W2019670881
W2127862779,W2107959600
W2127862779,W2043398720
W2127862779,W2152505144
W2127862779,W2036176224
W2127862779,W2123879591
W2127862779,W2010457001
W2127862779,W2170551349
W2127862779,W1999574084
W2108994842,W2168133698
W2152505144,W2141831115
W2152505144,W2166810745
W2152505144,W2101749257
W2152505144,W2158217645
W2152505144,W2133465414
W2152505144,W2160051211
W2152505144,W1973260880
W2152505144,W2125987139
W2152505144,W2036176224
W2152505144,W2124985265
W2152505144,W2123106337
W2059359550,W2138122982
W2059359550,W2142678478
W2059359550,W2141652419
W2059359550,W2127774996
W2059359550,W1767772592
W2059359550,W2108787198
W2059359550,W2103017472
W2059359550,W2164154943
W2059359550,W2160378127
W2059359550,W2046183549
W2059359550,W4320301318
W2059359550,W2062018285
W2059359550,W2133870991
W2059359550,W2163627198
W2059359550,W2168696662
W2059359550,W2130362098
W2059359550,W2997591727
W2059359550,W1831050183
W2059359550,W2141885858
W2015845481,W2259938310
W2015845481,W2097360283
W2015845481,W1964963969
W2015845481,W2166810745
W2015845481,W1971578941
W2015845481,W2117446594
W2015845481,W2123411711
W2015845481,W2014677321
W2015845481,W4294541781
W2015845481,W2144137532
W2015845481,W2114104545
W2015845481,W2123564569
W2015845481,W2097065948
W2015845481,W2141458291
W2015845481,W2124985265
W2015845481,W2171808845
W2015845481,W2139122477
W2015845481,W2158217645
W2015845481,W2171777347
W2015845481,W2151409320
W2015845481,W2102619694
W2008627757,W2103441770
W2008627757,W2119180969
W2008627757,W2108234281
W2066231767,W2155804510
W2066231767,W2011920499
W2066231767,W2166820820
W2066231767,W2335012284
W2066231767,W2097065948
W2103901746,W2128769815
W2136609531,W2165010366
W1972145956,W2031611770
W1972145956,W2041257508
W2075294566,W2043398720
W2136430672,W2149992227
W2136430672,W2259938310
W2136430672,W2171777347
W2136430672,W2128016314
W2136430672,W2108234281
W2136430672,W2078059415
W2100122648,W2064815984
W2100122648,W2003171404
W2100122648,W1973260880
W2100122648,W2114104545
W2100122648,W2152239989
W2100122648,W2036176224
W2100122648,W4294216483
W2100122648,W2130410032
W2100122648,W1989277387
W1974964336,W2139760555
W1974964336,W1994145712
W1974964336,W2129933858
W1974964336,W2169773990
W1974964336,W2124985265
W1974964336,W2108234281
W1974964336,W2108787198
W1974964336,W1484347389
W1974964336,W2097341408
W1974964336,W4247053599
W1974964336,W2110335151
W1974964336,W2154431984
W1974964336,W2152239989
W1974964336,W2131374955
W1974964336,W2157009395
W1974964336,W2012986985
W1974964336,W2136145671
W1974964336,W2103441770
W2162151166,W2154866190
W2162151166,W2096525273
W2106070783,W2064815984
W2106070783,W1977709885
W2106070783,W2160697532
W2106070783,W2036176224
W2007110604,W2128769815
W2007110604,W2023506796
W2007110604,W2149573313
W2007110604,W2054407804
W2007110604,W2133856765
W2007110604,W2155066423
W2007110604,W1998767819
W2007110604,W2101120467
W1993913242,W2014691022
W1993913242,W2082833890
W1993913242,W2160450758
W1993913242,W2128985829
W1993913242,W2119034410
W2118151336,W2108068107
W2118151336,W2009720434
W2091235283,W2065847836
W2091235283,W2078964320
W2091235283,W2071930821
W2091235283,W2165547003
W2091235283,W1991807334
W2091235283,W2014677321
W2091235283,W2102619694
W2091235283,W2097065948
W2091235283,W2171808845
W2091235283,W2053003053
W2091235283,W2124985265
W2091235283,W2119034410
W2091235283,W2158217645
W2091235283,W2133465414
W2091235283,W2141458291
W2133946740,W2107159911
W2133946740,W2103317434
W2133946740,W1594032928
W2133946740,W2081284397
W2133946740,W2152881839
W2133946740,W2002258037
W2133946740,W2134351926
W2107959600,W2169244146
W2107959600,W2010986636
W2107959600,W2064815984
W2107959600,W2120503144
W2107959600,W2019670881
W2107959600,W2101749257
W2107959600,W2030517878
W2107959600,W2036176224
W2107959600,W2045435533
W2107959600,W2003171404
W2107959600,W2160051211
W2107959600,W1973260880
W2107959600,W2170039745
W2107959600,W2109184569
W2107959600,W2144081223
W2107959600,W4248872320
W2107959600,W2131350133
W2107959600,W2165869860
W2107959600,W2110808180
W2107959600,W2224398381
W2107959600,W2127862779
W2107959600,W2082667898
W2107959600,W2152505144
W2133918896,W2119412782
W2133918896,W2152239989
W2133918896,W2169456326
W2133918896,W2134526812
W2133918896,W2096465161
W2133918896,W2102619694
W2056499061,W2259938310
W2056499061,W2096791516
W2056499061,W1991366673
W2115603949,W2064815984
W2115603949,W2036176224
W2115603949,W2045435533
W2115603949,W2124985265
W2115603949,W2003171404
W2003797386,W2045435533
W2003797386,W2036176224
W2003797386,W1977709885
W2003797386,W4247053599
W2003797386,W2103441770
W1970707135,W2117131162
W1970707135,W2097065948
W1970707135,W2158217645
W1970707135,W2133465414
W1970707135,W1986662234
W1970707135,W2141458291
W1970707135,W2103441770
W1983466841,W2163798887
W1983466841,W2104830962
W1983466841,W2003984225
W1983466841,W2103441770
W1983466841,W2108234281
W1983466841,W2102619694
W1983466841,W2155943701
W1983466841,W2275877493
W2104549677,W2171777347
W2104549677,W2096791516
W2104549677,W2119444539
W2104549677,W2091705028
W2104549677,W2113784410
W2104549677,W2259938310
W2012034410,W2259938310
W2012034410,W2056499061
W2012034410,W2167898988
W2012034410,W2262414037
W2012034410,W2102304447
W2012034410,W1994803330
W2012034410,W2097065948
W2012034410,W2141458291
W2012034410,W2161746138
W2012034410,W2122683221
W2012034410,W2519244818
W1985987855,W2130430382
W1985987855,W1964895626
W1985987855,W2047028564
W2112364185,W2147526198
W2112364185,W2107772251
W2112364185,W2154026962
W2112364185,W2105329815
W2112364185,W2131186249
W2112364185,W2062018285
W2113699335,W2106036991
W2113699335,W1972696558
W2113699335,W2119605658
W2113699335,W1905058580
W2113699335,W2033585778
W2049553585,W2097995306
W2049553585,W2009720434
W2049553585,W2152061559
W2049553585,W2275877493
W2049553585,W2180481128
W2049553585,W2104885590
W2049553585,W2028433016
W2049553585,W2124427232
W2049553585,W2039123767
W2049553585,W2103441770
W2049553585,W2168133698
W2049553585,W2155943701
W2049553585,W1980740976
W2134629862,W1988163167
W2134629862,W2026570544
W2134629862,W2160697532
W2134629862,W2140952049
W2134629862,W2070571588
W2134629862,W2059073003
W2134629862,W2133968430
W2134629862,W2053003053
W2134629862,W2096465161
W2134629862,W2128016314
W2134629862,W2077327925
W2134629862,W2050869737
W2134629862,W2161693225
W2134629862,W1978337436
W2134629862,W2102619694
W2134629862,W1920303762
W2134629862,W2114104545
W2134629862,W2065566217
W2134629862,W2081098333
W2134629862,W2096863518
W2069089843,W1984883254
W2069089843,W2130410032
W2076154138,W1964963969
W2076154138,W2154431984
W2076154138,W2117792884
W2076154138,W2168602111
W2076154138,W2078059415
W2076154138,W2017840637
W2076154138,W2015416439
W2076154138,W2059099579
W2076154138,W2259938310
W2076154138,W2123564569
W2076154138,W1981030303
W2076154138,W2171808845
W2076154138,W2103441770
W2076154138,W1979594866
W2076154138,W1968931043
W2076154138,W2090037139
W2076154138,W2103017472
W2076154138,W2040547343
W2076154138,W2123411711
W2076154138,W2070021921
W2076154138,W2159675211
W2153860431,W2096791516
W2153860431,W2040547343
W2153860431,W2147311167
W2153860431,W2101357408
W2153860431,W2108169091
W2153860431,W2157752701
W2153860431,W2088486634
W2153860431,W2033151532
W2153860431,W2107916366
W1533942137,W2078059415
W1533942137,W2117792884
W1533942137,W2259938310
W1533942137,W2018838463
W1533942137,W2096465161
W1533942137,W1964895626
W1533942137,W2123411711
W1533942137,W2134783591
W1533942137,W2117446594
W1533942137,W2161633633
W1533942137,W2157752701
W1533942137,W1992436001
W1533942137,W2171777347
W1533942137,W2168133698
W1533942137,W2097065948
W1533942137,W2154431984
W1533942137,W2107916366
W1533942137,W2105381419
W1533942137,W2161163382
W1533942137,W2076154138
W1533942137,W2102619694
W1533942137,W2060705109
W1533942137,W2018045523
W2179036997,W2154556219
W2179036997,W2152770371
W2179036997,W2038752330
W2179036997,W1505626160
W1934094702,W2262414037
W1934094702,W2124166542
W1934094702,W2126547130
W1934094702,W2130430382
W1934094702,W2107665951
W1934094702,W4294107304
W1934094702,W2138550913
W1934094702,W2116634113
W1934094702,W1999574084
W1934094702,W2911964244
W1934094702,W2128793721
W1934094702,W2142300779
W1934094702,W2144038313
W1934094702,W2160697532
W1934094702,W2157795344
W1950118853,W2156323704
W1950118853,W2146530991
W1950118853,W2030701238
W1950118853,W2055313665
W1950118853,W2082833890
W1950118853,W2170776626
W2028433016,W2123879591
W2028433016,W2043398720
W2028433016,W1966107523
W2028433016,W2126547130
W2028433016,W2018838463
W2028433016,W2124427232
W2028433016,W2022495797
W2028433016,W2170551349
W2028433016,W2009720434
W2028433016,W2114031931
W2028433016,W2157852151
W2028433016,W2104885590
W2028433016,W2039123767
W2028433016,W2038963685
W2028433016,W2114843025
W2028433016,W2159707944
W2028433016,W2101291993
W2028433016,W2108234281
W2028433016,W2096128575
W1986241711,W2110664940
W1986241711,W2275877493
W1986241711,W2122732537
W1986241711,W2335012284
W1952026831,W2080283023
W1952026831,W2166171121
W1952026831,W2124351063
W1952026831,W2136879569
W1952026831,W2115701239
W1952026831,W2117457769
W1952026831,W2110300022
W1952026831,W2034285706
W1952026831,W2108718991
W1952026831,W2152207030
W1952026831,W2113601822
W1952026831,W2152885278
W1900937478,W2155606054
W1900937478,W2008856488
W1900937478,W2141292707
W1900937478,W2160378127
W1900937478,W2031611770
W2051314902,W2147311167
W2051314902,W2161633633
W2051314902,W2134783591
W2051314902,W2130410032
W2051314902,W2096791516
W2051314902,W2107916366
W2185075416,W2097995306
W2185075416,W2039123767
W2185075416,W2107369528
W2185075416,W2003342633
W2185075416,W2060185417
W2185075416,W2110389012
W2185075416,W2154026962
W2185075416,W2152885278
W2185075416,W2170024099
W1578291413,W2149441684
W1578291413,W2171972386
W1578291413,W2114843025
W1578291413,W2009720434
W1578291413,W2114031931
W1578291413,W2107633226
W1578291413,W2117131162
W1578291413,W2121158863
W1578291413,W2100305481
W1578291413,W2161112598
W2135937351,W2102212449
W2135937351,W2068767807
W2135937351,W2187089797
W2135937351,W2131271579
W2128601422,W2096525273
W2128601422,W2103017472
W2128601422,W2149353640
W1531821806,W2117757143
W1531821806,W2259938310
W1531821806,W1964963969
W1941339056,W2065847836
W1941339056,W2097660065
W1941339056,W2053003053
W1941339056,W2079517684
W1941339056,W2071930821
W1941339056,W2091235283
W1941339056,W1991807334
W1941339056,W2165547003
W1941339056,W2133465414
W1941339056,W2097065948
W1941339056,W2141458291
W1941339056,W2014677321
W1941339056,W1969353942
W1941339056,W2152239989
W1941339056,W2124733101
W1979283544,W2123491442
W1979283544,W2165232124
W2033386838,W2080283023
W2033386838,W2088833470
W2033386838,W2111211467
W2033386838,W2124967403
W2033386838,W2167279371
W2033386838,W2099540110
W2033386838,W2110235509
W2033386838,W2155897723
W2171126517,W2026062398
W2171126517,W2138178197
W2171126517,W2031611770
W2171126517,W2148698435
W2171126517,W2141052558
W2190545194,W2171280873
W2190545194,W1984883254
W2190545194,W2137526110
W2190545194,W2114104545
W2190545194,W2152239989
W2190545194,W2081098333
W2190545194,W1999574084
W2190545194,W2160697532
W2190545194,W2038963685
W1515023627,W2148898943
W1515023627,W2030500910
W1515023627,W2060185417
W1515023627,W2158217645
W1515023627,W2038963685
W1515023627,W2082429191
W1482190741,W2034285706
W1107917109,W1985987855
W1107917109,W2153056550
W1107917109,W2010457001
W1107917109,W2142300779
W1107917109,W1966107523
W1107917109,W2028433016
W1107917109,W2116634113
W1107917109,W2160697532
W1107917109,W2109972881
W1107917109,W2107665951
W1107917109,W1964895626
W1107917109,W2124649657
W1107917109,W2130410032
W1812256879,W2040827479
W1812256879,W2126817554
W1812256879,W2109816625
W1812256879,W2161289668
W1812256879,W2009720434
W1812256879,W2000589976
W1950829641,W2118863192
W1950829641,W2101653483
W1950829641,W2109816625
W1950829641,W2009720434
W1950829641,W2114031931
W1950829641,W2104885590
W1950829641,W2025183726
W1950829641,W2275877493
W1950829641,W2068523052
W1950829641,W2180481128
W1950829641,W2039123767
W2161112598,W2152061559
W2161112598,W2180481128
W2161112598,W2078972833
W2161112598,W2009720434
W2161112598,W2114031931
W2161112598,W1578291413
W2161112598,W2107633226
W2161112598,W2121158863
W1019830208,W2143612262
W1019830208,W2160995259
W1019830208,W2011920499
W1019830208,W2095705004
W1019830208,W2097998348
W1966411071,W2116236561
W1966411071,W2058835062
W1966411071,W2064165694
W1966411071,W2147806662
W1966411071,W2054891772
W1966411071,W2128016314
W2100039832,W2101653483
W2100039832,W2097995306
W2100039832,W2006559495
W2100039832,W2016983859
W1952608303,W2074726646
W2127175247,W2125826054
W2127175247,W2034285706
W2127175247,W2122825543
W2127175247,W2133790733
W2127175247,W2128769815
W2127175247,W2123060905
W2127175247,W2124351063
W2127175247,W2152885278
W2206071891,W2127036970
W2206071891,W2121055398
W2206071891,W2116206245
W2206071891,W2119888547
W2107429737,W2097995306
W2107429737,W2104885590
W2107429737,W2028433016
W2107429737,W1498931318
W2107429737,W2049553585
W2107429737,W1950829641
W1844405070,W2155496693
W1844405070,W2259938310
W1844405070,W2078059415
W1844405070,W2033151532
W1844405070,W2153860431
W1844405070,W2128016314
W1844405070,W2101357408
W1844405070,W2004966039
W1844405070,W2015845481
W1844405070,W2147311167
W1844405070,W2107916366
W1844405070,W2096791516
W1844405070,W2134783591
W1844405070,W2195783463
W1844405070,W2076154138
W1905829557,W2102605133
W1905829557,W2097117768
W1905829557,W2163605009
W2042789810,W2096465161
W2042789810,W2103017472
W2042789810,W2142678478
W2042789810,W2100305481
W2042789810,W2259938310
W2042789810,W2519244818
W2174602966,W2154866190
W2174602966,W2051978340
W2174602966,W2162151166
W2174602966,W2096525273
W2054600557,W2019075610
W2054600557,W1973831267
W2054600557,W2023506796
W2054600557,W2004014148
W2063756105,W2061680337
W2063756105,W2142428670
W2063756105,W2004548026
W2063756105,W2096093282
W2063756105,W2143485490
W2063756105,W2045843097
W2063756105,W2142678478
W2063756105,W2003171404
W2063756105,W2105199251
W2063756105,W2136145671
W2175094144,W2142678478
W2175094144,W2127036970
W2175094144,W2107282968
W2175094144,W2116206245
W2175094144,W2119888547
W1857797615,W2102806222
W1857797615,W2112669742
W1498931318,W2097995306
W1498931318,W2142300779
W1498931318,W1999574084
W1498931318,W2115462905
W1498931318,W1984068087
W1498931318,W2096791516
W1498931318,W2114570899
W2070614858,W2169244146
W2070614858,W2120503144
W2070614858,W2045435533
W2070614858,W2019670881
W2070614858,W2064815984
W2070614858,W2003171404
W2070614858,W2107959600
W2070614858,W2036176224
W2070614858,W2115603949
W2070614858,W2040612932
W2070614858,W2003797386
W2070614858,W2158266834
W2070614858,W2171808845
W2070614858,W2141157874
W2311203695,W1519266993
W2311203695,W2034285706
W2311203695,W2152207030
W2311203695,W2103296919
W2256016639,W2104549677
W2256016639,W2091705028
W2256016639,W2130790725
W2256016639,W2083045667
W2256016639,W2051978340
W2256016639,W2168133698
W2256016639,W1533942137
W2320983896,W2174602966
W2320983896,W2017840637
W2320983896,W2168602111
W2320983896,W2015416439
W2320983896,W2015132841
W2324862792,W2113699335
W2324862792,W1905058580
W2324862792,W2106036991
W2324862792,W2033585778
W2324862792,W1972696558
W2336828812,W2174602966
W2336828812,W2064815984
W2336828812,W1977709885
W2336828812,W2045435533
W2336828812,W2003797386
W2336828812,W2224398381
W2336828812,W2320983896
W2332292689,W2097995306
W2332292689,W2101653483
W2332292689,W2104885590
W2332292689,W2102212449
W2332292689,W1950829641
W2332292689,W2043398720
W2332292689,W2076154138
W2332292689,W2049553585
W2332292689,W2107429737
W2332292689,W2103441770
W2332292689,W2119180969
W2332292689,W2124985265
W2332292689,W1999574084
W2332292689,W2187089797
W2952564192,W2125826054
W2952564192,W2162088497
W2952564192,W2581259096
W2252568502,W2045435533
W2252568502,W2003171404
W2252568502,W2064815984
W2252568502,W1973260880
W2252568502,W2036176224
W2252568502,W1964895626
W2252568502,W2100122648
W2252568502,W2114031931
W2252568502,W2130410032
W2252568502,W2106070783
W2252568502,W2043398720
W2252568502,W2010457001
W2252568502,W2152505144
W2252568502,W2003797386
W2252568502,W2170551349
W2252568502,W2115603949
W2252568502,W2114850508
W4210702584,W2739999456
W4210702584,W2051978340
W2419140434,W1255676896
W2419140434,W2009720434
W2419140434,W2126816979
W2419140434,W2149858388
W2510973425,W2104549677
W2510973425,W2511515754
W2510973425,W2105306382
W2510973425,W1992436001
W2510973425,W2173213060
W2510973425,W2171777347
W2510973425,W2096791516
W2510973425,W2058401000
W2533508881,W2142300779
W2533508881,W1985987855
W2533508881,W1966107523
W2533508881,W2130430382
W2285093314,W2138155367
W2285093314,W2180481128
W2285093314,W2028433016
W2285093314,W2149441684
W2285093314,W2009720434
W2285093314,W1999574084
W2285093314,W2114104545
W2285093314,W2169456326
W2285093314,W2138207763
W2285093314,W2179438025
W2285093314,W2169353806
W2285093314,W2115462905
W2285093314,W2137526110
W2285093314,W2159707944
W2285093314,W1966327575
W2285093314,W2130430382
W2345791363,W2142678478
W2345791363,W2170747616
W2471536144,W2069089843
W2471536144,W2123491442
W2471536144,W2170551349
W2471536144,W2134526812
W2471536144,W2179438025
W2471536144,W2137586531
W2471536144,W2187089797
W2424778531,W1947481528
W2424778531,W1895577753
W2376573086,W2156125289
W2376573086,W2170747616
W2376573086,W2160378127
W2376573086,W2132632499
W2376573086,W2163627198
W2376573086,W2062018285
W2376573086,W2086561953
W2376573086,W2130479394
W2376573086,W2051210555
W2376573086,W2035503835
W2259481044,W2170852633
W2259481044,W1877686344
W2259481044,W2100668965
W2259481044,W2130517250
W2950150251,W2128769815
W2950150251,W2125826054
W2950150251,W2159954944
W2950150251,W2103441770
W2950150251,W2159675211
W2950150251,W2120902911
W2511515754,W2119279196
W2511515754,W2104549677
W2511515754,W1992436001
W2511515754,W2141042406
W2314634699,W2096327192
W2314634699,W2033617297
W2314634699,W2082429191
W2328393125,W2106036991
W2328393125,W2101357408
W2328393125,W1844405070
W2328393125,W1972696558
W2328393125,W2264585211
W2328393125,W2058401000
W2328393125,W2171777347
W2328393125,W2033151532
W2328393125,W1533942137
W2291298003,W2049553585
W2291298003,W2104885590
W2291298003,W2114031931
W2291298003,W2028433016
W2291298003,W2107429737
W2291298003,W2152061559
W2291298003,W2119180969
W2291298003,W2103441770
W2291298003,W2108234281
W2291298003,W2155943701
W2294707565,W2004548026
W2294707565,W2152207030
W2194187530,W2102605133
W2194187530,W2127141656
W2194187530,W2143612262
W2289704315,W2152207030
W2393535458,W2141152740
W2535995078,W2129933858
W2535995078,W2170551349
W2535995078,W4242729757
W2559191318,W2224056471
W2559191318,W2153544371
W2507880739,W1966107523
W2507880739,W2028433016
W2507880739,W2124427232
W2507880739,W2039123767
W2507880739,W2107665951
W2507880739,W1107917109
W2507880739,W1986241711
W2507880739,W1985987855
W2537679995,W2739999456
W2537679995,W2174602966
W2537679995,W1989277387
W2537679995,W2122732537
W2537679995,W2256016639
W2537679995,W2104549677
W2537679995,W2417483443
W2537679995,W2302501749
W2537679995,W2162151166
W2537679995,W2320983896
W2521967673,W2096791516
W2521967673,W1980740976
W2521967673,W2089335658
W2521967673,W2160995259
W2521967673,W2911964244
W2521967673,W2145191876
W2521967673,W2096863518
W2521967673,W2154866190
W2521967673,W2174602966
W2521967673,W2051978340
W2521967673,W2006617902
W2521967673,W2096465161
W2521967673,W273955616
W2521967673,W2320983896
W2521967673,W2171033594
W2266290735,W2069519394
W2544493586,W2134852597
W2544493586,W2142678478
W2224398381,W2036176224
W2224398381,W2003797386
W2224398381,W2120503144
W2224398381,W2045435533
W2224398381,W2003171404
W2224398381,W2064815984
W2224398381,W2107959600
W2224398381,W2115603949
W2224398381,W2070614858
W2224398381,W2165869860
W2224398381,W2128880918
W2264585211,W2155496693
W2264585211,W2033151532
W2264585211,W2195783463
W2264585211,W2106036991
W2264585211,W1844405070
W2264585211,W2153860431
W2255138985,W2101357408
W2255138985,W2098597355
W2255138985,W2138345444
W2255138985,W2008627757
W2255138985,W2096327192
W2255138985,W2033617297
W2559028527,W2117446594
W2559028527,W2113784410
W2559028527,W2096465161
W2327501763,W2160815625
W2327501763,W2143612262
W2327501763,W1524333225
W2533355719,W2065996794
W2533355719,W2135230723
W2533355719,W2739999456
W2533355719,W2101291993
W2533355719,W2140952049
W2533355719,W1900937478
W2277953252,W2124967403
W2277953252,W2151409320
W2277953252,W2110335151
W2277953252,W2125948619
W2409671300,W2010986636
W2409671300,W2019670881
W2409671300,W2045435533
W2409671300,W2120503144
W2409671300,W2169244146
W2409671300,W2165869860
W2409671300,W2127862779
W2409671300,W2103441770
W2409671300,W2158266834
W2409671300,W2214074259
W2263206910,W2109816625
W2263206910,W1812256879
W2263206910,W2161289668
W2263206910,W2126817554
W2263206910,W2130430382
W2344657883,W2005895632
W2344657883,W2096283457
W2344657883,W2152061559
W2344657883,W2114031931
W2344657883,W2171972386
W2344657883,W2103441770
W2344657883,W2160969485
W2344657883,W2009720434
W2344657883,W2259938310
W2344657883,W2115462905
W2344657883,W2044702943
W2295245778,W2289704315
W2316171452,W2017919052
W2316171452,W2147806662
W2316171452,W2058835062
W2316171452,W2054891772
W2316171452,W2064165694
W2316171452,W2140729960
W2316171452,W2050869737
W2344940607,W2111211467
W2344940607,W2163627198
W2344940607,W2111647009
W2344940607,W2141052558
W2538143681,W2104549677
W2538143681,W1983403167
W2538143681,W1494075612
W2538143681,W2155628349
W2538143681,W2129933858
W2538143681,W1994145712
W2538143681,W2161546116
W2559466477,W2098425296
W2559466477,W2739999456
W2559466477,W2102502076
W2559466477,W1989277387
W2322358787,W2094939159
W2322358787,W2130362098
W2322358787,W2110335151
W2461427403,W2043398720
W2461427403,W2022495797
W2461427403,W2009720434
W2461427403,W2114031931
W2461427403,W2002513358
W2461427403,W2055402151
W2337747100,W2159954944
W2337747100,W2127175247
W2337747100,W2045204781
W2337747100,W2103441770
W2337209831,W2155943701
W2337209831,W2108234281
W2337209831,W2114850508
W2337209831,W2117131162
W2337209831,W2102619694
W2337209831,W2131478115
W2401568148,W2070021921
W2401568148,W2090037139
W2401568148,W2161212572
W2401568148,W2102619694
W2401568148,W1973062929
W2269054226,W2065847836
W2269054226,W2053003053
W2269054226,W2071930821
W2269054226,W2103441770
W2269054226,W2078964320
W2269054226,W2091235283
W2269054226,W1991807334
W2269054226,W1941339056
W2269054226,W2165547003
W2951506174,W2102212449
W2951506174,W2135937351
W2951506174,W2332292689
W2951506174,W2169456326
W2951506174,W2187089797
W2736730167,W2025183726
W2736730167,W2262414037
W2736730167,W2096283457
W2736730167,W2275877493
W2736730167,W1255676896
W2736730167,W2041440766
W2736730167,W2068523052
W2736730167,W2180481128
W2736730167,W2126547130
W2736730167,W1848939527
W2736730167,W1986241711
W2736730167,W1950829641
W2736730167,W2161112598
W2736730167,W2263206910
W2736730167,W2149441684
W2736730167,W2114843025
W2736730167,W1977918192
W2736730167,W2134629862
W2736730167,W2012034410
W2736730167,W1999574084
W2736730167,W2134539328
W2736730167,W2044702943
W2779019546,W2156098321
W2738996050,W2014918593
W2738996050,W2155015733
W2738996050,W2109034822
W2949273159,W2123879591
W2949273159,W2169589032
W2949273159,W1966107523
W2949273159,W2911964244
W2949273159,W1950829641
W2949273159,W1848939527
W2949273159,W2142300779
W2949273159,W2150575159
W2949273159,W2009720434
W2949273159,W2507880739
W2949273159,W2291298003
W2949273159,W1985987855
W2949273159,W2049553585
W2949273159,W2028433016
W2949273159,W2130410032
W2949273159,W2107429737
W2622807556,W2171280873
W2622807556,W2102278945
W2622807556,W2170644095
W2622807556,W1979283544
W2614566443,W2106036991
W2614566443,W2113699335
W2614566443,W1972696558
W2614566443,W1905058580
W2614566443,W2324862792
W2952001873,W2142300779
W2952001873,W1107917109
W2952001873,W2028433016
W2952001873,W1985987855
W2952001873,W2949273159
W2952001873,W2259938310
W2952001873,W2043398720
W2952001873,W2123879591
W2952001873,W1966107523
W2952001873,W2332292689
W2952001873,W2159707944
W2952001873,W2507880739
W2952001873,W2519244818
W2952001873,W2187089797
W2599417231,W2120902911
W2599417231,W2170747616
W2599417231,W2107772251
W2599417231,W2128769815
W2599417231,W2170551349
W2599417231,W2156125289
W2599417231,W2113679889
W2599417231,W2141920662
W2599417231,W2131186249
W2599417231,W2113601822
W2599417231,W2160969485
W2599417231,W2032230795
W2950954328,W2127175247
W2950954328,W2124351063
W2950954328,W2045204781
W2950954328,W2224056471
W2950954328,W2138122982
W2770026599,W2154866190
W2770026599,W2174602966
W2770026599,W2149992227
W2770026599,W2256016639
W2770026599,W2104549677
W2770026599,W2162151166
W2770026599,W2320983896
W2770026599,W2096525273
W2770092353,W2101357408
W2770092353,W2082704080
W2770092353,W2078059415
W2770092353,W1533942137
W2770092353,W2259938310
W2770092353,W2076154138
W2770092353,W1984068087
W2770092353,W2160995259
W2770092353,W2162151166
W2770092353,W2170146596
W2770092353,W2010457001
W2770092353,W2161633633
W2770092353,W2104549677
W2770092353,W2417483443
W2770092353,W2051314902
W2770092353,W2163013660
W2770092353,W2256016639
W2766599608,W2336828812
W2766599608,W2003797386
W2766599608,W2174602966
W2606974598,W2154652894
W2606974598,W2146502635
W2606495925,W2049553585
W2606495925,W2104885590
W2606495925,W2107429737
W2606495925,W2152061559
W2606495925,W2009720434
W2606495925,W2158485828
W2606495925,W2103441770
W2606495925,W2119180969
W2606495925,W2256016639
W2606495925,W1964895626
W2606915822,W2165869860
W2606915822,W2409671300
W2606915822,W2171237493
W2606915822,W1983466841
W2606915822,W2105275554
W2606915822,W2032019813
W2612467560,W2020541351
W2612467560,W1533942137
W2612467560,W2146264532
W2612467560,W2107665951
W2612467560,W2136145671
W2612467560,W2121604817
W2612467560,W2169678694
W2612467560,W2130410032
W2612467560,W2741508285
W2612467560,W2187089797
W2749613778,W2158485828
W2749613778,W2012034410
W2749613778,W2018838463
W2749613778,W2022495797
W2749613778,W2335012284
W2749613778,W2130410032
W2749613778,W2559588208
W2749613778,W2169456326
W2749613778,W2134526812
W2749613778,W2179438025
W2749613778,W229097380
W2613362156,W2149441684
W2613362156,W2022495797
W2613362156,W2126547130
W2613362156,W2152061559
W2613362156,W2614443510
W2613362156,W2103441770
W2613362156,W2119180969
W2613362156,W2117131162
W2613362156,W1848939527
W2613603864,W2106036991
W2613603864,W1905058580
W2613603864,W2113699335
W2613603864,W2324862792
W2612261225,W2147096538
W2612261225,W2136145671
W2612261225,W2132926880
W2612261225,W1519266993
W2588775853,W2124351063
W2588775853,W2127036970
W2588775853,W2121055398
W2588775853,W2107282968
W2588775853,W2206071891
W2588775853,W2119888547
W2592367925,W2086865963
W2592367925,W2401404581
W2592367925,W2117457769
W2575750030,W1983403167
W2575750030,W2538143681
W2575750030,W2950354111
W2741508285,W2123879591
W2741508285,W2043398720
W2741508285,W2169456326
W2741508285,W2123998733
W2741508285,W2474747771
W2741508285,W2143481518
W2741508285,W1984068087
W2739492614,W2102212449
W2739492614,W2135937351
W2739492614,W2951506174
W2739492614,W2131681506
W2739492614,W2187089797
W2608687752,W1864325817
W2949841808,W2045204781
W2949841808,W2138122982
W2949841808,W2147526198
W2949841808,W1490161904
W2949841808,W1974116356
W2949841808,W2277953252
W2949841808,W2101291993
W2949841808,W2142428670
W4250359879,W2122732537
W4250359879,W2107916366
W4250359879,W2104549677
W4250359879,W2259938310
W4250359879,W4210702584
W4250359879,W2096465161
W4250359879,W2417483443
W4250359879,W2302501749
W4250359879,W2256016639
W4250359879,W2174602966
W4250359879,W2320983896
W2754890392,W2014677321
W2754890392,W2622807556
W2754890392,W2094660330
W2754890392,W2100305481
W2754890392,W1996024251
W2396077153,W2090037139
W2396077153,W1973062929
W2396077153,W2168909179
W2396077153,W2127230663
W2396077153,W2481029670
W2396077153,W2538143681
W2396077153,W2103441770
W2736920791,W2950150251
W2736920791,W2112364185
W2736920791,W2119888547
W2774178591,W2137450588
W2774178591,W2037312364
W2774178591,W1803102843
W2774178591,W2149525061
W2774178591,W2051210555
W2774178591,W2138122982
W2774178591,W2142678478
W2774178591,W2127322768
W2774178591,W2160378127
W2774178591,W2132926880
W2774178591,W2144362290
W2774178591,W2152770371
W2774178591,W2950954328
W2774178591,W2111211467
W2774178591,W2173732482
W2774178591,W2096525273
W2774178591,W4211196614
W2614443510,W2158485828
W2614443510,W2114031931
W2614443510,W2149441684
W2614443510,W2114843025
W2614443510,W2096283457
W2614443510,W2262414037
W2614443510,W2126547130
W2614443510,W2051978340
W2614443510,W2180481128
W2614443510,W2613362156
W2614443510,W2044702943
W4293861220,W2016236854
W2770598799,W2169556367
W2770598799,W2106036991
W2770598799,W2113699335
W2770598799,W2324862792
W2770598799,W2328393125
W2750416916,W2117757143
W2750416916,W2259938310
W2750416916,W1531821806
W2750416916,W2102619694
W2750416916,W2078059415
W2750416916,W2179438025
W2750416916,W2076154138
W2736456658,W2144189317
W2736456658,W2090602773
W2736456658,W2132484323
W2736456658,W2200817828
W2736456658,W2098432852
W2736456658,W2105507854
W2736456658,W2557800876
W2767377392,W2114843025
W2767377392,W2068523052
W2611604995,W2133465414
W2611604995,W2158217645
W2611604995,W2070050178
W2611604995,W1527927437
W2611604995,W2141292707
W2611604995,W1596515083
W2611604995,W2164154943
W2611604995,W2224056471
W2611604995,W4210702584
W2611604995,W2154139219
W2624616322,W2066234893
W2624616322,W1877686344
W2625559053,W2152061559
W2625559053,W2262414037
W2625559053,W2149441684
W2625559053,W2169456326
W2625559053,W2114031931
W2625559053,W1999574084
W2625559053,W2157852151
W2625559053,W1985987855
W2625559053,W1966822396
W2625559053,W2097065948
W2625559053,W2012034410
W2625559053,W2115462905
W2771542157,W1986241711
W2771542157,W2123696077
W2771542157,W2168133698
W2771542157,W1999574084
W2771542157,W2119180969
W2771542157,W2068767807
W2771542157,W2332292689
W2771542157,W1919257374
W2771542157,W2161289668
W2761575992,W2152061559
W2761575992,W1950829641
W2761575992,W2169456326
W2761575992,W2124427232
W2761575992,W2155943701
W2761575992,W2179438025
W2761575992,W2291298003
W2761575992,W1985987855
W2761575992,W2049553585
W2761575992,W2128035403
W2761575992,W2028433016
W2761575992,W2104885590
W2761575992,W1498931318
W2761575992,W2039123767
W2761575992,W2107429737
W2761575992,W2130430382
W2761575992,W2035618305
W2605810679,W2102212449
W2605810679,W1984883254
W2605810679,W2012034410
W2605810679,W2110256992
W2605810679,W4294216483
W2605810679,W2038963685
W2605810679,W2951506174
W2605810679,W2187089797
W2763670669,W2152061559
W2763670669,W2096283457
W2763670669,W2068523052
W2763670669,W1848939527
W2763670669,W2097360283
W2763670669,W2614443510
W2763670669,W2169456326
W2763670669,W2009720434
W2763670669,W2114031931
W2763670669,W1999574084
W2763670669,W2103441770
W2763670669,W2157852151
W2763670669,W1966822396
W2763670669,W2097065948
W2763670669,W2166820820
W2763670669,W2115462905
W2763670669,W2044702943
W2763670669,W2275877493
W2763670669,W2136145671
W2763670669,W4294541781
W2586691160,W2099540110
W2586691160,W2160697532
W2745006471,W2113601822
W2745006471,W2131186249
W2745006471,W2120902911
W2745006471,W2141920662
W2745006471,W2113679889
W2745006471,W2599417231
W2745006471,W2155628349
W2745006471,W2128114769
W2745006471,W2012016911
W2745006471,W2112364185
W2951257985,W2142678478
W2951257985,W2115888213
W2951257985,W2138122982
W2951257985,W2160378127
W2951257985,W1484347389
W2951257985,W2059359550
W2951257985,W2155628349
W2951257985,W2141052558
W2601436215,W2054891772
W2601436215,W2131271579
W2601436215,W2064815984
W2601436215,W2065847836
W2601436215,W2064165694
W2601436215,W2017919052
W2601436215,W2147806662
W2601436215,W2170551349
W2601436215,W2058835062
W2601436215,W2097065948
W2601436215,W2141458291
W2601436215,W2166820820
W2601436215,W2316171452
W2590390825,W2152239989
W2590390825,W2109627278
W2590390825,W2097065948
W2590390825,W2141458291
W2964268978,W2265846598
W2964268978,W2095705004
W2964268978,W2257979135
W2964268978,W1832693441
W2964268978,W2136922672
W2964268978,W2126316555
W2796207838,W2134629862
W2796207838,W2157009395
W2796207838,W2285093314
W2796207838,W2123879591
W2796207838,W2097360283
W2796207838,W1966107523
W2796207838,W2323326409
W2796207838,W2263206910
W2796207838,W2949273159
W2796207838,W2230320310
W2796207838,W2169456326
W2796207838,W1107917109
W2796207838,W2159707944
W2796207838,W2096465161
W2796207838,W1966327575
W2796207838,W1999574084
W2796207838,W2103441770
W2796207838,W2507880739
W2796207838,W2795989238
W2796207838,W2511515754
W2796207838,W2291298003
W2796207838,W2417483443
W2796207838,W2157852151
W2796207838,W1985987855
W2796207838,W2157752701
W2796207838,W2028433016
W2796207838,W2796153225
W2796207838,W2519132385
W2796207838,W2130410032
W2796207838,W1950829641
W2796207838,W2123696077
W2796207838,W4294541781
W2796207838,W3099289621
W2898789672,W2154139219
W2898789672,W4250359879
W2898789672,W4210702584
W2898440040,W2017426710
W2898440040,W2103017472
W2898440040,W2070571588
W2898440040,W2112192177
W2898440040,W2134629862
W2898440040,W2077327925
W2818417770,W2106036991
W2818417770,W1972696558
W2818417770,W2559028527
W2818417770,W2040612932
W2818417770,W2324862792
W2818417770,W2613603864
W2818417770,W2805983714
W2818417770,W2113699335
W2766437506,W2135937351
W2766437506,W2951506174
W2766437506,W2123491442
W2766437506,W2949693884
W2787024379,W2169244146
W2787024379,W2045435533
W2787024379,W2165869860
W2787024379,W2409671300
W2787024379,W2606915822
W2787024379,W2107959600
W2788142646,W1107917109
W2788142646,W2039123767
W2788142646,W2124427232
W2788142646,W2005895632
W2788142646,W2142300779
W2788142646,W1985987855
W2788142646,W2130430382
W2889019390,W2579533542
W2889019390,W2103296919
W2889019390,W2151350595
W2889019390,W2154026962
W2889019390,W1988925586
W2889019390,W2116041602
W2889019390,W2950150251
W2889019390,W2112364185
W2889019390,W2138122982
W2889019390,W2142678478
W2889019390,W2147526198
W2889019390,W2143485490
W2889019390,W2105329815
W2889019390,W2062018285
W2889019390,W2155806125
W2889019390,W2111647009
W2889019390,W2141052558
W2889019390,W2163627198
W2886785109,W1494075612
W2886785109,W2175948239
W2886785109,W2155628349
W2886785109,W2090037139
W2886785109,W2103441770
W2886785109,W2108234281
W2886785109,W2102619694
W2886785109,W2107282968
W2886785109,W2036897871
W2886785109,W1767772592
W2886785109,W2141458291
W2886785109,W2102278945
W2886785109,W2104005232
W2886785109,W4210702584
W2886785109,W2138122982
W2886785109,W2017426710
W2886785109,W2323326409
W2886785109,W1966327575
W2886785109,W2179438025
W2886785109,W1596515083
W2886785109,W2131374955
W2886785109,W2131271579
W2886785109,W2170551349
W2886785109,W1900937478
W2886785109,W2277953252
W2886785109,W2031611770
W2886785109,W2336330109
W2886785109,W2020134788
W2886785109,W2169456326
W2886785109,W2510875395
W2886785109,W2107277218
W2886785109,W2022685385
W2886785109,W2014704298
W2886785109,W2158804744
W2886785109,W2154139219
W2886785109,W2107665951
W2900044275,W2154139219
W2900044275,W1989277387
W2900044275,W2138122982
W2900044275,W2098425296
W2900044275,W2103017472
W2900044275,W4231254854
W2796153225,W2152061559
W2796153225,W2796408191
W2796153225,W2109816625
W2796153225,W2262414037
W2796153225,W2096283457
W2796153225,W1986241711
W2796153225,W1950829641
W2796153225,W2025183726
W2796153225,W2123696077
W2796153225,W2275877493
W2796153225,W2335012284
W2796153225,W2041440766
W2796153225,W2158485828
W2796153225,W2068523052
W2796153225,W2180481128
W2796153225,W2126547130
W2796153225,W1848939527
W2796153225,W2625559053
W2796153225,W2149441684
W2796153225,W2614443510
W2796153225,W2796153844
W2796153225,W4294216483
W2796153225,W2009720434
W2796153225,W2114031931
W2796153225,W2157852151
W2796153225,W2613362156
W2796153225,W2044702943
W2952463830,W2169330513
W2952463830,W2149573313
W2952463830,W2013371150
W2952463830,W2145336165
W2952463830,W2170486072
W2952463830,W2007110604
W2952463830,W2054407804
W2952463830,W2160697532
W2952463830,W2401404581
W2952463830,W2056279562
W2952463830,W2592367925
W2952463830,W2152885278
W2949100461,W2121091193
W2949100461,W1974047233
W2949100461,W2033151532
W2949100461,W2169556367
W2894687190,W2102212449
W2894687190,W2135937351
W2894687190,W2605810679
W2894687190,W1979283544
W2894687190,W1520812622
W2951799803,W1984883254
W2951799803,W2097308346
W2951799803,W2519132385
W2951799803,W2187089797
W2781763834,W2127036970
W2781763834,W2119888547
W2781763834,W2116206245
W2781763834,W2206071891
W2781763834,W2588775853
W2781763834,W2579533542
W2781763834,W2103296919
W2781763834,W2121055398
W2781763834,W2112364185
W2781763834,W2175094144
W2793785833,W2071930821
W2793785833,W2065847836
W2793785833,W2078964320
W2793785833,W1991807334
W2793785833,W1941339056
W2793785833,W2269054226
W2793785833,W2053003053
W2793785833,W2014677321
W2793785833,W2116236561
W2793785833,W2140729960
W2793785833,W2141458291
W2793785833,W2036897871
W2793785833,W2124985265
W2793785833,W2102278945
W2793785833,W2134526812
W2787816121,W2097360283
W2787816121,W2263206910
W2787816121,W2911964244
W2787816121,W2170505850
W2787816121,W1812256879
W2787816121,W2101870168
W2787816121,W4294541781
W2787816121,W2187089797
W2787816121,W273955616
W2886752110,W2256016639
W2886752110,W2082704080
W2886752110,W2723723801
W2886752110,W2104549677
W2886752110,W2099085143
W2787902098,W2004549986
W2787902098,W2125784987
W2787902098,W2342540743
W2787902098,W2155496693
W2787902098,W2033151532
W2787902098,W2131271579
W2787902098,W2170551349
W2787902098,W1992436001
W2787902098,W2104549677
W2787902098,W2102213696
W2949693884,W2128366083
W2949693884,W2158217645
W2949693884,W2123491442
W2949693884,W2102212449
W2949693884,W2104135721
W2949693884,W2149573463
W2949693884,W1979283544
W2799670133,W2104948296
W2799670133,W2169667133
W2794521141,W2135937351
W2794521141,W2102212449
W2794521141,W2146512944
W2794521141,W2107665951
W2794521141,W2951506174
W2794521141,W2169456326
W2794521141,W2138207763
W2794521141,W2187089797
W2809057270,W1971578941
W2809057270,W2004966039
W2809057270,W1952608303
W2809057270,W2167279371
W2809057270,W2097065948
W2809057270,W2137586531
W2809057270,W2124985265
W2809057270,W2171808845
W2809057270,W2128016314
W2809057270,W2102619694
W2809057270,W2108234281
W2809057270,W2123106337
W2796153844,W2096283457
W2796153844,W1950829641
W2796153844,W2123696077
W2796153844,W2041440766
W2796153844,W1255676896
W2796153844,W2180481128
W2796153844,W1848939527
W2796153844,W2161112598
W2796153844,W1812256879
W2796153844,W2625559053
W2796153844,W1966327575
W2796153844,W2009720434
W2796153844,W2157852151
W2796153844,W2519132385
W2796153844,W2796207838
W2796153844,W2115462905
W2796153844,W2795867722
W2796153844,W2044702943
W2801361050,W2107608009
W2801361050,W2031611770
W2801361050,W2141052558
W2784788330,W2107282968
W2784788330,W2124985265
W2784788330,W2103441770
W2784788330,W2136145671
W2784788330,W1991330646
W2784788330,W2108234281
W2784788330,W2170551349
W2784788330,W1494075612
W2796408191,W2152061559
W2796408191,W2101653483
W2796408191,W2614443510
W2796408191,W1533942137
W2796408191,W2952615074
W2796408191,W2224056471
W2796408191,W2023568503
W2796408191,W2022495797
W2796408191,W2160995259
W2796408191,W2158804744
W2796408191,W2114031931
W2796408191,W2009720434
W2796408191,W2256016639
W2796408191,W2795989238
W2796408191,W2344657883
W2796408191,W2049553585
W2796408191,W2796207838
W2796408191,W1984068087
W2796408191,W1563940013
W2900144939,W2951506174
W2900144939,W2068767807
W2900144939,W2785803176
W2900144939,W2771542157
W2900144939,W2605810679
W2900144939,W2102278945
W2900144939,W2134526812
W2900144939,W2069089843
W2900144939,W2747877289
W2900144939,W2108234281
W2900144939,W2171777347
W2900144939,W1919257374
W2900144939,W2150131459
W2900144939,W2323326409
W2900144939,W2794480084
W2803787045,W2108929776
W2803787045,W2143485490
W2803787045,W2122559203
W2803787045,W2135621733
W2803787045,W2045204781
W2950764390,W2537623931
W2950764390,W2159675211
W2950764390,W2124166542
W2950764390,W4210702584
W2950764390,W2474747771
W2950764390,W2154139219
W2950764390,W1577231857
W2950464960,W2103901746
W2950464960,W2112364185
W2950464960,W2159954944
W2950464960,W2102619694
W2950464960,W2103441770
W2950464960,W2120902911
W2950464960,W2599417231
W2950464960,W2125826054
W2950464960,W2170551349
W2950464960,W2592811885
W2950464960,W2096093282
W2887136521,W2127602818
W2887136521,W1980680725
W2887136521,W2272473773
W2887136521,W2127175247
W2887136521,W2145840889
W2887136521,W2109628725
W2887136521,W2080283023
W2887136521,W2157107905
W2887136521,W4294216483
W2887136521,W2108929776
W2887136521,W2124799197
W2887136521,W2170551349
W2887136521,W2108234281
W2887136521,W2125826054
W2887136521,W2120902911
W2887136521,W1989348205
W2887136521,W2143485490
W2887136521,W2045204781
W2887136521,W2103441770
W2887136521,W2088833470
W2887136521,W2091922579
W2887136521,W2108718991
W2887136521,W2031611770
W2887136521,W2127322768
W2887136521,W2911964244
W2887136521,W2154736508
W2795867722,W2263206910
W2795867722,W2230320310
W2795867722,W1107917109
W2795867722,W1976324983
W2795867722,W2076154138
W2795867722,W2121604817
W2795867722,W2130410032
W2795867722,W2612467560
W2897815318,W2104885590
W2897815318,W2107429737
W2897815318,W2049553585
W2897815318,W2028433016
W2897815318,W2039123767
W2897815318,W2655262992
W2897815318,W2291298003
W2897815318,W1498931318
W2897815318,W2130430382
W2897815318,W2103441770
W2897815318,W2119180969
W2897815318,W2417483443
W2897815318,W2152061559
W2897815318,W2155943701
W2805712258,W2761275051
W2805712258,W2739999456
W2805712258,W2103017472
W2805712258,W2099085143
W2805712258,W2131478115
W2805712258,W2162151166
W2805712258,W2110256992
W2805712258,W2096173332
W2805712258,W2105924489
W2805712258,W2256016639
W2805712258,W1905058580
W2900090807,W2096541451
W2900090807,W2154139219
W2898389621,W2177317049
W2898389621,W2302501749
W2898389621,W2096525273
W2898389621,W2154139219
W2803479625,W2115603949
W2803479625,W2252568502
W2803479625,W2165869860
W2797584152,W2147246240
W2797584152,W1976564639
W2789495752,W2071841602
W2789495752,W2135989088
W2789495752,W2004549986
W2789495752,W2122559203
W2789495752,W2121180999
W2789495752,W2170551349
W2789495752,W2141920662
W2789495752,W2097341408
W2789495752,W2160969485
W2789495752,W2112364185
W2789495752,W1998767819
W2789495752,W2108234281
W2789495752,W2143485490
W2789495752,W2133856765
W2805837749,W2336828812
W2805837749,W2174602966
W2805837749,W2766599608
W2805837749,W2115603949
W2805837749,W2117131162
W2805837749,W2103441770
W2805837749,W2150131459
W2805837749,W2320983896
W2888765847,W1558095504
W2888765847,W301622561
W2901838561,W2794480084
W2901838561,W2107554012
W2901838561,W2148898943
W2901838561,W2314634699
W2901838561,W2622807556
W2901838561,W2572710398
W2901838561,W2179438025
W2901838561,W2102212449
W2901838561,W2159560463
W2901838561,W2069089843
W2901838561,W2167279371
W2901838561,W2255138985
W2901838561,W2951506174
W2860743873,W2010417927
W2860743873,W2266290735
W2860743873,W2069519394
W2810866092,W1952608303
W2927961455,W2311203695
W2927961455,W2124967403
W2927961455,W2277953252
W2927961455,W2336330109
W2927961455,W2148698435
W2927961455,W2111647009
W2990618091,W2337747100
W2990618091,W2159954944
W2990618091,W2789843538
W2990618091,W2889019390
W2907514116,W2259938310
W2907514116,W2951506174
W2907514116,W2102212449
W2907514116,W2124985265
W2907514116,W2169456326
W2907514116,W2952001873
W2942610007,W2952001873
W2942610007,W2533508881
W2942610007,W2771542157
W2942610007,W2332292689
W2942610007,W1985987855
W2942610007,W1950829641
W2942610007,W1107917109
W2942610007,W2796207838
W2942610007,W2147246240
W2942610007,W2275877493
W2942610007,W2180481128
W2942610007,W2163188200
W2942610007,W2107429737
W2942610007,W2039123767
W2942610007,W2794480084
W2942610007,W2794521141
W2942610007,W2130410032
W2942610007,W2107665951
W2942610007,W2135029798
W2909679049,W2104885590
W2909679049,W2107429737
W2909679049,W2049553585
W2909679049,W2152061559
W2909679049,W2291298003
W2909679049,W2613362156
W2909679049,W2606495925
W2909679049,W2028433016
W2916020270,W2766437506
W2916020270,W2747877289
W2916020270,W2949693884
W2916020270,W1984883254
W2916020270,W2889326414
W2916020270,W2117757143
W2916020270,W2169456326
W2916020270,W2134526812
W2916020270,W2800392236
W2916020270,W2951506174
W2916020270,W2345356016
W2916020270,W2950372712
W2916020270,W2817838603
W2944727022,W2043398720
W2944727022,W2461427403
W2944727022,W2741508285
W2944727022,W2130979840
W2944727022,W1812256879
W2944727022,W1848939527
W2944727022,W2256016639
W2944727022,W1919257374
W2944727022,W2131374955
W2944727022,W2096173332
W2944727022,W2149441684
W2944727022,W2114843025
W2944727022,W2761275051
W2944727022,W2146512944
W2944727022,W2081098333
W2944727022,W4294541781
W2944727022,W2187089797
W2944727022,W2169456326
W2944727022,W2097360283
W2980472864,W1997183854
W2980472864,W2002490399
W2980472864,W2981179816
W2950993016,W2127141656
W2950993016,W2151464048
W2950993016,W2789843538
W2950993016,W2575750030
W2950993016,W2107282968
W2942829220,W2224056471
W2950464315,W2138207763
W2950464315,W2134526812
W2950464315,W2097065948
W2950464315,W2169456326
W2950464315,W2110905563
W2950464315,W2102278945
W2950464315,W2102619694
W2950464315,W2146512944
W2950464315,W2137526110
W2950464315,W2114104545
W2950464315,W2179438025
W2950464315,W2124985265
W2950464315,W2140729960
W2981179816,W1997183854
W2981179816,W2002490399
W2981179816,W2035898183
W2981179816,W2549188196
W2981179816,W2980472864
W2946204549,W2116206245
W2946204549,W2175094144
W2946204549,W2119888547
W2946204549,W2781763834
W2946204549,W2045843097
W2946204549,W2142678478
W2946204549,W2579533542
W2983166786,W2770026599
W2983166786,W2537679995
W2983166786,W3136918052
W2983166786,W2417483443
W2983166786,W2901303766
W2962691117,W2031834036
W2962691117,W2111619626
W2962691117,W2058401212
W2962691117,W2134295053
W2962691117,W2964023906
W2943793201,W1997183854
W2943793201,W2002490399
W2943793201,W2549188196
W2943793201,W2761575992
W2961217357,W2060551076
W2961217357,W2109816625
W2961217357,W1999574084
W2961217357,W2068767807
W2961217357,W2771542157
W2961217357,W2130410032
W2961217357,W2161289668
W2961217357,W2332292689
W2909194804,W2108994842
W2909194804,W2096465161
W2909194804,W2194775991
W2909194804,W2008627757
W2909194804,W2256016639
W2909194804,W2018838463
W2909194804,W2078059415
W2909194804,W2417483443
W2909194804,W1533942137
W2909194804,W2155804510
W2817838603,W2131681506
W2817838603,W2135937351
W2817838603,W2102212449
W2817838603,W2951506174
W2817838603,W2953151710
W2817838603,W2889326414
W2942678593,W2102212449
W2942678593,W2754890392
W2942678593,W2622807556
W2942678593,W2131681506
W2942678593,W2800392236
W2942678593,W2146512944
W2942678593,W2928665623
W2942678593,W2082429191
W2914482125,W2108994842
W2914482125,W2008627757
W2914482125,W2101357408
W2914482125,W2153860431
W2914482125,W2195783463
W2914482125,W2051314902
W2914482125,W2256016639
W2914482125,W2103017472
W2914482125,W1490161904
W2914482125,W2130410032
W2914482125,W2033151532
W2914482125,W1844405070
W2914482125,W2147311167
W2914482125,W1992436001
W2914482125,W2104549677
W2914482125,W2099085143
W2914482125,W2108169091
W2914482125,W2157752701
W2914482125,W2155496693
W2914482125,W2096791516
W2914482125,W2107916366
W2914482125,W2076154138
W2914482125,W1979594866
W2924530200,W2017840637
W2924530200,W2168909179
W2924530200,W2170551349
W2924530200,W2171808845
W2924530200,W2124985265
W2955177623,W2104549677
W2955177623,W2761275051
W2955177623,W2096465161
W2955177623,W2559028527
W2955177623,W2417483443
W2955177623,W2122732537
W2955177623,W2805712258
W2953289982,W2147096538
W2953289982,W1989083100
W2953289982,W2612261225
W2915848182,W2042789810
W2915848182,W2471536144
W2915848182,W2102212449
W2915848182,W2123491442
W2915848182,W2592811885
W2912654909,W1974047233
W2912654909,W2121091193
W2912654909,W2949100461
W2912654909,W2122825543
W2912654909,W2169556367
W2912654909,W1979594866
W2912654909,W1966327575
W2971559821,W2168133698
W2941072767,W2155628349
W2941072767,W2951257985
W2941072767,W2142678478
W2941072767,W2138122982
W2941072767,W1484347389
W2912017471,W2152239989
W2912017471,W2054891772
W2912017471,W2169456326
W2912017471,W2064165694
W2912017471,W2147806662
W2912017471,W2601436215
W2912017471,W2138207763
W2912017471,W2102619694
W2912017471,W2114104545
W2912017471,W1578291413
W4213147678,W2105103777
W4213147678,W2147118406
W4213147678,W2102128253
W4213147678,W2962691117
W2985711816,W2401404581
W2985711816,W2128769815
W2985711816,W2152885278
W2985711816,W2592367925
W2985711816,W2173732482
W2985711816,W1988925586
W2985711816,W2121748291
W2985711816,W2036897871
W2985711816,W2132926880
W2985711816,W2108718991
W2985711816,W2088833470
W2985711816,W2131271579
W2985711816,W2157107905
W2985711816,W2155066423
W2985711816,W2108234281
W2985711816,W2124351063
W2985711816,W2031611770
W2985711816,W2142678478
W2910111050,W2022495797
W2910111050,W2123696077
W2910111050,W2130410032
W2910111050,W2159675211
W2910111050,W2146512944
W2910111050,W2114104545
W2910111050,W2152239989
W2910111050,W2081098333
W2910111050,W2141458291
W2910111050,W2124649657
W2910111050,W2158217645
W2910111050,W2345356016
W2910111050,W2169589032
W2910111050,W2038963685
W2910111050,W2149441684
W2910111050,W1998767819
W2910111050,W2096173332
W2910111050,W1985213868
W2910111050,W2103017472
W2910111050,W1989277387
W2910111050,W2128601422
W2910111050,W1979594866
W2910111050,W2107060225
W2910111050,W2010457001
W2910111050,W2214074259
W2910111050,W2559588208
W2910111050,W2137526110
W2910111050,W2171030481
W2984100107,W2194775991
W2984100107,W2963367478
W2984100107,W2054141820
W2984100107,W2159094788
W2984100107,W2042281163
W2984100107,W2095705004
W2984100107,W2470673105
W2920191405,W2951506174
W2920191405,W2117757143
W2920191405,W2259938310
W2917576966,W2311203695
W2917576966,W1519266993
W2917576966,W2614081736
W2917576966,W2111647009
W2917576966,W2158266834
W2945567049,W2101749257
W2945567049,W2606915822
W2945567049,W2409671300
W2945567049,W2252568502
W2945567049,W2036176224
W2945567049,W2064815984
W2945567049,W2086561953
W2945567049,W2160051211
W2969866109,W2103546861
W2969866109,W2614081736
W2969866109,W2949867654
W2969866109,W2111647009
W2969866109,W2148698435
W2969866109,W2141052558
W2951222857,W2590390825
W2951222857,W2951506174
W2951222857,W2102212449
W2951222857,W2285093314
W2951222857,W1970090817
W2951222857,W2130410032
W2951222857,W2114104545
W2951222857,W1984883254
W2951222857,W3099289621
W2953622121,W2259938310
W2953622121,W2108234281
W2988716798,W1019830208
W2988716798,W2129795133
W2988716798,W1709815505
W2988716798,W3136918052
W2992151131,W2471536144
W2992151131,W2915848182
W2992151131,W2923300855
W2992151131,W2771542157
W2992151131,W2900144939
W2992151131,W2162143298
W2992151131,W2559588208
W2992151131,W2118258530
W2992151131,W2130410032
W2992151131,W2170989872
W2992151131,W2116634113
W2992151131,W2146512944
W2992151131,W2126105956
W2992151131,W2794480084
W2910705748,W1500693574
W2910705748,W2084341220
W2910705748,W2158196600
W2910705748,W2128659236
W2910705748,W2911964244
W2910705748,W2143481518
W2910705748,W2282821441
W2910705748,W2342249984
W2910705748,W2559655401
W2910705748,W2161969291
W2910705748,W2945976633
W2910705748,W1810028515
W2910705748,W2612690371
W2995527562,W1999574084
W2995527562,W2155804510
W2995527562,W2160333540
W2995527562,W2126419817
W2995527562,W2141458291
W2995527562,W2104005232
W2995527562,W2102278945
W2995527562,W2169456326
W2995527562,W2592811885
W2995527562,W2323326409
W2995527562,W2135230723
W2995527562,W2964849163
W2995527562,W2789843538
W2995527562,W2510875395
W2994977341,W2123696077
W2935024989,W2130410032
W2935024989,W2102278945
W2935024989,W2323326409
W2935024989,W2137526110
W2935024989,W2114104545
W2935024989,W2179438025
W2935024989,W2018838463
W2935024989,W2767891136
W2935024989,W2345356016
W2935024989,W2169589032
W2913620138,W2342540743
W2913620138,W2033386838
W2913620138,W2401404581
W2913620138,W2152885278
W2913620138,W2131271579
W2913620138,W2114850508
W2913620138,W2103441770
W2913620138,W2138207763
W2913620138,W2056279562
W2913620138,W1605984840
W2913620138,W2128601422
W2913620138,W2110256992
W2913620138,W2034285706
W2969948459,W2499800833
W2969948459,W1979283544
W2969948459,W2141831115
W2969948459,W2794480084
W2969948459,W2169456326
W2969948459,W2131478115
W2969948459,W2128366083
W2969948459,W1966327575
W2969948459,W2123491442
W2969948459,W2581259096
W2941342985,W2141152740
W2941342985,W2393535458
W2941342985,W1482190741
W2968499116,W2168909179
W2968499116,W2127230663
W2968499116,W2151464048
W2968499116,W1494075612
W2968499116,W2012016911
W2968499116,W2132341951
W2968499116,W2168133698
W2968499116,W2789843538
W2968499116,W2538143681
W2968499116,W2950354111
W2968499116,W1983403167
W2968499116,W2104549677
W2968499116,W2155628349
W2968499116,W4250359879
W2968499116,W2136430672
W2951553270,W2886752110
W2951553270,W2098597355
W2951553270,W1928998639
W2951553270,W2082704080
W2951553270,W2895486342
W2951553270,W2155496693
W2951553270,W1536497620
W2951553270,W2153860431
W2951553270,W2099085143
W2951553270,W2510973425
W2999168229,W2799524357
W2999168229,W2311203695
W2981543307,W2107915254
W2981543307,W2155628349
W2981543307,W2001374342
W2981543307,W1994145712
W2981543307,W2141052558
W2981543307,W2031611770
W2981543307,W2108787198
W2981543307,W2141292707
W2981543307,W2110335151
W2981543307,W2127774996
W2981543307,W2132926880
W2981543307,W2138122982
W2981543307,W1900937478
W2991239467,W2170747616
W2991239467,W4294216483
W2991239467,W2102502076
W2991239467,W2133579817
W2923300855,W2042789810
W2923300855,W2054455698
W2923300855,W1992858116
W2923300855,W2889326414
W2923300855,W2766437506
W2923300855,W2949693884
W2923300855,W2190545194
W2923300855,W2800392236
W2923300855,W2123491442
W3004280078,W2132260239
W3004280078,W2166867592
W3004280078,W1966238900
W3009912996,W3002539152
W3009912996,W3001195213
W3009912996,W2167384912
W3009912996,W2799524357
W3009912996,W1966238900
W3009912996,W3004280078
W3003217347,W2132260239
W3003217347,W2113679889
W3003217347,W3004280078
W3003217347,W2131271579
W3003217347,W2126419817
W3003217347,W2170551349
W3003217347,W2108234281
W3003217347,W2160378127
W3003217347,W2111211467
W3003217347,W2132632499
W3003217347,W2132926880
W3003217347,W2804822363
W3004318991,W2166867592
W3004318991,W3002539152
W3004318991,W2103441770
W3004318991,W2559191318
W3004318991,W2141052558
W3004318991,W2804822363
W3029661147,W2256016639
W3029661147,W2761275051
W3029661147,W1919257374
W3029661147,W2889326414
W3029661147,W1844405070
W3009335299,W2376573086
W3009335299,W2154714625
W3009335299,W2132260239
W3009335299,W2124026197
W3009335299,W2734356283
W3009335299,W2104548316
W3009335299,W3008394341
W3009335299,W1966238900
W3009335299,W2973457155
W3009335299,W2587625522
W3009335299,W3004348779
W3009335299,W3007643904
W3009335299,W2166867592
W3009335299,W2899714098
W3009335299,W3004280078
W2998840182,W2169456326
W2998840182,W2154431984
W3133859624,W2259938310
W3133859624,W2076154138
W3133859624,W2018838463
W3133859624,W1533942137
W3133859624,W2761275051
W3133859624,W2097360283
W3133859624,W1844405070
W3133859624,W2952001873
W3133859624,W2102278945
W3133859624,W2169456326
W3133859624,W2107018762
W3133859624,W1964895626
W3133859624,W2152239989
W3133859624,W2901303766
W3133859624,W2895486342
W3133859624,W2101357408
W3133859624,W4294541781
W3133859624,W2107916366
W3133859624,W1980168725
W3022285953,W3003217347
W3022285953,W3009912996
W3022285953,W3003464757
W3022285953,W2152770371
W3022285953,W2912990441
W3022285953,W2080752012
W3022285953,W2170776626
W3022285953,W2159675211
W3022285953,W2127322768
W3022285953,W2898402099
W3004348779,W1966238900
W3004348779,W3004280078
W3004348779,W2144081223
W3004348779,W2127322768
W3004348779,W3008394341
W3016489853,W3001195213
W3016489853,W3009912996
W3016489853,W2170551349
W3016489853,W2179438025
W3016489853,W2900569176
W3016489853,W3003217347
W3016489853,W1810028515
W3096828292,W2127175247
W3013800395,W3003668884
W3013800395,W1966238900
W3013800395,W3004280078
W3013800395,W3004348779
W3013800395,W3008394341
W3013800395,W3009912996
W3013800395,W3009335299
W3013800395,W3014067025
W3013800395,W3007643904
W3013800395,W3013152614
W3013800395,W2973457155
W3013800395,W2108921801
W3013800395,W2144081223
W3025320502,W2898389621
W3025320502,W3015988827
W3084201551,W2071510336
W3084201551,W2099901798
W3084201551,W2120902911
W3084201551,W2129933858
W3084201551,W2170551349
W3084201551,W2142678478
W3084201551,W2952167528
W3084201551,W2535995078
W3004480399,W3006500278
W3004480399,W2152061559
W3004480399,W2344657883
W3004480399,W2109948920
W3004480399,W2009720434
W3008394341,W1966238900
W3008394341,W3004280078
W3008394341,W3004348779
W3003464757,W2799524357
W3003464757,W3002539152
W3015190630,W2180229411
W3015190630,W3009906937
W3015190630,W2144081223
W3015190630,W3009912996
W3015190630,W2104548316
W3015190630,W1966238900
W3015190630,W2168974130
W3015190630,W2152207030
W3015190630,W3009335299
W3015190630,W2765322245
W3015190630,W3007643904
W3015190630,W3003217347
W3015190630,W3010441732
W3015190630,W2166867592
W3015190630,W3004280078
W3006500278,W3004480399
W3006500278,W2796408191
W3006500278,W2796153225
W3006500278,W2796153844
W3006500278,W2344657883
W3006500278,W2109948920
W3006500278,W1848939527
W3006500278,W1950829641
W3006500278,W2152061559
W3006500278,W4247053599
W3006500278,W2104549677
W3006500278,W2168133698
W3006500278,W2103441770
W3043124965,W3004318991
W3043124965,W3003217347
W3043124965,W2127774996
W3043124965,W3005235420
W3043124965,W1983102293
W3008295344,W2160378127
W3008295344,W3004280078
W3008295344,W3004318991
W3008295344,W1966238900
W3008295344,W3012180666
W3008295344,W2167384912
W3016016792,W2781763834
W3016016792,W2119888547
W3016016792,W2121055398
W3016016792,W2951254987
W3016016792,W2096093282
W3016016792,W2143485490
W3016016792,W2142678478
W3016016792,W2132926880
W3016016792,W2115888213
W3016016792,W2141052558
W3016016792,W2927961455
W3016016792,W2889019390
W3016016792,W2160378127
W3016016792,W2111647009
W3016016792,W2951464304
W3016016792,W2513727910
W3016016792,W2045204781
W3016016792,W1900937478
W3048398081,W2134852597
W3048398081,W2120902911
W3047141442,W1984883254
W3047141442,W2950372712
W3047141442,W2766437506
W3047141442,W2800392236
W3047141442,W2011301426
W3047141442,W2889326414
W3047141442,W2102212449
W3047141442,W2131681506
W3011483298,W3004280078
W3011483298,W1966238900
W3011483298,W3009912996
W3011483298,W3012180666
W3011483298,W2167384912
W3011483298,W3003668884
W3011483298,W2900144939
W3011483298,W2794480084
W3011483298,W2800392236
W3011483298,W3002539152
W3011483298,W2984472267
W3017334101,W3008696669
W3017334101,W2787024379
W3017334101,W2606915822
W3017334101,W2105275554
W3017334101,W2120772351
W3002362821,W2538143681
W3002362821,W2107772251
W3002362821,W2950354111
W3002362821,W2155628349
W2998795792,W2655262992
W2998795792,W2766903152
W2998795792,W2782333299
W2998795792,W2765314233
W2998795792,W2533508881
W2998795792,W1950829641
W2998795792,W2335012284
W2998795792,W2169456326
W2998795792,W2134526812
W2998795792,W2146512944
W2998795792,W2155142785
W2998795792,W2159675211
W2998795792,W2795989238
W2998795792,W2605810679
W3012180666,W3004280078
W3012180666,W2902652978
W3012180666,W2167384912
W3017680297,W2169456326
W3017680297,W2789843538
W3017680297,W3004280078
W3045910546,W2259938310
W3045910546,W2076154138
W3045910546,W2102304447
W3045910546,W2117757143
W3045910546,W2117792884
W3045910546,W2059099579
W3045910546,W2090037139
W3045910546,W2070021921
W3045910546,W2161212572
W3045910546,W1964963969
W3045910546,W2168602111
W3045910546,W1968931043
W3045910546,W1981030303
W3045910546,W1973062929
W3045910546,W2166810745
W3045910546,W2898598946
W3045910546,W2103441770
W3045910546,W2146512944
W3011147220,W3007643904
W3020695284,W3003464757
W3020695284,W2132260239
W3020695284,W3009906937
W3020695284,W2952045272
W3020695284,W2167384912
W3020695284,W3009912996
W3020695284,W3008394341
W3020695284,W1966238900
W3020695284,W3004318991
W3020695284,W2099540110
W3020695284,W2949177718
W3020695284,W3009335299
W3020695284,W3004348779
W3020695284,W3010604545
W3020695284,W3007643904
W3020695284,W3010126769
W3020695284,W3004280078
W4211032164,W3160565403
W2955503846,W2761275051
W2955503846,W2102304447
W2955503846,W2124649657
W2955503846,W2070050178
W2955503846,W2051314902
W2955503846,W2108994842
W2955503846,W2914482125
W2955503846,W2008627757
W2955503846,W2154866190
W2955503846,W2256016639
W2955503846,W2103441770
W2955503846,W2102213696
W2955503846,W2417483443
W2955503846,W2173732482
W2955503846,W2101357408
W2955503846,W1919257374
W2955503846,W2320983896
W3094967361,W2991012415
W3094967361,W2900044275
W3094967361,W2898402099
W3094967361,W2152770371
W3094967361,W2950595506
W3094967361,W2150220236
W3048714202,W3009912996
W3048714202,W2160378127
W3048714202,W3013152614
W3048714202,W3014067025
W3048714202,W3008394341
W3048714202,W2789843538
W3048714202,W1966238900
W3048714202,W3013800395
W3048714202,W2141052558
W3048714202,W3009335299
W3048714202,W3004348779
W3048714202,W3007643904
W3048714202,W3010441732
W3048714202,W3004280078
W3036779511,W3009906937
W3036779511,W2099085143
W3036386821,W3009912996
W3036386821,W3009335299
W3036386821,W3025320502
W3036386821,W2142161929
W3036386821,W2587625522
W3030942202,W2766903152
W3030942202,W2782333299
W3030942202,W2765314233
W3030942202,W2170486072
W3030942202,W2952463830
W3030942202,W1988925586
W3030942202,W2128769815
W3030942202,W2952481429
W3030942202,W2167279371
W3030942202,W2108718991
W3030942202,W2113679889
W3020771563,W1578291413
W3020771563,W2947826965
W3020771563,W2171972386
W3007075333,W2045204781
W3007075333,W2168909179
W3007075333,W2789843538
W3007075333,W4247053599
W3007075333,W2170486072
W3007075333,W2951257985
W3007075333,W2103441770
W3007075333,W2107903949
W3012094285,W2951257985
W3012094285,W2538143681
W3012094285,W2096128575
W3017302293,W3009912996
W3017302293,W3013152614
W3017302293,W2938574745
W3017302293,W3009335299
W3017302293,W3007643904
W3017302293,W3004280078
W3013152614,W3003217347
W3013152614,W3004318991
W3013152614,W3004280078
W3013152614,W3005409321
W3013152614,W2113679889
W3013152614,W4247053599
W3013152614,W2141052558
W3013152614,W3004348779
W3013152614,W2103441770
W3093867667,W3004280078
W3093867667,W3009912996
W3093867667,W3005409321
W3093867667,W3017302293
W3093867667,W3007643904
W3093867667,W3009335299
W3093867667,W2580035316
W3093867667,W3001195213
W3093867667,W2131271579
W3093867667,W2108234281
W3093867667,W2949177718
W3004611567,W2119147717
W3015140168,W2045435533
W3015140168,W2064815984
W3015140168,W2003171404
W3005409321,W3003464757
W3005409321,W3003668884
W3005409321,W1966238900
W3005409321,W3004348779
W3005409321,W3004397688
W3014884007,W2131271579
W3014884007,W1963957860
W3014884007,W2126419817
W3014884007,W2951464304
W3014884007,W2160378127
W3014884007,W2111647009
W3014884007,W2599417231
W3014884007,W2141920662
W3014884007,W3121953277
W3011537081,W2166867592
W3011537081,W3009906937
W3011537081,W1966238900
W3011537081,W3004280078
W2174069807,W2162686899
W2096522898,W2133946740
W2030747846,W2116006659
W2160252043,W1966396962
W2160252043,W2161783224
W2044437167,W1529592271
W2272473773,W2162348455
W2103948957,W2148185586
W2103948957,W2006959528
W2076361525,W1519633296
W2076361525,W1514540900
W2144625075,W2040031153
W2014887370,W1587875569
W1661025176,W4241456496
W1661025176,W1569308213
W1661025176,W1949231392
W1661025176,W2167383445
W2040031153,W2144625075
W2096863518,W2097255042
W2096863518,W2137683543
W2096863518,W2147246240
W2119744638,W2098384066
W2119744638,W2046779413
W2119744638,W2260624936
W1973333099,W2038669746
W2338049369,W2156748700
W2338049369,W2013527739
W2128985829,W2097255042
W2128985829,W2131994307
W2128985829,W1727290854
W2160450758,W2097255042
W2160450758,W2131994307
W2160450758,W2128985829
W2105874120,W1918260619
W2105381419,W4294107304
W2105381419,W2157795344
W2129135549,W2149961401
W2163274894,W1596515083
W2112078820,W1597678601
W2112078820,W2084619201
W2016983859,W2118471749
W2109628725,W2150597302
W2109628725,W2141913814
W2109628725,W1522592213
W2109628725,W1555476426
W2109628725,W2049424645
W2109184569,W2130479394
W2109184569,W255996521
W2116665868,W2098012392
W2116665868,W2077959816
W2116665868,W2009435671
W2018045523,W2110699703
W2018045523,W2124637492
W2042706232,W1587875569
W2042706232,W2138226825
W2110406941,W1857591892
W2110406941,W2041483208
W2117513178,W1976386631
W2117513178,W1978775682
W1627191216,W3021353408
W1627191216,W2077959816
W2008869160,W1577577364
W2008869160,W1499500424
W4249727000,W1577577364
W2059813301,W2089402107
W2059813301,W2018514036
W2059813301,W2119652992
W2015556811,W1597678601
W2015556811,W2084619201
W2015556811,W2112078820
W2120010406,W2002726823
W2120010406,W2097811455
W2120010406,W1575585006
W2120010406,W2737785069
W2147615829,W2127489984
W2144189317,W2139562946
W2144189317,W136628441
W2144189317,W2164215496
W2149507322,W2114892242
W2149507322,W2162348455
W2149507322,W2163816695
W2114795157,W2125382680
W2114795157,W2049424645
W2167384912,W2104548316
W2167384912,W2132260239
W2167384912,W1966238900
W2149352713,W2097004990
W2149352713,W2066678696
W2149352713,W1505543708
W2149352713,W2148185586
W2124821727,W2014887370
W2124821727,W1587875569
W2124821727,W2044437167
W2124821727,W1529592271
W2124821727,W4249727000
W2124821727,W4238497443
W2124821727,W2136024338
W2124821727,W2008869160
W2112101570,W1979260070
W2160571481,W2149507322
W2160571481,W3211914286
W2168062665,W2068375361
W2140765540,W2124662474
W2140765540,W2163188200
W2123376091,W2129900561
W1969072247,W2076361525
W1969072247,W1514540900
W2144981148,W2142960568
W2103317434,W2150597302
W2103317434,W2168173042
W2103317434,W1594032928
W2103317434,W2134236819
W2103317434,W2134351926
W2103317434,W2112775986
W2103317434,W2133946740
W2103317434,W1525882651
W4238567307,W2006559495
W4238567307,W2065887259
W2094660330,W2161057248
W2103497845,W2068753710
W2103497845,W2119744638
W2103497845,W2046779413
W2103497845,W2137169911
W2103497845,W4214551560
W2107235439,W2006249161
W2107235439,W1967261754
W2113297575,W1636092099
W2113297575,W2068375361
W2113297575,W2060012482
W2113297575,W1609491364
W2113297575,W2168062665
W2153804214,W2132879315
W2153804214,W2011462543
W2153804214,W1594032928
W2153804214,W2134236819
W2153804214,W2148185586
W2153804214,W2133946740
W1987628377,W2006249161
W2165037481,W2160252043
W2165037481,W2008668438
W2165037481,W2049377387
W2165037481,W2123855284
W2165037481,W2013527739
W2165037481,W2153243519
W2165037481,W2034672914
W2165037481,W2124437404
W2097855813,W2118471749
W2122828560,W2161057248
W2044591029,W2140886907
W2025371271,W2173497140
W2025371271,W2158048826
W2135858501,W2060012482
W2135858501,W2040085089
W2135858501,W2114701864
W2135858501,W2113297575
W2135858501,W2168909889
W2135858501,W1488616880
W2142300779,W1642873092
W2154736508,W2113601822
W2154736508,W2077959816
W2154736508,W2009435671
W2009800174,W1529674879
W2002570697,W2138017294
W2002570697,W2119007429
W2002570697,W2121025662
W2002570697,W2138408852
W2002570697,W2272473773
W3124365414,W3023181463
W3124365414,W3124170598
W1964010911,W2160697532
W2122511023,W2119744638
W4233283252,W2123587734
W4233283252,W2008157089
W4233283252,W2083919264
W4233283252,W2031553845
W4233283252,W2084530896
W4233283252,W2142289369
W4233283252,W2069985294
W4233283252,W2002311592
W4233283252,W2152369329
W4233283252,W2044387082
W2057433097,W1918260619
W2057433097,W2118720098
W2130900820,W2149908785
W2107625277,W2120160157
W2107625277,W2118295263
W2107625277,W2114795157
W2107625277,W2129163149
W2107625277,W2109628725
W3124091918,W1976386631
W3124091918,W2117513178
W3124091918,W1978775682
W3124091918,W2123136623
W3124091918,W3121722945
W2131536322,W4249727000
W2131536322,W1971415551
W2131536322,W2104890139
W2131536322,W2008869160
W2121836743,W2125121177
W2131186249,W2145336165
W2131186249,W1971415551
W2131186249,W2155806125
W2131186249,W2169330513
W2131186249,W2073332363
W2131186249,W2167062509
W2131186249,W2113601822
W2131186249,W2142237411
W2131186249,W2217809488
W2131186249,W2170024099
W2131186249,W2104890139
W2131186249,W2072417345
W2131186249,W2151041036
W2131186249,W2134783591
W2119267663,W2127522551
W2119267663,W2123768693
W2119267663,W2171268876
W3123095200,W3121722945
W3123095200,W3124091918
W2145697808,W4249727000
W2145697808,W4238497443
W2145697808,W2026578487
W2145697808,W2008869160
W2145697808,W2136024338
W2025444507,W2149655632
W2139086914,W2161548576
W2139086914,W2911964244
W2139086914,W1678356000
W2139086914,W273955616
W2014918593,W1977767269
W2014918593,W1994803330
W2005291574,W2152881839
W2142097792,W2112775986
W2142097792,W2119567434
W2142097792,W2103317434
W2142097792,W2168173042
W2142097792,W2107625277
W2142097792,W2118295263
W2549412929,W181107242
W2150399639,W2159752439
W2296719434,W2144182447
W2296719434,W3120740533
W2129917444,W2131536322
W2129917444,W2073332363
W2129917444,W2167062509
W2129917444,W2104890139
W2129917444,W1971415551
W2129917444,W2124821727
W2129917444,W4249727000
W2129917444,W2008869160
W2121282904,W2070808447
W2121282904,W1987179471
W2121282904,W1983150389
W2159929956,W2162010696
W2159929956,W1760829075
W2159929956,W2151936673
W2159929956,W2151130155
W2015914378,W4233283252
W2015914378,W2123587734
W2015914378,W2008157089
W2015914378,W2110013894
W2015914378,W2083919264
W2015914378,W2028011121
W2015914378,W2031553845
W2015914378,W2084530896
W2015914378,W2107229368
W2015914378,W1976452733
W2015914378,W2121519719
W2015914378,W2099784075
W4211046286,W2128158076
W2076491580,W2107503723
W2130365445,W1973116615
W2130365445,W2058662258
W2130365445,W2152881839
W2130365445,W2103317434
W1975220728,W2057433097
W1975220728,W1918260619
W2025883194,W39941679
W2132341951,W2128114769
W2081920342,W2001568034
W2078792724,W2105685140
W2078792724,W2072923279
W2078792724,W2099779584
W2078792724,W2087638855
W2078792724,W2088321686
W2899497983,W2096471541
W2140131090,W2122582889
W2140131090,W2165037481
W2140131090,W1985007599
W2140131090,W2073141004
W2140131090,W2106080357
W2140131090,W2135858501
W2140131090,W2047189523
W2140131090,W2163541402
W2140131090,W2083070320
W2140131090,W1551533759
W2140131090,W2939474406
W2140131090,W21054777
W2105414963,W2084530896
W2105414963,W1838764073
W2105414963,W2046779413
W2105414963,W2169715400
W2105414963,W2142289369
W2105414963,W1970672417
W2105414963,W2274815048
W2105414963,W2939474406
W2105414963,W2168062665
W2105414963,W1951817746
W2105414963,W2163667214
W2105414963,W2133920545
W2105414963,W2073141004
W2105414963,W2113297575
W2105414963,W2006970256
W2105414963,W2060680089
W2105414963,W2068375361
W2105414963,W2174670974
W2105414963,W2083919264
W2105414963,W2047328724
W2105414963,W2103948957
W2105414963,W1976759885
W2105414963,W2126696183
W2105414963,W1636092099
W2105414963,W2018459257
W2105414963,W2098759916
W2097601813,W2112315008
W2097601813,W2135695572
W2097601813,W2120160157
W2097601813,W2116665868
W2097601813,W2163816695
W2097601813,W2139416101
W2097601813,W2161548576
W2097601813,W2077959816
W2097601813,W2009435671
W4245471709,W2980373194
W2057396845,W2102764178
W2057396845,W2156778513
W2057396845,W2030617758
W2057396845,W2158585406
W2057396845,W2062159269
W2296073425,W4231109964
W2296073425,W2117130368
W2296073425,W2136922672
W2296073425,W2100495367
W2296073425,W2025768430
W2167840686,W2152119060
W2167840686,W2082429191
W2060259273,W2130479394
W2060259273,W2141885858
W2104462056,W2149752076
W2165871546,W2155779547
W2165871546,W2120010406
W2165871546,W2097811455
W2165871546,W2105100844
W2165871546,W2016612145
W2080452140,W2126817554
W2080452140,W2040827479
W2080452140,W2163341755
W2080452140,W2144081223
W2080452140,W255996521
W2009826707,W2104726963
W2009826707,W2140946052
W2009826707,W2080752012
W2009826707,W2136850043
W2009826707,W2161062388
W2009826707,W2141885858
W2009826707,W2169805130
W2009826707,W1991366673
W2009826707,W2137015675
W2009826707,W2159675211
W2015053255,W2060680089
W2015053255,W2124565737
W2015053255,W2146904764
W2015053255,W2170121306
W2015053255,W2051782740
W2015053255,W2174670974
W2015053255,W4212864218
W2110664940,W2149166037
W1568201516,W2097601813
W1568201516,W2112315008
W1568201516,W2100533358
W1568201516,W2033686454
W1568201516,W2139416101
W1985538633,W2109034822
W1985538633,W2009800174
W2126154792,W2120700469
W2126154792,W2154998026
W2126154792,W2093267972
W2126154792,W2102031718
W2126154792,W2124565737
W2126154792,W2067804762
W2126154792,W2114056667
W2126154792,W2261764510
W2126154792,W2094785904
W2126154792,W3013984851
W2170121306,W2104462056
W2170121306,W2008942529
W2104830962,W2043696829
W2104830962,W2161821474
W2104830962,W2139236349
W2104830962,W2055402151
W2171762906,W2157427387
W2171762906,W2115988342
W2127569725,W2084530896
W2127569725,W2121981479
W2127569725,W1976759885
W2127569725,W2096885696
W2127569725,W2099784075
W2127569725,W2274815048
W2127569725,W2103948957
W2127569725,W2174670974
W2127569725,W2083919264
W2091393784,W2141708961
W2016922062,W2112181056
W2016922062,W2045197688
W2110235509,W2104890139
W2110235509,W2129917444
W2110235509,W2169330513
W2110235509,W2097875133
W2110235509,W2145336165
W2110235509,W2148422863
W2110235509,W2136848239
W2110235509,W2142237411
W2110235509,W1971415551
W2110235509,W2073332363
W2110235509,W2128114769
W2110235509,W2072417345
W2110235509,W2083089709
W2110235509,W2141125135
W2110235509,W2133790733
W2110235509,W2149573313
W2110235509,W2167062509
W2110235509,W2113601822
W2110235509,W2155897723
W2096650374,W2158196600
W2096650374,W3149745985
W2096650374,W2009435671
W2125053394,W2155305805
W2125053394,W2076949647
W2125053394,W2136939531
W2125053394,W2161787079
W2125053394,W2164043498
W2125053394,W2022085591
W2125053394,W1999908724
W2096747776,W2092157292
W2096747776,W2140886907
W2096747776,W2044591029
W2096747776,W2059885388
W2096747776,W2119547517
W2096747776,W2003193361
W2142343447,W2087865186
W4295750005,W1760829075
W4295750005,W2020044743
W4295750005,W2159929956
W4295750005,W4235770099
W2126902408,W2096885696
W2126902408,W1838764073
W2126902408,W1885078460
W2126902408,W2142231247
W2126902408,W2153221451
W2126902408,W2129920251
W2126902408,W2148185586
W2126902408,W2060680089
W2126902408,W2133920545
W2126902408,W2130365445
W2126902408,W1994433187
W2126902408,W2126320505
W2126902408,W2161994757
W1991308688,W2171984413
W1991308688,W2054653365
W1991308688,W1997065014
W1991308688,W2067087368
W1991308688,W2106963750
W2067456724,W2004293194
W2067456724,W2020044743
W2067456724,W4235770099
W2067456724,W2162010696
W2067456724,W4295750005
W2067456724,W1760829075
W2067456724,W2089572795
W2067456724,W2159929956
W2067456724,W2052644075
W2135400982,W1568390176
W2135400982,W2165010366
W2032230795,W2169330513
W2032230795,W2145336165
W2032230795,W2149573313
W2032230795,W2125826054
W2032230795,W2073332363
W2032230795,W2167062509
W2032230795,W2152885278
W2032230795,W2128016314
W2032230795,W2136145671
W2032230795,W2136482257
W2032230795,W2123060905
W2032230795,W2130517250
W2032230795,W2097341408
W2032230795,W2128114769
W2013414890,W2126902408
W2013414890,W2150234230
W2013414890,W2148185586
W2013414890,W2133119982
W2013414890,W3092352755
W2013414890,W2939474406
W1970637701,W2001568034
W1970637701,W2081920342
W1970637701,W2138226825
W1968105193,W2145336165
W1968105193,W2128114769
W1968105193,W2073332363
W1968105193,W2142237411
W1968105193,W2087292184
W1968105193,W2032230795
W2055638681,W2121397451
W2132484323,W2151328940
W2132484323,W2075673711
W2132484323,W2060590119
W2132484323,W1994228237
W2132484323,W1970010130
W2132484323,W2096371469
W2132484323,W2174069807
W2132484323,W2160917602
W2132484323,W1956280464
W2132484323,W2159200641
W2132484323,W2062159269
W2115944543,W2167062509
W2115944543,W2169330513
W2115944543,W2073332363
W2115944543,W2083089709
W2039734130,W1727659491
W2152864241,W2160821342
W2068908844,W4241456496
W2066234893,W2055313665
W2066234893,W2030701238
W2066234893,W1877686344
W2032813423,W2005634799
W2032813423,W1977822381
W2014173070,W2095345231
W2089572795,W2067456724
W2089572795,W2127048411
W2089572795,W1760829075
W2089572795,W2101420429
W2089572795,W2162010696
W2089572795,W2167822639
W2089572795,W2058046532
W2089572795,W4295750005
W2089572795,W1990134753
W2096541451,W2096525273
W2086710305,W2986345846
W2086710305,W2150234230
W2086710305,W2079350221
W2086710305,W2161994757
W2086710305,W1985854434
W2086710305,W2939474406
W1980789245,W2148898943
W1980789245,W2094660330
W1980789245,W2122828560
W1980789245,W2096327192
W1980789245,W2161057248
W2071930821,W2097660065
W2171984413,W1985148570
W2171984413,W2133920545
W2171984413,W2151328940
W2171984413,W2106963750
W2171984413,W2060852319
W2171984413,W2054653365
W2171984413,W1997065014
W2171984413,W2067087368
W2171984413,W1991308688
W2082429191,W2150999725
W1965464747,W2057327293
W1858542512,W2258584306
W1858542512,W2163097950
W1858542512,W2128158076
W1858542512,W2151165908
W1858542512,W4211046286
W1996024251,W2094660330
W1996024251,W2082429191
W1996024251,W2122828560
W2101653483,W2097995306
W2101653483,W2118471749
W2101653483,W2063264144
W2101653483,W2139248078
W2101653483,W2016983859
W2150575159,W2040827479
W2150575159,W2138155367
W2150575159,W4240237951
W2150575159,W2123696077
W2150575159,W2032518018
W2166867592,W2132260239
W2099449365,W2124879124
W2099610218,W2080752012
W2099610218,W2078646756
W2099610218,W2036321220
W2164778558,W2025665129
W2164778558,W2155015733
W2164778558,W1977767269
W2164778558,W2014918593
W2164778558,W2001568034
W2164778558,W2081920342
W2164778558,W1970637701
W2164778558,W2138226825
W2164778558,W1976881265
W2131222241,W2112776483
W2131222241,W2112315008
W2131222241,W1678356000
W2131222241,W1526319989
W2114118829,W2057327293
W2114118829,W1965464747
W2114118829,W2081640113
W2171332611,W1971439989
W2129970907,W2114118829
W2129970907,W1965464747
W1907369419,W2045465689
W1907369419,W2044499383
W1907369419,W2164231461
W1907369419,W2136408596
W1907369419,W2107733948
W1907369419,W2100365896
W1907369419,W1968862760
W1907369419,W2026317156
W1907369419,W2167929905
W1907369419,W2018482968
W1907369419,W2002570697
W1907369419,W2137169911
W1907369419,W2133484165
W1907369419,W1560749659
W1907369419,W2018680235
W1907369419,W2054653365
W1907369419,W2030102203
W1907369419,W2148099625
W1907369419,W2028999185
W1907369419,W2126696183
W1907369419,W2119744638
W1907369419,W2098384066
W1907369419,W2145265567
W1907369419,W1982056270
W1907369419,W2102948292
W1907369419,W2134927874
W1907369419,W1561878391
W1907369419,W2162953324
W1907369419,W2939474406
W1907369419,W2144304061
W1907369419,W2140805694
W1907369419,W2106963750
W1907369419,W2155039075
W2015050458,W2122367477
W2015050458,W1587875569
W2003342633,W2107369528
W2003342633,W2110389012
W2003342633,W2060185417
W2003342633,W2165067288
W2011472471,W1965464747
W2011472471,W2114118829
W2011472471,W2144574847
W2011472471,W2081640113
W2011472471,W2129970907
W2039123767,W2101653483
W2039123767,W2142300779
W1997511216,W2015426350
W2170776626,W2140946052
W2170776626,W2080752012
W2170776626,W2036321220
W2170776626,W2128551987
W2170776626,W4294107304
W2170776626,W2157795344
W2171237493,W4235642752
W2171237493,W2155311724
W2171237493,W2129172946
W2171237493,W2138155367
W2103004421,W2130410032
W2103004421,W2150575159
W2103004421,W2010457001
W2130042267,W2144923407
W2130042267,W1982056270
W2130042267,W2116507044
W2130042267,W4300407496
W2124679671,W2096541451
W2124679671,W2169678694
W2124679671,W2159675211
W2130707940,W2095345231
W2130707940,W2088122955
W2130707940,W1981644934
W2054054553,W2111841011
W2158789637,W2136482257
W2127928904,W1986322390
W2127928904,W2119006714
W2127928904,W2119567434
W2127928904,W2168173042
W2127928904,W2142097792
W2127928904,W1982837210
W2127928904,W2118295263
W2058571677,W2098923148
W2058571677,W4296816736
W2058571677,W2156098321
W2058571677,W2049069390
W1887624773,W2134967712
W1887624773,W2169678694
W1887624773,W2028046413
W2063866856,W2121837178
W2063866856,W2089525884
W2063866856,W2114153151
W2063866856,W2151080396
W2145840889,W2160947363
W2145840889,W2110375946
W2145840889,W2127602818
W2145840889,W1980680725
W2035898183,W1997183854
W2035898183,W2002490399
W2167311298,W1979290264
W2167311298,W2100379340
W1999167944,W2105414963
W1999167944,W2096885696
W1999167944,W2174670974
W1999167944,W2073141004
W1999167944,W2127569725
W1999167944,W2036677156
W1999167944,W2126696183
W1999167944,W2051121620
W1999167944,W2073122003
W1999167944,W2060680089
W1999167944,W2008942529
W1999167944,W2015053255
W1999167944,W1867005924
W1999167944,W2028999185
W1999167944,W2939474406
W2075511306,W1965464747
W2075511306,W2114118829
W2075511306,W2144574847
W2075511306,W2081640113
W2075511306,W2011472471
W2075511306,W2042468043
W2075511306,W2129970907
W1629273100,W1965464747
W1629273100,W2114118829
W1629273100,W2011472471
W1629273100,W2144574847
W1629273100,W2081640113
W1629273100,W2075511306
W1629273100,W2334658948
W2141970008,W2110052313
W2141970008,W2166604768
W2141970008,W2069977802
W2141970008,W1973577532
W2141970008,W2117087906
W2170852633,W2055313665
W2170852633,W2032696674
W2170852633,W2030701238
W2170852633,W2066234893
W2170852633,W1996024251
W2127597920,W2149752076
W2127597920,W1981213426
W2127597920,W2104462056
W2127597920,W2126902408
W2127597920,W2066131315
W2127597920,W2171675471
W2127597920,W2272473773
W1933349210,W1956340063
W1933349210,W1947481528
W1933349210,W2163605009
W1933349210,W1895577753
W1933349210,W1905882502
W1005007408,W2080283023
W1005007408,W2015593224
W1005007408,W2160947363
W1005007408,W2110300022
W1005007408,W2152885278
W1005007408,W2145840889
W1588685142,W2163225965
W2130811469,W2105872868
W2130811469,W1967156257
W2130811469,W2067087368
W2130811469,W1997065014
W2130811469,W2107794977
W2130811469,W2142097792
W2130811469,W1991308688
W2130811469,W2052479643
W2130811469,W2272473773
W2130811469,W2172199324
W2130811469,W2606995208
W2175423925,W2044718416
W2175423925,W2160571481
W2200817828,W2144189317
W2200817828,W2132484323
W2200817828,W2090602773
W2200817828,W2100468073
W2200817828,W2939474406
W2236556070,W1995274825
W2236556070,W2037766564
W2038752330,W2013414890
W2038752330,W2153804214
W2752326209,W2164778558
W2752326209,W2155015733
W2752326209,W1977767269
W2752326209,W2014918593
W2752326209,W2001568034
W2752326209,W2081920342
W2752326209,W1970637701
W2752326209,W2138226825
W2752326209,W2085419794
W2752326209,W2016612145
W2752326209,W2167033587
W2752326209,W1976881265
W2410390527,W2054653365
W2410390527,W1964308073
W2410390527,W2337225114
W2410390527,W2024966118
W2410390527,W1991308688
W2410390527,W1992193293
W2410390527,W2530597942
W2410390527,W2193503481
W2260274902,W2060680089
W2260274902,W2122854726
W2260274902,W2126902408
W2260274902,W2093027911
W2560167313,W2060680089
W2560167313,W1998515817
W2560167313,W2137734568
W2560167313,W2078860594
W2560167313,W2015053255
W2560167313,W2028240797
W2564178799,W2156157987
W2564178799,W2114118829
W2564178799,W2125053394
W2564178799,W2076699264
W2337225114,W2193503481
W2337225114,W1968176769
W2337225114,W2062217294
W2337225114,W2171984413
W2337225114,W2054653365
W2337225114,W1964308073
W2337225114,W1992193293
W2337225114,W2410390527
W2337225114,W2024966118
W2337225114,W1991308688
W2337225114,W1905429483
W2337225114,W2939474406
W4211196614,W2152301430
W4211196614,W2161062388
W4211196614,W4210400672
W4211196614,W4242729757
W4211196614,W2130479394
W4211196614,W2132926880
W4211196614,W2160378127
W4211196614,W2060259273
W4211196614,W2144362290
W4211196614,W2051210555
W4211196614,W2037312364
W4211196614,W2060809301
W4211196614,W2082667898
W4211196614,W1992192767
W4211196614,W2102245393
W4211196614,W2141885858
W2339540635,W2092362068
W2504691963,W4242729757
W2504691963,W4213149192
W2504691963,W2161062388
W2504691963,W2159675211
W2504691963,W2130479394
W2504691963,W2170488656
W2239232218,W4250955649
W2239232218,W2145096794
W2239232218,W2164452299
W2239232218,W2119667497
W2239232218,W2127271355
W2239232218,W2014356541
W2239232218,W2129812935
W2473156356,W2119605622
W2473156356,W2161969291
W2473156356,W2108598243
W2473156356,W2031489346
W2473156356,W2155893237
W2473156356,W2151103935
W2473156356,W2117539524
W2473156356,W2097117768
W2473156356,W2194775991
W2473156356,W2163605009
W2460850757,W2171783890
W2549188196,W2035898183
W2549188196,W2002490399
W2549188196,W1997183854
W2549188196,W2064815984
W2549188196,W2106070783
W2527042386,W2075511306
W2134305330,W2138790588
W2134305330,W2126693856
W2134305330,W2144981148
W2134305330,W2046557060
W2134305330,W2331384579
W2155968351,W2145339207
W2155968351,W2168405694
W2529052661,W2167279371
W2564630286,W2093027911
W2564630286,W1974424100
W2227280755,W2046945705
W2227280755,W2066286996
W2227280755,W2097224090
W2227280755,W2086710305
W2227280755,W2150234230
W2227280755,W2169245074
W2227280755,W2015522309
W2227280755,W2108886061
W2558041282,W2030500910
W2558041282,W1515023627
W2558041282,W2124799197
W2558041282,W2110300022
W2558041282,W2170024099
W2558041282,W2154026962
W2558041282,W2060185417
W2558041282,W2033386838
W2342540942,W2140699752
W2461419449,W2060852319
W2461419449,W2195453830
W2580767461,W2124733101
W2620241325,W1994190235
W2620241325,W2107235439
W2735527928,W1985538633
W2586637063,W2145662716
W2572710398,W2124940469
W2572710398,W2054275187
W2572710398,W2148898943
W2572710398,W2096327192
W2572710398,W2168420558
W2572710398,W2087484885
W2765314233,W2049553585
W2765314233,W1498931318
W2765314233,W2185075416
W2765314233,W2170551349
W2765314233,W2004549986
W2748717829,W2058122340
W2748717829,W2014451195
W2748717829,W1981729886
W2766903152,W2128035403
W2766903152,W2185075416
W2766903152,W2104885590
W2766903152,W2107429737
W2766903152,W2291298003
W2766903152,W2049553585
W2766903152,W2128769815
W2766903152,W2125826054
W2766903152,W2133856765
W2766903152,W4294216483
W2766903152,W2039123767
W2766903152,W2166171121
W2766903152,W2513506562
W2766903152,W2124351063
W2766903152,W2088833470
W2766903152,W1988925586
W2766903152,W2151350595
W2766903152,W2034285706
W2766903152,W2108718991
W2766903152,W2031611770
W2766903152,W2170024099
W2766903152,W2170551349
W2766903152,W2103441770
W2766903152,W2119180969
W2766903152,W2061008984
W2766903152,W2096791516
W2766903152,W2256016639
W2766903152,W2148540129
W2766903152,W2128601422
W2737785069,W2002726823
W2737785069,W2150678612
W2737785069,W2099709490
W2737785069,W1575585006
W2723723801,W2082704080
W2655262992,W2039123767
W2655262992,W2049553585
W2655262992,W2124427232
W2655262992,W1498931318
W2655262992,W2122825543
W2950985821,W2032230795
W2950985821,W2097360283
W2950985821,W1727290854
W2950985821,W4294541781
W2618096841,W2144852094
W2767683865,W4210702584
W2767683865,W2559588208
W2767683865,W1989277387
W2767683865,W2128601422
W2767683865,W2504691963
W2767683865,W2177317049
W2767683865,W2154139219
W2736219668,W2084530896
W2736219668,W2002311592
W2736219668,W2096885696
W2610936380,W2165010366
W2766208183,W1951724000
W2766208183,W2057765075
W2596630349,W2131070146
W2596630349,W2006165291
W2900756811,W1877686344
W2900756811,W2032696674
W2900756811,W2259481044
W2886498337,W2107429737
W2886498337,W2104885590
W2886498337,W2655262992
W2886498337,W2128985829
W2886498337,W2028433016
W2886498337,W1107917109
W2886498337,W2507880739
W2886498337,W2785803176
W2886498337,W2158485828
W2886498337,W2005895632
W2886498337,W2118258530
W2886498337,W2761575992
W2886498337,W2949273159
W2886498337,W2749613778
W2886498337,W1964895626
W2785803176,W2124427232
W2785803176,W2152061559
W2785803176,W2606495925
W2785803176,W2104885590
W2785803176,W2049553585
W2785803176,W2107429737
W2785803176,W2068523052
W2785803176,W2039123767
W2785803176,W1498931318
W2788633781,W2557738935
W2788633781,W2062118960
W2788633781,W2183341477
W2804910112,W2093540905
W2804910112,W2166394891
W2804910112,W2130811469
W2804910112,W2125382680
W2804910112,W2069864946
W2804910112,W2122825721
W2804910112,W2109252556
W2804910112,W2127175247
W2804910112,W2118295263
W2893960509,W2124427232
W2899070097,W2177317049
W2899070097,W2767891136
W2899070097,W2103017472
W2899070097,W4210702584
W2899070097,W2559191318
W2899070097,W2224056471
W2899070097,W2559588208
W2899070097,W2154139219
W2807970930,W2148092884
W2122465391,W2119565742
W2791781902,W2179036997
W2791781902,W2073141004
W2895932308,W2101702311
W2895932308,W2130811469
W2895932308,W2106371033
W2895932308,W2096885696
W2895932308,W1999167944
W2895932308,W2037561382
W2895932308,W1982627164
W2895932308,W2118921617
W2895932308,W1991308688
W2895932308,W1964308073
W2895932308,W2105414963
W2895932308,W1838764073
W2895932308,W1543891416
W2888940799,W2002311592
W2782333299,W2039123767
W2782333299,W2655262992
W2782333299,W2185075416
W2782333299,W2765314233
W2782333299,W2110389012
W2782333299,W2766903152
W2782333299,W1498931318
W2782333299,W2166171121
W2782333299,W2080283023
W2782333299,W2154026962
W2782333299,W2124351063
W2782333299,W2323326409
W2782333299,W1919257374
W2782333299,W2104549677
W2782333299,W2256016639
W2782333299,W1984068087
W2894724600,W2155965977
W2894724600,W2110052313
W2894724600,W2754054868
W2894724600,W2321007701
W2894724600,W301622561
W2911892655,W2432612777
W2941307081,W2144081223
W2941307081,W2037312364
W2941307081,W2160544821
W2941307081,W2163341755
W2941307081,W2035503835
W2920925854,W2160446463
W2913500366,W2126902408
W2913500366,W2035759078
W2913500366,W1982627164
W2913500366,W2110052313
W2913500366,W2127170577
W2913500366,W2153947402
W2982216374,W2063632665
W2982216374,W2080752012
W2982216374,W2102278945
W2982216374,W2114104545
W2982216374,W2158217645
W2982216374,W2133465414
W2982216374,W2170551349
W2982216374,W2124985265
W2982216374,W2108234281
W2982216374,W2171808845
W2982216374,W2138207763
W2982216374,W2899760200
W2933304441,W1950118853
W2933304441,W2259481044
W2933304441,W2030701238
W2933304441,W2055313665
W2912077313,W2153243519
W2912077313,W2132874271
W2912077313,W2336426693
W2912077313,W2034672914
W2912077313,W2086710305
W2912077313,W2518198314
W2912077313,W1982627164
W2912077313,W2121025662
W2912077313,W2051159954
W2991106430,W2141091417
W2991106430,W2105381419
W2991106430,W4210702584
W2991106430,W2899760200
W2991106430,W2154139219
W2949736877,W2549139847
W2949736877,W2194775991
W2949736877,W2097117768
W2949736877,W2108598243
W2949736877,W2141125852
W2949736877,W2402144811
W2949736877,W2097998348
W2949736877,W2163605009
W2949736877,W2963420686
W2949736877,W2099471712
W2949736877,W2998508940
W2910922638,W2126129668
W2910922638,W2099330597
W2910922638,W2113991966
W4231254854,W2900044275
W4231254854,W1989277387
W4231254854,W2950595506
W2966722893,W2260274902
W2966722893,W1974527622
W2966722893,W2096885696
W2966722893,W2121958618
W2948574679,W2040397490
W2948574679,W2737217596
W2948574679,W1810360004
W3007643904,W3002539152
W3007643904,W3004318991
W3007643904,W3003217347
W3007643904,W3003668884
W3007643904,W2587625522
W3007643904,W3005409321
W3007643904,W1966238900
W3007643904,W3004348779
W3007643904,W3004280078
W3007643904,W2132629607
W3007643904,W2109184569
W3007643904,W2144081223
W3009906937,W3004896487
W3009906937,W2132260239
W3009906937,W2104548316
W3009906937,W2166867592
W3009906937,W3004318991
W3009906937,W3004280078
W3009906937,W3003668884
W3009906937,W2111647009
W3010233963,W3004912618
W3010233963,W3003668884
W3010233963,W3002539152
W3048560297,W1979290264
W3048560297,W2950504429
W3048560297,W2996597775
W3048560297,W1976770755
W3048560297,W2129660502
W3048560297,W4235278727
W3010441732,W3004280078
W3010441732,W1966238900
W3010441732,W3007643904
W3010441732,W2132260239
W3010441732,W2593511418
W3010441732,W2899714098
W3010441732,W2104234755
W3010441732,W2587625522
W3010441732,W2180229411
W3010441732,W2124026197
W3111590711,W2112669742
W3111590711,W4205225613
W3010930696,W3009577418
W3020637112,W3008696669
W3020637112,W3012284084
W3039901154,W3001195213
W3039901154,W3009906937
W3039901154,W2952045272
W3039901154,W3009912996
W3039901154,W2011301426
W3039901154,W2107282968
W3039901154,W3004318991
W3039901154,W3009335299
W3039901154,W3007643904
W3039901154,W3004896487
W3039901154,W3010441732
W3039901154,W3004280078
W3015608194,W3003668884
W3015608194,W3004280078
W3015608194,W3003217347
W3015608194,W1985588649
W3015608194,W2163341755
W3015608194,W2124026197
W3015608194,W2154197653
W3004804052,W3002539152
W3022435472,W3003668884
W3022435472,W1966238900
W3022435472,W3004348779
W3022435472,W3004280078
W3022435472,W3008394341
W3022435472,W3013800395
W3022435472,W3009335299
W3022435472,W3007643904
W3022435472,W3009912996
W3022435472,W3013093478
W3022435472,W3020695284
W3013093478,W2132260239
W3013093478,W2104548316
W3013093478,W2166867592
W3013093478,W3004280078
W3013093478,W1966238900
W3013093478,W3009912996
W3011701533,W3004280078
W3011701533,W3003217347
W3011701533,W3009906937
W3011701533,W2108921801
W3011701533,W2146080841
W3011701533,W2124026197
W3011701533,W2159211495
W3011701533,W1975317507
W3011701533,W2132629607
W3011701533,W3001195213
W3011701533,W2154714625
W3037259832,W1922730584
W3037259832,W4241456496
W3041960835,W3003668884
W3041960835,W3016489853
W3041960835,W1577577364
W3006533361,W3003668884
W3008294222,W3003668884
W3008294222,W3004397688
W3008294222,W3004912618
W3010126769,W3004318991
W3010126769,W3004348779
W3010126769,W1966238900
W3010126769,W3004280078
W3010126769,W2167384912
W3088256443,W3041960835
W3088256443,W3016489853
W3088256443,W2751583588
W3088256443,W2102502076
W3088256443,W3036386821
W3013816672,W3001195213
W3013816672,W2620241325
W2122427541,W2031430816
W1487531252,W103650626
W2167366201,W3124896223
W2078204800,W2128659236
W1585939719,W2125899728
W1585939719,W2126105956
W2123921160,W2152826865
W2168646330,W1550443206
W2084341220,W2911964244
W2084341220,W2024046085
W1976386631,W1978775682
W2057765075,W2077959816
W2057765075,W2009435671
W1978775682,W2117513178
W2104057213,W2068719957
W2104057213,W2034562813
W2104057213,W3133236490
W1902610065,W2127625785
W1902610065,W4213284804
W2022085591,W2164043498
W2168405694,W2121863487
W1984004232,W1631356911
W2125213524,W2152195021
W2125213524,W2109364787
W2134368355,W2168646330
W2134368355,W3133236490
W2145113795,W1820051232
W2145113795,W2125213524
W2145113795,W2152195021
W2145113795,W2109364787
W2145113795,W2165299997
W2131454803,W2312070181
W2171129594,W2144852094
W1986252415,W1970334998
W2043787485,W3124896223
W2043787485,W2167366201
W2132103241,W2160337655
W2132103241,W2067191022
W2132103241,W2126736494
W2074986801,W2130479394
W2102968146,W2142960568
W2151130155,W2110208125
W2151130155,W2136573752
W2151130155,W1565212980
W2151130155,W2004293194
W2009104157,W2147119488
W2129766733,W2133475491
W2163816695,W2161783224
W2163816695,W2040085089
W2163816695,W2120160157
W2163816695,W2062667641
W2098907614,W2125899728
W2098907614,W2126105956
W2154872931,W2053186076
W2154872931,W2001141328
W1820051232,W2165299997
W1820051232,W2152195021
W1820051232,W2109364787
W2020093054,W1982161876
W2020093054,W2052130118
W2154455818,W2053186076
W2154455818,W2139823104
W2154455818,W2001141328
W2154455818,W2165874743
W2083878136,W2110755408
W1984453610,W2118421222
W2106403318,W2105831729
W2128500420,W2089402107
W1988195734,W1678356000
W2139823104,W2121947440
W2139823104,W2165874743
W2139823104,W2143516773
W2054325787,W1998053851
W2054325787,W1678356000
W2054325787,W2132616700
W2054325787,W1587094587
W2054325787,W2038669746
W2153610778,W2127625785
W2153610778,W4213284804
W2153610778,W1902610065
W2113168655,W2104057213
W2113168655,W2068719957
W2124884000,W2117513178
W2124884000,W1978775682
W2115706991,W2078204800
W2113137767,W2143516773
W2113137767,W2104974755
W1975390269,W2312070181
W1975390269,W2131454803
W2165171393,W2126105956
W2165171393,W2125899728
W2165171393,W1585939719
W1625255723,W2164598857
W2149612368,W2137524155
W2098935104,W2128264241
W2092939357,W2146264532
W2151694441,W2049159124
W2127522551,W2123768693
W2116148865,W2128659236
W2129131372,W2129638195
W2129131372,W2116148865
W2129131372,W2145096794
W2331384579,W2142960568
W2131854704,W2198847224
W3121388701,W2096684396
W2134603844,W3120421331
W2134603844,W2153635508
W2135860498,W3121293400
W3125043858,W2116006659
W2123301721,W2101105183
W2122613799,W2030747846
W2122613799,W2116006659
W2117553576,W2053186076
W2117553576,W2121947440
W2117553576,W2001141328
W2117553576,W2154872931
W2092509345,W1975390269
W2092509345,W2131454803
W2092509345,W2312070181
W2117734893,W2088198211
W2172273046,W4213284804
W2172273046,W2153610778
W2172273046,W1902610065
W4212838134,W2171137184
W4212838134,W2068719957
W4212838134,W2113168655
W4212838134,W1995031937
W4212838134,W2104057213
W2141708961,W2135273380
W1983208835,W2030628997
W1983208835,W2088198211
W2064963539,W2008854521
W2064963539,W2167311298
W3121722945,W2123136623
W2030628997,W1969200114
W2117200377,W2126930838
W2131634465,W1543409689
W1924064069,W2141042406
W2131613989,W2109364787
W2131613989,W2152195021
W2131613989,W2165171393
W2131613989,W2165299997
W2131613989,W2169245194
W2005532382,W2089871805
W2005532382,W2025781576
W2148924243,W44874218
W2148924243,W2312070181
W2148924243,W1924064069
W1995622703,W2022548072
W1995622703,W2096533595
W1995622703,W2101394945
W2154748230,W2075884494
W2154748230,W1944901286
W1970928383,W2098979973
W2147422150,W2117513178
W2147422150,W1978775682
W2147422150,W2124884000
W2025720061,W2057765075
W2118858814,W2145577370
W2118858814,W1247968195
W2072923279,W2058122340
W2072923279,W2134233006
W1983970619,W2088198211
W3123970111,W3121293400
W2073279551,W2104057213
W2073279551,W3133236490
W2073279551,W2113168655
W2073279551,W2068719957
W2164976997,W2162090451
W2164976997,W4236523229
W2000770615,W2014166972
W2171137184,W2068719957
W2171137184,W2113168655
W2171137184,W2104057213
W2165528549,W2132629607
W2117248802,W2104974755
W2117248802,W2143516773
W2117248802,W2067191022
W2031028572,W2088198211
W2031028572,W1983970619
W2031028572,W2117734893
W2119607070,W2022085321
W2059013803,W2171268876
W2059013803,W2127522551
W2166302161,W2092509345
W2012488984,W2032842297
W2012488984,W1979368277
W2152240519,W2135273380
W2152240519,W2141708961
W2152240519,W1631356911
W2152240519,W2764347725
W2087638855,W2058122340
W2087638855,W1983208835
W2168226651,W2135273380
W2168226651,W2141708961
W2168226651,W1983970619
W2168226651,W2031028572
W2168226651,W2088198211
W2168226651,W2117734893
W2289917018,W2015418199
W2289917018,W2145096794
W2289917018,W2164452299
W2289917018,W2129131372
W2289917018,W2129638195
W2289917018,W2115706991
W2289917018,W4250955649
W2289917018,W2116148865
W2289917018,W2127271355
W2121817924,W2016168218
W2121817924,W2085093563
W2121817924,W2149655632
W2033442056,W2170684975
W2104933073,W2148143831
W3017100980,W2145577370
W3017100980,W1247968195
W3122178585,W2096684396
W3122178585,W2134291350
W2015418199,W2164452299
W2015418199,W2129131372
W1980419364,W2087638855
W261461018,W2124637492
W261461018,W2148606196
W261461018,W2070722739
W261461018,W2095293504
W261461018,W2151936673
W261461018,W2168448159
W261461018,W1645305843
W261461018,W2129163149
W261461018,W1760829075
W261461018,W2107396783
W261461018,W2120043163
W1905539406,W2031028572
W1905539406,W1983970619
W1905539406,W2117734893
W1905539406,W2088198211
W2105092978,W2167311298
W2105092978,W2008854521
W2021930613,W2136739561
W2021930613,W2139577967
W2129191002,W1587094587
W1514707913,W2117734893
W1514707913,W1983970619
W1514707913,W2088198211
W1514707913,W2031028572
W2056815766,W2058122340
W2056815766,W2088321686
W2003397144,W2088198211
W2003397144,W1983970619
W2003397144,W2031028572
W2003397144,W2117734893
W2003397144,W1905539406
W2003397144,W2141708961
W2147222241,W2131854704
W2116512828,W2016210396
W1986014385,W2121863487
W1986014385,W2998216295
W1986014385,W2171033594
W2143205720,W3157407122
W2143205720,W1603746823
W2143481518,W2911964244
W2143481518,W2084341220
W2143481518,W1520812622
W2143481518,W2123998733
W2143481518,W1988195734
W1970881901,W1969200114
W2057806291,W2149655632
W2057806291,W2057477511
W2103680334,W2128225313
W2072500831,W2087484885
W2155965977,W2073742622
W2155965977,W2487377689
W2105685140,W2136334331
W2105685140,W2072923279
W2105685140,W2058122340
W2105685140,W2134233006
W2105685140,W2088321686
W2105685140,W1983208835
W2105685140,W2030628997
W2099779584,W2058122340
W2099779584,W2136334331
W2099779584,W2087638855
W2099779584,W2123510746
W3123200913,W3126027997
W3123200913,W2988039629
W2152189242,W2073742622
W2152189242,W2092509345
W2001755358,W2088198211
W2001755358,W2117734893
W2001755358,W1983970619
W2001755358,W1514707913
W2001755358,W1905539406
W2001755358,W2031028572
W2126049444,W2139577967
W2170505850,W3120740533
W2170505850,W2166706824
W2170505850,W1565746575
W2144383963,W2135410596
W2144383963,W3124896223
W4211101250,W2123343298
W2611328865,W2145096794
W2611328865,W2129131372
W2611328865,W2129638195
W2611328865,W4250955649
W2611328865,W2118550318
W2144898279,W2025720061
W2144898279,W2057765075
W2144898279,W1663973292
W2144898279,W1985093013
W3126027997,W2988039629
W3126027997,W3123200913
W2116305749,W2090552208
W2116305749,W2115612291
W2116305749,W2068719957
W2116305749,W2098685541
W2116305749,W2104057213
W2116305749,W2049159124
W2099940443,W2911964244
W2099940443,W3120421331
W2099940443,W2153635508
W2119910794,W2112316706
W2119910794,W2045030989
W4211135859,W2154276443
W2106053110,W2057175746
W2106053110,W2121947440
W2142058898,W2143516773
W2142058898,W2145096794
W2142058898,W4250955649
W2142058898,W2101675075
W2151165908,W3102931941
W2020044743,W2101135654
W2020044743,W2110208125
W2020044743,W4235770099
W2020044743,W2138790588
W2020044743,W2136573752
W2020044743,W2052644075
W1552055731,W1983970619
W1552055731,W1905539406
W1552055731,W2031028572
W1552055731,W1514707913
W1552055731,W2168226651
W2146080841,W2130479394
W2146080841,W2163341755
W1952066190,W2282537990
W2044212084,W2165744313
W2044212084,W2107396783
W4205182410,W2104718076
W4205182410,W2149662495
W2120831645,W2117734893
W2120831645,W2088198211
W2120831645,W1983970619
W2120831645,W1514707913
W2120831645,W2168226651
W2120831645,W2031028572
W2120831645,W1905539406
W2042692910,W2077570405
W2042692910,W2101225175
W2042692910,W2121025662
W2042692910,W2024046085
W2042692910,W2138408852
W2042692910,W2113410727
W2042692910,W2127559745
W2042692910,W2153243519
W2042692910,W1838764073
W2042692910,W2146904764
W2042692910,W2138448722
W2092157292,W2140886907
W2092157292,W2044591029
W2092157292,W2059885388
W2102074887,W2117734893
W2102074887,W2105685140
W2102074887,W2120831645
W2102074887,W2031028572
W2102074887,W2168226651
W2102074887,W1983970619
W2102074887,W1905539406
W2102074887,W2088198211
W2102074887,W2135273380
W2102074887,W2152240519
W2102074887,W1514707913
W2102074887,W2003397144
W2102074887,W1552055731
W2102074887,W2001755358
W2108102346,W2123510746
W2108102346,W2134233006
W2108102346,W2099779584
W2108102346,W2087638855
W2108102346,W2136334331
W2119160928,W2144898279
W2144673831,W1587094587
W2144673831,W2057765075
W2189465200,W2173213060
W2092663520,W2100556411
W1989589910,W2154748230
W2064076387,W2133665775
W1987431381,W2144042033
W1987431381,W2134000397
W1987431381,W2142289369
W1987431381,W2103317434
W2157427387,W2115988342
W2157427387,W2171762906
W1965125844,W2074682976
W1965125844,W2020925091
W1965125844,W2063978378
W1965125844,W2129131372
W1965125844,W2024046085
W2111635289,W2126049444
W2150769028,W2041823554
W2118550318,W2164452299
W2118550318,W2145096794
W2118550318,W2129131372
W2118550318,W2107861471
W2118550318,W4250955649
W2118550318,W2063978378
W2118550318,W2053186076
W2118550318,W2001141328
W2118550318,W2128659236
W2112615110,W2171707538
W2010699829,W1517555081
W2010143351,W2068719957
W2010143351,W2113168655
W2010143351,W2115217290
W2010143351,W2038702827
W2124596021,W2073279551
W2124596021,W2113168655
W2124596021,W2028871521
W2124596021,W1995031937
W2124596021,W2030769837
W2124596021,W2104057213
W2124596021,W2068719957
W2124596021,W2038702827
W2055424520,W2152240519
W2055424520,W2135273380
W2055424520,W2168226651
W1971445485,W2092509345
W1971445485,W1975390269
W1971445485,W2312070181
W1971445485,W2131454803
W2020332193,W2117734893
W2020332193,W2105685140
W2020332193,W2120831645
W2020332193,W2031028572
W2020332193,W2168226651
W2020332193,W1983970619
W2020332193,W2102074887
W2020332193,W1905539406
W2020332193,W2088198211
W2020332193,W2055424520
W2020332193,W2152240519
W2020332193,W1514707913
W2020332193,W2003397144
W2020332193,W1538825449
W2020332193,W1552055731
W2020332193,W2001755358
W2036193982,W2126049444
W2036193982,W2111635289
W2036193982,W2139577967
W2036193982,W2009187570
W2036193982,W2152849583
W2914053210,W2144852094
W2147875900,W2899497983
W2147875900,W2075884494
W2147875900,W1976579441
W2147875900,W1944901286
W2147875900,W2154748230
W2133535394,W2111558694
W2171468534,W4205184193
W2148540129,W2897971917
W2126129668,W1550443206
W1538825449,W2091393784
W1538825449,W2102074887
W1538825449,W1514707913
W1538825449,W2031028572
W2015113370,W1988837728
W2152849583,W2139577967
W2011095781,W2111271983
W2117756735,W2145096794
W2117756735,W2611328865
W2117756735,W4250955649
W2117756735,W2118550318
W2119862467,W2138019504
W2119862467,W2020925091
W2119862467,W2122825543
W2119862467,W2107861471
W2119862467,W2074682976
W2119862467,W1965125844
W2119862467,W2063978378
W2119862467,W2097360283
W2119862467,W2171033594
W2119862467,W4294541781
W2172156083,W2067191022
W2172156083,W2057175746
W2172156083,W2911964244
W2141584146,W2177274842
W2141584146,W2119605622
W2141584146,W2151103935
W2029941278,W2139577967
W2029941278,W3123974754
W2150166076,W2610335499
W2101420429,W2124637492
W2101420429,W2038195874
W2101420429,W2156737316
W2101420429,W2153624566
W2008668719,W2130403046
W2147768505,W2025768430
W2147768505,W2100495367
W2147768505,W4231109964
W2147768505,W2117130368
W2147768505,W2116064496
W2147768505,W2136922672
W2147768505,W1533861849
W2050345155,W2160697532
W2134291350,W2096684396
W2134291350,W3122178585
W2134291350,W3125688476
W2162838272,W1761052593
W2127169435,W2105685140
W2110953678,W1982300822
W2110953678,W3103362336
W3121315632,W3123091093
W3121315632,W4205184193
W2024306642,W2038702827
W2024306642,W2068719957
W2024306642,W2115217290
W2024306642,W2104057213
W2024306642,W2073279551
W2322232911,W2166244948
W2322232911,W2121817924
W2125065061,W2110052313
W2167727518,W2151165908
W2167727518,W2128158076
W2167727518,W2258584306
W2019655958,W2144673831
W2019655958,W2057765075
W2019655958,W1587094587
W2019655958,W2034562813
W2019655958,W2009435671
W3124131699,W3124166904
W2023668736,W3124091918
W2023668736,W2117513178
W2167151437,W44874218
W2167151437,W1971445485
W2167151437,W2131454803
W2167151437,W2312070181
W2155243985,W2061504941
W2159967578,W2139248078
W1997201895,W2121947440
W1997201895,W2103972604
W1997201895,W2129812935
W1997201895,W2611328865
W1997201895,W2145962650
W1997201895,W2129131372
W1994959046,W2132755931
W1994959046,W1504052325
W2113991966,W2099330597
W2113991966,W2002311592
W2113991966,W39941679
W2116323796,W2090330784
W2116323796,W2897971917
W2032254014,W2127890285
W2082187902,W2123871098
W2059646894,W2146577723
W2059646894,W2147746661
W2059646894,W2058998445
W2059646894,W2037511922
W3125449341,W2098685541
W3125449341,W1608836379
W3125449341,W1979422830
W3125449341,W2116305749
W2170702893,W1760829075
W2170702893,W2132555912
W2170702893,W2159929956
W2170702893,W1990134753
W2170702893,W2162010696
W2022731012,W2078792724
W2045683699,W2015688756
W2045683699,W2144288821
W2045683699,W2130479394
W2045683699,W2114367386
W2045683699,W2127522551
W2045683699,W2147993766
W2045683699,W2070753604
W2045683699,W2150981663
W2045683699,W1966078827
W2045683699,W255996521
W2126316555,W2168405694
W2110098148,W2085585287
W2110098148,W2066907097
W2110098148,W2107680164
W2030867075,W2135273380
W2030867075,W1979308046
W2030867075,W1631356911
W2030867075,W2764347725
W2022508996,W2110158442
W2022508996,W2113137767
W2022508996,W2143516773
W2022508996,W1999478155
W2022508996,W2138621090
W2113977541,W2132022337
W2113977541,W2011301426
W2113977541,W2120474334
W2113977541,W2101120467
W2163886442,W2164452299
W2163886442,W2063978378
W2163886442,W2128659236
W2163886442,W2160547390
W2163886442,W2153663612
W2163886442,W2078204800
W2163886442,W2145096794
W2163886442,W4250955649
W2163886442,W2056370875
W2163886442,W2135029798
W2163886442,W3143596294
W2163886442,W3149745985
W2006102096,W2159752439
W2006102096,W2166244948
W2006102096,W2145113795
W2006102096,W2125213524
W2004823737,W2003645630
W2004823737,W2112181056
W2004823737,W2045197688
W1526319989,W1541774929
W1526319989,W2112315008
W1526319989,W2033686454
W1526319989,W2157641482
W1526319989,W2002758482
W2141845152,W2144673831
W2141845152,W2129191002
W2141845152,W1517555081
W2141845152,W2030769837
W2141845152,W1587094587
W2168083201,W2121671360
W2168083201,W1543891416
W2081640113,W1965464747
W2081640113,W2057327293
W2109154308,W2118233996
W2109154308,W2144288821
W2109154308,W2161605421
W2109154308,W2021520922
W2109154308,W2130479394
W2109154308,W2150981663
W2040975718,W2161498332
W2002213000,W1986792585
W104184427,W2136922672
W104184427,W2100495367
W104184427,W1533861849
W104184427,W2147768505
W1966811787,W2007049610
W1966811787,W2100533358
W1966811787,W1568201516
W1966811787,W2098827790
W1966811787,W2112776483
W1966811787,W2033686454
W1966811787,W2139416101
W1966811787,W2009435671
W2060172488,W2010341850
W2060172488,W2101225175
W2060172488,W1989668498
W2060172488,W2176202464
W2060172488,W2131070146
W2060172488,W1974038018
W2060172488,W2176050019
W1971443733,W2084304524
W1971443733,W2147601077
W2138011018,W2162915993
W2138011018,W2151103935
W2138011018,W2168356304
W2138011018,W2161969291
W2138011018,W1625255723
W1984426948,W2074932610
W1984426948,W2129484434
W1984426948,W2010143351
W1984426948,W2113168655
W1984426948,W1995031937
W1984426948,W2038702827
W1984426948,W2024306642
W1984426948,W2115217290
W1984426948,W2068719957
W1984426948,W2073279551
W2110905563,W2171777347
W2110905563,W2124985265
W2110905563,W2170551349
W2110905563,W2103441770
W2110905563,W2112113834
W2110905563,W2141458291
W2110905563,W2097065948
W2110905563,W2152239989
W2110905563,W2130116522
W2110905563,W2108234281
W2110905563,W4247053599
W2110905563,W2168133698
W2110905563,W2120865735
W2110905563,W2170989872
W2110905563,W2114104545
W1978426240,W1905539406
W1978426240,W2102074887
W2075004202,W4242721106
W1986234982,W2168646330
W1986234982,W1815596065
W1993962865,W2132914434
W1993962865,W2129131372
W1993962865,W2145962650
W1993962865,W2611328865
W1993962865,W2118550318
W1993962865,W1997201895
W1993962865,W4292363360
W1993962865,W2129812935
W1993962865,W2165874743
W2127875809,W2148540129
W2127875809,W2144981148
W2127875809,W2161498332
W2127875809,W2331384579
W2127875809,W2897971917
W1977655452,W1986014385
W1977655452,W1663973292
W2141599568,W179875071
W2141599568,W2117130368
W2141599568,W2100495367
W2031557272,W2121607567
W1829634234,W2129660502
W2082977560,W2098923148
W2125948619,W2080283023
W2125948619,W2155066423
W2125948619,W2110835349
W2125948619,W2124351063
W2125948619,W2136879569
W2125948619,W2170747616
W2125948619,W2102883209
W2125948619,W2168696662
W2125948619,W2152885278
W2050160040,W2073279551
W2050160040,W2141125801
W2050160040,W2115217290
W2050160040,W2056795330
W2050160040,W1587094587
W1810694562,W2057477511
W1810694562,W2014166972
W1810694562,W2149655632
W1810694562,W2000770615
W1810694562,W2102182691
W2068849277,W2130403046
W2068849277,W2105103777
W2068849277,W1654805921
W2220999736,W2123871098
W3121545263,W3121716941
W2091254174,W2061141931
W1976985160,W4213367093
W1976985160,W2138630136
W2084304524,W2147601077
W2084304524,W1971443733
W2029413789,W2025444507
W2029413789,W1607198972
W2091808438,W2010699829
W2334658948,W2114118829
W2334658948,W2144574847
W2334658948,W2057327293
W2334658948,W1965464747
W2334658948,W2081640113
W2334658948,W2129970907
W2334658948,W2042468043
W2061548680,W2259938310
W2061548680,W2166810745
W2061548680,W2075320162
W2061548680,W1999746344
W2061548680,W2141831115
W2061548680,W2160333540
W2061548680,W3120421331
W2061548680,W2097065948
W2061548680,W2141458291
W2061548680,W2100305481
W2061548680,W2153635508
W2115607954,W2123343298
W2115607954,W2048377078
W2115607954,W2087638855
W2079457935,W2013932252
W2129484434,W2073279551
W2129484434,W2171137184
W2129484434,W2068719957
W2129484434,W2113168655
W2129484434,W1995031937
W2129484434,W2038702827
W2129484434,W2115217290
W2129484434,W2104057213
W1962572544,W2128500420
W1591013228,W2049159124
W1591013228,W1988050849
W1591013228,W3123722757
W1591013228,W2130892515
W2041311241,W2058122340
W2041311241,W2085093563
W2107832644,W44874218
W2107832644,W2312070181
W2107832644,W2167151437
W2168630917,W2125065061
W2168630917,W2110052313
W2168630917,W2114053580
W4293084779,W2110052313
W4293084779,W2010163891
W4293084779,W2107832644
W4293084779,W2321007701
W4293084779,W2122855609
W4293084779,W2148092884
W4293084779,W2062786076
W4293084779,W2162586165
W4293084779,W2117834225
W4293084779,W2125065061
W4293084779,W4255411484
W2102148524,W2039240409
W3037306418,W1979308046
W3037306418,W2132764286
W3037306418,W2163525631
W3037306418,W1984004232
W3020982786,W2039734130
W3020982786,W3133236490
W2033401964,W2065109455
W2283196293,W2117130368
W2283196293,W2103017472
W2126693856,W2163274894
W2126693856,W2138790588
W2126693856,W2046557060
W2121671360,W1543891416
W2024175762,W2032842297
W2024175762,W2059205366
W2024175762,W2327828477
W2024175762,W2131350133
W2024175762,W1969360633
W2024175762,W2166689829
W2024175762,W2145538332
W2149011208,W4293372203
W2149011208,W2989714602
W2149011208,W2105397247
W1908991493,W2038702827
W1908991493,W2010143351
W1908991493,W2172199324
W1975675278,W4214443
W2149933564,W2163605009
W2149933564,W2102605133
W2149933564,W2108598243
W2149933564,W2155893237
W2067652191,W1990415494
W2082432933,W2048377078
W2082432933,W1992865536
W2082432933,W2121607567
W2795835319,W2102074887
W2795835319,W2020332193
W2795835319,W1978426240
W2795835319,W1538825449
W2795835319,W2003397144
W2795835319,W2088198211
W2795835319,W1514707913
W2795835319,W2152240519
W2795835319,W1904914631
W2795835319,W2105685140
W2795835319,W2117734893
W2795835319,W1531935167
W2963977107,W3120740533
W2019759670,W4205184193
W2019759670,W2160660844
W2019759670,W2147880316
W2328906361,W2022085591
W2100739170,W2098685541
W2100739170,W1988050849
W2100739170,W3123722757
W2100739170,W2130892515
W2100739170,W2129484434
W2100739170,W1913957972
W2100739170,W2090552208
W2100739170,W2000380427
W2036785686,W2136922672
W2036785686,W4231109964
W2036785686,W2117130368
W2036785686,W2100495367
W2004014148,W2061680337
W2004014148,W2154431984
W2004014148,W2121211805
W2004014148,W2152239989
W2004014148,W2107794977
W2004014148,W2170024099
W2004014148,W2162088497
W2004014148,W2108718991
W2004014148,W2056279562
W2004014148,W2114104545
W2004014148,W2161163382
W2004014148,W2080283023
W2004014148,W2160697532
W2004014148,W1968105193
W2004014148,W4242702784
W2001965107,W1504052325
W2001965107,W2132755931
W2001965107,W1994959046
W2917837889,W2231156824
W2305278139,W2129660502
W2305278139,W2608014122
W1897139626,W2144981148
W1897139626,W2161498332
W1897139626,W2139168999
W1897139626,W1767470961
W1897139626,W2127875809
W2174561539,W2168646330
W1966716734,W2118978333
W1966716734,W2148143831
W1966716734,W2158698691
W1966716734,W1976526581
W1966716734,W2133990480
W1966716734,W2153635508
W1966716734,W2160697532
W1966716734,W2017426710
W2239486811,W2141846678
W1617495083,W2153947402
W1617495083,W2128985829
W1617495083,W2160450758
W1617495083,W4294216483
W1617495083,W2103017472
W2219888463,W2042281163
W1976441470,W2073279551
W1976441470,W2074932610
W1976441470,W2129484434
W1976441470,W4212838134
W1976441470,W2113168655
W1976441470,W2115217290
W1976441470,W2104057213
W1976441470,W2131568786
W2211722331,W1677182931
W2211722331,W2062118960
W2211722331,W2016053056
W2211722331,W2163605009
W2211722331,W1920022804
W2158592639,W3097096317
W2158592639,W2031489346
W2158592639,W2163352848
W2158592639,W2132103241
W2158592639,W2161969291
W2158592639,W2089961441
W2158592639,W2154889144
W2158592639,W2124351162
W1930824406,W2097073572
W1930824406,W2121927366
W1930824406,W2121058967
W1930824406,W2133665775
W919187098,W2135526934
W919187098,W2126840412
W919187098,W2008671681
W1866413456,W2124879124
W2147299002,W2119444539
W2147299002,W2035839217
W2147299002,W2124166542
W2147299002,W2161339576
W2147299002,W2124020140
W2147299002,W2060891246
W2147299002,W2125092464
W2147299002,W1619623942
W2147299002,W2121512231
W2147299002,W2141042406
W2147299002,W2098126593
W2147299002,W2158489424
W2147299002,W2500486957
W2001979953,W2109364787
W2001979953,W2061438946
W2001979953,W2143560894
W2001979953,W1976744965
W2001979953,W2072955302
W2001979953,W2152195021
W2001979953,W2096166399
W2031183907,W2152195021
W2031183907,W2072955302
W2031183907,W4292083457
W2031183907,W2143560894
W2031183907,W2096166399
W2031183907,W2061438946
W2031183907,W2001979953
W2031183907,W2145479420
W1982518595,W2122511023
W1982518595,W2028999185
W1982518595,W2107680164
W1982518595,W2939474406
W1982518595,W2069306629
W414544266,W2061438946
W414544266,W2109364787
W414544266,W2145113795
W414544266,W2143560894
W414544266,W2001979953
W414544266,W2031183907
W414544266,W2165171393
W414544266,W2152195021
W414544266,W2096166399
W414544266,W2125213524
W414544266,W2125899728
W414544266,W2126105956
W414544266,W2287814884
W1767470961,W2161498332
W2559732081,W2098923148
W2209976290,W2098685541
W2209976290,W1979422830
W2195423816,W2054692642
W1963882359,W2108598243
W1963882359,W2163605009
W1819467863,W2948928365
W1819467863,W2118338381
W1560020441,W2138550913
W1560020441,W2143426320
W2138071797,W2098685541
W2138071797,W1988050849
W2138071797,W2130892515
W2138071797,W2100739170
W2138071797,W2105846236
W2138071797,W1913957972
W2138071797,W2116305749
W2138071797,W2948928365
W2138071797,W4236523229
W1559136758,W4211068006
W1559136758,W2031533839
W1559136758,W2159024459
W2161701454,W2126930838
W2109031474,W2155243985
W2109031474,W2156098321
W2412976663,W2170021941
W2265846598,W2251939518
W2265846598,W2141599568
W2265846598,W2100495367
W2197824282,W2057327293
W2197824282,W2144574847
W2197824282,W2075511306
W2197824282,W1629273100
W2197824282,W2114118829
W2197824282,W2011472471
W2915478882,W2163188200
W2915478882,W2097995306
W2915478882,W2231156824
W1909359706,W1976579441
W1909359706,W1944901286
W1909359706,W2075884494
W2302003756,W2077618811
W2465587637,W2100673825
W2465587637,W3133236490
W2284386481,W2067404301
W2284386481,W2119366833
W2481029670,W2140952049
W2481029670,W2090037139
W2481029670,W1973062929
W1990869665,W2128881154
W1990869665,W2128158076
W1990869665,W1858542512
W1990869665,W2167727518
W2963641381,W2556784265
W2216946510,W4231109964
W2216946510,W2911964244
W2216946510,W2139086914
W2216946510,W1520812622
W2216946510,W2056132907
W2216946510,W2143426320
W2216946510,W2123998733
W2216946510,W2161548576
W2216946510,W2172156083
W2216946510,W2143481518
W2216946510,W1988195734
W2216946510,W273955616
W2216946510,W2173213060
W2524597629,W2129660502
W2524597629,W2305278139
W2524597629,W1780778418
W2469775770,W2005532382
W2469775770,W2089871805
W2469775770,W2118338381
W1534181333,W1537972189
W1534181333,W2170892587
W2475334473,W2194775991
W2475334473,W2146502635
W2282942319,W2322232911
W2408017125,W1568390176
W2519132385,W229097380
W1904914631,W2117734893
W1904914631,W2105685140
W1904914631,W2031028572
W1904914631,W2168226651
W1904914631,W1983970619
W1904914631,W2102074887
W1904914631,W1905539406
W1904914631,W2088198211
W1904914631,W2141708961
W1904914631,W2055424520
W1904914631,W2152240519
W1904914631,W1514707913
W1904914631,W2020332193
W1904914631,W1978426240
W1904914631,W2003397144
W1904914631,W1538825449
W1904914631,W1552055731
W2468221858,W2087484885
W2562637781,W2155893237
W2562637781,W2133665775
W2562637781,W1580389772
W2562637781,W1677182931
W2167344400,W2049159124
W2167344400,W2138071797
W2167344400,W2130892515
W2167344400,W2105846236
W2167344400,W2100739170
W2342540743,W2004549986
W2342540743,W2071841602
W2342540743,W2162088497
W2342540743,W2125784987
W2342540743,W2131186249
W2342540743,W2032230795
W2342540743,W2128769815
W2342540743,W2023506796
W2342540743,W2166171121
W2342540743,W2115701239
W2342540743,W2157107905
W2342540743,W2136879569
W2342540743,W2152885278
W2342540743,W2088833470
W2342540743,W2158804744
W2338318698,W2148143831
W2338318698,W2118978333
W2338318698,W2104933073
W2562319768,W2148143831
W2562319768,W2118978333
W2562319768,W2111072639
W2562319768,W2062118960
W2562319768,W2998216295
W2562319768,W1678356000
W2419228228,W44874218
W2419228228,W2131454803
W2419228228,W1971445485
W2419228228,W2167151437
W2419228228,W2107832644
W2419228228,W2312070181
W2342577284,W2151692850
W2342577284,W2148698435
W2342577284,W2141052558
W2517744317,W4248175462
W2306115793,W2152195021
W2306115793,W1993885071
W2306115793,W1976744965
W2306115793,W1999284878
W4246715751,W3121630491
W2257937122,W2161685427
W2257937122,W1631356911
W2754054868,W2105397247
W2754054868,W4293084779
W2765081049,W2252795400
W2765081049,W2766754978
W2765081049,W2167572849
W2765081049,W1909359706
W2735301415,W2293040502
W2735301415,W2408017125
W2735301415,W1568390176
W3100789280,W2145339207
W3100789280,W2257979135
W3100789280,W2155968351
W3100789280,W2963864421
W3100789280,W2099471712
W3100789280,W2158782408
W3100789280,W2121863487
W2559394418,W2764347725
W2559394418,W1631356911
W2604319603,W2160815625
W2604319603,W1019830208
W2604319603,W2097117768
W2604319603,W2531409750
W2604319603,W2183341477
W2604319603,W2257979135
W2604319603,W2581082771
W2604319603,W2138913040
W2604319603,W2155893237
W2604319603,W1677182931
W2604319603,W2117539524
W2604319603,W2194775991
W2604319603,W2102605133
W2604319603,W2163605009
W2604319603,W1665214252
W2952615074,W2050345155
W2595629513,W2138071797
W2595629513,W2130892515
W2595629513,W2105846236
W2595629513,W2167344400
W2595629513,W2100739170
W2595629513,W2038702827
W2595629513,W2131568786
W3037447387,W3037306418
W3037447387,W2164452299
W3037447387,W1981983416
W3037447387,W2168676717
W3037447387,W2764347725
W3037447387,W1631356911
W2558748708,W2138621090
W2558748708,W2153624566
W2558748708,W2053186076
W2558748708,W2097308346
W2558748708,W2001141328
W2558748708,W2168356304
W2558748708,W2127048411
W2558748708,W2160815625
W2558748708,W2022508996
W2558748708,W2145287260
W2558748708,W2110953678
W2558748708,W2101491865
W2558748708,W2132914434
W2558748708,W2116341502
W2558748708,W2054141820
W2558748708,W1988037271
W2558748708,W1019830208
W2558748708,W2187089797
W2558748708,W2194775991
W2558748708,W1920022804
W2766754978,W2252795400
W2766754978,W2765081049
W2766754978,W2167572849
W2766754978,W1976579441
W2766754978,W1909359706
W2560474170,W2296073425
W2764072425,W2159024459
W2750168540,W2075950485
W2750168540,W2144512297
W2750168540,W2105321265
W2750168540,W2109305774
W2750168540,W2113373290
W2963466847,W2145287260
W2963466847,W2194775991
W2963466847,W2138621090
W2963466847,W2097117768
W2963466847,W2117553576
W2963466847,W2325939864
W2963466847,W2106053110
W2963466847,W2155893237
W2963466847,W2163605009
W2721771326,W2067404301
W2582550385,W2162896254
W2582550385,W3133236490
W2573137292,W2169245194
W2573137292,W2165171393
W2573137292,W2126105956
W2573137292,W2109364787
W2573137292,W2145113795
W2573137292,W2152195021
W2573137292,W2131613989
W2573137292,W2543580944
W2573137292,W2165299997
W2744904120,W2073279551
W2744904120,W1976441470
W2744904120,W1984426948
W2744904120,W2038702827
W2744904120,W2115217290
W2744904120,W2104057213
W3123015728,W2892380133
W3123015728,W2144383963
W2752698709,W1984953206
W2893425640,W2250539671
W2585392941,W1997188340
W2585392941,W2061438946
W2585392941,W2072955302
W2585392941,W2001979953
W2585392941,W2109364787
W2585392941,W1976744965
W2597150627,W2038194220
W2598320237,W2081334206
W2598320237,W2112315008
W2598320237,W2100533358
W2598320237,W1568201516
W2598320237,W4294541781
W2598320237,W1966811787
W2598320237,W2033686454
W2598320237,W2139416101
W2598320237,W2097360283
W2949223833,W1031578623
W2949223833,W2161605421
W2605102758,W2145339207
W2605102758,W2158782408
W2605102758,W2149933564
W2962851801,W2097117768
W2962851801,W1677182931
W2962851801,W2194775991
W2962851801,W2102605133
W2962851801,W2163605009
W2962851801,W104184427
W2208550830,W2911964244
W2208550830,W2084341220
W2208550830,W273955616
W2952757700,W2019655958
W2952757700,W1951724000
W2952757700,W2101971030
W2753160622,W2194775991
W2753160622,W2146502635
W2772803673,W2065974896
W2750615195,W2140092196
W2750615195,W2020155291
W2750615195,W2010049072
W2574952845,W2194775991
W2574952845,W2115706991
W2574952845,W1963882359
W2574952845,W2508457857
W2574952845,W1885185971
W2574952845,W2242218935
W2574952845,W2100556411
W2574952845,W4292363360
W2574952845,W2117539524
W2574952845,W2102605133
W2574952845,W2142058898
W2574952845,W2145096794
W2574952845,W2101675075
W2574952845,W2163605009
W2560722161,W2143668817
W2595653137,W2099813784
W2592084954,W2131681506
W2592084954,W2128366083
W2592084954,W2089458547
W2592084954,W2095293504
W2592084954,W2150220236
W2526050071,W2016053056
W2526050071,W2108598243
W2526050071,W2163605009
W2526050071,W1665214252
W2526050071,W2095705004
W2526050071,W2194775991
W2526050071,W2183341477
W2895926103,W2168083201
W2898962279,W2120160157
W2898962279,W2163816695
W2898962279,W2127170577
W2898962279,W2101108516
W2898962279,W2117779820
W2898962279,W2112776483
W2898962279,W2024966118
W2898962279,W1997065014
W2898962279,W2017559255
W2898962279,W2237880282
W2898962279,W2029604816
W2898962279,W1981213426
W2898962279,W1982518595
W2898962279,W2614464134
W2898962279,W1867005924
W2898962279,W1989839776
W2611395271,W2117734893
W2611395271,W2120831645
W2611395271,W2031028572
W2611395271,W1983970619
W2611395271,W2102074887
W2611395271,W1905539406
W2611395271,W2795835319
W2611395271,W2123510746
W2611395271,W2105685140
W2611395271,W2058122340
W2611395271,W1514707913
W2611395271,W2020332193
W2611395271,W1978426240
W2611395271,W1538825449
W2611395271,W1552055731
W2611395271,W2001755358
W2807649309,W2627871710
W2807649309,W2231156824
W2897529137,W1536680647
W2897529137,W2102605133
W2897529137,W2150066425
W2897529137,W2884561390
W2789758093,W2911964244
W2789758093,W1678356000
W2789758093,W2070493638
W2789758093,W2056132907
W2789758093,W2095705004
W2789758093,W2161289668
W2774320778,W639708223
W2774320778,W2097117768
W2774320778,W2194775991
W2962749812,W2277195237
W2962749812,W2097117768
W2962749812,W639708223
W2962749812,W2108598243
W2962749812,W2194775991
W2962749812,W2031489346
W2962749812,W2570343428
W2784327149,W1867005924
W2784327149,W1989120577
W2784327149,W2120496201
W2784327149,W1995047010
W2784327149,W1966334841
W2784327149,W2112776483
W2784327149,W2614464134
W2784327149,W2530960585
W2784327149,W2106632946
W2784327149,W2133488074
W2784327149,W2029604816
W2784327149,W2086710305
W2784327149,W2031027346
W2900619723,W1829634234
W2900619723,W2305278139
W2900619723,W2754799758
W2900619723,W2129660502
W2900619723,W2524597629
W2900619723,W2142225512
W2900619723,W2156098321
W2900619723,W1780778418
W2900619723,W2149868499
W2900619723,W4235278727
W2963677766,W2117130368
W2963677766,W2067191022
W2963677766,W2340897893
W2963677766,W1905829557
W2963677766,W2102605133
W2963677766,W2194775991
W2963677766,W2117248802
W2963677766,W2412782625
W2963677766,W2560647685
W2963677766,W2560023338
W2781491230,W1531935167
W2781491230,W1978426240
W2964243274,W2095705004
W2963367478,W2194775991
W2963367478,W2054141820
W2963367478,W2095705004
W3125498346,W2892380133
W2462099493,W2132555912
W2462099493,W2162896254
W2462099493,W2125910575
W2462099493,W2020925091
W2462099493,W1897139626
W2462099493,W2112615110
W2462099493,W1913957972
W2462099493,W2159675211
W2462099493,W3133236490
W2462099493,W2582550385
W2462099493,W229097380
W2728059831,W2146502635
W2728059831,W1832693441
W2728059831,W2163605009
W2728059831,W2095705004
W2728059831,W2183341477
W2728059831,W2097117768
W2728059831,W2194775991
W2890701797,W2577537660
W2892230460,W2154610441
W4255677297,W4210702584
W4255677297,W2132629607
W2811266402,W2105103777
W2811266402,W2038194220
W2811266402,W1982627164
W2811266402,W2134295053
W2811266402,W2111619626
W2888728157,W1976526581
W2888728157,W2158698691
W2888728157,W2118978333
W2888728157,W1966716734
W2888728157,W2170505850
W2891230948,W1498057507
W2962727772,W2161969291
W2962727772,W2146502635
W2962727772,W2577537660
W2962727772,W2899771611
W2962727772,W2963977107
W2963323070,W2963748441
W2952113787,W2559028527
W2952113787,W2510973425
W2952113787,W2171777347
W2952113787,W2119279196
W2952113787,W2107916366
W2952113787,W2096791516
W2952113787,W2104549677
W2952113787,W2511515754
W2952113787,W1992436001
W2952113787,W2217809488
W2907554860,W2082977560
W2786808285,W2136922672
W2786808285,W2165698076
W2786808285,W2962793481
W2786808285,W4231109964
W2786808285,W2163605009
W2786808285,W2097117768
W2786808285,W2102605133
W2786808285,W2145287260
W2786808285,W2194775991
W2786808285,W639708223
W2786808285,W2099471712
W2786808285,W2145094598
W2786808285,W2475287302
W2786808285,W2593768305
W2786808285,W2603777577
W2786808285,W2612690371
W2888648656,W2597150627
W2888648656,W2056795330
W2790056669,W2102074887
W2790056669,W2020332193
W2790056669,W1904914631
W2790056669,W1531935167
W2790056669,W2795835319
W2790056669,W2781491230
W2790056669,W4211161891
W2989617484,W2890695304
W4211161891,W2611395271
W4211161891,W3037306418
W4211161891,W2117734893
W4211161891,W2105685140
W4211161891,W1904914631
W4211161891,W1983970619
W4211161891,W2102074887
W4211161891,W2088198211
W4211161891,W2795835319
W4211161891,W2152240519
W4211161891,W1514707913
W4211161891,W2020332193
W4211161891,W1978426240
W4211161891,W1531935167
W4211161891,W1538825449
W4211161891,W2790056669
W2913450733,W2109006689
W2944339144,W2468221858
W2944339144,W2087160026
W2949708697,W2570343428
W2949708697,W2897529137
W2949708697,W2150066425
W2949708697,W2211722331
W2949708697,W2560609797
W2949708697,W2884561390
W2949708697,W639708223
W2949708697,W1536680647
W2922509574,W2117539524
W2922509574,W2601564443
W2922509574,W1677182931
W2922509574,W2194775991
W2922509574,W2549139847
W2922509574,W2097117768
W2922509574,W2183341477
W2922509574,W2963420686
W2922509574,W1665214252
W2922509574,W2163605009
W2981689412,W2340897893
W2981689412,W2601564443
W2981689412,W2194775991
W2981689412,W2412782625
W2981689412,W2560023338
W2981689412,W2955058313
W2962974533,W2593414223
W2962974533,W2962793481
W2962974533,W2340897893
W2962974533,W2194775991
W2962974533,W2603777577
W2962974533,W2412782625
W2962974533,W2963800363
W2962974533,W2099471712
W2962974533,W2163605009
W2962974533,W2739748921
W2962974533,W2963981733
W2988916019,W2057175746
W2988916019,W2412782625
W2988916019,W2531409750
W2988916019,W2601564443
W2988916019,W2108598243
W2988916019,W2989604896
W2988916019,W2037227137
W2988916019,W2031489346
W2988916019,W2168356304
W2988916019,W1536680647
W2988916019,W2102605133
W2988916019,W2962949934
W2988916019,W1677182931
W2988916019,W2194775991
W2988916019,W2100495367
W2988916019,W2155893237
W2988916019,W2163605009
W2988916019,W2162915993
W2988916019,W2151103935
W2988916019,W2177274842
W2988916019,W2163352848
W2988916019,W2062118960
W2988916019,W2570343428
W2988916019,W639708223
W2988916019,W2117539524
W2988916019,W2395611524
W2988916019,W2916798096
W2988916019,W2097117768
W2988916019,W2183341477
W2988916019,W2164598857
W2988916019,W2962749812
W2988916019,W2549139847
W2988916019,W2295107390
W2988916019,W2161969291
W2988916019,W2274287116
W2988916019,W1920022804
W2988916019,W2131846894
W2988916019,W1625255723
W2988916019,W2088049833
W2988916019,W2963420686
W2936503027,W2338318698
W2936503027,W2118978333
W2936503027,W1976526581
W2936503027,W2148143831
W2936503027,W2136922672
W2936503027,W2117539524
W2936503027,W2183341477
W2936503027,W2108598243
W2936503027,W2102605133
W2936503027,W2194775991
W2936503027,W2111072639
W2936503027,W1834627138
W2936503027,W2110158442
W2936503027,W2559655401
W2936503027,W2899771611
W2903871660,W2101491865
W2903871660,W2194775991
W2950750906,W2138071797
W2950750906,W2905811773
W2950750906,W2105846236
W2950750906,W2116305749
W2984353870,W2962756421
W2984353870,W2136922672
W2984353870,W2163605009
W2984353870,W2114524997
W2984353870,W2053186076
W2984353870,W2095705004
W2984353870,W2025768430
W2984353870,W2129812935
W2984353870,W2154455818
W2984353870,W2402144811
W2984353870,W1663973292
W2984353870,W3120740533
W2984353870,W2899771611
W2984353870,W2099471712
W2984353870,W2139823104
W2963691377,W2097117768
W2963691377,W2117539524
W2963691377,W2194775991
W2963691377,W2148143831
W2963691377,W2108598243
W2963691377,W2118978333
W2963691377,W2163605009
W2963691377,W2884561390
W2963691377,W2104933073
W2963691377,W2402144811
W2923537029,W2029413789
W2923537029,W2025444507
W2923537029,W2559394418
W2923537029,W2558748708
W2923537029,W4250955649
W2923537029,W2127048411
W2923537029,W2116064496
W2923537029,W2257937122
W2923537029,W2132914434
W2923537029,W2559655401
W2923537029,W2612690371
W2923537029,W2121863487
W2923537029,W2764347725
W2923537029,W1631356911
W2923537029,W2963819344
W2909055311,W2162020807
W2909055311,W2122463941
W4211141710,W1944901286
W4211141710,W4288079944
W4211141710,W1909359706
W2948978827,W1677182931
W2948978827,W2099471712
W2948978827,W2117539524
W2948978827,W2097117768
W2948978827,W2145094598
W2948978827,W2194775991
W2968923792,W2257979135
W2968923792,W1677182931
W2968923792,W1992985800
W2968923792,W2319902168
W2968923792,W2302501749
W2968923792,W2029413789
W2968923792,W2025444507
W2968923792,W2194775991
W2968923792,W2116341502
W2968923792,W2015197254
W2968923792,W2164452299
W2968923792,W2127271355
W2968923792,W2911964244
W2968923792,W2056132907
W2968923792,W1678356000
W2968923792,W2100495367
W2968923792,W2963470893
W2968923792,W2006102096
W2968923792,W2395579298
W2968923792,W1787224781
W2968923792,W2085093563
W2968923792,W2102074887
W2968923792,W2122825543
W2968923792,W2147993766
W2968923792,W2163605009
W2968923792,W2099471712
W2968923792,W2899771611
W2968923792,W2128659236
W2968923792,W2126316555
W2968923792,W2095705004
W2985845430,W2061438946
W2985845430,W4292083457
W2985845430,W2738900493
W2985845430,W2072955302
W2985845430,W1999284878
W2985845430,W1565746575
W2985845430,W2109364787
W2914665624,W2148991217
W2914665624,W2737217596
W2914665624,W2051121620
W2914665624,W2037496050
W2914665624,W2171675471
W2928133111,W2412782625
W2928133111,W2146502635
W2928133111,W2274287116
W2928133111,W2194775991
W2928133111,W2163605009
W2928133111,W2183341477
W2928133111,W2402144811
W2928133111,W2560023338
W2928133111,W2097117768
W2940726923,W2100495367
W2940726923,W2136922672
W2940726923,W2160815625
W2940726923,W2163605009
W2940726923,W2253429366
W2940726923,W2147555557
W2940726923,W2194775991
W2955316307,W2911964244
W2955316307,W1981213426
W2955316307,W2588003345
W2955316307,W2614464134
W2955316307,W2115247641
W4205170775,W2302501749
W4205170775,W2082704080
W2952218014,W2531409750
W2952218014,W1677182931
W4252846263,W2582561810
W4252846263,W3123091093
W2963231572,W2160821342
W2963231572,W2194775991
W2963231572,W2211722331
W2963231572,W2560609797
W2963231572,W2163605009
W2963231572,W1920022804
W2963231572,W2979750740
W2964023906,W2031834036
W2906202305,W4241996101
W2970602317,W2911964244
W2970602317,W2070493638
W2970602317,W2125213524
W2970602317,W1930624869
W2908740848,W2102213705
W2950372712,W1984883254
W2950372712,W2951799803
W2950372712,W2131681506
W2950372712,W2151936673
W2950372712,W2889326414
W2950372712,W2766437506
W2950372712,W2069089843
W2950372712,W2800392236
W2950372712,W2187089797
W2962721361,W2549139847
W2962721361,W2194775991
W2962721361,W2570343428
W2962721361,W2102605133
W2962721361,W1536680647
W2962721361,W2963677766
W2962721361,W2899771611
W2962721361,W2884561390
W2962721361,W639708223
W2942286908,W2129660502
W2942286908,W2305278139
W2942286908,W1547450212
W2954017678,W2016660511
W4288079944,W2765081049
W4288079944,W2075884494
W4288079944,W1944901286
W4288079944,W4211141710
W4288079944,W1909359706
W3009963727,W2302003756
W3009963727,W1985213644
W3009963727,W2231156824
W3162195278,W2105397247
W3162195278,W2754054868
W3162195278,W2888765847
W3162195278,W2899669642
W3014974411,W2031183907
W3014974411,W2232317135
W3014974411,W2061438946
W3014974411,W883434633
W3014974411,W2919979744
W3014974411,W2143560894
W3014974411,W2290883490
W3014974411,W2738900493
W3014974411,W2009543464
W2998508940,W2163605009
W2998508940,W2095705004
W2998508940,W2183341477
W2998508940,W2549139847
W2998508940,W2194775991
W2998508940,W2204750386
W2998508940,W2031489346
W3097777922,W1494198834
W3097777922,W2936774411
W3097777922,W2095705004
W3008735797,W2016168218
W3008735797,W2085093563
W3008735797,W2044591029
W3008735797,W2092157292
W3008735797,W2003193361
W3008735797,W2096747776
W3008735797,W2028056984
W4243164716,W3121722945
W3011104345,W4292083457
W3011104345,W2738900493
W3011104345,W2061438946
W3011104345,W2072955302
W3011104345,W1976744965
W3011104345,W2109364787
W3012413426,W2130373985
W3012413426,W2122825543
W3012413426,W2907554860
W3005886336,W2075004202
W3005886336,W2007826806
W3023639742,W2129660502
W3023639742,W2524597629
W3025800305,W2108598243
W3025800305,W2549139847
W3025800305,W2163605009
W3025800305,W2194775991
W3025800305,W1533861849
W3025800305,W2899771611
W3025800305,W2097117768
W3025800305,W2412782625
W3025800305,W2560023338
W3006234984,W2150345533
W3006234984,W2149655632
W3006234984,W2119547517
W3006234984,W2319902168
W3039448353,W3034314779
W3039448353,W2897529137
W3039448353,W2211722331
W3039448353,W2963231572
W3039448353,W2097117768
W3039448353,W2152864241
W3039448353,W2979750740
W3039448353,W3012494314
W3039448353,W2949708697
W3039448353,W2067191022
W3039448353,W2057175746
W3039448353,W2988916019
W3039448353,W2560609797
W3039448353,W1920022804
W3042009104,W2114003275
W2931388211,W2577537660
W2931388211,W2011301426
W2931388211,W2146292423
W2931388211,W2157917411
W3034314779,W2897529137
W3034314779,W2963231572
W3034314779,W2150066425
W3034314779,W2884561390
W3034314779,W2949708697
W3034314779,W2560609797
W3034314779,W2979750740
W3035731588,W2962793481
W3035731588,W2133665775
W3035731588,W2102166818
W3012494314,W2194775991
W3012494314,W2160821342
W3012494314,W2979750740
W3012494314,W3039448353
W3012494314,W2560609797
W3012494314,W2963231572
W3013529009,W2121058967
W3013529009,W1885185971
W3013529009,W2242218935
W3013529009,W2963470893
W3013529009,W1930824406
W3013529009,W2108598243
W3013529009,W2296073425
W3013529009,W2133665775
W3013529009,W1834627138
W3013529009,W2037227137
W3013529009,W2121927366
W3013529009,W2172156083
W3013529009,W2110158442
W3013529009,W2102166818
W3013529009,W1580389772
W3013529009,W2964101377
W3013529009,W2194775991
W3013529009,W2476548250
W3013529009,W2097117768
W3013529009,W2562637781
W3013529009,W2475287302
W3013529009,W2593414223
W3013529009,W2962793481
W3013529009,W2531409750
W3013529009,W2549139847
W3013529009,W2560023338
W3013529009,W2963420686
W3013529009,W2099471712
W3013529009,W2739748921
W3032942076,W2147200107
W3032942076,W2044579390
W3032942076,W2090330784
W3032942076,W2118338381
W3048882402,W1609491364
W3048882402,W4211135859
W3048882402,W1973333099
W3048882402,W1600897084
W2998847955,W2899283552
W2998847955,W1533861849
W2998847955,W2612690371
W3013998503,W1708393801
W3004912618,W3003668884
W3004912618,W3002539152
W3004912618,W3004397688
W2138821455,W2896548965
W2138821455,W3157407122
W3040739689,W2338049369
W3040739689,W2128342866
W3040739689,W2124437404
W3040739689,W2121745948
W3040739689,W1867005924
W3099011804,W3032971139
W3099011804,W3010131837
W3099011804,W3012284084
W3047443805,W2163886442
W3034600949,W2962974533
W3034600949,W2963470893
W3034600949,W2603777577
W3034600949,W2962793481
W3034600949,W2963981733
W3048501727,W1979440117
W3048501727,W2193503481
W3048501727,W2151328940
W3048501727,W2115247641
W3048501727,W2062217294
W3048501727,W2171984413
W3048501727,W2337225114
W3048501727,W2195453830
W3048501727,W2024966118
W3000852548,W1514707913
W3000852548,W2102074887
W3000852548,W2020332193
W3000852548,W2001755358
W3000852548,W2120831645
W3088521497,W2107018762
W3088521497,W2107665951
W3088521497,W2114104545
W3088521497,W2179438025
W3088521497,W2137526110
W3088521497,W2130116522
W3088521497,W2169353806
W2999365684,W2765081049
W2999365684,W2766754978
W2999365684,W2971836485
W2999365684,W2167572849
W2999365684,W2135625048
W2999365684,W2011301426
W2999365684,W2931388211
W2999365684,W1909359706
W2161586297,W1983786851
W2041483208,W1857591892
W2026317156,W2018482968
W2026317156,W2034562813
W1966396962,W1977212456
W2138408852,W2127559745
W2145808276,W1505543708
W2146377630,W2163606831
W2146377630,W2338049369
W2146377630,W2155069722
W2146377630,W2144653885
W2018482968,W1993814425
W2006959528,W3010932768
W2066678696,W2098384066
W2066678696,W2119744638
W2083919264,W2121981479
W2138017294,W2105348794
W2078517784,W2026317156
W2078517784,W2018482968
W2078517784,W1993814425
W2012247153,W1993814425
W1965765914,W2025415734
W2156748700,W2013527739
W2084845442,W2145808276
W2084845442,W2013527739
W2016709145,W2158521569
W2132874271,W2013527739
W2098384066,W2045465689
W2098384066,W2066678696
W2098384066,W2046779413
W2137336591,W2047744778
W2137336591,W2161783224
W2038044415,W2162686899
W2127437631,W181107242
W1488616880,W2146377630
W1989668498,W2012407814
W2094917916,W2075673711
W2108744281,W2174069807
W2108744281,W2159758382
W2168173042,W2112775986
W2167929905,W2045465689
W2167929905,W2026317156
W2167929905,W2018482968
W2167929905,W1560749659
W2167929905,W1993814425
W2167929905,W2012247153
W2167929905,W2098384066
W2054119472,W2078517784
W2054119472,W2062667641
W2121025662,W2024046085
W2121025662,W2138408852
W2121025662,W2127559745
W2061328952,W2006959528
W2146904764,W1918072595
W2146904764,W2127559745
W2146904764,W2272473773
W2146904764,W2148185586
W2146904764,W2137046486
W2146904764,W181107242
W2144653885,W2338049369
W2144653885,W2163606831
W1985949400,W2133488074
W2018680235,W1560749659
W2018680235,W2098384066
W2018680235,W2045465689
W136628441,W2159758382
W1963529460,W2062667641
W2122781082,W4211019019
W2122781082,W2060680089
W2114892242,W2137336591
W2153243519,W2138408852
W2080192596,W1965765914
W2120700469,W2062667641
W2152928439,W2012407814
W2152928439,W2150897391
W2163410149,W2111947859
W2070685888,W2046654411
W1970672417,W4214551560
W2095833674,W1963529460
W2273297058,W181107242
W2136408596,W2167929905
W2136408596,W2078517784
W2136408596,W2012247153
W2136408596,W2105348794
W2046654411,W2070685888
W2107409402,W2062667641
W1895164393,W2144311540
W2006165291,W1977212456
W2006165291,W2176202464
W2006165291,W2062667641
W2042533040,W2120321951
W2022548072,W2096533595
W2144042033,W2134351926
W2144042033,W2168173042
W2034672914,W2012407814
W2034672914,W2132874271
W2060012482,W1636092099
W2060012482,W2062667641
W2134289299,W2160252043
W2134289299,W2161783224
W2134289299,W2133488074
W2138644576,W1970672417
W2138644576,W2046779413
W2138644576,W2119744638
W2138644576,W2018680235
W2097004990,W2112863519
W2097004990,W2148185586
W2131022626,W2114892242
W2131022626,W1918072595
W2131022626,W2058662258
W2169715400,W2103948957
W2169715400,W2006959528
W2096409528,W2338049369
W2096409528,W2156748700
W2096409528,W2163606831
W2096409528,W2013527739
W2096409528,W2144653885
W2072093516,W2121025662
W2072093516,W2113410727
W2072093516,W2138448722
W2161241309,W2068371905
W2161241309,W2153763028
W2082291024,W2012407814
W2102948292,W2044499383
W2179095720,W2012407814
W2179095720,W2080192596
W2179095720,W3010932768
W2114701864,W2138644576
W2114701864,W2066678696
W1999347518,W2061609397
W2116782162,W2120321951
W2001890098,W2260624936
W1977822381,W2058330204
W2135782871,W1982901688
W2085072564,W2112775986
W2085072564,W2101280078
W2085072564,W2049852912
W2093267972,W2107409402
W2093267972,W2062667641
W2075702351,W1984412649
W2160537686,W2103948957
W2160537686,W2121981479
W2160537686,W2083919264
W2139562946,W2130256070
W2139562946,W2260624936
W2164215496,W2137336591
W2164215496,W2260624936
W2164215496,W2162686899
W1996950224,W1982901688
W2100866593,W2097705442
W2100401723,W2338049369
W2137169911,W1560749659
W2137169911,W2119744638
W2137169911,W2018680235
W2049377387,W2008668438
W2049377387,W2114701864
W2049377387,W2062667641
W2066459710,W2041483208
W2066459710,W1857591892
W2066459710,W2110406941
W2157462758,W2159758382
W2157462758,W2156101426
W2157462758,W2137336591
W2157462758,W1505543708
W2142289369,W2083919264
W2142289369,W2112775986
W2142289369,W2121981479
W2142289369,W2169715400
W2142289369,W2103948957
W2142289369,W2274815048
W2125360150,W1895164393
W2125360150,W2037766564
W2125360150,W4231736634
W2125360150,W1963841973
W1496684753,W1918072595
W1496684753,W2198847224
W1496684753,W2129974232
W1496684753,W2160252043
W1496684753,W2103948957
W1496684753,W2133946740
W2008668438,W2130256070
W2008668438,W2044829309
W2008668438,W1963529460
W2008668438,W1977212456
W2164231461,W2045465689
W2164231461,W2044499383
W2164231461,W2136408596
W2164231461,W2018680235
W2164231461,W2119744638
W2164231461,W2046779413
W2164231461,W2102948292
W2056316433,W2042254650
W2092645526,W1588827410
W2092645526,W2119132330
W1998515817,W2127559745
W1998515817,W2036025531
W2161815745,W2163410149
W2161815745,W2111947859
W2161815745,W2056352756
W2139610873,W1525882651
W2129031626,W2105348794
W2147423506,W2338049369
W2147423506,W2113410727
W2147423506,W2002311592
W2147423506,W2153243519
W2147423506,W2034672914
W2147423506,W2062667641
W2068375361,W2060012482
W2068375361,W1969184914
W2068375361,W1636092099
W2119567434,W2112775986
W2119567434,W2168173042
W2119567434,W1525882651
W2001564322,W2127437631
W2068264411,W2040085089
W2099196698,W2114701864
W2099196698,W2138644576
W2110659496,W2161783224
W2110659496,W2138408852
W2110659496,W1525882651
W2070257026,W2130256070
W2070257026,W2008668438
W2070257026,W2133488074
W2070257026,W3010932768
W2101873753,W2161586297
W2101873753,W2105827100
W2101873753,W2002311592
W2101873753,W2099784075
W2101873753,W1983786851
W1609491364,W2068375361
W1609491364,W2168062665
W1963758874,W4256468369
W1963758874,W2151034630
W2046759075,W1966396962
W2046759075,W1977212456
W2046759075,W1970672417
W2044387082,W2070257026
W2044387082,W2008668438
W2044387082,W2046759075
W2044387082,W2062667641
W2163667214,W2119744638
W2032047304,W2164303307
W2011462543,W2148185586
W2103819062,W2149507322
W2103819062,W2272473773
W2103819062,W2162348455
W2103819062,W3211914286
W2102293625,W1978110877
W2105739041,W2149752076
W2102553184,W2167929905
W2102553184,W2012247153
W2102553184,W2159443068
W2102553184,W2138448722
W2117779820,W2022548072
W2117779820,W2133488074
W2076977109,W2016709145
W2076977109,W2036258507
W2076977109,W2066678696
W2076977109,W2006165291
W2124437404,W2338049369
W2124437404,W2156748700
W2124437404,W2013527739
W2113521108,W2009435671
W2145265567,W2018482968
W2145265567,W2167929905
W2145265567,W1993814425
W2008942529,W2122781082
W2008942529,W2272473773
W2008942529,W2162348455
W2150258239,W2016709145
W2150258239,W2138644576
W2150258239,W2076977109
W2150258239,W2006165291
W2150258239,W2066678696
W2150258239,W2036258507
W2153989276,W2034672914
W2153989276,W2113410727
W2153989276,W2057387551
W2153989276,W2072093516
W2153989276,W2018636632
W2168909889,W2149507322
W2168909889,W2068264411
W2170690812,W2125360150
W2170690812,W2015032635
W2170690812,W2149683554
W2170690812,W4231736634
W2123855284,W2338049369
W2123855284,W2160252043
W2123855284,W2161783224
W2123855284,W2127559745
W2123855284,W2153243519
W2123855284,W2034672914
W2123855284,W2134289299
W2123855284,W2162686899
W2123855284,W2260624936
W2123587734,W2274815048
W2123587734,W2083919264
W2123587734,W2142289369
W2152984210,W2119007429
W2152984210,W2128225313
W2157641482,W2068264411
W2157641482,W2040085089
W2157641482,W2149507322
W2157641482,W2134289299
W2075793519,W2099196698
W2075793519,W2044829309
W2075793519,W1963529460
W2075793519,W2114701864
W2075793519,W2144311540
W2075793519,W2018680235
W2075793519,W1970672417
W2075793519,W2133488074
W2075793519,W2119744638
W1973082817,W2022548072
W2122582889,W2103948957
W2135419069,W2105348794
W1984004659,W2176050019
W2104301422,W2093267972
W2104301422,W2122781082
W2104301422,W2160537686
W2104301422,W1982901688
W2052903566,W1998053851
W2052903566,W2054325787
W2008157089,W1963529460
W2077570405,W2121025662
W2077570405,W2138408852
W2077570405,W181107242
W2060590119,W2123981120
W2060590119,W2075702351
W2060590119,W2174069807
W2060590119,W1984412649
W2060590119,W2110406941
W2054167751,W2130256070
W2054167751,W2260624936
W2132879315,W2134236819
W2152369329,W2103317434
W2152369329,W2157641482
W2168872978,W2338049369
W2168872978,W2153243519
W2168872978,W2034672914
W2168872978,W2147423506
W2168872978,W2072093516
W1973116615,W2101280078
W1973116615,W2162348455
W1973116615,W3211914286
W2102031718,W2093267972
W2102031718,W2261764510
W2102031718,W2120700469
W2133484165,W2045465689
W2133484165,W2164231461
W2133484165,W2137169911
W2133484165,W1560749659
W2133484165,W2018680235
W2133484165,W2119744638
W2149683554,W2121981479
W2149683554,W2160537686
W2126696183,W2046779413
W2126696183,W2119744638
W2126696183,W2018680235
W2126696183,W2098384066
W2126696183,W2136408596
W2126696183,W2163667214
W2126696183,W2062667641
W2161621332,W2102948292
W2109006150,W2111947859
W2087162545,W2050956365
W2127170577,W2117779820
W2000257837,W1963529460
W2000257837,W2095833674
W2000257837,W2133488074
W2000257837,W2062667641
W2105103805,W2101225175
W2105103805,W2101394945
W2105103805,W1989668498
W2105103805,W2176202464
W2105103805,W2012407814
W2067804762,W2123587734
W2067804762,W1543409689
W2067804762,W2035503922
W2151328940,W2160252043
W2151328940,W2161783224
W2151328940,W1966396962
W2151328940,W2123855284
W2151328940,W2066678696
W2151328940,W2046759075
W2151328940,W2133488074
W2151328940,W2137336591
W2151328940,W2134289299
W2029850555,W2050956365
W2029411945,W2040085089
W2029411945,W2132874271
W2114056667,W2067804762
W2114056667,W2102031718
W2164449327,W1990717355
W2164449327,W2156101426
W2164449327,W2134351926
W2164449327,W2002258037
W1909100498,W2128225313
W2069201244,W2049377387
W2069201244,W2062667641
W2008641894,W2105348794
W2098827790,W2112315008
W2098827790,W2120160157
W2098827790,W2139416101
W2053022429,W2066678696
W2015834247,W2022548072
W2015834247,W2012407814
W2015834247,W2006165291
W2015834247,W2129031626
W2155829461,W2104718076
W2111841011,W2105348794
W2161548576,W2911964244
W2161548576,W1988195734
W2161548576,W273955616
W2002258037,W2134351926
W2002258037,W2103317434
W2133425177,W2075673711
W2133425177,W2940827091
W2092929703,W2102746137
W1979440117,W1966396962
W1979440117,W2082291024
W1979440117,W2062667641
W1968178762,W2006165291
W1968178762,W2122511023
W1968178762,W2149507322
W1968178762,W2133484165
W2124696785,W2146904764
W2105507854,W2041483208
W2105507854,W1857591892
W2105507854,W136628441
W2120496201,W2096533595
W2120496201,W2082291024
W2120496201,W1989668498
W2120496201,W2012407814
W2120496201,W2133488074
W2120496201,W2119132330
W2022778259,W2092658731
W1985854434,W2006165291
W1985854434,W2138644576
W1985854434,W2150258239
W1985854434,W2000257837
W1985854434,W1963529460
W2128003492,W2038669746
W2162953324,W2022548072
W2162953324,W2044499383
W2162953324,W2165037481
W2162953324,W1966272358
W2162953324,W2058662258
W2162953324,W2057387551
W2162953324,W1989668498
W2162953324,W2162686899
W2137734568,W1998515817
W2088603520,W2138448722
W2088603520,W2151456308
W2152881839,W1990717355
W2152881839,W1971820570
W2152881839,W2164449327
W2152881839,W2134351926
W2152881839,W2148185586
W2152881839,W2103317434
W2164283016,W2050943927
W1990646419,W2026317156
W1990646419,W2018482968
W1990646419,W2167929905
W1990646419,W2012247153
W1990646419,W2102553184
W1990646419,W2145265567
W1968862760,W2122574093
W2003164867,W2078517784
W2003164867,W2006165291
W2114357073,W2164303307
W2114357073,W2032047304
W2154614604,W2105874120
W2154614604,W2118720098
W1996746229,W2008668438
W1996746229,W2049377387
W1996746229,W2157980636
W1996746229,W2070257026
W1996746229,W2044387082
W1996746229,W1973082817
W1996746229,W1977212456
W2050338614,W1951817746
W2036670520,W2068371905
W2036670520,W2161241309
W2036670520,W2044609898
W2104718076,W2155829461
W1951817746,W2006165291
W2128342866,W2338049369
W2128342866,W2156748700
W2128342866,W2124437404
W2147804965,W2105874120
W2101108516,W2127170577
W2131070146,W2006165291
W2131070146,W2176202464
W2100468073,W2161783224
W2100468073,W2137734568
W2100468073,W2102031718
W2100468073,W2015032635
W2100468073,W2137336591
W2100468073,W2013527739
W2100468073,W2168872978
W1987202454,W2166604768
W2174670974,W2131665065
W2174670974,W2139562946
W2174670974,W2151328940
W2174670974,W2050338614
W2002486217,W2069201244
W2002486217,W2133488074
W2002486217,W2008668438
W2002486217,W2062667641
W2146577723,W2128003492
W2146577723,W2058998445
W2146577723,W2147746661
W2146577723,W2037511922
W2062217294,W1963529460
W1561878391,W2136092558
W1561878391,W1982056270
W2106733496,W2127335013
W2106733496,W3013984851
W2076517688,W1631559605
W2090029279,W2022548072
W2090029279,W2012407814
W2090029279,W2006165291
W2090029279,W2176202464
W2090029279,W2072228305
W2083441060,W2161621332
W2083441060,W2102948292
W2062159269,W2133425177
W2052989605,W4241456496
W2021350270,W2915783575
W2021350270,W2152984210
W1982056270,W1968862760
W2161787079,W2055640453
W2041383474,W2149352713
W2093141926,W2046759075
W2093141926,W2055695879
W2093141926,W3010932768
W1994228237,W2174069807
W1994228237,W2144189317
W1994228237,W2123981120
W1994228237,W1984412649
W1994228237,W2165037481
W1994228237,W1928750549
W2150234230,W2117779820
W2150234230,W2260624936
W2133920545,W2131665065
W2133920545,W1531643369
W2133920545,W2151328940
W2133920545,W2122582889
W2133920545,W2165037481
W2133920545,W2939474406
W2083070320,W2003164867
W2083070320,W2122511023
W2058963764,W2052479643
W2058963764,W2097004990
W2058963764,W2127559745
W2058963764,W2121025662
W2058963764,W2114892242
W2058963764,W2082291024
W2058963764,W2152369329
W2058963764,W2028011121
W2058963764,W2002311592
W2058963764,W2134000397
W2058963764,W1838764073
W2058963764,W2006970256
W2003004462,W2131665065
W2003004462,W2069306629
W2003004462,W2939474406
W2050900592,W2049468624
W2053110663,W2168909889
W2106080357,W2122582889
W2106080357,W2270715058
W2106080357,W2124696785
W2106080357,W2055640453
W2106080357,W2165977355
W2103164730,W2006165291
W2103164730,W2080192596
W2049683810,W2133425177
W2064319190,W2029850555
W2131665065,W2062667641
W1986322390,W2124696785
W1986322390,W2103317434
W1986322390,W2160537686
W2154998026,W2120700469
W2154998026,W2261764510
W2154998026,W2939474406
W2158268769,W2338049369
W2158268769,W2121025662
W2158268769,W2113410727
W2158268769,W2153243519
W2158268769,W2147423506
W2158268769,W2138448722
W2158268769,W2018318189
W2158268769,W2168872978
W2184978555,W2940827091
W1992652001,W2022548072
W1992652001,W1989668498
W1992652001,W2012407814
W1992652001,W2090249381
W1992652001,W2006165291
W2040120109,W2114892242
W2040120109,W2113521108
W2040120109,W1976988124
W2040120109,W2058662258
W2107229368,W2028011121
W2107229368,W2069985294
W2052479643,W2134289299
W2052479643,W2146904764
W2052479643,W2148185586
W2052479643,W2002311592
W2052479643,W1551533759
W2134000397,W2103317434
W2134000397,W2168173042
W2134000397,W2112775986
W2134000397,W2142097792
W2134000397,W2119567434
W2134000397,W2144042033
W2134000397,W2606995208
W2110179017,W2010341850
W2130091784,W2122511023
W2130091784,W2103497845
W2130091784,W1973082817
W2130091784,W1970672417
W2130091784,W2083070320
W2130091784,W1499256377
W2073141004,W2160252043
W2073141004,W2103164730
W2073141004,W1905429483
W2073141004,W1499256377
W2073141004,W2939474406
W2073141004,W2047328724
W2028999185,W2164231461
W2028999185,W2098384066
W2028999185,W1560749659
W2028999185,W2012247153
W2028999185,W2167929905
W2028999185,W2137169911
W2028999185,W2133484165
W2028999185,W2018680235
W2028999185,W2126696183
W2028999185,W2103497845
W2028999185,W2165977355
W2028999185,W2163667214
W2028999185,W2055640453
W1992244678,W2149507322
W1992244678,W1985949400
W1992244678,W2003164867
W1992244678,W2053110663
W1992244678,W2939474406
W2018459257,W2097004990
W2018459257,W2137336591
W2018459257,W2149352713
W2018459257,W2939474406
W2055442076,W2060012482
W2055442076,W2151328940
W4205383247,W1979440117
W4205383247,W2021057500
W4205383247,W2062217294
W2018651936,W2061609397
W2018651936,W1999347518
W2018651936,W1977215451
W2018651936,W2050943927
W2018651936,W2164283016
W1991538680,W2129974232
W1991538680,W2103317434
W2066122301,W1905429483
W2108527489,W1979440117
W2108527489,W2003164867
W2108527489,W2006165291
W2108527489,W2176202464
W2108527489,W2939474406
W1966334841,W2112776483
W1994044024,W2257481305
W2094838139,W2033585778
W2094838139,W2164087962
W2094838139,W1985949400
W2094838139,W1505543708
W2170816806,W1979440117
W2150303148,W2076517688
W2150303148,W1631559605
W2096379616,W1560749659
W2114883075,W2128225313
W2114883075,W2103680334
W2114883075,W2152984210
W2114883075,W2915783575
W1503900815,W2168909889
W1503900815,W2053110663
W2106276251,W2103317434
W2106276251,W2135858501
W2106276251,W2153804214
W2106276251,W2103948957
W2102764178,W4294326454
W2102764178,W2164449327
W2102764178,W2062159269
W2102764178,W2106246537
W2031675844,W2126696183
W2031675844,W2119744638
W2031675844,W2018680235
W2031675844,W2046779413
W2031675844,W2163667214
W2171675471,W1998515817
W2005035365,W2009575187
W2005035365,W2154276443
W2005035365,W2009425598
W1979348491,W2040085089
W1979348491,W1488616880
W1979348491,W2168909889
W1979348491,W2157641482
W2098759916,W2068375361
W2098759916,W1609491364
W2098759916,W2113297575
W2098759916,W1636092099
W2098759916,W2168062665
W2098759916,W2062667641
W2098759916,W2939474406
W2098759916,W2060012482
W2050104595,W2002311592
W2050104595,W2198847224
W1977617315,W2095345231
W2158585406,W2050956365
W2158585406,W2087162545
W2094677081,W2109006150
W2094677081,W2072093516
W2094677081,W2057387551
W2094677081,W2113410727
W2110533085,W2090157291
W2110533085,W2035503922
W1838764073,W2077570405
W1838764073,W2121025662
W1838764073,W1885078460
W1838764073,W2148185586
W1838764073,W3013984851
W2141748334,W1613795631
W2141748334,W2090249381
W2141748334,W2022548072
W2141748334,W2939474406
W2141748334,W1992652001
W2141748334,W2119744638
W2117087906,W2002570697
W2117087906,W21054777
W2117087906,W2939474406
W1985007599,W2034672914
W1985007599,W2939474406
W2150046129,W2152928439
W2150046129,W2150897391
W1885078460,W2052479643
W1885078460,W1985949400
W1885078460,W2159758382
W1885078460,W1838764073
W2105463749,W2044499383
W2105463749,W2163667214
W2105463749,W2164231461
W2105463749,W2122574093
W2105463749,W1968862760
W2105463749,W2054119472
W2105463749,W2098384066
W2105463749,W1982056270
W2105463749,W1561878391
W2105463749,W2055640453
W2105463749,W2062667641
W2072228305,W2022548072
W2072228305,W2176202464
W2072228305,W2090249381
W2072228305,W2066678696
W1981827347,W1994228237
W2134539878,W1988925586
W2134539878,W2132926880
W2134539878,W2154736508
W2134539878,W2170024099
W2134539878,W2105507854
W2107733948,W2103164730
W2163541402,W2122582889
W2163541402,W2142289369
W2163541402,W1985007599
W2163541402,W2169715400
W2163541402,W2165977355
W2084461152,W2121264610
W2084461152,W2066678696
W2084461152,W2036258507
W2084461152,W2006165291
W2084461152,W2176202464
W2084461152,W2090249381
W2084461152,W2939474406
W2159200641,W2133920545
W2159200641,W2151328940
W2159200641,W2174069807
W2159200641,W2034672914
W2155305805,W1560749659
W2155305805,W2133484165
W2155305805,W2028999185
W2155305805,W1990717355
W2155305805,W2152881839
W2155305805,W2130365445
W2155305805,W2044499383
W1968509967,W2146482929
W1968509967,W2148260760
W1968509967,W2163151727
W2124070575,W2124696785
W1978007507,W2090157291
W2120700991,W2149352713
W2084980103,W2022548072
W2084980103,W2090029279
W2084980103,W2006165291
W2021591445,W2037766564
W2014116072,W2037766564
W2010560237,W2022548072
W2010560237,W2012407814
W2010560237,W2179095720
W2010560237,W2117779820
W2010560237,W2133488074
W2010560237,W2080192596
W2010560237,W2090249381
W2119472226,W2096998881
W2144836007,W3121293400
W1985013794,W2019903682
W1985013794,W2006318126
W2144923407,W1564094774
W2144923407,W1561878391
W2144923407,W2116507044
W2144923407,W1982056270
W2154610441,W2939474406
W2116507044,W2164231461
W2116507044,W2122574093
W2116507044,W1968862760
W2116507044,W2002570697
W2116507044,W2136092558
W2116507044,W1982056270
W2116507044,W1561878391
W2116507044,W2114826007
W1482867610,W1978007507
W2094785904,W2124565737
W2094785904,W2114056667
W2094785904,W2102031718
W2094785904,W2067804762
W2094785904,W2261764510
W2094785904,W2114892242
W1963746476,W2129974232
W1963746476,W1991538680
W1963746476,W1496684753
W1963746476,W3013984851
W1963746476,W2103948957
W1963746476,W2006970256
W2166941621,W2131665065
W2166941621,W2083070320
W2166941621,W2122511023
W2166941621,W2062217294
W2166941621,W2066122301
W2166941621,W2165977355
W2166941621,W2069306629
W2166941621,W2939474406
W2171210136,W2165977355
W2171210136,W2058662258
W2171210136,W2110659496
W2171210136,W2162953324
W2171210136,W2044499383
W2171210136,W2028999185
W2171210136,W2163667214
W2171210136,W2018680235
W2171210136,W2134289299
W2171210136,W2123855284
W2171210136,W2137169911
W2171210136,W2164231461
W2171210136,W1985949400
W2117706739,W181107242
W2030946379,W1983228601
W2144991971,W2026317156
W2144991971,W1613795631
W2060852319,W2133920545
W2060852319,W2151328940
W2060852319,W1979440117
W2060852319,W1985148570
W2060852319,W2046759075
W2060852319,W2939474406
W2060852319,W2066678696
W2060852319,W2986345846
W2000674771,W2092645526
W2000674771,W2119132330
W2000674771,W1995622703
W1996653992,W1979440117
W1996653992,W2046759075
W1996653992,W2939474406
W1996653992,W2151041036
W2120517672,W4241456496
W1956280464,W2151328940
W1956280464,W2159200641
W1956280464,W2162686899
W1956280464,W2174069807
W1956280464,W2940827091
W2108686678,W2100468073
W2108686678,W2137734568
W2108686678,W2055763451
W2108686678,W1998515817
W2108686678,W2939474406
W2108686678,W2161829879
W2002758482,W1541774929
W2002758482,W2911964244
W2002758482,W2112315008
W2002758482,W2157641482
W2036538049,W2149352713
W2063534846,W2168062665
W2063534846,W1989668498
W2063534846,W1969184914
W2063534846,W2149932227
W2063534846,W2176202464
W2126473499,W2157641482
W2126473499,W2046759075
W2126473499,W2135858501
W2126473499,W1979348491
W2126473499,W2112776483
W2126473499,W2272473773
W2126473499,W1966334841
W2037360063,W1968509967
W2037360063,W2010516376
W1990469714,W1951817746
W1990469714,W2016709145
W1990469714,W2986345846
W1990469714,W2939474406
W2148099625,W2166604768
W2112931509,W2069985294
W2112931509,W2135858501
W2112931509,W2152369329
W2112931509,W21054777
W2112931509,W2939474406
W2112931509,W2165037481
W2112931509,W2047328724
W2112931509,W4214551560
W2112931509,W1905429483
W2123610169,W2002311592
W2123610169,W2058963764
W2123610169,W2134000397
W2123610169,W2152369329
W2123610169,W1976759885
W2123610169,W1496684753
W2123610169,W3013984851
W2123610169,W1551533759
W2123610169,W2198847224
W2009163215,W2131665065
W2009163215,W2133920545
W2009163215,W2162953324
W2009163215,W2055640453
W2009163215,W2063534846
W2009163215,W2151328940
W2009163215,W2986345846
W2009163215,W2069306629
W2009163215,W2939474406
W2156523992,W2067804762
W2140805694,W2164231461
W2140805694,W2161621332
W2140805694,W2102948292
W2140805694,W2162953324
W2136939531,W2060852319
W2099526933,W2124565737
W2099526933,W2160537686
W2099526933,W2124070575
W2099526933,W2124696785
W2099526933,W1551533759
W2085154695,W2171033594
W2047189523,W2160252043
W2047189523,W2034672914
W2047189523,W2939474406
W2047189523,W2184978555
W2092521540,W2049683810
W2092521540,W2133425177
W2161829879,W2047328724
W2161829879,W2144311540
W2161829879,W2108686678
W2161829879,W2055763451
W2161829879,W2113162751
W2161829879,W2165977355
W2025939314,W2120321951
W2025939314,W2116782162
W2106435017,W2062217294
W2106435017,W2939474406
W2046945705,W2016006311
W2046945705,W2066122301
W2161336494,W2113410727
W1994975670,W2144260204
W1994975670,W2036123899
W1985148570,W2166941621
W1985148570,W2151328940
W1985148570,W2060852319
W1985148570,W2939474406
W2010181898,W2133920545
W2010181898,W2100468073
W2010181898,W2986345846
W2010181898,W2939474406
W2027672471,W2005291574
W2161568916,W2137336591
W2161568916,W2047744778
W2161568916,W2132874271
W2161568916,W2134289299
W2161568916,W2123855284
W2161568916,W2117779820
W2161568916,W2939474406
W2112998801,W2084845442
W2112998801,W2139520931
W2125303562,W2060012482
W2125303562,W2113297575
W2125303562,W2113162751
W2054653365,W2160252043
W2054653365,W2151328940
W2054653365,W2939474406
W2054653365,W4214551560
W1974038018,W2090249381
W1974038018,W2131070146
W1974038018,W2101225175
W1974038018,W2105103805
W1974038018,W1992652001
W1974038018,W1989668498
W1974038018,W2012407814
W1974038018,W2010341850
W2085585287,W2103497845
W2085585287,W1995622703
W2085585287,W2117779820
W2085585287,W2066122301
W2065762344,W2113297575
W2065762344,W2068375361
W2065762344,W2036538049
W2328573691,W2000257837
W2328573691,W1970672417
W2328573691,W2044829309
W2328573691,W2108527489
W2328573691,W2114701864
W2328573691,W2099196698
W2328573691,W2122511023
W2328573691,W2138644576
W2328573691,W2075793519
W2328573691,W2141748334
W2039348932,W2141219203
W2158535548,W2099196698
W2158535548,W1996746229
W2158535548,W2103497845
W2158535548,W2166941621
W2158535548,W2939474406
W2134927874,W2044499383
W2134927874,W2171210136
W2134927874,W2121025662
W2134927874,W1966272358
W2134927874,W2096533595
W2134927874,W2153243519
W2134927874,W2272473773
W2134927874,W2058662258
W2134927874,W2057387551
W2134927874,W2162953324
W2134927874,W2165977355
W2134927874,W2151041036
W2134927874,W2162686899
W2167905626,W2150258239
W2167905626,W2122511023
W2167905626,W2939474406
W2167905626,W2121745948
W2167905626,W1974038018
W2167905626,W1645858368
W2167905626,W2016709145
W2167905626,W2012407814
W2167905626,W2061328952
W2167905626,W2024966118
W2021057500,W1979440117
W2021057500,W1968178762
W2021057500,W2006165291
W2021057500,W2176202464
W2021057500,W2108527489
W2021057500,W2939474406
W2160615957,W2114892242
W2160615957,W2120700469
W2160615957,W2047328724
W2052648234,W2151328940
W2052648234,W2153243519
W2052648234,W1985949400
W2052648234,W2117779820
W2052648234,W2034672914
W2052648234,W2062667641
W2100533358,W2097601813
W2100533358,W2135695572
W2100533358,W2112315008
W2100533358,W2024046085
W2100533358,W2135858501
W2100533358,W2139416101
W2100533358,W2033686454
W2100533358,W2110888553
W2051159954,W2009163215
W2051159954,W2034672914
W2051159954,W2147423506
W2051159954,W2153243519
W2051159954,W2168872978
W2051159954,W2099196698
W2051159954,W2162953324
W2051159954,W2165037481
W2051159954,W2047189523
W2051159954,W2096371469
W2051159954,W2160252043
W2051159954,W2151328940
W2051159954,W2049377387
W2051159954,W2165977355
W2051159954,W2140131090
W2051159954,W1985007599
W2051159954,W2939474406
W2051159954,W1989668498
W2046537181,W2150399639
W2112148277,W2085072564
W2112148277,W2149352713
W2112148277,W2094838139
W2112148277,W2169490754
W2112148277,W1982837210
W1982837210,W2164087962
W1982837210,W2094838139
W1982837210,W1978007507
W1982837210,W2169490754
W2107705106,W1951817746
W2107705106,W2050338614
W2107705106,W1990469714
W2107705106,W2939474406
W2132407977,W2131665065
W2132407977,W2166941621
W2132407977,W1985148570
W2132407977,W2060852319
W2132407977,W2062159269
W2132407977,W2075673711
W2132407977,W2052479643
W2132407977,W2130365445
W2132407977,W2152881839
W2132407977,W2028999185
W2132407977,W2049683810
W2132407977,W2149352713
W2132407977,W1885078460
W2132407977,W2044499383
W2132407977,W1971820570
W2132407977,W2939474406
W2132407977,W2162686899
W2132407977,W2133425177
W2106963750,W2044499383
W2106963750,W2164231461
W2106963750,W2058662258
W2106963750,W2006165291
W2106963750,W2161621332
W2106963750,W2102948292
W2106963750,W2162953324
W2106963750,W2140805694
W2155069722,W2103164730
W2155069722,W2107733948
W2155069722,W2939474406
W2126452174,W2164449327
W2126452174,W2080308899
W2126452174,W2005634799
W2126452174,W2120244994
W2126452174,W2071592915
W1979723077,W2141748334
W1979723077,W2075793519
W1979723077,W2157980636
W1979723077,W1996746229
W1979723077,W2128342866
W1979723077,W2163606831
W1979723077,W2057387551
W2130387153,W2129135549
W1968595844,W2058330204
W1968595844,W2080715303
W1968595844,W2939474406
W2151181273,W2044499383
W2151181273,W2164231461
W2151181273,W2136408596
W2151181273,W2121690346
W2151181273,W2002570697
W2151181273,W2012407814
W2151181273,W2162953324
W2151181273,W2105348794
W2106371033,W1985949400
W2106371033,W2000674771
W2106371033,W2090249381
W2106371033,W3013984851
W2106371033,W2062667641
W2116950002,W2075793519
W2116950002,W2018459257
W2116950002,W2110533085
W2116950002,W2148185586
W2116950002,W2037766564
W2116950002,W1963841973
W1970010130,W1994228237
W1970010130,W2075702351
W1970010130,W2084845442
W1970010130,W1984412649
W1970010130,W3147128100
W2141219203,W2132549823
W2141219203,W2100401723
W2141219203,W2157980636
W2166678085,W2123610169
W2166678085,W2129974232
W2068713574,W2049683810
W2100704846,W2098012392
W2002547950,W2156778513
W2153500382,W4251064196
W2129920251,W2148185586
W2129920251,W2130365445
W2129920251,W2114892242
W2129920251,W1885078460
W2129920251,W2040120109
W2118930997,W2142231247
W2118930997,W2000674771
W2172191993,W2093141926
W2172191993,W2170816806
W2172191993,W1996653992
W2172191993,W2159689047
W2172191993,W2012407814
W2172191993,W1517555081
W2172191993,W2105103805
W2172191993,W2117779820
W2172191993,W1985479415
W2172191993,W2090249381
W2172191993,W3010932768
W2172191993,W2939474406
W2172191993,W2093350441
W2172191993,W2260624936
W2172191993,W2047328724
W1974470230,W2152928439
W1974470230,W1996653992
W1974470230,W2096533595
W1974470230,W2012407814
W1974470230,W2939474406
W2160917602,W1994228237
W2160917602,W2108744281
W2160917602,W2174069807
W2160917602,W2060590119
W2160917602,W1956280464
W2160917602,W2162686899
W2142023815,W2149752076
W2142023815,W2153804214
W2142023815,W2026767855
W2051782740,W2125454074
W2051782740,W1982901688
W2051782740,W1992244678
W2051782740,W2124565737
W2051782740,W2103317434
W2051782740,W2144311540
W2051782740,W2162348455
W2051782740,W2008942529
W2051782740,W2135858501
W2051782740,W2104301422
W2051782740,W3211914286
W2161872045,W2128114769
W2164703638,W2133920545
W2164703638,W2009163215
W2164703638,W2131665065
W2069977802,W2166604768
W2069977802,W2148099625
W2069977802,W2054119472
W2069977802,W2138448722
W2069977802,W2145265567
W2069977802,W2162953324
W2100365896,W2015834247
W2142231247,W2127559745
W2142231247,W1885078460
W2142231247,W1985949400
W2142231247,W1838764073
W2096371469,W2149352713
W2096371469,W2145808276
W2096371469,W2084845442
W2096371469,W1994228237
W2096371469,W1984412649
W2096371469,W2165037481
W2096371469,W2986345846
W2096371469,W2939474406
W2121022470,W2131665065
W2121022470,W2076949647
W2121022470,W2161787079
W2092801713,W2061063351
W2167450434,W2151328940
W2167450434,W2105507854
W2118412746,W2155305805
W2118412746,W2152881839
W2041698310,W2169715400
W2041698310,W2032797438
W2041698310,W2092362068
W2153221451,W2149752076
W2153221451,W2124696785
W2153221451,W1885078460
W2153221451,W2272473773
W2153221451,W2146904764
W2153221451,W2058963764
W2124088034,W2102948292
W2079350221,W2046945705
W2079350221,W2066122301
W2079350221,W2117779820
W2079350221,W1885078460
W2079350221,W2161994757
W2079350221,W2939474406
W2079350221,W21054777
W2123638813,W2130365445
W2123638813,W2058662258
W2123638813,W1956280464
W2123638813,W2162686899
W2171370728,W2171210136
W2171370728,W1985007599
W2171370728,W2106080357
W2171370728,W2163541402
W2171370728,W2165977355
W2171370728,W1525882651
W2171370728,W3013984851
W1994433187,W1918072595
W1994433187,W2272473773
W1994433187,W2130365445
W1994433187,W3013984851
W2323309348,W2092362068
W2323309348,W2018651936
W2165242200,W2022548072
W2165242200,W2152928439
W2165242200,W1979440117
W2165242200,W2101225175
W2165242200,W2009104157
W2165242200,W2122511023
W2165242200,W1989668498
W2165242200,W2012407814
W2165242200,W1645858368
W2165242200,W1992652001
W2165242200,W2006165291
W2165242200,W1974038018
W2165242200,W2108527489
W2165242200,W2090249381
W2165242200,W2147119488
W1985217958,W1979440117
W1985217958,W2015834247
W1985217958,W2141748334
W1985217958,W2106963750
W2122825721,W2120700469
W2122825721,W2160615957
W2122825721,W2058662258
W2122825721,W2123638813
W2122825721,W2154998026
W2122825721,W2093267972
W2160741281,W2101225175
W2160741281,W2157980636
W1997065014,W2054653365
W1997065014,W2067087368
W1997065014,W1991308688
W1975768883,W2121025662
W1975768883,W2113410727
W1975768883,W1979723077
W1975768883,W2158268769
W1975768883,W2153243519
W1975768883,W2147423506
W1975768883,W2138448722
W1975768883,W2018318189
W1975768883,W1985479415
W1975768883,W2141748334
W1975768883,W2015053255
W1975768883,W2144653885
W1975768883,W2168872978
W1975768883,W2051159954
W2134591556,W2137169911
W2134591556,W2155069722
W2134591556,W2146377630
W2134591556,W2103164730
W2134591556,W2080192596
W2156562079,W1949231392
W2156562079,W1985013794
W2156562079,W2019903682
W2093540905,W2040120109
W2093540905,W2114892242
W2093540905,W1976988124
W2093540905,W2939474406
W2093540905,W2986345846
W2096829520,W2117779820
W2096829520,W1885078460
W2096829520,W2142231247
W2096829520,W2015053255
W2160916596,W2095345231
W2160916596,W1977617315
W1596936787,W2112775986
W1596936787,W2103317434
W1596936787,W1987431381
W1596936787,W2107625277
W1596936787,W1551533759
W2075207275,W2090157291
W2075207275,W2110533085
W2075207275,W2113162751
W2075207275,W2125303562
W2075207275,W2036025531
W2144304061,W2044499383
W2144304061,W2163667214
W2144304061,W2164231461
W2144304061,W2121025662
W2144304061,W2002570697
W2144304061,W2138408852
W2144304061,W2058662258
W2144304061,W2028999185
W2144304061,W1982056270
W2144304061,W4205182410
W2144304061,W2162953324
W2144304061,W2134927874
W2144304061,W2133151341
W2144304061,W2098384066
W2144304061,W2152811544
W2028240797,W2151456308
W2171692085,W2000257837
W2171692085,W2138644576
W2171692085,W2939474406
W2021530952,W2167905626
W2021530952,W2070257026
W2021530952,W2000257837
W2021530952,W2095833674
W2021530952,W1963529460
W2021530952,W1979440117
W2021530952,W2105103805
W2021530952,W2171692085
W2021530952,W2170816806
W2021530952,W2066286996
W2021530952,W2939474406
W2047364731,W1985479415
W2027016436,W2129974232
W2027016436,W1963746476
W2027016436,W1991538680
W2027016436,W1551533759
W2152811544,W2144304061
W2152811544,W2044499383
W2152811544,W2105463749
W2152811544,W2138017294
W2152811544,W2164231461
W2152811544,W2042692910
W2152811544,W2151181273
W2152811544,W2002570697
W2152811544,W2162953324
W2152811544,W2134927874
W2068125093,W2156778513
W2068125093,W2057396845
W2068125093,W2050956365
W2161467829,W2119007429
W2161467829,W2121264610
W2161467829,W2028979275
W2161467829,W2915783575
W2054407804,W2127602818
W2054407804,W2170024099
W2054407804,W2001082470
W2054407804,W2152885278
W2054407804,W2124351063
W2054407804,W2101120467
W2054407804,W2105329815
W2054407804,W2911964244
W1995047010,W2170816806
W1995047010,W2105103805
W1995047010,W1966334841
W1964946787,W2116593735
W2121837178,W2151080396
W2007049610,W2100533358
W2007049610,W2112776483
W2007049610,W2139416101
W2007049610,W2033686454
W2007049610,W2110888553
W2007049610,W1555476426
W2044718416,W2123610169
W2044718416,W2103317434
W2044718416,W2134000397
W2044718416,W2134351926
W2044718416,W2002258037
W2044718416,W1551533759
W2004958771,W1971820570
W2004958771,W2080715303
W2075740579,W2055757297
W2112084935,W2338049369
W2112084935,W2096533595
W2112084935,W2101394945
W2112084935,W2030102203
W2112084935,W1985479415
W2066286996,W2008668438
W2066286996,W2049377387
W2066286996,W2070257026
W2066286996,W2012407814
W2066286996,W2165242200
W2066286996,W1996746229
W2152600059,W2170121306
W2152600059,W2126320505
W2152600059,W2153221451
W2152600059,W2127569725
W2152600059,W1984248485
W2152600059,W1566825895
W2152600059,W2002311592
W2152600059,W2009163215
W2152600059,W2073141004
W2152600059,W2130387153
W2152600059,W2131665065
W2152600059,W2096885696
W2152600059,W2105414963
W2152600059,W2139562946
W2152600059,W2103948957
W2152600059,W2174670974
W2152600059,W1551533759
W2152600059,W2939474406
W2152600059,W2033635503
W2067087368,W2106963750
W2067087368,W2171984413
W2067087368,W2054653365
W2067087368,W2939474406
W2067087368,W1991308688
W2138631674,W1482867610
W2138631674,W2113162751
W2138631674,W2125303562
W2138631674,W1978007507
W2138631674,W2069306629
W1967156257,W2148185586
W1967156257,W2011462543
W2008435261,W1951817746
W2105872868,W2170121306
W2105872868,W2103317434
W2105872868,W2002258037
W2105872868,W2134351926
W2105872868,W1551533759
W2119175727,W2107733948
W2119175727,W1992652001
W2119175727,W2103164730
W2119175727,W2155069722
W1984190418,W2009163215
W1984190418,W2131665065
W1984190418,W2164703638
W2044247101,W1981827347
W2044247101,W2010181898
W2044247101,W2100468073
W2044247101,W2108686678
W2147654971,W2160252043
W2147654971,W2101225175
W2147654971,W2134289299
W2147654971,W2141666446
W2139314206,W2147654971
W2139314206,W2160252043
W2139314206,W2151328940
W2139314206,W2078517784
W2139314206,W2106963750
W2139314206,W2127559745
W2139314206,W2062217294
W2139314206,W2134289299
W2139314206,W2168872978
W2139314206,W2105348794
W2139314206,W1985479415
W2136009149,W2167450434
W2136009149,W2151328940
W2136009149,W2139610873
W2136009149,W2110406941
W2016916834,W2150234230
W2016916834,W2016006311
W2016916834,W2161994757
W2016916834,W2062667641
W1994028888,W2039469634
W2040456488,W2092658731
W2040456488,W1983228601
W2040456488,W1969690258
W2126479957,W2338049369
W2126479957,W2052648234
W2126479957,W2165037481
W2126479957,W2151328940
W2126479957,W1979723077
W2126479957,W2157980636
W2126479957,W2123855284
W2126479957,W2009163215
W2126479957,W1885078460
W2126479957,W1985949400
W2126479957,W2128342866
W2126479957,W2124437404
W2126479957,W2134289299
W2126479957,W2108686678
W2126479957,W2141748334
W2126479957,W2057387551
W2126479957,W2163606831
W2126479957,W2144653885
W2022299938,W2085020302
W2169245074,W2083070320
W2169245074,W2986345846
W2169245074,W2006165291
W2169245074,W1979440117
W2169245074,W2939474406
W2955601895,W2119007429
W2955601895,W1985217958
W2955601895,W2002570697
W2955601895,W2106963750
W2955601895,W2152811544
W2030737358,W2141666446
W2030737358,W2915157699
W2027404493,W2155829461
W2027404493,W2054653365
W2027404493,W2939474406
W1982627164,W2013414890
W1982627164,W2126902408
W1982627164,W1885078460
W1982627164,W2142231247
W1982627164,W2036538049
W1982627164,W2086710305
W1982627164,W2003004462
W1982627164,W1838764073
W2119006714,W2140131090
W2119006714,W2047189523
W2119006714,W2122582889
W2119006714,W2051159954
W2159915276,W1949231392
W2159915276,W2006318126
W2159915276,W2151207643
W2155347783,W2106371033
W2155347783,W2000674771
W2155347783,W4214551560
W2155347783,W2939474406
W2101702311,W2126902408
W2101702311,W2096885696
W2101702311,W2129920251
W2101702311,W1994433187
W2101702311,W2150234230
W2101702311,W2086710305
W2101702311,W2046945705
W2101702311,W2158535548
W2101702311,W2003004462
W2101702311,W2013414890
W2101702311,W1905429483
W2101702311,W1499256377
W2097224090,W2328573691
W2097224090,W2000257837
W2097224090,W2044387082
W2097224090,W2171692085
W2097224090,W2070257026
W2097224090,W2008668438
W2097224090,W2076977109
W2097224090,W2167905626
W2097224090,W2066286996
W2066907097,W2085585287
W2066907097,W2103497845
W2018841491,W2100468073
W2018841491,W1970010130
W2018841491,W3147128100
W2018841491,W2098432852
W2018841491,W2132484323
W2018841491,W2105507854
W2096682311,W2052648234
W2096682311,W2009163215
W2096682311,W2152369329
W2096682311,W21054777
W2096682311,W1905429483
W2096682311,W2939474406
W2093027911,W2060680089
W2093027911,W2096829520
W2093027911,W2009852955
W2017559255,W2093141926
W1989703096,W2046537181
W1989703096,W1986829915
W1989703096,W4241456496
W1989703096,W2068908844
W2105691566,W2132879315
W2105691566,W2126902408
W2105691566,W2035759078
W2105691566,W1967156257
W2105691566,W2148185586
W2105691566,W2153804214
W2015522309,W2099196698
W2015522309,W2051159954
W2015522309,W2120496201
W2015522309,W2158268769
W2015522309,W2117779820
W2015522309,W1995622703
W2015522309,W2939474406
W2109252556,W2093267972
W2109252556,W2122825721
W2109252556,W2102031718
W2109252556,W2094785904
W2109252556,W2114056667
W2109252556,W2986345846
W2109252556,W2939474406
W2106632946,W2140131090
W2106632946,W2051159954
W2106632946,W2122582889
W2106632946,W2047189523
W2106632946,W2083070320
W2106632946,W2163541402
W2106632946,W2165977355
W2106632946,W2122511023
W2029604816,W2000257837
W2029604816,W2095833674
W2029604816,W2171692085
W2069864946,W2167905626
W2069864946,W2142289369
W2069864946,W1645858368
W2113951488,W2112776483
W2113951488,W1995622703
W2113951488,W2101394945
W2113951488,W2117779820
W2026632831,W1566825895
W2166394891,W2009163215
W2166394891,W2113521108
W2166394891,W2911964244
W2166394891,W2093540905
W2170174991,W2155069722
W2170174991,W2119175727
W2170174991,W2939474406
W2038782607,W2056352756
W2038782607,W2111947859
W2038782607,W2161815745
W2038782607,W2163410149
W2038782607,W2052903566
W2031027346,W1979440117
W2031027346,W2021057500
W2031027346,W2006165291
W2031027346,W2108527489
W2031027346,W2939474406
W2031027346,W2176202464
W2160085528,W2127569725
W2160085528,W2121981479
W2160085528,W2274815048
W2160085528,W2110559753
W2160085528,W2099784075
W2160085528,W2006970256
W2001510610,W2077570405
W2001510610,W2153635508
W2001510610,W2121025662
W2001510610,W2042692910
W2001510610,W2160615957
W2001510610,W2133990480
W2001510610,W2138408852
W2001510610,W2127559745
W2001510610,W2272473773
W2001510610,W181107242
W2121393448,W2060852319
W2121393448,W2343457024
W2147924102,W2102031718
W2147924102,W2093267972
W2147924102,W2120700469
W2147924102,W2261764510
W2147924102,W2160615957
W2147924102,W2109252556
W2147924102,W2094785904
W2147924102,W2122825721
W2147924102,W2114056667
W2147924102,W2126154792
W2090602773,W2052648234
W2090602773,W1994228237
W2090602773,W2075702351
W2090602773,W2108744281
W2090602773,W2145808276
W2090602773,W2174069807
W2090602773,W2112998801
W2090602773,W1984412649
W2090602773,W2144189317
W2090602773,W2157462758
W2090602773,W2009163215
W2090602773,W2159758382
W2090602773,W2060590119
W2090602773,W2132484323
W2090602773,W2066459710
W2090602773,W1956280464
W2090602773,W2152881839
W2090602773,W136628441
W2090602773,W2939474406
W2090602773,W2162686899
W2129623720,W2049683810
W2129623720,W2164449327
W2129623720,W2062159269
W2129623720,W2133425177
W2129623720,W2132407977
W2129623720,W2092521540
W2129623720,W1810028515
W1973577532,W2026317156
W1973577532,W2167929905
W1973577532,W2078517784
W1973577532,W2102553184
W1973577532,W2062217294
W1973577532,W2054119472
W2100117826,W2096522898
W2100117826,W2083919264
W2100117826,W2084530896
W2100117826,W2127569725
W2100117826,W2274815048
W2100117826,W2099784075
W2100117826,W2006970256
W1995157919,W2121397451
W1989854862,W2095713067
W1989854862,W1966623514
W1989854862,W2142289369
W1989854862,W2168173042
W1989854862,W2129163149
W1989854862,W1594032928
W1989854862,W2160537686
W1989854862,W2002258037
W1989854862,W2150597302
W1990471334,W2093141926
W1990471334,W2138763184
W1990471334,W2046759075
W1990471334,W2055695879
W1990471334,W2939474406
W2106986958,W1994228237
W2106986958,W2151328940
W2106986958,W2174069807
W2106986958,W2144189317
W2106986958,W2060590119
W2106986958,W2132484323
W2106986958,W2041483208
W2106986958,W2110406941
W2106986958,W4251064196
W1968176769,W2062217294
W1968176769,W1996653992
W1968176769,W2024966118
W1968176769,W2171984413
W2038215949,W2165037481
W2038215949,W2122582889
W2038215949,W2140131090
W2038215949,W2099524720
W2038215949,W2077968790
W2038215949,W2047189523
W2038215949,W2034672914
W2038215949,W2057387551
W2038215949,W2113410727
W2038215949,W2169245074
W2038215949,W2939474406
W2033465655,W2075740579
W2033465655,W2055638681
W2057916570,W2090157291
W1685833191,W2167450434
W1685833191,W2041383474
W1685833191,W2136009149
W1685833191,W2125382680
W1685833191,W2096371469
W1685833191,W2098432852
W1685833191,W2105507854
W1685833191,W2939474406
W2122854726,W2118930997
W2122854726,W2060680089
W2122854726,W2000674771
W2122854726,W2106371033
W2122854726,W2126902408
W2122854726,W2093027911
W2122854726,W2009852955
W1988902793,W2013414890
W1988902793,W2126902408
W1988902793,W2122854726
W1988902793,W2016006311
W1988902793,W1982627164
W1988902793,W2142231247
W1988902793,W2086710305
W1988902793,W1838764073
W1988902793,W1885078460
W2167885723,W2006318126
W2167885723,W2061063351
W2083495093,W2130365445
W2083495093,W2120244994
W2083495093,W2108929776
W2083495093,W2080715303
W2083495093,W2152881839
W2083495093,W1918072595
W2083495093,W2131022626
W2083495093,W2343457024
W2155039075,W2144304061
W2155039075,W2044499383
W2155039075,W2171210136
W2155039075,W2136408596
W2155039075,W2012247153
W2155039075,W2162953324
W2155039075,W2134927874
W2155039075,W2165977355
W2155039075,W2152811544
W2155039075,W2114826007
W2081284397,W2103317434
W2081284397,W2105872868
W2081284397,W2112776483
W2081284397,W2107794977
W2081284397,W2106733496
W2081284397,W2139610873
W2081284397,W2939474406
W2081284397,W2009435671
W2082455532,W1992244678
W2082455532,W2053110663
W2082455532,W2168909889
W1993871668,W2055638681
W2156208893,W2150303148
W2156208893,W2055640453
W2156208893,W2069306629
W2156208893,W2939474406
W2156208893,W3010932768
W2127669920,W2056316433
W2127669920,W2042254650
W2085865532,W2123610169
W2085865532,W2129974232
W2085865532,W1991538680
W2085865532,W1963746476
W2085865532,W3013984851
W2085865532,W1551533759
W2085865532,W1496684753
W2085865532,W1983786851
W180836830,W2112776483
W180836830,W2101108516
W2114891756,W2013414890
W2114891756,W2126902408
W2114891756,W1967156257
W2114891756,W2105691566
W2114891756,W1988902793
W2114891756,W2096885696
W2114891756,W1982627164
W2108886061,W2099196698
W2108886061,W2169245074
W2108886061,W2083070320
W2108886061,W2138644576
W2108886061,W2015522309
W2108886061,W2077968790
W2108886061,W2939474406
W2108886061,W2069306629
W1829643206,W1986829915
W1829643206,W1531643369
W1829643206,W2125053394
W1829643206,W2041698310
W1829643206,W2046537181
W1829643206,W2323309348
W1829643206,W1986252415
W2083029259,W1970672417
W2083029259,W1991308688
W2083029259,W2062217294
W2083029259,W2024966118
W2083029259,W2054653365
W2115247641,W2133920545
W2115247641,W2015834247
W2115247641,W2139314206
W2115247641,W2151328940
W2115247641,W1985217958
W2115247641,W2110179017
W2115247641,W2106963750
W2115247641,W2031027346
W2115247641,W1997065014
W2115247641,W2024966118
W2115247641,W2129031626
W2073122003,W2152600059
W2073122003,W2096885696
W2168515722,W1963529460
W2168515722,W2054653365
W2168515722,W2024966118
W2168515722,W1991308688
W2168515722,W2915783575
W2168515722,W2106435017
W2073298425,W2163667214
W2073298425,W2096533595
W2073298425,W1995622703
W2073298425,W2119132330
W1964308073,W2024966118
W1964308073,W1991308688
W2118885226,W2161621332
W2118885226,W2036538049
W2033355897,W2009163215
W2033355897,W2010181898
W2033355897,W2100468073
W2033355897,W1998515817
W2033355897,W2171675471
W2033355897,W2137734568
W2033355897,W2108686678
W2109920192,W2124088034
W2103977502,W2010341850
W2103977502,W1990646419
W2103977502,W2102553184
W2103977502,W2166604768
W2103977502,W2145265567
W2103977502,W2939474406
W2103977502,W2159443068
W2058522703,W2044247101
W2058522703,W2134927874
W2058522703,W2152811544
W2058522703,W2090249381
W2095807316,W2060012482
W2095807316,W2113297575
W2095807316,W2169715400
W2095807316,W2939474406
W2118921617,W2036123899
W2118921617,W2016006311
W2118921617,W2016916834
W2118921617,W1885078460
W2118921617,W2054653365
W2118921617,W2144720528
W2118921617,W1955806497
W2118921617,W2107705106
W2118921617,W2069466983
W2118921617,W2142231247
W2118921617,W2047328724
W2156157987,W2011608289
W2156157987,W2136939531
W2036677156,W2018459257
W2036677156,W2126320505
W2095259135,W1993016649
W2095259135,W1964946787
W2018291779,W2082455532
W2018291779,W2126473499
W2018291779,W2068264411
W2026337749,W2021057500
W2026337749,W2127437631
W2026337749,W2001564322
W2026337749,W2018318189
W2026337749,W2153763028
W2026337749,W2161241309
W2102213705,W1588827410
W1996585409,W2009163215
W1996585409,W2102031718
W1996585409,W2094785904
W1996585409,W2114056667
W1996585409,W2261764510
W1996585409,W2126154792
W1996585409,W2122825721
W1996585409,W2109252556
W1996585409,W2008435261
W1996585409,W2147924102
W1996585409,W2120700469
W1996585409,W2069306629
W1996585409,W2939474406
W1995581599,W2101678239
W2059175769,W2054167751
W2059175769,W1979440117
W1987807993,W2009163215
W1987807993,W2151328940
W1987807993,W2024966118
W1987807993,W2165037481
W1987807993,W2058662258
W1987807993,W1985007599
W1987807993,W1996746229
W1987807993,W2119006714
W1987807993,W2140131090
W1987807993,W2047189523
W1987807993,W2134927874
W1987807993,W2123638813
W1987807993,W1979723077
W1987807993,W2126479957
W1987807993,W2161829879
W1987807993,W2103948957
W1987807993,W2165977355
W1987807993,W2132484323
W1990376608,W2152928439
W1990376608,W1979440117
W1990376608,W2151328940
W1990376608,W2133484165
W1990376608,W2122511023
W1990376608,W2096533595
W1990376608,W2123855284
W1990376608,W2106963750
W1990376608,W2084461152
W1990376608,W2009163215
W1990376608,W2127559745
W1990376608,W2062217294
W1990376608,W2171984413
W1990376608,W2054653365
W1990376608,W2006165291
W1990376608,W2024966118
W1990376608,W1991308688
W2165772416,W2066286996
W2165772416,W2122582889
W2165772416,W2165037481
W2165772416,W2099524720
W2165772416,W2165242200
W2165772416,W2169245074
W2165772416,W2086710305
W2165772416,W2015522309
W2165772416,W2077968790
W2165772416,W2038215949
W2165772416,W1867005924
W2165772416,W2939474406
W1860063347,W2006165291
W2116464510,W2014173070
W2116464510,W2088122955
W2116464510,W2160916596
W2116464510,W2114570899
W2148345493,W2060680089
W2148345493,W1973082817
W2148345493,W2155347783
W2148345493,W2106371033
W2148345493,W2147654971
W2148345493,W2054653365
W2148345493,W2024966118
W2163011877,W2046945705
W2163011877,W2089051496
W2097208041,W1982901688
W2097208041,W1998515817
W2097208041,W2171675471
W2097208041,W2127559745
W2097208041,W1885078460
W2097208041,W2142231247
W2097208041,W1990469714
W2097208041,W2060680089
W2097208041,W2015053255
W2150503350,W2014173070
W2150503350,W2095345231
W1544875105,W2151328940
W1544875105,W2122511023
W1544875105,W2110179017
W1544875105,W1609491364
W1544875105,W2009163215
W1544875105,W2054653365
W1544875105,W2006165291
W1544875105,W1997065014
W1544875105,W2168062665
W1544875105,W1718036133
W1544875105,W2067087368
W1544875105,W1991308688
W1544875105,W1984004659
W1544875105,W2024966118
W1544875105,W2171984413
W2039786475,W2041698310
W2039786475,W2323309348
W2039786475,W2018651936
W2088780245,W2166604768
W2088780245,W2148099625
W2088780245,W2465587637
W2154710695,W2042692910
W2154710695,W2051159954
W2154710695,W2106963750
W2154710695,W2162953324
W2154710695,W2134927874
W2073009068,W2167905626
W2073009068,W1990469714
W2073009068,W2126154792
W2073009068,W2346905224
W1970327765,W2003164867
W1970327765,W2152928439
W1970327765,W2031027346
W1970327765,W2022548072
W1970327765,W2024966118
W1970327765,W2006165291
W1970327765,W2939474406
W2075784822,W1482867610
W2075784822,W2164087962
W2075784822,W2113162751
W2075784822,W2125303562
W2075784822,W2138631674
W2075784822,W1978007507
W2076471462,W1986322390
W2076471462,W2098432852
W2076471462,W2160537686
W2088122955,W2160916596
W2088122955,W2014173070
W2141707502,W2053022429
W2141707502,W1990376608
W2141707502,W1985217958
W2141707502,W1544875105
W2141707502,W1968176769
W2141707502,W2054653365
W2141707502,W2113297575
W2141707502,W2053110663
W2141707502,W2168062665
W2141707502,W1985479415
W2141707502,W2024966118
W2141707502,W1991308688
W2141707502,W1976403158
W2141707502,W2939474406
W2107552147,W2166604768
W2107552147,W2126930838
W2051121620,W2148991217
W2051121620,W2014173070
W2051121620,W2160916596
W2051121620,W2095345231
W2051121620,W1977617315
W2047751764,W4205182410
W1972183204,W2171692085
W1972183204,W21054777
W1972183204,W2083029259
W1972183204,W2000257837
W1972183204,W2939474406
W1718036133,W2022548072
W1718036133,W2121745948
W1718036133,W2122511023
W1718036133,W2110179017
W1718036133,W1985479415
W1718036133,W2024966118
W2085831882,W2014173070
W2015593224,W2084845442
W2015593224,W2137015675
W1791484930,W2000257837
W1791484930,W1963529460
W1791484930,W2002486217
W1791484930,W2062217294
W1791484930,W2171692085
W1791484930,W2054653365
W1791484930,W1996746229
W1791484930,W1524420836
W1791484930,W2021530952
W1791484930,W2093350441
W1791484930,W2024966118
W1791484930,W2067087368
W1791484930,W1991308688
W1791484930,W1997065014
W1524420836,W2000257837
W1524420836,W2121745948
W1524420836,W2170816806
W1524420836,W1989668498
W1524420836,W2012407814
W1524420836,W2062217294
W1524420836,W2171692085
W1524420836,W2024966118
W1524420836,W2090249381
W1524420836,W2021530952
W1524420836,W2939474406
W2036671864,W2149352713
W2036671864,W2126902408
W2036671864,W2106963750
W2036671864,W2112148277
W2036671864,W2164087962
W2036671864,W2151328940
W2036671864,W2009163215
W2124582776,W4233283252
W2124582776,W2129974232
W2124582776,W2142289369
W2124582776,W2105827100
W2124582776,W2002311592
W2124582776,W2121519719
W2124582776,W2152600059
W2124582776,W3013984851
W2124582776,W2162838272
W1978424046,W2024966118
W1978424046,W2939474406
W1989839776,W2022548072
W1989839776,W2121745948
W1989839776,W2112776483
W1989839776,W2029604816
W1989839776,W2133488074
W1989839776,W1985949400
W1989839776,W2119132330
W1989839776,W2141748334
W1989839776,W2090249381
W2107159911,W2081284397
W2107159911,W2044718416
W2107159911,W2166678085
W2107159911,W2105872868
W2107159911,W2126902408
W2107159911,W2057765075
W1969690258,W2092658731
W2037561382,W2148185586
W2037561382,W2013414890
W2037561382,W2016916834
W2026277606,W2011608289
W2026277606,W2041698310
W2026277606,W2132407977
W1981644934,W2085831882
W2296228853,W2115579991
W2296228853,W2152864241
W2296228853,W2901136733
W2296228853,W2336416123
W2296228853,W2150066425
W2133613984,W2166394891
W2133613984,W2113521108
W2133613984,W2084744129
W2133613984,W2112776483
W2133613984,W1979723077
W2133613984,W1976988124
W2133613984,W2034672914
W2133613984,W1985949400
W2133613984,W2093540905
W2133613984,W2009435671
W2125634634,W2121745948
W2125634634,W1974470230
W2125634634,W2146487757
W2125634634,W2021057500
W2125634634,W1996653992
W2125634634,W2115247641
W2125634634,W1970327765
W2125634634,W2106963750
W2125634634,W2049377387
W2125634634,W2171984413
W2125634634,W2031027346
W2125634634,W2046759075
W2125634634,W2051416171
W2125634634,W2024966118
W2162686899,W2940827091
W2141442289,W2155069722
W2141442289,W2119175727
W2141442289,W2134591556
W2141442289,W1964688613
W2141442289,W2171692085
W2141442289,W2097224090
W2141442289,W2170174991
W2141442289,W2121745948
W2097686432,W2034994370
W2097686432,W2123610169
W2097686432,W2044718416
W2097686432,W2049813215
W2097686432,W1551533759
W2097686432,W1525882651
W2097686432,W1983786851
W2139709933,W2114892242
W2139709933,W2061003790
W2139709933,W2117706739
W2139709933,W2137734568
W2139709933,W2056435747
W2139709933,W2167929905
W2139709933,W1981213426
W2139709933,W1998515817
W2139709933,W2151456308
W2139709933,W2138448722
W2139709933,W2057387551
W2139709933,W2915157699
W2118554039,W2134236819
W2118554039,W2081284397
W2118554039,W2105507854
W2144720528,W2069466983
W2144720528,W2118921617
W2144720528,W2939474406
W2144720528,W2069306629
W2144720528,W1761653152
W2144720528,W2036123899
W2045617521,W2144923407
W2045617521,W2116507044
W2045617521,W2136092558
W2069466983,W2086710305
W2069466983,W2003004462
W2069466983,W2150234230
W2069466983,W2158535548
W2160391726,W2057327293
W2160391726,W1965464747
W2160391726,W2114118829
W2160391726,W2144574847
W2160391726,W2011472471
W2160391726,W2081640113
W2160391726,W2334658948
W1977699466,W2062217294
W1977699466,W2024966118
W1977699466,W2006165291
W1977699466,W2022548072
W1977699466,W2090029279
W2093575882,W2130509491
W2093575882,W2171675471
W2093575882,W2008942529
W2093575882,W2033355897
W2093575882,W2015053255
W2317200742,W2065762344
W2121958618,W2130509491
W2063580733,W2168420558
W2063580733,W2170121306
W2063580733,W2154736508
W2063580733,W2099901798
W2063580733,W2071510336
W2063580733,W2110375946
W2063580733,W2113601822
W2063580733,W2125948619
W3122846673,W2144836007
W2011923115,W2040397490
W2011923115,W2085831882
W2011923115,W2014173070
W2011923115,W2116464510
W2011923115,W1981644934
W2079687160,W1986829915
W2079687160,W4241456496
W2079687160,W2167383445
W2079687160,W1972673502
W2079687160,W2068908844
W2079687160,W2150399639
W2079687160,W1989703096
W2079687160,W2046537181
W2040113717,W4300407496
W1971625691,W2911964244
W2042122216,W2126902408
W2042122216,W2013414890
W2042122216,W2114891756
W2042122216,W1988902793
W2042122216,W2065762344
W2042122216,W2148185586
W2181460351,W1985854434
W2181460351,W2113951488
W2098627306,W2159200641
W2098627306,W1956280464
W2098627306,W2162686899
W2098627306,W2183707334
W1982546148,W2118930997
W1982546148,W2000674771
W1982546148,W2106371033
W1982546148,W2122854726
W1982546148,W2328573691
W1982546148,W2130091784
W1982546148,W2122511023
W2009775084,W2089525884
W2025256923,W2066991705
W1984671422,W2093275097
W1984671422,W2036123899
W2321635716,W2911964244
W2321635716,W273955616
W1969543759,W2093540905
W1969543759,W2166394891
W1969543759,W1956280464
W1969543759,W2123638813
W1969543759,W2174069807
W1969543759,W1994228237
W1969543759,W2159758382
W1969543759,W2108744281
W1969543759,W2144189317
W1969543759,W2162686899
W1969543759,W2939474406
W2020530692,W1995274825
W2055718260,W2911964244
W2055718260,W2056435747
W2055718260,W2121025662
W2055718260,W2042692910
W2055718260,W2138408852
W2055718260,W1981213426
W2055718260,W2127559745
W2055718260,W2151456308
W2055718260,W2138448722
W2055718260,W2161336494
W2055718260,W2028240797
W2078860594,W2044247101
W2078860594,W2100468073
W2078860594,W2137734568
W2078860594,W1998515817
W2078860594,W2033355897
W2078860594,W2108686678
W2143362587,W2148991217
W2143362587,W2051121620
W2143362587,W2085831882
W2143362587,W2014173070
W2143362587,W2150503350
W2143362587,W2095345231
W2143362587,W2116464510
W1964700776,W2986345846
W1964700776,W2157462758
W1964700776,W2939474406
W2120834437,W2057396845
W2120834437,W2002547950
W2063923547,W2133920545
W2063923547,W2134289299
W2063923547,W1867005924
W2063923547,W2024966118
W2063923547,W2155039075
W2063923547,W2134927874
W2063923547,W2162953324
W2063923547,W2051159954
W2063923547,W2054653365
W2063923547,W1989668498
W2103585709,W2014173070
W2103585709,W2150503350
W2103585709,W2116464510
W2318716851,W1977617315
W2318716851,W1981644934
W2318716851,W2150503350
W2318716851,W2014173070
W2318716851,W2085831882
W2318716851,W2095345231
W2318716851,W2116464510
W2318716851,W2103585709
W2318716851,W2080283023
W2318716851,W2166171121
W2318716851,W2136879569
W2124614231,W2024966118
W2124614231,W1990469714
W2124614231,W1985949400
W2124614231,W2170589321
W1590065089,W2000257837
W1590065089,W2097224090
W1590065089,W2170589321
W1590065089,W2122511023
W1590065089,W2172191993
W1590065089,W1970672417
W1590065089,W2171692085
W1590065089,W1791484930
W1590065089,W2328573691
W1590065089,W2138644576
W1590065089,W2021530952
W1964805252,W2082291024
W1964805252,W2153763028
W1964805252,W2008668438
W1964805252,W2115247641
W1964688613,W2155069722
W1964688613,W2122511023
W1964688613,W2939474406
W2049813215,W2034994370
W2049813215,W2096885696
W2146487757,W1970327765
W2146487757,W1968178762
W2146487757,W2021057500
W2146487757,W2121745948
W2146487757,W2165242200
W2146487757,W2006165291
W2146487757,W2171984413
W2146487757,W2062217294
W2146487757,W2986345846
W2146487757,W2939474406
W2146487757,W2066678696
W2170280355,W2073298425
W2170280355,W1995622703
W2170280355,W2939474406
W2170280355,W2101394945
W2170280355,W2022548072
W2170280355,W2096533595
W2040397490,W2014173070
W2040397490,W2116464510
W2081334206,W2007049610
W2081334206,W2112315008
W2081334206,W2112776483
W2081334206,W2033686454
W2081334206,W2139416101
W1951684732,W2154710695
W1951684732,W2165977355
W2130560194,W1981213426
W2130560194,W2112776483
W2130560194,W2174069807
W2130560194,W1969543759
W2037496050,W1981644934
W2037496050,W2130707940
W1485504984,W2121745948
W1485504984,W2105103805
W1485504984,W2135419069
W1485504984,W2915783575
W2261645655,W1995622703
W2261645655,W1867005924
W2261645655,W1989839776
W2261645655,W2101394945
W2261645655,W1974038018
W2261645655,W2121745948
W2261645655,W2112776483
W2261645655,W2120496201
W2261645655,W2021057500
W2261645655,W2051416171
W2261645655,W2108527489
W2261645655,W2022548072
W2261645655,W2024966118
W2261645655,W2108886061
W2261645655,W2611772571
W1989120577,W2022548072
W1989120577,W2010341850
W1989120577,W2165242200
W1989120577,W2121745948
W1989120577,W2012407814
W1989120577,W2171984413
W1989120577,W1992652001
W1989120577,W2051416171
W1989120577,W1974038018
W1989120577,W2090249381
W1992193293,W2054653365
W1992193293,W1964308073
W1992193293,W2024966118
W1992193293,W1991308688
W1992193293,W2530597942
W2199321793,W2058963764
W2199321793,W2915157699
W1974527622,W1905429483
W1974527622,W1990469714
W1974527622,W2530597942
W1974527622,W2107705106
W1974527622,W2170589321
W1974527622,W2124614231
W1974527622,W2047328724
W2190546151,W2126902408
W2190546151,W1982627164
W2190546151,W1999167944
W2190546151,W2097004990
W2190546151,W1885078460
W2190546151,W2120700991
W2190546151,W1966910378
W2190546151,W2036538049
W2190546151,W2013414890
W2190546151,W2038782607
W2190546151,W2126320505
W2142145570,W1968595844
W2142145570,W2083495093
W2142145570,W1987643155
W2142145570,W2126452174
W1951564719,W1930021590
W1951564719,W2140131090
W1951564719,W2122582889
W1951564719,W1977699466
W1951564719,W2119006714
W1951564719,W2165037481
W1951564719,W2169245074
W1951564719,W2170327428
W1951564719,W2127597920
W1951564719,W1981213426
W1951564719,W2122511023
W1951564719,W1955806497
W1951564719,W1979723077
W1951564719,W1985007599
W1951564719,W2073141004
W1951564719,W2112931509
W1951564719,W2106080357
W1951564719,W2047189523
W1951564719,W2063923547
W1951564719,W2163541402
W1951564719,W1987807993
W1951564719,W2096682311
W1951564719,W2015522309
W1951564719,W1524420836
W1951564719,W2152600059
W1951564719,W1999167944
W1951564719,W2108886061
W1951564719,W2077968790
W1951564719,W2038215949
W1951564719,W2106632946
W1951564719,W2051159954
W1951564719,W2103948957
W1951564719,W2530597942
W1182682356,W2016916834
W1182682356,W1905429483
W1182682356,W2086710305
W1182682356,W2161994757
W2012136380,W2018651936
W1940496428,W1829643206
W1940496428,W1994028888
W1940496428,W2009775084
W2237880282,W2024966118
W2237880282,W2119132330
W2237880282,W2169245074
W1974424100,W2149507322
W1974424100,W2126473499
W1974424100,W2112315008
W1974424100,W2139168999
W1974424100,W2144673831
W1974424100,W2157641482
W1974424100,W2097360283
W1974424100,W2122825543
W1974424100,W2009435671
W2110416771,W1949231392
W1955806497,W2171210136
W1955806497,W2154710695
W1955806497,W2044499383
W1955806497,W2162953324
W1955806497,W2021057500
W1955806497,W2138644576
W1955806497,W2169245074
W1955806497,W2015522309
W1955806497,W2121745948
W1955806497,W1989668498
W1955806497,W2058662258
W1955806497,W1951684732
W1955806497,W2165977355
W1955806497,W2106632946
W1955806497,W2034672914
W1955806497,W2138408852
W2077766806,W2086710305
W2077766806,W2114891756
W2077766806,W1988902793
W2077766806,W1867005924
W2077766806,W2126902408
W2077766806,W2142231247
W2077766806,W2016006311
W2077766806,W2161994757
W2013536899,W2085519620
W2013536899,W2058522703
W2013536899,W3149443718
W2175951962,W2119888547
W2175951962,W2169409681
W2175951962,W2146341019
W2175951962,W2143485490
W2175951962,W2107772251
W2175951962,W2112364185
W2175951962,W2158804744
W2175951962,W2034285706
W2175951962,W2155806125
W2175951962,W2146058063
W2175951962,W1989348205
W2175951962,W2045204781
W2079300606,W2060852319
W2079300606,W1985148570
W2079300606,W1964308073
W1922730584,W1983228601
W1502801871,W2144189317
W2090915513,W2128003492
W2090915513,W2059646894
W2090915513,W2146577723
W2090915513,W2147746661
W2090915513,W2060680089
W2090915513,W1885078460
W2090915513,W1887863118
W2090915513,W2142231247
W2024397118,W2043402970
W2067847820,W2055638681
W2067847820,W2022731012
W2417285541,W2066131315
W2417285541,W2153763028
W2417285541,W1964805252
W1810360004,W2150503350
W1810360004,W2103585709
W1810360004,W2014173070
W2153248731,W2150597302
W2153248731,W2129163149
W2153248731,W2107625277
W2153248731,W2160537686
W2176331526,W1981644934
W2176331526,W2121745948
W2176331526,W2130707940
W2176331526,W2037496050
W2176331526,W2011923115
W2114983539,W2002258037
W2114983539,W2133946740
W2114983539,W2038215949
W1476478267,W2132484323
W1476478267,W1558577766
W1214056855,W2114892242
W1214056855,W1994433187
W1214056855,W2001510610
W1214056855,W1981213426
W1214056855,W2009163215
W2119642490,W2161568916
W1733387413,W1996746229
W1733387413,W2103497845
W1733387413,W2015522309
W1733387413,W2077968790
W1733387413,W2169245074
W1733387413,W2338049369
W1733387413,W1973082817
W1733387413,W2075793519
W1733387413,W2008668438
W1733387413,W2092645526
W2088494848,W2123388186
W2088494848,W2075702351
W2088494848,W1970010130
W2088494848,W2015032635
W2088494848,W3147128100
W1906455749,W2055638681
W2022423925,W2132484323
W2022423925,W2174069807
W2022423925,W2106986958
W2022423925,W2134351926
W2022423925,W1685833191
W2022423925,W1994228237
W2022423925,W2060590119
W2022423925,W1913957972
W2131904767,W2154736508
W2131904767,W2127602818
W2131904767,W1980680725
W2131904767,W2049424645
W1196712433,W2073122003
W1196712433,W2050104595
W1196712433,W2162838272
W862767725,W2124565737
W862767725,W2170121306
W862767725,W2156523992
W2025745000,W2056435747
W2025745000,W2113410727
W2025745000,W2151456308
W2025745000,W2159443068
W2025745000,W2139709933
W2025745000,W2028240797
W2025745000,W2055718260
W2148999460,W2144304061
W2148999460,W2044499383
W2148999460,W2097004990
W2148999460,W2149352713
W2148999460,W2002570697
W2148999460,W2955601895
W2148999460,W2133484165
W2148999460,W2122511023
W2148999460,W2986345846
W2148999460,W2117087906
W2148999460,W2155039075
W2148999460,W2106963750
W2148999460,W2110052313
W2148999460,W2134289299
W2148999460,W2162953324
W2148999460,W2134927874
W2148999460,W1991308688
W2148999460,W2152811544
W1946435840,W2150503350
W1946435840,W2130707940
W1946435840,W1981644934
W1946435840,W2088122955
W1946435840,W2160916596
W1946435840,W2037496050
W1946435840,W2014173070
W1946435840,W2116464510
W1946435840,W2099540110
W2151516307,W2041311241
W2151516307,W2017871657
W1907702319,W1974470230
W1907702319,W1985217958
W1907702319,W2172191993
W1907702319,W1524420836
W1907702319,W2024966118
W1907702319,W2017559255
W1907702319,W1991308688
W1907702319,W1590065089
W1907702319,W2055695879
W1907702319,W2021530952
W1930021590,W2009163215
W1930021590,W2151328940
W1930021590,W1867005924
W1930021590,W2042692910
W1930021590,W2063923547
W1930021590,W2126479957
W1930021590,W1987807993
W1930021590,W1977699466
W1930021590,W2108886061
W1930021590,W2169245074
W1930021590,W2134289299
W1930021590,W2123855284
W1930021590,W2128342866
W2091575974,W2124088034
W2195453830,W2132407977
W2195453830,W2052479643
W2195453830,W2060680089
W2195453830,W2076949647
W2170327428,W2162348455
W2170327428,W2169245074
W2170327428,W2099196698
W2170327428,W2165977355
W2170327428,W2125634634
W2170327428,W2015522309
W2170327428,W2024966118
W2186567173,W1940496428
W2048170654,W2044387082
W2048170654,W2171692085
W2048170654,W1791484930
W2048170654,W1974470230
W2048170654,W2939474406
W2048170654,W2069306629
W2155657253,W2113410727
W2155657253,W2133488074
W2155657253,W2165242200
W2155657253,W2939474406
W2160206675,W2149352713
W2160206675,W2126902408
W2160206675,W2094838139
W2160206675,W2096371469
W2160206675,W2036671864
W2160206675,W2123388186
W2160206675,W2032604387
W2160206675,W2145840889
W2160206675,W2127602818
W2160206675,W2154736508
W2160206675,W2168173042
W2160206675,W1998767819
W2160206675,W2088833470
W2160206675,W2124351063
W2160206675,W2154026962
W2160206675,W2152885278
W2160206675,W2157107905
W2160206675,W2121180999
W2160206675,W2034285706
W2160206675,W2136145671
W2214163154,W2049468624
W2214163154,W2050900592
W2214163154,W2131665065
W1830138900,W2130256070
W2523591818,W2164283016
W2523591818,W2012136380
W2523591818,W2018651936
W2523591818,W2030617758
W2530960585,W1951684732
W2530960585,W2165977355
W2530960585,W1955806497
W2530960585,W2106632946
W2530960585,W1995047010
W2530960585,W1966334841
W2530960585,W1991308688
W2530960585,W2066375491
W2534737939,W2040456488
W2534737939,W1983228601
W2336426693,W2149352713
W2336426693,W2114892242
W2336426693,W2094838139
W2336426693,W1981213426
W2336426693,W1998515817
W2336426693,W2134927874
W2336426693,W2939474406
W2336426693,W2069306629
W2228940409,W2155305805
W2228940409,W2164283016
W2228940409,W2083495093
W2228940409,W1977822381
W2253902135,W2118554039
W2253902135,W2145840889
W2253902135,W2081284397
W2253902135,W2911964244
W2253902135,W2112776483
W2253902135,W2157107905
W2253902135,W2136879569
W2253902135,W1988925586
W2253902135,W2154026962
W2253902135,W2103317434
W2253902135,W2031611770
W2253902135,W2153989276
W2253902135,W1627191216
W2253902135,W273955616
W2320249130,W2150303148
W2320249130,W2102213705
W2320249130,W2171984413
W2320249130,W1985217958
W2514157351,W2120145199
W2286955579,W2014173070
W2286955579,W1810360004
W2286955579,W2103585709
W2286955579,W2143362587
W2405598407,W2150503350
W2405598407,W2085831882
W2405598407,W2014173070
W2405598407,W2228625904
W2405598407,W2318716851
W2432612777,W2126902408
W2328487243,W2139562946
W2328487243,W2108744281
W2328487243,W2126902408
W2328487243,W1964700776
W2328487243,W2041483208
W2328487243,W2136009149
W2328487243,W2132484323
W2328487243,W2160917602
W2328487243,W1970010130
W2328487243,W2132407977
W2328487243,W2162686899
W2518198314,W2214163154
W2518198314,W2134289299
W2518198314,W2123855284
W2518198314,W2171984413
W2518198314,W2024966118
W2518198314,W2939474406
W2299593614,W2058085399
W2255762950,W2088122955
W2255762950,W2037496050
W2255762950,W2130707940
W2255762950,W1981644934
W2255762950,W2160697532
W2255762950,W2164154943
W2517342784,W2130509491
W2517342784,W1444168786
W2517342784,W2130811469
W2517342784,W2170121306
W2517342784,W1981213426
W2517342784,W2124565737
W2517342784,W2146904764
W2517342784,W1999167944
W2517342784,W2039240409
W2517342784,W2162348455
W2517342784,W2114892242
W2517342784,W2138408852
W2517342784,W1838764073
W2517342784,W2137046486
W2517342784,W2171675471
W2517342784,W2272473773
W2228625904,W2014173070
W2228625904,W2150503350
W2228625904,W2103585709
W2228625904,W2051121620
W2228625904,W2318716851
W2296298476,W2122511023
W2296298476,W2328573691
W2296298476,W2000257837
W2296298476,W2171692085
W2296298476,W1791484930
W2296298476,W2138644576
W2296298476,W1590065089
W2296298476,W2024966118
W2296298476,W2021530952
W2296298476,W1524420836
W2429610540,W2123610169
W2429610540,W2127569725
W2429610540,W2161568916
W2557800876,W2200817828
W2557800876,W2132484323
W2557800876,W2123981120
W2557800876,W2136009149
W2557800876,W1558577766
W2238351122,W2126452174
W2238351122,W1987643155
W2344328155,W2056435747
W2344328155,W2167929905
W2344328155,W2151456308
W2344328155,W2145265567
W2344328155,W2138448722
W2554285426,W2040113717
W2554285426,W2130042267
W2554285426,W2118885226
W2554285426,W4300407496
W2253030359,W2017875658
W2525607701,W2014173070
W2525607701,W1810360004
W2525607701,W2040397490
W2525607701,W2318716851
W2525607701,W2405598407
W2525607701,W2116464510
W2525607701,W2143362587
W2525607701,W2011923115
