cited,cites
W1005007408,W1019830208
W1005007408,W1031578623
W1005007408,W103650626
W1005007408,W104184427
W1005007408,W1107917109
W1031578623,W2107915297
W1031578623,W2066678696
W1031578623,W2100533358
W1031578623,W2073332363
W1107917109,W1525882651
W1107917109,W1590065089
W1107917109,W1019830208
W1107917109,W1482867610
W1107917109,W1484347389
W1107917109,W1978775682
W1107917109,W2009104157
W1107917109,W1916491745
W2107915297,W1619623942
W2107915297,W2066375491
W2107915297,W2022085321
W2107915297,W2005501262
W2107915297,W1005007408
W2107915297,W2066459710
W2066678696,W1005007408
W2100533358,W2066375491
W2073332363,W2047328724
W2073332363,W2065109455
W2073332363,W1590065089
W1525882651,W1484347389
W1525882651,W1482190741
W1482867610,W1574235309
W1482867610,W1574378514
W1482867610,W1575585006
W1482867610,W1482190741
W1482867610,W1576520375
W1482867610,W1577231857
W1482867610,W1577577364
W1482867610,W1577941315
W1482867610,W1578291413
W1482867610,W1580389772
W1482867610,W1585939719
W1482867610,W1587094587
W1482867610,W1587875569
W1482867610,W1107917109
W1482867610,W103650626
W1482867610,W1005007408
W1482867610,W1588685142
W1482867610,W1514540900
W1482867610,W1588827410
W1482867610,W1590065089
W1482867610,W1591013228
W1484347389,W1485504984
W1484347389,W1483167997
W1484347389,W1107917109
W1978775682,W1810360004
W1978775682,W1514540900
W1978775682,W1514707913
W2009104157,W1971625691
W2009104157,W1568390176
W2009104157,W1970637701
W2009104157,W1810360004
W1182682356,W1196712433
W1182682356,W1204404493
W1196712433,W1494198834
W1204404493,W1182682356
W1214056855,W1247968195
W1255676896,W136628441
W136628441,W1255676896
W1444168786,W147232447
W1444168786,W1476478267
W1482190741,W1482867610
W1482190741,W1483167997
W1483167997,W1484347389
W1483167997,W1482190741
W1574235309,W1574378514
W1574235309,W1575585006
W1574235309,W2098597355
W1574235309,W2090330784
W1574235309,W2066459710
W1574235309,W2066375491
W1574235309,W1482867610
W1574235309,W2057433097
W1574378514,W1575585006
W1574378514,W2090330784
W1574378514,W1005007408
W1574378514,W2095345231
W1574378514,W2108108770
W1574378514,W2066122301
W1574378514,W2075950485
W1574378514,W1619623942
W1575585006,W1482867610
W1575585006,W2057433097
W1578291413,W1767470961
W1578291413,W1580389772
W1580389772,W1482867610
W1580389772,W1576520375
W1587094587,W1994803330
W1588685142,W1578291413
W1588685142,W1982837210
W1514540900,W1514707913
W1588827410,W1484347389
W1588827410,W1019830208
W1588827410,W1543891416
W1588827410,W1928750549
W1588827410,W2116148865
W1485504984,W1019830208
W1485504984,W1543891416
W1485504984,W2114701864
W1485504984,W104184427
W1485504984,W103650626
W1485504984,W1107917109
W1543891416,W1019830208
W1543891416,W2114296561
W2114701864,W1019830208
W2114701864,W1543891416
W1486722793,W1487531252
W1488616880,W1490161904
W1490482062,W1494075612
W1496684753,W1497789111
W1496684753,W1497843627
W1497843627,W1496684753
W1497843627,W1860063347
W1497843627,W1497789111
W1860063347,W1496684753
W1860063347,W1991807334
W1860063347,W1497789111
W1497947649,W1498027297
W1497947649,W1498057507
W1498931318,W1499256377
W1498931318,W1499500424
W1500693574,W1502801871
W1500693574,W1503900815
W1500693574,W1504052325
W1500693574,W1504702575
W1503900815,W1568201516
W1505543708,W1505626160
W1505543708,W1509466986
W1505626160,W1509466986
W1515023627,W1517555081
W1519266993,W1505626160
W1519266993,W1509466986
W1519633296,W1520812622
W1519633296,W1522592213
W1524333225,W1524420836
W1525197209,W1484347389
W1525197209,W1483167997
W1525197209,W1525882651
W1526319989,W1527927437
W1529592271,W1488616880
W1529674879,W1509466986
W1529674879,W1505626160
W1531643369,W1515023627
W1531643369,W1517555081
W1531821806,W1531935167
W1532325895,W1533861849
W1533942137,W1488616880
W1534181333,W1536497620
W1536680647,W1517555081
W1537972189,W1538825449
W1539835075,W1494075612
W1541774929,W1498027297
W1543409689,W1543891416
W2114296561,W104184427
W1544875105,W1544923801
W1545241942,W1547450212
W1545241942,W1550443206
W1550443206,W1568201516
W1550443206,W1566825895
W1550443206,W1503900815
W1550443206,W1678356000
W1550443206,W1504702575
W1566825895,W1568201516
W1566825895,W1603793127
W1678356000,W1484347389
W1678356000,W1568201516
W1678356000,W1566825895
W1678356000,W2004293194
W1678356000,W1503900815
W1551533759,W1497789111
W1552055731,W136628441
W1552055731,W1255676896
W1552847225,W1490482062
W1552847225,W1555328317
W1552847225,W1555476426
W1555476426,W1490482062
W1555476426,W1552847225
W1558095504,W1498027297
W1558577766,W1559136758
W1560020441,W1560371066
W1560371066,W2114357073
W1560371066,W1976988124
W1560371066,W1547450212
W2114357073,W2114367386
W1976988124,W1531935167
W1560749659,W1444168786
W1560749659,W147232447
W1561878391,W1563940013
W1561878391,W1564094774
W1564094774,W1574172480
W1565212980,W1565746575
W1566135517,W1500693574
W1566135517,W1533861849
W1566135517,W1566825895
W1566135517,W1503900815
W1566135517,W1550443206
W1566135517,W1545241942
W1566135517,W1504052325
W1566135517,W1567420244
W1566135517,W1547450212
W1566135517,W1568201516
W1567420244,W1547450212
W1567420244,W1500693574
W1568390176,W1563940013
W1568390176,W1569308213
W1568390176,W1574172480
W2098597355,W2095345231
W2098597355,W2098627306
W2098597355,W1619623942
W2090330784,W2090552208
W2090330784,W2090602773
W2090330784,W2090915513
W2066459710,W2107915297
W2066459710,W2066375491
W2066459710,W2100533358
W2066375491,W2066459710
W2066375491,W1005007408
W2066375491,W2066678696
W2066375491,W2025781576
W2066375491,W1986662234
W2066375491,W1590065089
W2066375491,W2066907097
W2066375491,W2014918593
W2095345231,W2065109455
W2095345231,W2060891246
W2108108770,W2066122301
W2108108770,W2095293504
W2066122301,W2038044415
W2066122301,W2065109455
W2066122301,W2044591029
W2066122301,W2016922062
W2066122301,W1107917109
W2075950485,W2064963539
W2075950485,W2065304353
W2075950485,W1578291413
W2075950485,W2065109455
W1619623942,W1005007408
W1619623942,W1107917109
W1767470961,W1603793127
W1994803330,W1525197209
W1994803330,W1994823455
W1994803330,W1994959046
W1982837210,W1005007408
W1982837210,W1578291413
W1928750549,W1484347389
W1928750549,W1485504984
W1928750549,W1543891416
W1928750549,W1019830208
W1928750549,W2115701239
W1928750549,W104184427
W1928750549,W1831050183
W1928750549,W2115706991
W2116148865,W1005007408
W2116148865,W1543891416
W2116148865,W2114296561
W2116148865,W1107917109
W2116148865,W1916491745
W1592674309,W1594032928
W1592674309,W1596515083
W1594032928,W1592674309
W1596936787,W1597678601
W1596936787,W1600897084
W1596936787,W1560371066
W1596936787,W1601795611
W1597678601,W1600897084
W1597678601,W1601795611
W1601795611,W1600897084
W1603746823,W1603793127
W1603746823,W1005007408
W1603746823,W1482867610
W1605491412,W1605984840
W1605491412,W1607198972
W1607198972,W1605984840
W1607931568,W1608762409
W1607931568,W1608836379
W1607931568,W1609491364
W1608762409,W2115247641
W1608762409,W1608836379
W1608836379,W1608762409
W1611419331,W1613795631
W1611419331,W1617328014
W1611419331,W1617495083
W1611419331,W1619082318
W1617495083,W1617328014
W1625255723,W147232447
W1625255723,W1627191216
W1627978401,W1629273100
W1627978401,W1631250427
W1627978401,W1631356911
W1631559605,W1636092099
W1642457845,W1642873092
W1645305843,W1482867610
W1645305843,W1645858368
W1645305843,W104184427
W1645305843,W1576520375
W1645858368,W104184427
W1650797637,W1654805921
W1661025176,W1488616880
W1663973292,W1665214252
W1670573097,W1568201516
W1670573097,W1566825895
W1670573097,W1677182931
W1670573097,W1678356000
W1670573097,W1503900815
W1670573097,W1550443206
W1670573097,W1005007408
W1670573097,W1631356911
W1670573097,W1560020441
W1677182931,W1568201516
W1677182931,W1566825895
W1681732057,W1685833191
W1686065478,W1689711448
W1708393801,W1709815505
W1718036133,W147232447
W1718036133,W1627191216
W1721421031,W1727290854
W1727659491,W1733387413
W1727659491,W1747388711
W1727659491,W1749494163
W1727659491,W1760829075
W1727659491,W1761052593
W1727659491,W1761653152
W1733387413,W1761653152
W1733387413,W2116064496
W1733387413,W1747388711
W1733387413,W1749494163
W1733387413,W1760829075
W1733387413,W2117087906
W1747388711,W2114850508
W1747388711,W2114983539
W1747388711,W2114883075
W1747388711,W2114891756
W1747388711,W1761653152
W1747388711,W2115093090
W1747388711,W2114892242
W1747388711,W1760829075
W1747388711,W1761052593
W1749494163,W1747388711
W1749494163,W1760829075
W1749494163,W1761052593
W1749494163,W1761653152
W1749494163,W2115093090
W1749494163,W2114892242
W1760829075,W1761653152
W1760829075,W2114883075
W1760829075,W2114891756
W1760829075,W2114983539
W1760829075,W2114892242
W1760829075,W2115093090
W1760829075,W1747388711
W1760829075,W1761052593
W1761052593,W1761653152
W1761052593,W2115093090
W1761052593,W1760829075
W1761052593,W1747388711
W2116064496,W2116137883
W2116064496,W2115093090
W2116064496,W1747388711
W2116064496,W1749494163
W2116064496,W1760829075
W2116064496,W1761052593
W2117087906,W1761653152
W2117087906,W1747388711
W2117087906,W1760829075
W2117087906,W1761052593
W2117087906,W1749494163
W2117087906,W2115093090
W2117087906,W2114892242
W2117087906,W2114983539
W2117087906,W2114850508
W2114850508,W2114883075
W2114850508,W2114891756
W2114850508,W2114892242
W2114850508,W2114983539
W2114983539,W2114883075
W2114983539,W2114891756
W2115093090,W1761653152
W2115093090,W2114883075
W2115093090,W2114891756
W2115093090,W2114892242
W2115093090,W2114983539
W2115093090,W2114850508
W2114892242,W2114883075
W2114892242,W2114891756
W1767772592,W1780778418
W1767772592,W1787224781
W1767772592,W1617495083
W1767772592,W1611419331
W1767772592,W1617328014
W1780778418,W1787224781
W1780778418,W1617495083
W1780778418,W1617328014
W1780778418,W1611419331
W1791484930,W1654805921
W179875071,W1803102843
W180836830,W1590065089
W180836830,W1810028515
W1810028515,W2108994842
W1810028515,W1107917109
W2108994842,W2100379340
W2108994842,W2066122301
W2108994842,W2098597355
W1810360004,W1514540900
W1810360004,W1514707913
W1810694562,W1590065089
W181107242,W1812256879
W1815596065,W1819467863
W1820051232,W1829634234
W1820051232,W1829643206
W1829643206,W1829634234
W1829643206,W2004823737
W1829643206,W2036193982
W1830138900,W1831050183
W1830138900,W1832693441
W1831050183,W2116006659
W1831050183,W2116040950
W1831050183,W1483167997
W1832693441,W2116006659
W1832693441,W2116040950
W1832693441,W1831050183
W1832693441,W1617495083
W1832693441,W1576520375
W1832693441,W1483167997
W1832693441,W1485504984
W1832693441,W1484347389
W1834627138,W1500693574
W1834627138,W1566135517
W1834627138,W1504052325
W1834627138,W1838764073
W1844405070,W1107917109
W1845975704,W1848939527
W1845975704,W1857591892
W1845975704,W1857797615
W1858542512,W1596515083
W1991807334,W1991366673
W1991807334,W1860063347
W1864325817,W1866413456
W1864325817,W1867005924
W1866413456,W2011657487
W1868559974,W1596515083
W1868559974,W1877686344
W1868559974,W1880262756
W1868559974,W1601795611
W1877686344,W1976988124
W1877686344,W1973062929
W1880262756,W1973062929
W1880262756,W1596515083
W1880262756,W1594032928
W1880262756,W1592674309
W1973062929,W1976988124
W1973062929,W1531935167
W1885078460,W1613795631
W1885078460,W1885185971
W1885078460,W1569308213
W1887624773,W1887863118
W1887624773,W1888172398
W1887863118,W1972750202
W1887863118,W1888172398
W1893938325,W1895164393
W1895164393,W1893938325
W1895577753,W1255676896
W1895577753,W136628441
W1895577753,W1897139626
W1897139626,W1973577532
W1897139626,W1255676896
W1900937478,W1902237438
W1900937478,W1902610065
W1900937478,W1444168786
W1904914631,W1810360004
W1904914631,W1514707913
W1904914631,W1514540900
W1904914631,W1590065089
W1905058580,W1905429483
W1905539406,W1902237438
W1905539406,W1902610065
W1905539406,W1444168786
W1905829557,W1551533759
W1905829557,W1905882502
W1906455749,W1500693574
W1906455749,W1566135517
W1906455749,W1566825895
W1906455749,W1834627138
W1906455749,W1907369419
W1907369419,W1500693574
W1907369419,W1834627138
W1907369419,W1566135517
W1907702319,W1908991493
W1907702319,W1594032928
W1907702319,W1880262756
W1907702319,W1909100498
W1907702319,W1525882651
W1909359706,W1568390176
W1913957972,W104184427
W1913957972,W1916491745
W1918072595,W1918260619
W1919257374,W1920022804
W1920303762,W1689711448
W1922730584,W1803102843
W1922730584,W179875071
W1924064069,W1928750549
W1924064069,W1928998639
W1928998639,W1484347389
W1928998639,W2006769952
W2115701239,W1543891416
W2115701239,W1485504984
W2115701239,W1019830208
W2115701239,W1005007408
W2115701239,W2114701864
W1930021590,W1930624869
W1930824406,W1885078460
W1930824406,W1569308213
W1933349210,W1592674309
W1933349210,W1934094702
W1933349210,W1594032928
W1933349210,W1596515083
W1933349210,W1877686344
W1933349210,W1585939719
W1934094702,W1947481528
W1934094702,W1976881265
W1934094702,W1976985160
W1947481528,W1531935167
W1947481528,W1976881265
W1947481528,W2115217290
W1947481528,W2071841602
W1976881265,W1531935167
W1976985160,W1976881265
W1976985160,W2114843025
W1976985160,W2115217290
W1940496428,W1941339056
W1940496428,W1944901286
W1946252112,W1946435840
W1946252112,W1947481528
W1946435840,W1600897084
W1946435840,W1597678601
W1946435840,W1601795611
W2115217290,W1531935167
W2115217290,W1976881265
W2115217290,W2071841602
W2071841602,W1976881265
W2071841602,W2039348932
W2071841602,W1976985160
W2071841602,W2024726841
W2071841602,W2116634113
W2071841602,W2130900820
W2071841602,W2130950828
W2071841602,W2126736494
W2071841602,W2039240409
W2071841602,W2129623720
W2071841602,W2041698310
W2071841602,W2109006689
W1949231392,W1950118853
W1949231392,W1791484930
W1949231392,W1497789111
W1950118853,W1966411071
W1950118853,W1791484930
W1950118853,W1966623514
W1950118853,W1650797637
W1950118853,W1654805921
W1950829641,W1951564719
W1950829641,W1951684732
W1951564719,W1965464747
W1951564719,W2045197688
W1951684732,W2045197688
W1965464747,W2166171121
W1951724000,W1895577753
W1951724000,W1951817746
W1951724000,W1531821806
W1951724000,W1952026831
W1951724000,W1600897084
W1951724000,W1601795611
W1951724000,W1952066190
W1952026831,W2115217290
W1952026831,W1600897084
W1952026831,W1952066190
W1952026831,W1601795611
W1952608303,W1955806497
W1952608303,W1956280464
W1952608303,W1956340063
W1956280464,W1955806497
W1956340063,W1815596065
W1956340063,W1964805252
W1960895270,W1708393801
W1962572544,W1214056855
W1962572544,W1963529460
W1963529460,W2040975718
W1963529460,W2035908878
W1963529460,W2148092884
W2040975718,W2346905224
W2148092884,W2049424645
W2148092884,W2149868499
W2148092884,W1214056855
W2148092884,W2164449327
W1963746476,W1963758874
W1963746476,W1963841973
W1963882359,W1963957860
W1963882359,W1866413456
W1963882359,W1964010911
W1964026200,W1005007408
W1964308073,W1964357740
W1964688613,W1531935167
W1964700776,W1920303762
W1964700776,W1686065478
W1964700776,W1689711448
W1964846093,W1568390176
W1964846093,W1561878391
W1964895626,W1964946787
W1964895626,W1964963969
W1965079305,W1965092590
W1965097716,W1895577753
W1965097716,W1951817746
W1965125844,W1534181333
W1965125844,W1965157206
W1965125844,W1536497620
W1965306643,W1965464747
W1965306643,W1965765914
W1965306643,W1966078827
W1965306643,W1966107523
W1965306643,W1966238900
W1965765914,W1966078827
W1966107523,W2339540635
W1966107523,W1966238900
W1966107523,W2164449327
W1966272358,W1966327575
W1966272358,W1587875569
W1966272358,W1966334841
W1966272358,W1482867610
W1966272358,W1107917109
W1966327575,W1107917109
W1966327575,W1619623942
W1966396962,W1524420836
W1966701961,W1845975704
W1966701961,W1857797615
W1966701961,W1848939527
W1966716734,W1503900815
W1966716734,W1596515083
W1966716734,W1567420244
W1966716734,W1966750682
W1966716734,W1500693574
W1966811787,W1966822396
W1966910378,W1966976587
W1966976587,W1536680647
W1966976587,W1515023627
W1966976587,W1517555081
W1966976587,W1978956894
W1978956894,W1517555081
W1978956894,W1515023627
W1967156257,W1967261754
W1967344706,W1500693574
W1967344706,W1567420244
W1967344706,W1907369419
W1967344706,W1678356000
W1967464880,W1967485833
W1967464880,W1968105193
W1967464880,W1968176769
W1967464880,W1968178474
W1967464880,W1968178762
W1967464880,W1968509967
W1967464880,W1968595844
W1967464880,W1968628080
W1967464880,W1968862760
W1967464880,W1968931043
W1967464880,W1968984443
W1967464880,W1969072247
W1967485833,W1968178762
W1967485833,W2148924243
W1967485833,W1975768883
W1967485833,W2151936673
W1967485833,W1968105193
W1967485833,W1968178474
W1968105193,W2146502635
W1968105193,W2146512944
W1968178762,W1975768883
W1968509967,W2147601077
W1968509967,W2049683810
W1968509967,W2115612291
W1968509967,W2148898943
W1968509967,W2115607954
W1968509967,W2148924243
W1968509967,W2134208433
W1968509967,W2123879591
W1968628080,W2339183141
W1968862760,W2040975718
W1968862760,W2040547343
W1968862760,W2151080396
W2151936673,W1968105193
W2151936673,W2146512944
W2146512944,W2342577284
W2049683810,W2148924243
W2115607954,W2115612291
W2134208433,W2134233006
W2134208433,W1968509967
W2134208433,W2115612291
W2134208433,W2134236819
W2134208433,W2134289299
W2134208433,W2134291350
W2134208433,W2115607954
W1969184914,W1969200114
W1969200114,W2163798887
W1969353942,W1969360633
W1969543759,W1969690258
W1969543759,W1970010130
W1969690258,W1972190631
W1970010130,W1969690258
W1970090817,W1970327765
W1970090817,W1629273100
W1970090817,W1631250427
W1970327765,W1966411071
W1970327765,W1970334998
W1970637701,W1568390176
W1970637701,W1970672417
W1970637701,W1561878391
W1970672417,W2117853853
W1970672417,W2119413986
W1970672417,W1909359706
W1970672417,W1561878391
W2117853853,W2117880641
W2119413986,W2118421222
W2119413986,W2117853853
W2119413986,W2117880641
W1970707135,W1964308073
W1970707135,W1964357740
W1970792572,W1970881901
W1970792572,W1534181333
W1970792572,W1970928383
W1970792572,W1971040550
W1970928383,W1970881901
W1970928383,W1536497620
W1970928383,W2164303307
W1970928383,W1534181333
W1971415551,W1545241942
W1971415551,W1500693574
W1971415551,W1566135517
W1971415551,W1971439989
W1971415551,W1834627138
W1971415551,W1907369419
W1971415551,W1906455749
W1971439989,W1500693574
W1971439989,W1566135517
W1971439989,W1567420244
W1971439989,W1907369419
W1971439989,W1834627138
W1971439989,W1967344706
W1971439989,W1906455749
W1971439989,W1838764073
W1971443733,W1619623942
W1971443733,W1971443941
W1971445485,W1971578941
W1971625691,W1908991493
W1971625691,W1885078460
W1971625691,W1909359706
W1971820570,W1500693574
W1971820570,W1567420244
W1971820570,W1566135517
W1971820570,W1907369419
W1971820570,W1545241942
W1971820570,W1503900815
W1971820570,W1504702575
W1971820570,W1533861849
W1971820570,W1504052325
W1971820570,W1972081918
W1971820570,W1834627138
W1971820570,W1550443206
W1971820570,W1568201516
W1972145956,W1971415551
W1972183204,W1972190631
W1972183204,W1969690258
W1972183204,W1972432506
W1972432506,W1972190631
W1972673502,W1255676896
W1972673502,W1214056855
W1972673502,W1950829641
W1972673502,W1962572544
W1972673502,W1941339056
W1972673502,W1887863118
W1972673502,W1963529460
W1972673502,W1972696558
W1972673502,W1888172398
W1972673502,W1972750202
W1972696558,W2518198314
W1972696558,W2149868499
W1972696558,W1963529460
W1972696558,W2424778531
W2518198314,W2149868499
W2424778531,W2124879124
W2424778531,W2049424645
W2424778531,W2045197688
W1972923945,W1600897084
W1972923945,W1868559974
W1972923945,W1592674309
W1972923945,W1601795611
W1972923945,W1973062929
W1973082817,W1973116615
W1973082817,W1966750682
W1973260880,W1973268287
W1973260880,W1565212980
W1973333099,W1973577532
W1973776237,W1973831267
W1974038018,W1895577753
W1974038018,W1972432506
W1974038018,W1951817746
W1974047233,W1970010130
W1974047233,W1974116356
W1974047233,W1972432506
W1974047233,W1974424100
W1974116356,W1974424100
W1974116356,W1969690258
W1974116356,W1970010130
W1974424100,W1974116356
W1974424100,W1969543759
W1974424100,W1970010130
W1974470230,W1974527622
W1974470230,W1974964336
W1974470230,W1975220728
W1974470230,W1975317507
W1975220728,W1974527622
W1975220728,W1974964336
W1975317507,W1974964336
W1975325122,W1975390269
W1975325122,W1975404935
W1975325122,W1975675278
W1975325122,W1968178762
W1975325122,W1967485833
W1975325122,W1967464880
W1975325122,W1975768883
W1975325122,W1968176769
W1975325122,W1968509967
W1975325122,W1968595844
W1975325122,W1968105193
W1975325122,W1976095361
W1975325122,W1968178474
W1975325122,W1968931043
W1975325122,W1969072247
W1975390269,W2134208433
W1975404935,W1975675278
W1975404935,W1977709885
W1975404935,W1968178762
W1975404935,W1721421031
W1975404935,W1975325122
W1975404935,W1967485833
W1975404935,W1977767269
W1975404935,W1968595844
W1975404935,W2150220236
W1975404935,W2150234230
W1975675278,W1968178474
W1975675278,W1968178762
W1975675278,W1967485833
W1976095361,W1975404935
W1976095361,W1977709885
W1976095361,W1975325122
W1976095361,W1977767269
W1976095361,W1968176769
W1977709885,W2404280981
W2150220236,W1968509967
W2150220236,W1972696558
W2150234230,W2519603001
W2150234230,W2149573463
W2150234230,W2521967673
W2150234230,W2164449327
W1976324983,W1956340063
W1976324983,W1819467863
W1976386631,W1965157206
W1976386631,W1488616880
W1976386631,W1533942137
W1976386631,W1976403158
W1976386631,W1529592271
W1976441470,W1963882359
W1976452733,W1976526581
W1976452733,W1950118853
W1976452733,W1966623514
W1976564639,W1617328014
W1976564639,W1976579441
W1976564639,W1832693441
W1976564639,W1611419331
W1976564639,W1976637107
W1976579441,W2116040950
W1976579441,W2116006659
W1976579441,W2119547517
W1976579441,W1831050183
W1976579441,W1832693441
W1976579441,W1998971866
W1976579441,W1617495083
W1976579441,W1928750549
W1976579441,W2119565742
W1976579441,W2119567434
W1976579441,W1005007408
W1976579441,W1485504984
W1976637107,W1617328014
W1976637107,W1976579441
W2119547517,W1831050183
W2119547517,W1832693441
W1998971866,W1619082318
W1976744965,W1819467863
W1976744965,W1815596065
W1976759885,W1972183204
W1976759885,W1972432506
W1976759885,W1972190631
W1976770755,W1976881265
W1976770755,W1976985160
W1976770755,W1976988124
W1976770755,W1946435840
W1976770755,W1946252112
W2114843025,W1531935167
W2114843025,W1976881265
W2114843025,W1600897084
W2114843025,W2071841602
W2114843025,W1601795611
W1977212456,W1977215451
W1977367431,W1977601452
W1977367431,W1977617315
W1977655452,W1972696558
W1977699466,W1494075612
W1977699466,W1631250427
W1977699466,W1629273100
W1977699466,W1631356911
W2404280981,W2164449327
W1977822381,W1857591892
W1977822381,W1519266993
W1977822381,W1845975704
W1977822381,W1857797615
W1977822381,W1966701961
W1977822381,W1848939527
W1977822381,W1977918192
W1977918192,W1566135517
W1977918192,W1845975704
W1977918192,W1848939527
W1977918192,W1857797615
W1977918192,W1966701961
W1977918192,W1977822381
W1978007507,W1810694562
W1978007507,W1978110877
W1978110877,W1590065089
W1978129709,W1978337436
W1978337436,W1642873092
W1978424046,W1617328014
W1978424046,W1976637107
W1978424046,W1978426240
W1978424046,W1830138900
W1978426240,W1976579441
W1978426240,W1976637107
W1978426240,W2122683221
W1978426240,W2121927366
W1978426240,W2116006659
W2122683221,W1976579441
W2122683221,W1617328014
W2121927366,W2116006659
W2121927366,W2116040950
W2121927366,W2120902911
W2121927366,W2120865735
W2121927366,W2121180999
W2121927366,W2121025662
W1978436252,W1885078460
W1978436252,W1930824406
W1979260070,W1979283544
W1979260070,W1979290264
W1979290264,W1590065089
W1979290264,W1979283544
W1979308046,W1979348491
W1979308046,W1482867610
W1979348491,W1970672417
W1979348491,W1909359706
W1979368277,W1642873092
W1979371521,W1642873092
W1979371521,W1978337436
W1979408141,W1574172480
W1979408141,W1561878391
W1979408141,W1885078460
W1979422830,W1979440117
W1979422830,W1498027297
W1979422830,W1979594866
W1979594866,W1498027297
W1979594866,W1558095504
W1979594866,W1541774929
W1979723077,W1965092590
W1979973356,W1980168725
W1979973356,W1574172480
W1979973356,W1980269624
W1980168725,W1574172480
W1980168725,W1980269624
W1980419364,W1980497534
W1980568348,W1980680725
W1980740976,W1590065089
W1980740976,W1980789245
W1981030303,W1627978401
W1981030303,W1494075612
W1981030303,W1631356911
W1981213426,W1969543759
W1981213426,W1974424100
W1981213426,W1895577753
W1981213426,W1981239255
W1981213426,W1972190631
W1981213426,W1972432506
W1981213426,W1974116356
W1981213426,W1970010130
W1981213426,W1969690258
W1981239255,W1972432506
W1981425990,W1981443800
W1981425990,W1981539053
W1981425990,W1829634234
W1981425990,W1820051232
W1981425990,W1829643206
W1981425990,W1981644934
W1981443800,W1829643206
W1981443800,W1829634234
W1981644934,W1829634234
W1981644934,W1981443800
W1981644934,W1820051232
W1981644934,W1981425990
W1981644934,W1829643206
W1981714996,W1499500424
W1981714996,W1981729886
W1981714996,W1498931318
W1981714996,W1981827347
W1981729886,W1499500424
W1981729886,W1498931318
W1981827347,W1498931318
W1981827347,W1499500424
W1981827347,W2163808566
W2163808566,W1499500424
W2163808566,W1498931318
W1981983416,W1976759885
W1982056270,W1976403158
W1982133696,W1642873092
W1982161876,W1965125844
W1982161876,W1965157206
W1982300822,W1964308073
W1982300822,W1982471090
W1982471090,W1964357740
W1982471090,W1964308073
W1982518595,W1982546148
W1982518595,W1982603620
W1982546148,W2010986636
W1982603620,W1617328014
W1982603620,W2119652992
W1982603620,W1982546148
W1982627164,W1517555081
W1982627164,W1966910378
W1982855075,W1970010130
W1982855075,W1969543759
W1982855075,W1981239255
W1982855075,W1974047233
W1982901688,W1196712433
W1982901688,W1494075612
W1983102293,W1983150389
W1983102293,W1983183519
W1983102293,W1983208069
W1983102293,W1983208835
W1983102293,W1525197209
W1983102293,W1983228601
W1983150389,W2114795157
W1983150389,W2114826007
W1983183519,W2119642490
W1983183519,W1484347389
W1983183519,W1928750549
W1983208069,W2119642490
W1983208069,W2043402970
W1983208835,W2114826007
W1983208835,W1580389772
W1983228601,W1485504984
W1983228601,W1484347389
W1983228601,W1525882651
W1983228601,W1577577364
W2114795157,W2114826007
W2119642490,W2117706739
W2119642490,W1560371066
W2119642490,W1545241942
W2119642490,W2117734893
W2119642490,W2117756735
W2119642490,W2056370875
W2119642490,W1547450212
W2119642490,W1983228601
W2043402970,W2114826007
W2043402970,W2114795157
W2043402970,W1983150389
W2043402970,W2115098571
W1983403167,W1983466841
W1983403167,W1905539406
W1983724229,W1767772592
W1983724229,W1611419331
W1983724229,W1617328014
W1983724229,W1780778418
W1983724229,W1617495083
W1983786851,W1983970619
W1983981789,W1984004232
W1984004232,W2559394418
W2559394418,W1984004232
W1984004659,W1984068087
W1984004659,W1984073642
W1984004659,W1984190418
W1984004659,W1984248485
W1984004659,W1984412649
W1984068087,W1613795631
W1984073642,W1984068087
W1984073642,W2117200377
W1984248485,W1984068087
W1984248485,W1984412649
W1984248485,W1885078460
W1984412649,W1984068087
W1984412649,W1984073642
W1984426948,W1984453610
W1984547206,W1984670836
W1984671422,W1603746823
W1984671422,W1946252112
W1984883254,W1629273100
W1984883254,W1631250427
W1984883254,W1970090817
W1984883254,W1984953206
W1984953206,W1494075612
W1984953206,W1631356911
W1984953206,W1490482062
W1985007599,W1966716734
W1985007599,W1567420244
W1985007599,W1985013794
W1985007599,W1560020441
W1985007599,W1603746823
W1985007599,W1005007408
W1985013794,W1976881265
W1985013794,W2114357073
W1985013794,W1531935167
W1985093013,W1985148570
W1985093013,W1544923801
W1985093013,W1909100498
W1985148570,W1760829075
W1985148570,W1733387413
W1985148570,W1909100498
W1985148570,W1749494163
W1985148570,W1761653152
W1985148570,W1747388711
W1985148570,W1761052593
W1985148570,W2107861471
W2107861471,W1760829075
W2107861471,W1761052593
W2107861471,W1747388711
W2107861471,W1749494163
W2107861471,W1761653152
W2107861471,W1733387413
W2107861471,W2025768430
W2107861471,W1727659491
W1985213644,W1985213868
W1985217958,W1500693574
W1985217958,W1834627138
W1985217958,W1906455749
W1985217958,W1985479415
W1985217958,W1971415551
W1985217958,W1907369419
W1985217958,W1967344706
W1985217958,W1985538633
W1985217958,W1971439989
W1985479415,W1566135517
W1985479415,W1971820570
W1985479415,W1967344706
W1985479415,W1834627138
W1985479415,W1907369419
W1985479415,W1971415551
W1985479415,W1906455749
W1985479415,W1971439989
W1985538633,W1500693574
W1985538633,W1566135517
W1985538633,W1971820570
W1985538633,W1567420244
W1985538633,W1967344706
W1985538633,W1906455749
W1985538633,W1545241942
W1985563073,W1985588649
W1985563073,W1985749074
W1985588649,W1985749074
W1985854434,W1955806497
W1985854434,W1952608303
W1985854434,W1985949400
W1985854434,W1985987855
W1985949400,W1952608303
W1985949400,W1956280464
W1986014385,W1986234982
W1986014385,W1986241711
W1986014385,W1986252415
W1986014385,W1986322390
W1986241711,W2107861471
W1986241711,W2107913200
W1986241711,W1986234982
W1986241711,W2123106337
W1986241711,W2123136623
W1986252415,W1568201516
W1986252415,W1566825895
W1986252415,W1678356000
W1986252415,W1677182931
W1986252415,W1560371066
W1986252415,W1966750682
W1986252415,W1986322390
W1986252415,W2117228865
W1986322390,W1678356000
W1986322390,W1986252415
W1986322390,W2004293194
W2107913200,W1727659491
W2107913200,W1749494163
W2107913200,W2118554039
W2107913200,W1005007408
W2107913200,W1976988124
W2123106337,W2119605622
W2123106337,W2119738171
W2123106337,W1747388711
W2123106337,W1749494163
W2123106337,W1760829075
W2123106337,W1761052593
W2123106337,W2118412746
W2123106337,W1727659491
W2123106337,W2107913200
W2123136623,W2118554039
W2123136623,W2119607070
W2123136623,W2119738171
W2123136623,W2123106337
W2123136623,W1727659491
W2123136623,W2107913200
W2123136623,W1761653152
W2123136623,W2025745000
W2123136623,W1760829075
W1986662234,W1005007408
W1986662234,W1603746823
W1986662234,W1986792585
W1986662234,W1946252112
W1986662234,W1986829915
W1986662234,W1984671422
W1986662234,W1966327575
W1986792585,W1005007408
W1986792585,W1670573097
W1986792585,W2025371271
W1986792585,W1560020441
W1986829915,W2115701239
W1986829915,W1005007408
W1986829915,W2117131162
W2117131162,W1019830208
W2117131162,W1005007408
W1987179471,W1791484930
W1987179471,W1950118853
W1987179471,W1987202454
W1987179471,W1987416224
W1987179471,W1654805921
W1987416224,W1987202454
W1987431381,W1982837210
W1987431381,W1603793127
W1987431381,W1588685142
W1987628377,W1987643155
W1987628377,W1685833191
W1987807993,W1974116356
W1987807993,W1974047233
W1987807993,W1969543759
W1987807993,W1974424100
W1987807993,W1981213426
W1987807993,W1970010130
W1988037271,W1484347389
W1988037271,W1988050849
W1988037271,W1988163167
W1988037271,W1988195734
W1988037271,W1485504984
W1988037271,W1928750549
W1988195734,W2044609898
W2044609898,W1484347389
W2044609898,W1928750549
W1988837728,W1988902793
W1988837728,W1975317507
W1988837728,W1974470230
W1988837728,W1988925586
W1988837728,W1974964336
W1988837728,W1989012023
W1988837728,W1974527622
W1988837728,W1989083100
W1989012023,W1974964336
W1989012023,W2167650288
W1989012023,W1975220728
W1989012023,W1988837728
W1989083100,W2343457024
W2167650288,W1974964336
W1989120577,W1989277387
W1989120577,W1989348205
W1989589910,W1989668498
W1989703096,W1956340063
W1989703096,W1952608303
W1989703096,W1985987855
W1989763926,W1977601452
W1989839776,W1989854862
W1989839776,W1990074132
W1990134753,W1990170643
W1990170643,W1631559605
W1990221500,W1969353942
W1990286763,W1617328014
W1990376608,W1990415494
W1990415494,W2047417387
W1990415494,W2164043498
W1990415494,W2164087962
W2047417387,W2164087962
W2047417387,W2164043498
W2164043498,W2164087962
W1990469714,W1990471334
W1990469714,W1476478267
W1990469714,W1902237438
W1990469714,W1902610065
W1990469714,W1990646419
W1990469714,W1444168786
W1990469714,W147232447
W1990469714,W1560749659
W1990717355,W1976759885
W1990717355,W1970327765
W1990717355,W1970090817
W1990869665,W1983970619
W1990869665,W1983786851
W1990911977,W1971625691
W1990911977,W1568390176
W1990911977,W1561878391
W1990911977,W1970637701
W1990911977,W1569308213
W1991308688,W1991330646
W1991308688,W1566135517
W1991366673,W1860063347
W1991366673,W1991538680
W1991366673,W1991807334
W1991538680,W1965097716
W1991538680,W1974038018
W1991538680,W1951817746
W1991538680,W1895577753
W1991538680,W2009187570
W1991538680,W1981239255
W1991538680,W1951724000
W1992192767,W1972673502
W1992192767,W136628441
W1992192767,W1962572544
W1992192767,W1963529460
W1992193293,W1992244678
W1992193293,W1992436001
W1992193293,W1992652001
W1992244678,W1975675278
W1992244678,W2165869860
W1992244678,W2555870966
W1992652001,W2040547343
W1992652001,W2015834247
W1992652001,W2140765540
W1992652001,W2146502635
W1992652001,W2402144811
W1992652001,W2037227137
W2140765540,W2035908878
W1992724001,W1897139626
W1992724001,W1972673502
W1992724001,W136628441
W1992724001,W1552055731
W1992724001,W1255676896
W1992724001,W1992858116
W1992724001,W1888172398
W1992858116,W1973577532
W1992858116,W2164703638
W1992858116,W1989854862
W2164703638,W136628441
W1992865536,W1519266993
W1992941735,W1992985800
W1992985800,W180836830
W1993016649,W1993399595
W1993814425,W1993871668
W1993814425,W1985588649
W1993885071,W1993913242
W1993913242,W2010986636
W1993962865,W1994028888
W1994044024,W1994145712
W1994044024,W1559136758
W1994190235,W1965157206
W1994228237,W1994280428
W1994228237,W1590065089
W1994280428,W1590065089
W1994391392,W1994433187
W1994391392,W1978337436
W1994823455,W1988050849
W1994823455,W1995581599
W1994823455,W2006970256
W1994823455,W1994959046
W1994823455,W1995031937
W1994959046,W1983102293
W1994959046,W1988050849
W1994959046,W1988163167
W1994959046,W1988037271
W1994959046,W1525882651
W1995581599,W2015113370
W1995581599,W1933349210
W1995581599,W1988163167
W1995581599,W2123343298
W1995581599,W1868559974
W1995581599,W1596936787
W2006970256,W2092362068
W2006970256,W1988163167
W2006970256,W1994959046
W2006970256,W1483167997
W2006970256,W1976579441
W2006970256,W2040113717
W2006970256,W1832693441
W2006970256,W2015113370
W2006970256,W2121397451
W2006970256,W1983102293
W2006970256,W1988050849
W2006970256,W2123343298
W2006970256,W2000982976
W1995031937,W1525882651
W1994975670,W1994823455
W1994975670,W1994959046
W1994975670,W1995031937
W1994975670,W1525882651
W1994975670,W1994803330
W1994975670,W1482190741
W1994975670,W1995047010
W1995047010,W1988163167
W1995157919,W1791484930
W1995157919,W1905882502
W1995274825,W1858542512
W1995274825,W1995581599
W1995274825,W1868559974
W2015113370,W1484347389
W2015113370,W1485504984
W2015113370,W2092362068
W2015113370,W1928750549
W2015113370,W2119910794
W2015113370,W1983208835
W2015113370,W2043402970
W2015113370,W2057327092
W2015113370,W1976579441
W2015113370,W1577231857
W2015113370,W1594032928
W2015113370,W1596936787
W2015113370,W1983183519
W2015113370,W1983228601
W2015113370,W1601795611
W2015113370,W1525197209
W2123343298,W1983183519
W2123343298,W1983208069
W2123343298,W2119910794
W1995622703,W1994433187
W1996024251,W1515023627
W1996024251,W1517555081
W1996024251,W1996139192
W1996291528,W1978007507
W1996293917,W1996392459
W1996293917,W1996423252
W1996487270,W1996585409
W1996487270,W1971625691
W1996487270,W1971443733
W1996487270,W1979348491
W1996487270,W1909359706
W1996487270,W1996653992
W1996487270,W1996700726
W1996487270,W1996746229
W1996585409,W2027847170
W1996585409,W1979308046
W1996653992,W1909359706
W1996653992,W1988163167
W1996653992,W1619623942
W1996653992,W1971625691
W1996700726,W1996746229
W1996700726,W1970672417
W1996700726,W2120831645
W1996700726,W2117853853
W1996700726,W2120834437
W1996700726,W2119413986
W1996700726,W2122855609
W1996700726,W1767470961
W1996700726,W2028302194
W1996700726,W2010181898
W1996700726,W1971443733
W1996700726,W1971625691
W1996700726,W1482190741
W1996746229,W2028302194
W1996746229,W1970672417
W1996746229,W1909359706
W1996746229,W2119413986
W1996746229,W2120834437
W1996746229,W2120831645
W1996746229,W1984190418
W1996746229,W1767470961
W1996746229,W1976579441
W1996746229,W1979348491
W1996746229,W2117853853
W1996746229,W2120517672
W1996746229,W2150399639
W1996746229,W2010699829
W2027847170,W1984190418
W2120831645,W2028302194
W2120831645,W2117853853
W2120831645,W1970672417
W2120831645,W2119413986
W2120831645,W1988163167
W2120831645,W1924064069
W2120831645,W1767470961
W2120831645,W2120834437
W2120834437,W2028302194
W2120834437,W2117853853
W2120834437,W1970672417
W2120834437,W2120831645
W2120834437,W2119413986
W2122855609,W2118421222
W2122855609,W2120517672
W2122855609,W1970672417
W2122855609,W2120834437
W2122855609,W2120831645
W2122855609,W2119413986
W2122855609,W1971625691
W2122855609,W1979348491
W2028302194,W2119413986
W2028302194,W1970672417
W2028302194,W2120517672
W2028302194,W2118421222
W2028302194,W2117853853
W2028302194,W1984190418
W2028302194,W1767470961
W2028302194,W1588827410
W2010181898,W1996746229
W2010181898,W2119413986
W2010181898,W2120834437
W2010181898,W1560020441
W2010181898,W1970672417
W2010181898,W1971625691
W2010181898,W1979308046
W2010181898,W1979348491
W2120517672,W2118421222
W2010699829,W1976579441
W2010699829,W1611419331
W2010699829,W1617328014
W2010699829,W1976637107
W2010699829,W1978426240
W2010699829,W2122673596
W2010699829,W2116006659
W2010699829,W2116040950
W2010699829,W2121927366
W2010699829,W2122683221
W1996950224,W1482190741
W1996950224,W1928750549
W1996950224,W1591013228
W1996950224,W1525882651
W1997065014,W1949231392
W1997065014,W1971445485
W1997065014,W1973260880
W1997065014,W1791484930
W1997065014,W1552847225
W1997065014,W1997183854
W1997065014,W1650797637
W1997065014,W1905882502
W1997065014,W1987416224
W1997188340,W1997201895
W1997188340,W1860063347
W1997188340,W1991366673
W1997511216,W1998053851
W1998515817,W1525197209
W1998515817,W1965092590
W1998515817,W1998767819
W1998515817,W1998971866
W1998515817,W1619082318
W1998767819,W1988163167
W1998767819,W2123696077
W1998767819,W1995031937
W1998767819,W1994959046
W1998767819,W1988037271
W1998767819,W1585939719
W1998767819,W2000982976
W1998767819,W1988050849
W1998767819,W1988195734
W1998767819,W1482867610
W1999167944,W1585939719
W1999167944,W1985093013
W1999167944,W1999284878
W1999167944,W1544923801
W1999167944,W1544875105
W1999167944,W1907702319
W1999167944,W1908991493
W1999284878,W1909100498
W1999284878,W1544923801
W1999284878,W1908991493
W1999284878,W2118246710
W1999284878,W1907702319
W2118246710,W1544923801
W2118246710,W1544875105
W2118246710,W1908991493
W1999347518,W1978007507
W1999347518,W1999478155
W1999478182,W1979290264
W1999478182,W1590065089
W1999478182,W1810694562
W1999478182,W1978110877
W1999574084,W1999746344
W1999574084,W1537972189
W1999872096,W1999906527
W1999872096,W1968105193
W1999872096,W1999908724
W1999872096,W2000024623
W1999872096,W1967485833
W1999872096,W2000257837
W1999872096,W1968178474
W1999872096,W1975325122
W1999906527,W2579533542
W1999906527,W2147924102
W1999906527,W2017840637
W1999906527,W2572710398
W1999908724,W2124879124
W1999908724,W2595653137
W1999908724,W2160547390
W1999908724,W2101420429
W1999908724,W2004548026
W1999908724,W2152195021
W2000024623,W1966107523
W2000257837,W2091808438
W2000257837,W2346905224
W2000257837,W2148185586
W2000257837,W2004548026
W2579533542,W2164449327
W2147924102,W2074682976
W2147924102,W2147118406
W2017840637,W2124879124
W2017840637,W2049424645
W2017840637,W2146411229
W2017840637,W2149655632
W2017840637,W2148251644
W2017840637,W2521967673
W2017840637,W2045197688
W2017840637,W2346905224
W2017840637,W2424778531
W2572710398,W2000024623
W2124879124,W2146411229
W2124879124,W2049424645
W2595653137,W1966107523
W2595653137,W2408017125
W2091808438,W2432612777
W2091808438,W2146502635
W2346905224,W2376573086
W2346905224,W2049424645
W2148185586,W2091808438
W2148185586,W2148251644
W2148185586,W2148260760
W2148185586,W2146502635
W2000380427,W2000589976
W2000380427,W2000674771
W2000674771,W2000589976
W2000674771,W1810360004
W2000674771,W1568390176
W2000674771,W2002486217
W2000674771,W1514540900
W2000674771,W1514707913
W2000674771,W1588827410
W2002486217,W1904914631
W2002486217,W1107917109
W2002486217,W1587875569
W2002486217,W1514707913
W2002486217,W2038044415
W2002486217,W1514540900
W2002486217,W1810360004
W2000770615,W1994823455
W2000770615,W1994959046
W2000770615,W1995581599
W2000770615,W2000982976
W2000770615,W2000998192
W2000770615,W1988037271
W2000770615,W1525882651
W2000998192,W1484347389
W2000998192,W2000982976
W2001063720,W1981239255
W2001082470,W1985217958
W2001082470,W1971820570
W2001082470,W1838764073
W2001082470,W1971439989
W2001082470,W2001141328
W2001082470,W1991308688
W2001082470,W2001374342
W2001082470,W1550443206
W2001082470,W1545241942
W2001082470,W1566135517
W2001082470,W1907369419
W2001082470,W1971415551
W2001082470,W1967344706
W2001374342,W1964946787
W2001374342,W1964895626
W2001374342,W1971415551
W2001374342,W1970928383
W2001510610,W2001544973
W2001510610,W2001564322
W2001510610,W2001568034
W2001544973,W1994028888
W2001544973,W2119799171
W2001544973,W1543891416
W2001544973,W2121604817
W2001544973,W1525882651
W2001544973,W2044609898
W2001544973,W1966327575
W2001544973,W2123487311
W2001564322,W1482867610
W2001568034,W2006970256
W2001568034,W2119565742
W2001568034,W1832693441
W2001568034,W2040113717
W2001568034,W2092362068
W2001568034,W1994959046
W2001568034,W2121397451
W2001568034,W1988195734
W2001568034,W1485504984
W2001568034,W1988037271
W2001568034,W1482190741
W2119799171,W2119862467
W2119799171,W2116895571
W2119799171,W1543891416
W2119799171,W2115701239
W2121604817,W2119007429
W2121604817,W1946252112
W2040113717,W1832693441
W2040113717,W1976579441
W2040113717,W2121512231
W2040113717,W2121397451
W2040113717,W2010699829
W2040113717,W1978424046
W2040113717,W2005501262
W2040113717,W1976637107
W2092362068,W1019830208
W2092362068,W1484347389
W2092362068,W1485504984
W2092362068,W1543891416
W2092362068,W1928750549
W2121397451,W2119565742
W2121397451,W2119567434
W2121397451,W1976579441
W2121397451,W1928998639
W2121397451,W1617495083
W2121397451,W1617328014
W2121397451,W2121512231
W2121397451,W1830138900
W2001755358,W1500693574
W2001755358,W1566135517
W2001755358,W1971820570
W2001755358,W1967344706
W2001755358,W1834627138
W2001755358,W1964700776
W2001755358,W1567420244
W2001755358,W1985479415
W2001755358,W1494075612
W2001755358,W1838764073
W2001755358,W1907369419
W2001755358,W1906455749
W2001755358,W1971415551
W2001755358,W1545241942
W2001755358,W1985538633
W2001755358,W2001890098
W2001755358,W1005007408
W2001755358,W1504052325
W2001755358,W2001965107
W2001755358,W1981030303
W2001755358,W2001979953
W2001755358,W1631356911
W2001755358,W1971439989
W2001755358,W1888172398
W2001755358,W1985217958
W2001890098,W1566135517
W2001890098,W1971820570
W2001890098,W1967344706
W2001890098,W1504052325
W2001890098,W1906455749
W2001890098,W1907369419
W2001890098,W1971439989
W2001890098,W1985538633
W2002179012,W2002213000
W2002179012,W1597678601
W2002258037,W1560020441
W2002311592,W1810360004
W2002311592,W2002486217
W2002311592,W1107917109
W2038044415,W2016922062
W2038044415,W1993962865
W2038044415,W1107917109
W2002490399,W2002513358
W2002547950,W2002570697
W2002547950,W1949231392
W2002547950,W1791484930
W2002547950,W1997183854
W2002547950,W1497789111
W2002698073,W1611419331
W2002698073,W1976579441
W2002698073,W1976564639
W2002698073,W1976637107
W2002698073,W1617328014
W2002726823,W1974047233
W2002726823,W1974424100
W2002726823,W2002758482
W2002726823,W1972432506
W2002726823,W1976452733
W2002726823,W2002937040
W2002758482,W1629273100
W2002758482,W1494075612
W2002758482,W1631250427
W2002758482,W2164452299
W2002937040,W2002570697
W2164452299,W1629273100
W2164452299,W1631250427
W2003004462,W2003164867
W2003004462,W2003171404
W2003004462,W2003193361
W2003004462,W1981443800
W2003004462,W1820051232
W2003004462,W1981644934
W2003004462,W1981425990
W2003004462,W1829643206
W2003004462,W1829634234
W2003164867,W1829643206
W2003164867,W2036193982
W2003164867,W1981443800
W2003164867,W1829634234
W2003171404,W1829634234
W2003171404,W1981443800
W2003171404,W1829643206
W2003193361,W2003171404
W2003193361,W1829634234
W2003193361,W1981443800
W2003193361,W1820051232
W2003193361,W1829643206
W2003342633,W1496684753
W2003342633,W2003397144
W2003342633,W2003555872
W2003342633,W2003618511
W2003342633,W2003645630
W2003645630,W2003397144
W2003797386,W1791484930
W2003797386,W1971415551
W2003797386,W1494075612
W2003797386,W1631356911
W2003797386,W2003949305
W2003797386,W1834627138
W2003797386,W1989348205
W2003797386,W2003984225
W2003797386,W1565212980
W2003949305,W136628441
W2003949305,W1631356911
W2003949305,W1973577532
W2003949305,W2028036560
W2003949305,W2028046413
W2004014148,W2004293194
W2004014148,W1986014385
W2004444667,W2004548026
W2004549986,W1497947649
W2004549986,W1979440117
W2004549986,W1979422830
W2004798786,W1487531252
W2004798786,W2004823737
W2004798786,W1888172398
W2004958771,W1517555081
W2004966039,W1985987855
W2004966039,W1956340063
W2004966039,W1815596065
W2004966039,W1976744965
W2005035365,W1982133696
W2005035365,W1978337436
W2005035365,W1527927437
W2005291574,W1645858368
W2005291574,W1645305843
W2005291574,W2005501262
W2005501262,W1005007408
W2005501262,W104184427
W2005501262,W1107917109
W2005501262,W1484347389
W2005501262,W1928750549
W2005501262,W1645858368
W2005501262,W1576520375
W2005501262,W1485504984
W2005532382,W1005007408
W2005532382,W1986792585
W2005532382,W1560020441
W2005634799,W2005821483
W2005634799,W2005895632
W2006102096,W1963841973
W2006102096,W2006165291
W2006102096,W2006249161
W2006249161,W2006165291
W2006318126,W2006559495
W2006318126,W1924064069
W2006617902,W1517555081
W2006763260,W1587875569
W2006763260,W2006769952
W2006763260,W2006797972
W2006763260,W1107917109
W2006763260,W1966327575
W2006959528,W2006970256
W2006959528,W1985563073
W2006959528,W1832693441
W2006959528,W1994975670
W2006959528,W1994959046
W2006959528,W1995031937
W2006959528,W1994803330
W2006959528,W1988163167
W2006959528,W1998767819
W2006959528,W1576520375
W2006959528,W1525197209
W2007049610,W1979290264
W2007049610,W1810694562
W2007049610,W1980789245
W2007049610,W1978110877
W2007110604,W1525197209
W2007110604,W1994803330
W2007339694,W1979290264
W2007339694,W1590065089
W2007339694,W1999478182
W2007339694,W1810694562
W2007339694,W1978110877
W2007339694,W1979260070
W2007339694,W1978007507
W2007339694,W1979283544
W2007826806,W1810360004
W2007826806,W1971443733
W2007826806,W1107917109
W2008157089,W1568390176
W2008157089,W2008426812
W2008157089,W1561878391
W2008157089,W1970637701
W2008157089,W1990911977
W2008157089,W2008435261
W2008157089,W2008627757
W2008426812,W1107917109
W2008426812,W2000589976
W2008426812,W1568390176
W2008426812,W2015426350
W2008426812,W2008435261
W2008627757,W1990911977
W2008627757,W2008157089
W2008627757,W2009007206
W2008627757,W1970637701
W2008627757,W1971625691
W2008627757,W2009104157
W2008627757,W1568390176
W2015426350,W1564094774
W2015426350,W1972750202
W2015426350,W1888172398
W2008641894,W2008668438
W2008641894,W2008668719
W2008671681,W2008715871
W2008671681,W1978424046
W2008671681,W1979723077
W2008715871,W2122465391
W2008854521,W2000982976
W2008854521,W1995581599
W2008854521,W2008856488
W2008854521,W1995274825
W2008854521,W2008869160
W2008854521,W1868559974
W2008854521,W1858542512
W2008854521,W1994823455
W2008854521,W2003555872
W2008856488,W1995581599
W2008856488,W2000982976
W2008856488,W1596936787
W2008856488,W2059359550
W2008856488,W1600897084
W2008856488,W1973062929
W2008856488,W1601795611
W2008869160,W2000998192
W2008869160,W1594032928
W2008869160,W1995581599
W2008869160,W2000982976
W2008869160,W1973062929
W2008869160,W1592674309
W2008869160,W1858542512
W2008869160,W1995274825
W2059359550,W2000982976
W2059359550,W2000998192
W2059359550,W1995581599
W2059359550,W2109184569
W2008942529,W1505543708
W2009163215,W1964308073
W2009313526,W1970334998
W2009313526,W1970327765
W2009313526,W1970090817
W2009423060,W2009425598
W2009423060,W1985213868
W2009435671,W1970327765
W2009435671,W1990717355
W2009435671,W2009543464
W2009575187,W1995047010
W2009575187,W1994823455
W2009575187,W1994975670
W2009575187,W1994959046
W2009575187,W1994803330
W2009575187,W1995031937
W2009575187,W1482190741
W2009720434,W2009775084
W2009720434,W2009800174
W2009775084,W2041782669
W2009775084,W1482867610
W2009826707,W1970637701
W2009826707,W1561878391
W2009852955,W1829634234
W2009852955,W1820051232
W2009852955,W1981644934
W2009852955,W1829643206
W2009867031,W181107242
W2009867031,W1982056270
W2010049072,W2010143351
W2010049072,W2010163891
W2010049072,W1971443733
W2010049072,W2009104157
W2010049072,W1979308046
W2010049072,W1979348491
W2010049072,W2010181898
W2010049072,W1996700726
W2010049072,W2010341850
W2010163891,W2122828560
W2010163891,W2010341850
W2010163891,W2125360150
W2010163891,W1979348491
W2010341850,W1984190418
W2010341850,W1972750202
W2010341850,W1888172398
W2122828560,W2010341850
W2122828560,W2122838852
W2122828560,W2122854726
W2125360150,W1971625691
W2125360150,W1810360004
W2125360150,W2010341850
W2125360150,W1979348491
W2125360150,W2138442302
W2010348352,W2005035365
W2010348352,W1527927437
W2010417927,W2010457001
W2010417927,W2010516376
W2010417927,W1993885071
W2010417927,W1976637107
W2010417927,W1611419331
W2010417927,W2010560237
W2010417927,W1978424046
W2010417927,W2010699829
W2010417927,W2010986636
W2010457001,W1525197209
W2010457001,W2121512231
W2010516376,W2010457001
W2010516376,W2010560237
W2010516376,W1976637107
W2010516376,W1978424046
W2010516376,W1976564639
W2010560237,W2010699829
W2010560237,W1978424046
W2121512231,W1976579441
W2121512231,W1525882651
W2122673596,W1990415494
W2122673596,W1976637107
W2011095781,W2011301426
W2011095781,W1995157919
W2011430131,W2000998192
W2011430131,W1946252112
W2011430131,W1984671422
W2011430131,W1005007408
W2011430131,W1995274825
W2011430131,W2000982976
W2011430131,W1995581599
W2011430131,W1994823455
W2011430131,W2008869160
W2011462543,W1999746344
W2011462543,W1537972189
W2011472471,W1642873092
W2011472471,W1585939719
W2011608289,W2011657487
W2011759111,W2011472471
W2011759111,W2011920499
W2011759111,W1642873092
W2011759111,W1585939719
W2011920499,W1642873092
W2011920499,W1994391392
W2011920499,W1982133696
W2011920499,W1979368277
W2011920499,W1978337436
W2011923115,W2012016911
W2012034410,W1590065089
W2012034410,W2012136380
W2012034410,W1994280428
W2012034410,W1005007408
W2012034410,W1994228237
W2012034410,W1966327575
W2012136380,W1590065089
W2012136380,W1107917109
W2012247153,W2012407814
W2012247153,W1979348491
W2012247153,W2012488984
W2012247153,W2012960603
W2012247153,W2012986985
W2012960603,W2147601077
W2012960603,W1564094774
W2012960603,W1885185971
W2012960603,W2117200377
W2012960603,W1944901286
W2012986985,W2020093054
W2013371150,W1976324983
W2013371150,W1964805252
W2013414890,W1524420836
W2013527739,W2006165291
W2013527739,W2013536899
W2013527739,W2006249161
W2013674306,W1539835075
W2013674306,W2013912476
W2013674306,W1524333225
W2013674306,W1494075612
W2013674306,W2013932252
W2013674306,W2013947447
W2014116072,W1629273100
W2014116072,W1969543759
W2014116072,W1976759885
W2014116072,W1972183204
W2014166972,W1970334998
W2014166972,W1990717355
W2014166972,W1970090817
W2014166972,W1970327765
W2014173070,W1685833191
W2014356541,W2014451195
W2014356541,W2014677321
W2014356541,W1498931318
W2014356541,W1499256377
W2014691022,W1560020441
W2014704298,W2014744284
W2014704298,W1993814425
W2014887370,W1780778418
W2014887370,W1976637107
W2014887370,W1611419331
W2014887370,W1978775682
W2014887370,W1976564639
W2014887370,W1983724229
W2014887370,W2012488984
W2014887370,W1984547206
W2014887370,W1990286763
W2014887370,W1617495083
W2014887370,W2012247153
W2014887370,W2002311592
W2014887370,W1617328014
W2014918593,W2014946489
W2014918593,W2015032635
W2014946489,W1946252112
W2014946489,W1482867610
W2015032635,W1629273100
W2015032635,W1984953206
W2015032635,W1631250427
W2015032635,W1631356911
W2015050458,W1988050849
W2015050458,W1005007408
W2015050458,W2015053255
W2015050458,W1946252112
W2015050458,W1525197209
W2015050458,W2015113370
W2015053255,W2113977541
W2015053255,W2123343298
W2119910794,W1928750549
W2057327092,W1005007408
W2057327092,W2025768430
W2057327092,W2118554039
W2057327092,W2119607070
W2057327092,W1928750549
W2057327092,W1525882651
W2015132841,W1985749074
W2015132841,W1985588649
W2015159529,W1982161876
W2015159529,W2015197254
W2015159529,W1970881901
W2015197254,W1490161904
W2015416439,W1904914631
W2015416439,W2008157089
W2015416439,W1568390176
W2015416439,W2015418199
W2015416439,W2015426350
W2015416439,W1970637701
W2015416439,W1930824406
W2015416439,W1569308213
W2015418199,W1613795631
W2015418199,W1978436252
W2015418199,W1885078460
W2015522309,W1995031937
W2015522309,W1994959046
W2015522309,W2006769952
W2015522309,W1994975670
W2015556811,W1994433187
W2015593224,W1965464747
W2015593224,W2015688756
W2015593224,W2015834247
W2015593224,W2015845481
W2015593224,W2015914378
W2015593224,W2015953751
W2015593224,W2016006311
W2015593224,W1965306643
W2015593224,W2016053056
W2015688756,W1965464747
W2015688756,W2409671300
W2015688756,W2045119680
W2015688756,W1930624869
W2015688756,W2164385948
W2015688756,W2150166076
W2015688756,W1965765914
W2015688756,W1966078827
W2015688756,W2761575992
W2015688756,W2015845481
W2015688756,W1966107523
W2015688756,W2015953751
W2015688756,W2607129810
W2015688756,W1965306643
W2015688756,W2164418313
W2015845481,W1965464747
W2015845481,W1965765914
W2015845481,W1966078827
W2015845481,W1965306643
W2015845481,W1966107523
W2015914378,W1965464747
W2015914378,W2015688756
W2015914378,W2015593224
W2015914378,W1966078827
W2015914378,W1966238900
W2015914378,W2015953751
W2015914378,W1965306643
W2015953751,W1965306643
W2015953751,W2090029279
W2015953751,W1930624869
W2015953751,W2089871805
W2015953751,W2015845481
W2015953751,W1965765914
W2015953751,W1966078827
W2015953751,W2091705028
W2016006311,W2614464134
W2016006311,W1965306643
W2016006311,W1965464747
W2016006311,W2004548026
W2016006311,W2015845481
W2016006311,W2146904764
W2409671300,W1966078827
W2409671300,W2410390527
W2045119680,W2146411229
W2045119680,W2463195069
W2045119680,W2164449327
W2164385948,W2164418313
W2150166076,W2146904764
W2607129810,W2045119680
W2607129810,W2564178799
W2607129810,W1966107523
W2607129810,W1966238900
W2607129810,W2004548026
W2090029279,W1966107523
W2090029279,W1966238900
W2089871805,W1930624869
W2089871805,W2166214412
W2089871805,W1965765914
W2089871805,W1966238900
W2089871805,W1966078827
W2146904764,W2147096538
W2146904764,W2147111138
W2146904764,W2147118406
W2016168218,W1963746476
W2016168218,W1992941735
W2016168218,W1963758874
W2016168218,W1978007507
W2016210396,W2016236854
W2016210396,W2016603972
W2016210396,W2016612145
W2016603972,W2046779413
W2016603972,W2168081761
W2016603972,W1829634234
W2016603972,W1476478267
W2016603972,W1829643206
W2016603972,W2016236854
W2016660511,W2016709145
W2016660511,W1994803330
W2016660511,W2006959528
W2016709145,W2092362068
W2016709145,W1483167997
W2016709145,W1976579441
W2016709145,W2040113717
W2016709145,W2006970256
W2016709145,W1994803330
W2016709145,W2044437167
W2016709145,W2121512231
W2044437167,W1484347389
W2044437167,W1483167997
W2044437167,W2040113717
W2044437167,W2121397451
W2044437167,W1976579441
W2044437167,W2010699829
W2016916834,W2016922062
W2016916834,W1514540900
W2016916834,W1978775682
W2016916834,W1514707913
W2016916834,W1107917109
W2016916834,W1810360004
W2016916834,W2016983859
W2016922062,W1525882651
W2016922062,W2009104157
W2017039362,W2007826806
W2017039362,W2017044005
W2017039362,W2017171355
W2017039362,W1996585409
W2017044005,W1996585409
W2017044005,W1971625691
W2017044005,W2027847170
W2017044005,W1971443733
W2017044005,W1996653992
W2017044005,W1996487270
W2017044005,W1979308046
W2017171355,W2002486217
W2017171355,W1107917109
W2017171355,W1810360004
W2017171355,W2108994842
W2017171355,W1514540900
W2017171355,W1904914631
W2017171355,W1514707913
W2017171355,W1978775682
W2017171355,W2026632831
W2026632831,W1514707913
W2017426710,W1924064069
W2017426710,W1994823455
W2017426710,W1994803330
W2017426710,W2017511982
W2017511982,W2006970256
W2017511982,W2040113717
W2017511982,W1484347389
W2017511982,W1995031937
W2017511982,W2026578487
W2017511982,W1928750549
W2017511982,W2001568034
W2017511982,W1485504984
W2017511982,W1988037271
W2026578487,W1994823455
W2026578487,W1994959046
W2026578487,W1995031937
W2017559255,W2017840637
W2017559255,W2017871657
W2017559255,W2017875658
W2017559255,W2017919052
W2017871657,W2156101426
W2017871657,W2156125289
W2017871657,W2151080396
W2017871657,W1966107523
W2017871657,W2544493586
W2017871657,W2156778513
W2017871657,W2090037139
W2017871657,W2157427387
W2017875658,W2404280981
W2017919052,W2124879124
W2017919052,W2017840637
W2017919052,W2004548026
W2017919052,W2149146453
W2146411229,W2339540635
W2149655632,W2147200107
W2149655632,W2124879124
W2149655632,W2049424645
W2149655632,W2015834247
W2149655632,W2149662495
W2149655632,W2149683554
W2149655632,W2424778531
W2149655632,W2146395539
W2149655632,W2147118406
W2148251644,W2147096538
W2148251644,W2146904764
W2521967673,W2146411229
W2521967673,W2339540635
W2521967673,W2152061559
W2156125289,W2156098321
W2156125289,W2156101426
W2156125289,W2089572795
W2156125289,W2156622081
W2156125289,W2146904764
W2156125289,W2147111138
W2156125289,W2156778513
W2544493586,W2156778513
W2156778513,W2156101426
W2090037139,W1965464747
W2090037139,W2156101426
W2090037139,W2149573313
W2090037139,W2560474170
W2090037139,W2151080396
W2090037139,W2530597942
W2090037139,W1965765914
W2090037139,W2146395539
W2157427387,W2156125289
W2157427387,W2544493586
W2157427387,W2156778513
W2157427387,W2090037139
W2018045523,W2018159038
W2018045523,W2018286352
W2018291779,W2003555872
W2018318189,W1527927437
W2018459257,W2007339694
W2018459257,W2007049610
W2018459257,W1980740976
W2018459257,W1978110877
W2018459257,W1979260070
W2018459257,W2018482968
W2018459257,W1978007507
W2018459257,W2018514036
W2018514036,W1590065089
W2018514036,W1979260070
W2018636632,W1780778418
W2018636632,W1611419331
W2018636632,W2018651936
W2018636632,W2018680235
W2018636632,W1983724229
W2018636632,W1617328014
W2018636632,W1767772592
W2018651936,W1780778418
W2018651936,W1787224781
W2018651936,W1617495083
W2018651936,W1611419331
W2018651936,W1617328014
W2018680235,W1780778418
W2018680235,W2018651936
W2018680235,W1787224781
W2018680235,W1617495083
W2018680235,W1611419331
W2018680235,W1976564639
W2018680235,W1617328014
W2018838463,W1964357740
W2018841491,W1815596065
W2018841491,W1976744965
W2018841491,W1984426948
W2019075610,W2019264784
W2019655958,W1791484930
W2019655958,W1650797637
W2019670881,W2019759670
W2019759670,W2019670881
W2019759670,W2022085591
W2022085591,W2125634634
W2022085591,W2121748291
W2019851585,W1973831267
W2019851585,W2019903682
W2020044743,W2012986985
W2020044743,W1972145956
W2020044743,W2020093054
W2020044743,W2012488984
W2020044743,W2020134788
W2020044743,W2020155291
W2020134788,W1568390176
W2020134788,W1964846093
W2020134788,W2008426812
W2020134788,W2012488984
W2020134788,W2008435261
W2020332193,W2018159038
W2020332193,W2020530692
W2020541351,W2007339694
W2020541351,W1810694562
W2020541351,W2001979953
W2020541351,W2018482968
W2020541351,W1978007507
W2020541351,W2001965107
W2020702410,W2001755358
W2020702410,W1964895626
W2020702410,W2020925091
W2020925091,W2050900592
W2020925091,W2001755358
W2020925091,W1964895626
W2020925091,W2155606054
W2020925091,W1964946787
W2020925091,W2001082470
W2020925091,W1971040550
W2020925091,W2050869737
W2020925091,W2020702410
W2050900592,W1534181333
W2050900592,W2045949302
W2050900592,W1533942137
W2050900592,W1964946787
W2050900592,W2050869737
W2050900592,W1964895626
W2050900592,W2020925091
W2050900592,W2001374342
W2050900592,W1529592271
W2155606054,W1500693574
W2155606054,W1504052325
W2155606054,W1550443206
W2155606054,W1545241942
W2050869737,W1964895626
W2050869737,W2045949302
W2050869737,W2001374342
W2050869737,W1533942137
W2021057500,W2016236854
W2021057500,W2016210396
W2021057500,W2016603972
W2021057500,W2021350270
W2021520922,W1005007408
W2021520922,W1986662234
W2021520922,W1603793127
W2021520922,W1946435840
W2021520922,W1946252112
W2021530952,W2016709145
W2021530952,W2006970256
W2021530952,W2016660511
W2021530952,W2021591445
W2021530952,W2021930613
W2021530952,W1994975670
W2021530952,W2009575187
W2021530952,W1994959046
W2021530952,W1994803330
W2021591445,W2016709145
W2021591445,W2032518018
W2021591445,W2026578487
W2021591445,W1994959046
W2021591445,W1994975670
W2021591445,W2006970256
W2021591445,W1994803330
W2021591445,W2006959528
W2021591445,W1994823455
W2021591445,W2103497845
W2021591445,W2003984225
W2021930613,W2010699829
W2021930613,W2040113717
W2021930613,W2123564569
W2021930613,W1978424046
W2032518018,W2032230795
W2032518018,W2040085089
W2032518018,W1596515083
W2103497845,W2006970256
W2103497845,W1988163167
W2103497845,W1005007408
W2103497845,W2040113717
W2103497845,W1994975670
W2103497845,W1994803330
W2103497845,W1858542512
W2103497845,W1482190741
W2103497845,W1484347389
W2103497845,W1482867610
W2123564569,W1976579441
W2123564569,W1619082318
W2123564569,W2010699829
W2123564569,W1998971866
W2022085321,W1996950224
W2022085321,W2016922062
W2022085321,W1107917109
W2125634634,W1830138900
W2125634634,W1978424046
W2125634634,W1976637107
W2125634634,W2010699829
W2121748291,W2117446594
W2022299938,W2001063720
W2022299938,W1627978401
W2022299938,W2022315563
W2022299938,W2022353023
W2022299938,W1970010130
W2022299938,W1972432506
W2022299938,W2002937040
W2022299938,W2022423925
W2022299938,W1631250427
W2022299938,W2022485595
W2022315563,W2022353023
W2022315563,W1970010130
W2022315563,W1974116356
W2022315563,W1974424100
W2022315563,W1981239255
W2022315563,W1969543759
W2022315563,W2126316555
W2022353023,W1970010130
W2022353023,W1974116356
W2022353023,W1974424100
W2022353023,W1969543759
W2022353023,W2022423925
W2022423925,W1974047233
W2022423925,W1970010130
W2022423925,W1974116356
W2022423925,W2124517301
W2022423925,W1969543759
W2022423925,W1895577753
W2022423925,W1629273100
W2022423925,W1631250427
W2022423925,W1972190631
W2126316555,W1490482062
W2126316555,W1970010130
W2126316555,W1969543759
W2126316555,W1982855075
W2124517301,W1970010130
W2124517301,W1974424100
W2124517301,W1969543759
W2124517301,W1974047233
W2124517301,W1982855075
W2124517301,W1974116356
W2124517301,W1974038018
W2022495797,W1005007408
W2022495797,W2022508996
W2022495797,W1976985160
W2022495797,W1986792585
W2022508996,W1005007408
W2022508996,W1986792585
W2022508996,W1603746823
W2022508996,W1946252112
W2022508996,W1976985160
W2022548072,W2022685385
W2022685385,W1642873092
W2022731012,W2016922062
W2022731012,W1482867610
W2022731012,W1107917109
W2022778259,W2022859730
W2022778259,W2023316892
W2023316892,W1970707135
W2023316892,W1982471090
W2023316892,W1964357740
W2023316892,W1964308073
W2023316892,W1982300822
W2023316892,W2165528549
W2023316892,W2165547003
W2165528549,W2165547003
W2165528549,W2165463056
W2165547003,W2165744313
W2023427658,W2023506796
W2023427658,W2004293194
W2023427658,W2023568503
W2023427658,W1986014385
W2023427658,W1986234982
W2023506796,W2023568503
W2023506796,W1986234982
W2023506796,W1986014385
W2023506796,W1670573097
W2023506796,W1966327575
W2023506796,W1107917109
W2023506796,W1986252415
W2023506796,W2121264610
W2023506796,W1978775682
W2023506796,W1560020441
W2023568503,W1986234982
W2121264610,W1986234982
W2023655578,W1994823455
W2023655578,W2023668736
W2023668736,W1988050849
W2023668736,W2096471541
W2023668736,W1983183519
W2023668736,W1994823455
W2023668736,W1983208835
W2023668736,W1858542512
W2096471541,W1983208835
W2096471541,W1988050849
W2096471541,W1983102293
W2023999328,W1964688613
W2023999328,W2024046085
W2023999328,W2024165284
W2023999328,W2024175762
W2024046085,W1997201895
W2024046085,W1860063347
W2024306642,W1973577532
W2024306642,W1985013794
W2024306642,W2011301426
W2024306642,W1527927437
W2024397118,W1970637701
W2024397118,W1978436252
W2024626836,W2024641550
W2024626836,W2024726841
W2024626836,W1946252112
W2024626836,W2024966118
W2024626836,W2025143098
W2024626836,W2025176940
W2024626836,W2025183726
W2024641550,W2119472226
W2024726841,W2024641550
W2024726841,W2119472226
W2024726841,W2117792884
W2024966118,W2116634113
W2024966118,W1592674309
W2024966118,W1976881265
W2024966118,W2114843025
W2024966118,W1952026831
W2024966118,W2071841602
W2025176940,W2116634113
W2025176940,W2124070575
W2025176940,W2124088034
W2025176940,W2121606987
W2025176940,W2121607567
W2025176940,W2117834225
W2025176940,W2118885226
W2025183726,W2118885226
W2025183726,W2041383474
W2025183726,W1976985160
W2025183726,W2116593735
W2025183726,W1976881265
W2025183726,W2071841602
W2119472226,W2024641550
W2116634113,W2116665868
W2121606987,W2116634113
W2121606987,W2117834225
W2121607567,W2117834225
W2121607567,W2116634113
W2121607567,W2117130368
W2117834225,W2116634113
W2117834225,W2117130368
W2118885226,W2118921617
W2118885226,W2116593735
W2118885226,W1976985160
W2041383474,W1976881265
W2041383474,W2114843025
W2041383474,W1976985160
W2116593735,W1947481528
W2116593735,W1976985160
W2116593735,W1934094702
W2116593735,W1976881265
W2116593735,W1531935167
W2025253353,W2025256923
W2025253353,W1603793127
W2025253353,W1005007408
W2025253353,W1986792585
W2025253353,W1986662234
W2025253353,W1984671422
W2025253353,W2005501262
W2025253353,W2010457001
W2025253353,W1597678601
W2025253353,W2025371271
W2025253353,W1858542512
W2025256923,W1005007408
W2025256923,W1603793127
W2025256923,W1597678601
W2025415734,W1996585409
W2025415734,W1971625691
W2025415734,W2017044005
W2025415734,W1909359706
W2025415734,W2008627757
W2025415734,W1996653992
W2025415734,W1996746229
W2025415734,W1979308046
W2025415734,W1482867610
W2025444507,W1971445485
W2025444507,W1517555081
W2025444507,W2025516135
W2025444507,W1971578941
W2025665129,W2025720061
W2025665129,W2025745000
W2025665129,W1978775682
W2025665129,W2025768430
W2025745000,W2025768430
W2025745000,W1760829075
W2025745000,W1727659491
W2025745000,W1761653152
W2025745000,W2118585731
W2025768430,W1749494163
W2025768430,W1761653152
W2025768430,W2114892242
W2025768430,W2115093090
W2025768430,W2117087906
W2025768430,W2114883075
W2025768430,W1747388711
W2025768430,W1005007408
W2025781576,W1578291413
W2025781576,W1588685142
W2025883194,W1517555081
W2025883194,W1499256377
W2025883194,W1966910378
W2025883194,W1982627164
W2025883194,W1966976587
W2025939314,W2026062398
W2025939314,W2026131661
W2026131661,W2026062398
W2026131661,W1993399595
W2026277606,W1977212456
W2026277606,W1654805921
W2026277606,W1791484930
W2026277606,W1997188340
W2026277606,W1977215451
W2026317156,W2026277606
W2026317156,W1977212456
W2026337749,W2006959528
W2026337749,W2026570544
W2026337749,W1994823455
W2026337749,W1994975670
W2026337749,W2009575187
W2026337749,W2026578487
W2026337749,W2016709145
W2026337749,W1994803330
W2026570544,W2000982976
W2026570544,W2000998192
W2026570544,W1995581599
W2026570544,W2000770615
W2026570544,W2032254014
W2026570544,W1988050849
W2026570544,W1994823455
W2026570544,W1994803330
W2032254014,W2119910794
W2032254014,W2123301721
W2032254014,W2123343298
W2032254014,W2119605622
W2032254014,W2057327092
W2032254014,W1946252112
W2032254014,W2120700469
W2032254014,W1983102293
W2026616100,W2026632831
W2026616100,W2026767855
W2026616100,W2027016436
W2026616100,W2027254180
W2026616100,W1924064069
W2026616100,W2000770615
W2026616100,W1525882651
W2026767855,W1924064069
W2026767855,W2026632831
W2026767855,W2104548316
W2026767855,W1904914631
W2027016436,W2015113370
W2027016436,W2027254180
W2027016436,W2000982976
W2027016436,W2028979275
W2027016436,W2029231546
W2027254180,W2016709145
W2027254180,W1590065089
W2027254180,W2030500910
W2027254180,W2028999185
W2027254180,W2015113370
W2027254180,W2016922062
W2027254180,W2032254014
W2027254180,W2129191002
W2027254180,W2092362068
W2027254180,W1994823455
W2027254180,W1988195734
W2027254180,W1107917109
W2027254180,W2027016436
W2104548316,W1005007408
W2104548316,W2067404301
W2104548316,W2116148865
W2104548316,W103650626
W2028979275,W2015113370
W2028979275,W1928750549
W2028979275,W2027254180
W2028979275,W2027016436
W2028979275,W2028999185
W2028979275,W2029231546
W2028979275,W2029411945
W2028979275,W2029413789
W2028979275,W2023668736
W2028979275,W2016709145
W2028979275,W2015050458
W2028979275,W2010457001
W2029231546,W1983208835
W2029231546,W2027254180
W2029231546,W2123060905
W2029231546,W2027016436
W2029231546,W2028979275
W2029231546,W2067847820
W2030500910,W2015113370
W2030500910,W2119910794
W2030500910,W2029413789
W2030500910,W2016922062
W2030500910,W2032254014
W2030500910,W2010457001
W2030500910,W2030617758
W2030500910,W2125910575
W2030500910,W2000982976
W2030500910,W2123301721
W2030500910,W2026570544
W2030500910,W1107917109
W2030500910,W1525197209
W2028999185,W1983102293
W2028999185,W2030500910
W2028999185,W2119910794
W2028999185,W2015113370
W2028999185,W2029413789
W2028999185,W2032254014
W2028999185,W2027254180
W2028999185,W1984671422
W2028999185,W2125910575
W2028999185,W2000982976
W2028999185,W2007110604
W2028999185,W2057327092
W2028999185,W1988195734
W2028999185,W2027016436
W2028999185,W2028979275
W2129191002,W2006970256
W2129191002,W2126693856
W2129191002,W2032254014
W2129191002,W2030617758
W2129191002,W2125910575
W2129191002,W2129484434
W2129191002,W1484347389
W2129191002,W1760829075
W2129191002,W2076699264
W2129191002,W1485504984
W2129191002,W1994823455
W2129191002,W2117756735
W2129191002,W1497789111
W2027404493,W1005007408
W2027404493,W2005532382
W2027404493,W1858542512
W2027404493,W2027448315
W2027404493,W1597678601
W2027448315,W1585939719
W2027672471,W1996585409
W2027672471,W1971625691
W2027672471,W1909359706
W2027672471,W1996487270
W2027672471,W2027753197
W2027672471,W2027847170
W2027672471,W2028011121
W2027672471,W2007826806
W2027753197,W1984190418
W2027753197,W1988163167
W2027753197,W1987431381
W2027753197,W1971625691
W2027753197,W1996653992
W2028011121,W1996585409
W2028011121,W1971625691
W2028011121,W1904914631
W2028011121,W2007826806
W2028011121,W1909359706
W2028011121,W1996653992
W2028011121,W1996487270
W2028056984,W1980168725
W2028056984,W1574172480
W2028056984,W1561878391
W2028240797,W2028302194
W2028240797,W2017511982
W2028240797,W2028433016
W2028240797,W2001568034
W2028240797,W1988037271
W2028433016,W1994823455
W2118421222,W2116006659
W2118421222,W2116040950
W2028575270,W1967261754
W2028596084,W2028871521
W2028596084,W2014691022
W2028596084,W1978436252
W2028871521,W2000982976
W2028871521,W1858542512
W2028871521,W2006769952
W2029411945,W1983102293
W2029411945,W2123343298
W2029411945,W1988050849
W2029411945,W2121397451
W2029413789,W2015113370
W2029413789,W1983102293
W2029413789,W2123343298
W2029413789,W1983208835
W2029413789,W2096471541
W2029413789,W2010457001
W2029413789,W1525197209
W2029413789,W1580389772
W2029413789,W2057327092
W2029413789,W1005007408
W2029413789,W1983183519
W2125910575,W2032254014
W2125910575,W2015113370
W2125910575,W1983102293
W2125910575,W2123343298
W2125910575,W2123301721
W2125910575,W1946252112
W2123060905,W2119605622
W2123060905,W2118554039
W2123060905,W2123106337
W2123060905,W2123136623
W2067847820,W2002179012
W2067847820,W1597678601
W2029582401,W2002547950
W2029582401,W1997201895
W2029582401,W1949231392
W2029582401,W1552847225
W2029582401,W2029604816
W2029582401,W1860063347
W2029604816,W1552847225
W2029604816,W1490482062
W2029604816,W1524333225
W2029608738,W2029850555
W2029608738,W1476478267
W2029608738,W147232447
W2029608738,W1560749659
W2029608738,W1990471334
W2029941278,W2008671681
W2029941278,W1990286763
W2029941278,W2030102203
W2029941278,W1617328014
W2029941278,W2006797972
W2030330123,W2000982976
W2030330123,W2030500910
W2030330123,W2026570544
W2030330123,W1995581599
W2030330123,W2000770615
W2030330123,W2028871521
W2030330123,W2008854521
W2030330123,W1995274825
W2030330123,W2008856488
W2030330123,W2030517878
W2030330123,W1988050849
W2030330123,W2030617758
W2030330123,W1994823455
W2030330123,W1994803330
W2030517878,W2026570544
W2030517878,W2026578487
W2030517878,W1988037271
W2030517878,W2000998192
W2030517878,W2000770615
W2030517878,W1525882651
W2030617758,W2107915254
W2030617758,W1986241711
W2030617758,W2006970256
W2030617758,W2000982976
W2123301721,W1983208069
W2123301721,W2119910794
W2123301721,W1760829075
W2107915254,W1727659491
W2107915254,W2119607070
W2107915254,W2123136623
W2107915254,W2107913200
W2107915254,W2119738171
W2107915254,W1986234982
W2107915254,W1733387413
W2107915254,W2123060905
W2107915254,W2118554039
W2107915254,W1005007408
W2107915254,W1525882651
W2107915254,W1594032928
W2030628997,W2030701238
W2030628997,W2030737358
W2030628997,W2030747846
W2030628997,W2022685385
W2030628997,W2030769837
W2030701238,W2159269332
W2030701238,W2030737358
W2030701238,W2401404581
W2030701238,W2168515722
W2030701238,W2089961441
W2030701238,W2090037139
W2030737358,W2159269332
W2030747846,W2030628997
W2030769837,W1642873092
W2401404581,W2344328155
W2401404581,W2164449327
W2089961441,W2156434383
W2089961441,W2156323704
W2089961441,W2342540942
W2030867075,W2030946379
W2030867075,W2006959528
W2030867075,W2016660511
W2030867075,W1603746823
W2030946379,W1645305843
W2030946379,W2006970256
W2030946379,W1580389772
W2030946379,W2057327092
W2031027346,W1978007507
W2031027346,W1992985800
W2031028572,W2007826806
W2031028572,W1971443733
W2031028572,W2031168104
W2031028572,W1996700726
W2031168104,W2120834437
W2031168104,W2120831645
W2031168104,W1970672417
W2031168104,W1996700726
W2031168104,W2119413986
W2031168104,W2028302194
W2031168104,W2017511982
W2031168104,W1767470961
W2031168104,W1588827410
W2031168104,W1973082817
W2031168104,W1525882651
W2031168104,W2026578487
W2031168104,W2123587734
W2031168104,W1560020441
W2123587734,W1988163167
W2123587734,W1984190418
W2031183907,W1979973356
W2031183907,W2031430816
W2031430816,W1979973356
W2031430816,W1574172480
W2031430816,W1617328014
W2031430816,W1980168725
W2031489346,W1577577364
W2031489346,W1585939719
W2031489346,W2028979275
W2031489346,W1858542512
W2031489346,W2031533839
W2031489346,W1868559974
W2031489346,W2031553845
W2031533839,W1858542512
W2031557272,W1970334998
W2031557272,W1970327765
W2031557272,W1970090817
W2031557272,W2031611770
W2031557272,W2014166972
W2031557272,W2009435671
W2031611770,W1990717355
W2031611770,W1970090817
W2031611770,W2040397490
W2031611770,W2009543464
W2031611770,W1970334998
W2031611770,W1970327765
W2031611770,W2009435671
W2031675844,W2016168218
W2031675844,W2018841491
W2031675844,W2013527739
W2031675844,W2031834036
W2031675844,W1979283544
W2031964319,W1994823455
W2031964319,W2032019813
W2031964319,W1577231857
W2031964319,W1482867610
W2032019813,W1577231857
W2032047304,W2009800174
W2032047304,W2032230795
W2032047304,W2032254014
W2032047304,W2016709145
W2032047304,W1994803330
W2032047304,W2016660511
W2032047304,W2032285541
W2032047304,W2032518018
W2032230795,W2121817924
W2032230795,W2025143098
W2032230795,W2124351063
W2032285541,W2040085089
W2032285541,W2124733101
W2032285541,W1603746823
W2032285541,W2124351063
W2032285541,W1880262756
W2032285541,W2121817924
W2032285541,W2032230795
W2032285541,W1600897084
W2032285541,W2125121177
W2032285541,W1601795611
W2121817924,W2025143098
W2121817924,W2117834225
W2121817924,W2121836743
W2121817924,W2117130368
W2119605622,W2119605658
W2119605622,W2025745000
W2119605622,W2025768430
W2119605622,W1747388711
W2119605622,W2107861471
W2119605622,W2119607070
W2119605622,W2119366833
W2119605622,W1761052593
W2119605622,W1760829075
W2119605622,W1727659491
W2120700469,W2117756735
W2120700469,W2117706739
W2120700469,W2117734893
W2120700469,W2119642490
W2040085089,W1946252112
W2040085089,W2041698310
W2040085089,W1947481528
W2124733101,W1858542512
W2124733101,W1578291413
W2124733101,W2103948957
W2124733101,W1600897084
W2124733101,W1601795611
W2125121177,W2032230795
W2125121177,W2124427232
W2125121177,W2123696077
W2125121177,W2121817924
W2032604387,W1524333225
W2032604387,W1997065014
W2032604387,W2013912476
W2032604387,W1539835075
W2032604387,W1494075612
W2032696674,W2032797438
W2032696674,W2032813423
W2032696674,W2032842297
W2032696674,W1490161904
W2032866243,W1990717355
W2032866243,W1860063347
W2032866243,W2033002423
W2032866243,W1970327765
W2032866243,W2009435671
W2033151532,W1972923945
W2033151532,W1868559974
W2033355897,W1482190741
W2033355897,W1577231857
W2033386838,W1964700776
W2033386838,W2033401964
W2033386838,W2033442056
W2033386838,W1905539406
W2033386838,W2001755358
W2033442056,W1565212980
W2033442056,W1617328014
W2033465655,W1966811787
W2033585778,W1539835075
W2033585778,W1922730584
W2033585778,W2033617297
W2033585778,W179875071
W2033585778,W2003984225
W2033617297,W1539835075
W2033617297,W179875071
W2033617297,W1922730584
W2033617297,W1966396962
W2033617297,W1981983416
W2033617297,W1976759885
W2033617297,W1860063347
W2033617297,W1971578941
W2033617297,W1997201895
W2033635503,W1979973356
W2033635503,W2008157089
W2033635503,W1561878391
W2033635503,W1970637701
W2033686454,W2017511982
W2033686454,W1988037271
W2033686454,W2033797333
W2033797333,W2017511982
W2033797333,W2001568034
W2033797333,W1988037271
W2033797333,W1525882651
W2034285706,W2007339694
W2034285706,W1979290264
W2034285706,W1590065089
W2034285706,W1999478182
W2034285706,W1810694562
W2034285706,W2007049610
W2034285706,W2020541351
W2034285706,W1978007507
W2034285706,W2018459257
W2034562813,W1524420836
W2034562813,W1981983416
W2034562813,W2004823737
W2034562813,W2013414890
W2034672914,W2006763260
W2034672914,W1580389772
W2034672914,W2034932701
W2034960640,W1984068087
W2034960640,W2034994370
W2034960640,W1996487270
W2034960640,W1984073642
W2034994370,W1984068087
W2034994370,W1810360004
W2035503835,W1964357740
W2035503835,W1964308073
W2035503835,W2009163215
W2035503922,W2035618305
W2035503922,W1964895626
W2035503922,W2035759078
W2035503922,W2020702410
W2035503922,W1964946787
W2035839217,W1964357740
W2035839217,W1964308073
W2035839217,W2018838463
W2035898183,W2035908878
W2035898183,W2036008499
W2035898183,W2036025531
W2035898183,W2036063909
W2036008499,W2040547343
W2036008499,W2140765540
W2036008499,W2151034630
W2036008499,W2153544371
W2036025531,W2741508285
W2036025531,W2049350168
W2036025531,W1973577532
W2036025531,W2040612932
W2036063909,W1972696558
W2036063909,W2521967673
W2036063909,W2149858388
W2036063909,W2612812586
W2036063909,W1950829641
W2036063909,W2140765540
W2036063909,W2086642814
W2151034630,W2151041036
W2151034630,W2151080396
W2151034630,W2134289299
W2151034630,W1968509967
W2741508285,W2579533542
W2741508285,W2152121970
W2741508285,W2090037139
W2741508285,W2587625522
W2741508285,W2738996050
W2741508285,W2017840637
W2741508285,W2074726646
W2741508285,W2180229411
W2741508285,W2004548026
W2049350168,W1888172398
W2040612932,W2601436215
W2040612932,W2040975718
W2040612932,W2601564443
W2040612932,W2004548026
W2040612932,W2074726646
W2149858388,W2149353640
W2149858388,W2149868499
W2149858388,W2149908785
W2149858388,W2149166037
W2149858388,W2149932227
W2149858388,W2149933564
W2612812586,W2149868499
W2612812586,W2149933564
W2612812586,W2149932227
W2612812586,W1972696558
W2086642814,W1950829641
W2036123899,W2036176224
W2036123899,W2036193982
W2036123899,W2028575270
W2036123899,W1971820570
W2036123899,W1972145956
W2036176224,W1838764073
W2036258507,W2036321220
W2036258507,W2010049072
W2036258507,W2036348189
W2036258507,W1979348491
W2036258507,W2007826806
W2036258507,W1979308046
W2036258507,W1971625691
W2036321220,W2031168104
W2036321220,W2126452174
W2036321220,W2126320505
W2036321220,W1979348491
W2036321220,W2038721957
W2036321220,W2129766733
W2036321220,W1996700726
W2036321220,W1989854862
W2036348189,W2010049072
W2126452174,W2117853853
W2126452174,W2120517672
W2126452174,W2010143351
W2126452174,W1971443733
W2126452174,W2010181898
W2126452174,W1971625691
W2126452174,W1979308046
W2126452174,W2009104157
W2126452174,W1979348491
W2126320505,W2028302194
W2126320505,W2010181898
W2126320505,W2120834437
W2126320505,W1996700726
W2126320505,W2031168104
W2126320505,W2125826054
W2126320505,W2124596021
W2126320505,W1979308046
W2126320505,W1810360004
W2126320505,W1996487270
W2038721957,W2119413986
W2038721957,W2028302194
W2038721957,W1996700726
W2038721957,W2031168104
W2038721957,W2120834437
W2038721957,W2120831645
W2038721957,W1979308046
W2038721957,W1525197209
W2038721957,W1525882651
W2038721957,W2028871521
W2038721957,W1588685142
W2038721957,W1984547206
W2038721957,W2026578487
W2038721957,W1988163167
W2129766733,W2028302194
W2129766733,W1988163167
W2129766733,W2120834437
W2129766733,W1767470961
W2129766733,W2126320505
W2129766733,W2038721957
W2036538049,W2036670520
W2036671864,W2019075610
W2036677156,W2036785686
W2036677156,W2036897871
W2036677156,W2037036397
W2036677156,W2037199116
W2036677156,W2037227137
W2036897871,W2037227137
W2037312364,W2037360063
W2037312364,W2037496050
W2037360063,W2151350595
W2037496050,W2037360063
W2037496050,W1966822396
W2037496050,W1966811787
W2037496050,W2166272087
W2037496050,W2166244948
W2166244948,W1966822396
W2166244948,W2166272087
W2037511922,W1791484930
W2037561382,W2018841491
W2037766564,W2015416439
W2037766564,W1569308213
W2037766564,W1885078460
W2037766564,W1613795631
W2037993016,W1996585409
W2037993016,W2002486217
W2037993016,W1514540900
W2037993016,W2017171355
W2037993016,W2038044415
W2037993016,W2016916834
W2037993016,W2002311592
W2037993016,W1107917109
W2037993016,W1979283544
W2038194220,W2008854521
W2038194220,W1858542512
W2038194220,W1525197209
W2038194220,W1994823455
W2038194220,W2038195874
W2038194220,W1994975670
W2038194220,W1994803330
W2038194220,W2038215949
W2038194220,W2038437697
W2038194220,W2007110604
W2038194220,W1995274825
W2038194220,W2000770615
W2038194220,W2026570544
W2038194220,W2029411945
W2038194220,W2038492783
W2038195874,W2026570544
W2038195874,W2008854521
W2038195874,W1995274825
W2038195874,W2030517878
W2038195874,W1995581599
W2038195874,W2000982976
W2038195874,W2000770615
W2038195874,W1994823455
W2038195874,W1994803330
W2038195874,W2000998192
W2038195874,W1525197209
W2038215949,W2016709145
W2038215949,W1994823455
W2038215949,W2026337749
W2038215949,W1994975670
W2038215949,W1994959046
W2038215949,W2026570544
W2038215949,W2000770615
W2038215949,W2008854521
W2038215949,W2038437697
W2038215949,W1994803330
W2038215949,W2009575187
W2038215949,W2021591445
W2038215949,W1594032928
W2038215949,W1592674309
W2038215949,W1995274825
W2038437697,W2000982976
W2038437697,W2059359550
W2038437697,W2109184569
W2038437697,W2026570544
W2038437697,W1868559974
W2038437697,W1995274825
W2038437697,W2008854521
W2038437697,W2008869160
W2038437697,W1600897084
W2038437697,W1995581599
W2038437697,W1946252112
W2038437697,W2011430131
W2038437697,W1858542512
W2038437697,W1601795611
W2038492783,W1600897084
W2038492783,W1868559974
W2038492783,W1946252112
W2038492783,W1995274825
W2038492783,W2008854521
W2038492783,W2038437697
W2038492783,W2000982976
W2038492783,W2027016436
W2038492783,W2008869160
W2038492783,W2038215949
W2038492783,W1594032928
W2038492783,W1858542512
W2038492783,W1601795611
W2038492783,W2038194220
W2109184569,W2000982976
W2109184569,W1983228601
W2038669746,W1971625691
W2038669746,W1996585409
W2038669746,W1996653992
W2038669746,W1971443733
W2038669746,W1996487270
W2038669746,W2027753197
W2038669746,W1984190418
W2038669746,W2020134788
W2038669746,W2012247153
W2038669746,W1858542512
W2038669746,W1979348491
W2038669746,W2010049072
W2038669746,W1972145956
W2038669746,W2022685385
W2038669746,W2038702827
W2038669746,W2038721957
W2038669746,W2030769837
W2038702827,W1996700726
W2038702827,W2031168104
W2038702827,W2010143351
W2038702827,W2073026107
W2038702827,W2124596021
W2038702827,W2127048411
W2038702827,W2009575187
W2038702827,W1994975670
W2073026107,W1979308046
W2124596021,W2122855609
W2124596021,W2118421222
W2038752330,W2038702827
W2038752330,W2038782607
W2038752330,W2036258507
W2038752330,W2017039362
W2038752330,W2017044005
W2038752330,W1971625691
W2038752330,W2007826806
W2038752330,W1482867610
W2038782607,W2128769815
W2038782607,W2038721957
W2038782607,W1971625691
W2038782607,W1979348491
W2128769815,W2010181898
W2128769815,W2031168104
W2128769815,W1996585409
W2128769815,W1885078460
W2038783205,W2038963685
W2038783205,W2032230795
W2038783205,W2039123767
W2038783205,W2039240409
W2038783205,W2039348932
W2038783205,W2039469634
W2038783205,W2039559098
W2038783205,W2039734130
W2038783205,W2039786475
W2038783205,W2016922062
W2038783205,W2014946489
W2038783205,W1560020441
W2038783205,W1107917109
W2038963685,W2032230795
W2038963685,W2039240409
W2038963685,W2039123767
W2038963685,W2038044415
W2038963685,W1107917109
W2039123767,W2032518018
W2039123767,W2032230795
W2039123767,W2041698310
W2039123767,W2123649031
W2039123767,W2124437404
W2039123767,W2124427232
W2039123767,W1934094702
W2039123767,W2123696077
W2039123767,W2041440766
W2039123767,W2041383474
W2039240409,W2127669920
W2039240409,W2041698310
W2039240409,W2032518018
W2039240409,W2032285541
W2039240409,W2014946489
W2039240409,W2024641550
W2039240409,W2024726841
W2039240409,W2032230795
W2039348932,W1976985160
W2039348932,W2109006689
W2039348932,W1976881265
W2039348932,W2032230795
W2039348932,W2041698310
W2039348932,W2126736494
W2039348932,W2129623720
W2039348932,W2039240409
W2039348932,W2024726841
W2039469634,W2032230795
W2039469634,W2039240409
W2039469634,W2123696077
W2039469634,W2129638195
W2039559098,W2122781082
W2039559098,W2117801354
W2039559098,W2117779820
W2039559098,W2118295263
W2039559098,W2039240409
W2039559098,W2032230795
W2039559098,W2032518018
W2039559098,W2039786475
W2039559098,W2041698310
W2039734130,W2024966118
W2039734130,W2032518018
W2039734130,W1951724000
W2039786475,W2032518018
W2039786475,W2123649031
W2039786475,W2032230795
W2039786475,W2123696077
W2039786475,W1596515083
W2039786475,W2128158076
W2041698310,W2118295263
W2041698310,W2117779820
W2041698310,W2117801354
W2041698310,W2119744638
W2041698310,W2120010406
W2041698310,W2123649031
W2041698310,W2123696077
W2041698310,W2115706991
W2041698310,W2032797438
W2123649031,W2115706991
W2123649031,W2118338381
W2123649031,W2123696077
W2124437404,W2123696077
W2124437404,W2124427232
W2124437404,W1645305843
W2124437404,W2000982976
W2124437404,W180836830
W2124427232,W2123696077
W2124427232,W2124437404
W2124427232,W1645305843
W2124427232,W2025143098
W2124427232,W2000982976
W2124427232,W180836830
W2041440766,W2118930997
W2109006689,W1531935167
W2109006689,W1976881265
W2109006689,W2114843025
W2109006689,W2116236561
W2109006689,W1976985160
W2109006689,W1952026831
W2109006689,W2041383474
W2109006689,W2071841602
W2126736494,W2119605622
W2126736494,W2123060905
W2126736494,W1994823455
W2126736494,W2124166542
W2126736494,W2119607070
W2129623720,W1976881265
W2129623720,W2114843025
W2129623720,W1952026831
W2129623720,W2071841602
W2122781082,W2117779820
W2122781082,W2117801354
W2122781082,W2118295263
W2117801354,W2115706991
W2117801354,W2025143098
W2117801354,W2117779820
W2117779820,W2117792884
W2117779820,W2115706991
W2117779820,W2117801354
W2118295263,W2117779820
W2118295263,W2117801354
W2118295263,W2118338381
W2128158076,W2032518018
W2128158076,W2120043163
W2128158076,W2001510610
W2128158076,W1994959046
W2040031153,W1946435840
W2040031153,W1946252112
W2040031153,W2040085089
W2040031153,W2032285541
W2040031153,W1986662234
W2040031153,W2039240409
W2040031153,W2000982976
W2040031153,W1995274825
W2040031153,W2011430131
W2040031153,W1972923945
W2040031153,W2040113717
W2040031153,W1858542512
W2040031153,W1880262756
W2040031153,W1868559974
W2040120109,W2037496050
W2040120109,W2040191060
W2040340473,W1505543708
W2040340473,W2008942529
W2040340473,W1993814425
W2040340473,W1969543759
W2040340473,W2040397490
W2040452926,W2037561382
W2040456488,W2040458497
W2040456488,W2040547343
W2040456488,W2040612932
W2040456488,W2036025531
W2040456488,W2040827479
W2040456488,W2040975718
W2040456488,W2041257508
W2040458497,W2149683554
W2040458497,W2004548026
W2040827479,W1963529460
W2040827479,W2140765540
W2040827479,W2035908878
W2040827479,W2148540129
W2041257508,W2168452204
W2041257508,W1860063347
W2041257508,W2150131459
W2041257508,W2168448159
W2041257508,W2096682311
W2041257508,W1997188340
W2041257508,W2150163104
W2041257508,W2015834247
W2041257508,W2140765540
W2041257508,W2037227137
W2149683554,W1966078827
W2149683554,W2162530578
W2601436215,W2040975718
W2601436215,W2049350168
W2601436215,W2601564443
W2601436215,W2151080396
W2168452204,W2150131459
W2168452204,W2150163104
W2168452204,W2037227137
W2150131459,W1255676896
W2150131459,W2150163104
W2150131459,W2015834247
W2168448159,W2168452204
W2168448159,W1930624869
W2168448159,W2150131459
W2168448159,W1255676896
W2168448159,W2150163104
W2168448159,W2168482920
W2168448159,W2015834247
W2168448159,W2149662495
W2168448159,W2151922790
W2168448159,W1992652001
W2168448159,W2168515722
W2096682311,W2040975718
W2096682311,W2153109441
W2096682311,W2152195021
W2150163104,W2015834247
W2041311241,W2041383474
W2041311241,W2041440766
W2041311241,W2032285541
W2041311241,W2040085089
W2041311241,W2032230795
W2041311241,W2039240409
W2041311241,W2039348932
W2041311241,W2039469634
W2041311241,W2039559098
W2041311241,W2041483208
W2041311241,W2018291779
W2041311241,W2041535798
W2041311241,W2041698310
W2041311241,W2000982976
W2041311241,W2038195874
W2041311241,W1577577364
W2041311241,W2039734130
W2041311241,W1592674309
W2041311241,W1600897084
W2041311241,W1601795611
W2041483208,W2039469634
W2041483208,W2039348932
W2041483208,W2039240409
W2041483208,W2039786475
W2041535798,W2124427232
W2041535798,W2124437404
W2041535798,W2123696077
W2041535798,W2039240409
W2041535798,W2028433016
W2118930997,W1531935167
W2118930997,W1947481528
W2118930997,W1976881265
W2118930997,W2116236561
W2118930997,W1934094702
W2118930997,W2114843025
W2118930997,W1976985160
W2118930997,W1585939719
W2118930997,W1597678601
W2118930997,W1603793127
W2118930997,W2071841602
W2118930997,W1005007408
W2119744638,W2117779820
W2119744638,W2117801354
W2119744638,W2118295263
W2119744638,W2018482968
W2120010406,W2117779820
W2120010406,W2117801354
W2120010406,W2118295263
W2041711461,W2028240797
W2041711461,W1924064069
W2041711461,W2017511982
W2041711461,W2033797333
W2041711461,W1988037271
W2041711461,W2041782669
W2041823554,W1985213868
W2041823554,W2042122216
W2042254650,W2029582401
W2042281163,W1977617315
W2042281163,W2031557272
W2042281163,W1977367431
W2042454875,W2030330123
W2042454875,W2030517878
W2042454875,W2042468043
W2042454875,W2038195874
W2042454875,W1995274825
W2042454875,W2008854521
W2042454875,W2000982976
W2042454875,W2026570544
W2042454875,W1994823455
W2042454875,W2008869160
W2042454875,W1995581599
W2042454875,W1995047010
W2042454875,W2026337749
W2042454875,W2015522309
W2042468043,W1985563073
W2042468043,W1810360004
W2042533040,W2042692910
W2042533040,W2042706232
W2042533040,W2042789810
W2042533040,W2043274355
W2042692910,W2042706232
W2042789810,W2042692910
W2042789810,W2042706232
W2043398720,W1986662234
W2043398720,W1946252112
W2043398720,W2021520922
W2043398720,W1005007408
W2043398720,W2028979275
W2043398720,W2029411945
W2043398720,W1727659491
W2043398720,W2014946489
W2043398720,W1983228601
W2043398720,W2039734130
W2043398720,W1587875569
W2043398720,W2026570544
W2043398720,W2043402970
W2043398720,W1976770755
W2043398720,W1107917109
W2115098571,W2114826007
W2115098571,W2114795157
W2043509228,W1956340063
W2043509228,W1985854434
W2043509228,W2043696829
W2043509228,W1985987855
W2043509228,W2013527739
W2043509228,W2004966039
W2043509228,W1815596065
W2043696829,W1956280464
W2043696829,W1955806497
W2043696829,W1952608303
W2043787485,W2044172327
W2043787485,W2044212084
W2044172327,W1979368277
W2044172327,W1982133696
W2044172327,W1978337436
W2044212084,W2161815745
W2044247101,W1956340063
W2044247101,W2036538049
W2044387082,W2016709145
W2044387082,W2021591445
W2044387082,W2044437167
W2044387082,W2009575187
W2044387082,W1994803330
W2044387082,W2006959528
W2044387082,W1576520375
W2044387082,W1994975670
W2044499383,W2011095781
W2044499383,W2009543464
W2044579390,W2011920499
W2044579390,W2005035365
W2044591029,W2022085321
W2044591029,W2038044415
W2044591029,W2002311592
W2044591029,W2008627757
W2044591029,W2016922062
W2044591029,W2044609898
W2044591029,W1587875569
W2044591029,W1482867610
W2044591029,W1107917109
W2044702943,W2006559495
W2044702943,W2006318126
W2044702943,W1996950224
W2044702943,W1924064069
W2044702943,W2044718416
W2044702943,W1525882651
W2044702943,W2044829309
W2044718416,W2088135512
W2088135512,W2084341220
W2088135512,W1887863118
W2088135512,W2003984225
W2088135512,W1964010911
W2045030989,W2045119680
W2045030989,W1951564719
W2045030989,W2045197688
W2045030989,W2045204781
W2045030989,W2004548026
W2045204781,W1965464747
W2045204781,W2015593224
W2045204781,W1950829641
W2045204781,W2255762950
W2045204781,W2045197688
W2045204781,W1951684732
W2045204781,W1930021590
W2045204781,W2016006311
W2045204781,W1965306643
W2463195069,W1966078827
W2255762950,W2554285426
W2255762950,W2416799949
W2255762950,W2790056669
W2045287414,W1993962865
W2045287414,W2038044415
W2045287414,W1107917109
W2045402423,W1981714996
W2045402423,W1498931318
W2045402423,W1981729886
W2045435533,W2013674306
W2045435533,W1524333225
W2045435533,W1949231392
W2045435533,W1997065014
W2045435533,W2002547950
W2045435533,W2013912476
W2045435533,W1973260880
W2045435533,W1791484930
W2045435533,W1966623514
W2045435533,W1494075612
W2045435533,W1650797637
W2045435533,W1987202454
W2045435533,W1997183854
W2045435533,W1987416224
W2045465689,W1976770755
W2045617521,W1893938325
W2045617521,W1895164393
W2045617521,W1590065089
W2045683699,W2045843097
W2045683699,W1970792572
W2045683699,W1534181333
W2045683699,W2045949302
W2045683699,W1488616880
W2045683699,W1533942137
W2045683699,W2020702410
W2045683699,W1536497620
W2045683699,W1529592271
W2045843097,W1965157206
W2045949302,W1970792572
W2045949302,W1970881901
W2045949302,W1533942137
W2045949302,W1976403158
W2045949302,W1536497620
W2045949302,W1529592271
W2046183549,W2042706232
W2046183549,W2042692910
W2046183549,W1978007507
W2046183549,W2046387002
W2046537181,W1531821806
W2046537181,W1517555081
W2046537181,W1860063347
W2046537181,W1964688613
W2046537181,W2046557060
W2046654411,W2020541351
W2046654411,W2018459257
W2046759075,W2016236854
W2046759075,W2016210396
W2046759075,W2021057500
W2046759075,W2046779413
W2046759075,W2016603972
W2046945705,W2010049072
W2046945705,W2026337749
W2046945705,W2017426710
W2046945705,W1979308046
W2047028564,W1858542512
W2047028564,W2007110604
W2047028564,W1994959046
W2047189523,W2031183907
W2047189523,W2008157089
W2047189523,W1574172480
W2047189523,W2028056984
W2047189523,W1970637701
W2047189523,W1990911977
W2047189523,W2008435261
W2047205370,W1987431381
W2047205370,W2047328724
W2047205370,W2025781576
W2047205370,W2009775084
W2047205370,W1482867610
W2047328724,W1591013228
W2047364731,W1990415494
W2047364731,W2047417387
W2047744778,W1924064069
W2047744778,W1810360004
W2047744778,W1995047010
W2047751764,W2001374342
W2047751764,W1981030303
W2047751764,W2015032635
W2047751764,W1984953206
W2047774330,W1949231392
W2047774330,W2047805825
W2047774330,W1997183854
W2047805825,W1519633296
W2047805825,W1524333225
W2047805825,W1520812622
W2047940964,W2001374342
W2047940964,W1971415551
W2047940964,W2001082470
W2047940964,W1971040550
W2047940964,W2048170654
W2048170654,W1964895626
W2048170654,W2009187570
W2048170654,W2001374342
W2048170654,W2020702410
W2048170654,W1964946787
W2048377078,W2048385562
W2048377078,W2048644480
W2048377078,W2008671681
W2048377078,W1780778418
W2048377078,W2018651936
W2048377078,W2048755332
W2048377078,W2018680235
W2048377078,W1994823455
W2048377078,W1994975670
W2048377078,W1994803330
W2048377078,W1998515817
W2048377078,W2006959528
W2048377078,W2049069390
W2048377078,W1787224781
W2048377078,W2006797972
W2048377078,W1998767819
W2048377078,W1611419331
W2048377078,W1617328014
W2048644480,W2048385562
W2048644480,W2125213524
W2048644480,W2006970256
W2048644480,W1994975670
W2048755332,W1611419331
W2049069390,W2016709145
W2049069390,W2048385562
W2049069390,W2021591445
W2049069390,W1994803330
W2049069390,W1994959046
W2049069390,W1525882651
W2049069390,W2104548316
W2049069390,W1810360004
W2049069390,W2130387153
W2049069390,W1976564639
W2049069390,W1994975670
W2125213524,W2125303562
W2049159124,W2049350168
W2049159124,W2049377387
W2049159124,W2049424645
W2049159124,W2049468624
W2049159124,W2049553585
W2049159124,W2049683810
W2049159124,W2049813215
W2049159124,W2049852912
W2049159124,W2050104595
W2049159124,W2050160040
W2049159124,W2050338614
W2049159124,W2050345155
W2049377387,W2115607954
W2049377387,W2049683810
W2049468624,W1968509967
W2049468624,W2049683810
W2049468624,W2148924243
W2049468624,W2049852912
W2049468624,W2049553585
W2049468624,W2049377387
W2049468624,W1968984443
W2049553585,W2148924243
W2049553585,W2049683810
W2049553585,W2123879591
W2049813215,W1214056855
W2049813215,W2050104595
W2049813215,W2148099625
W2049813215,W1940496428
W2049813215,W2012960603
W2049852912,W2148924243
W2049852912,W2049553585
W2049852912,W1968509967
W2049852912,W2049683810
W2049852912,W2049813215
W2049852912,W2050104595
W2050338614,W2595629513
W2050338614,W2151080396
W2050338614,W2519244818
W2050338614,W2090037139
W2050338614,W2156101426
W2050338614,W2156737316
W2050338614,W2152119060
W2050338614,W2156622081
W2050338614,W2424778531
W2050338614,W2149655632
W2050338614,W2149011208
W2050338614,W2156125289
W2050338614,W1951684732
W2148099625,W2148143831
W2148099625,W1944901286
W2519244818,W2049424645
W2519244818,W2150163104
W2519244818,W2123879591
W2156737316,W2156125289
W2156737316,W2147096538
W2156737316,W2156562079
W2156737316,W2344657883
W2156737316,W2156323704
W2156737316,W2149011208
W2156737316,W2156523992
W2156737316,W2156622081
W2156737316,W2152207030
W2156737316,W2148991217
W2156737316,W2595629513
W2156737316,W2152119060
W2156737316,W2587625522
W2152119060,W2146904764
W2156622081,W2156562079
W2156622081,W2147096538
W2156622081,W2156098321
W2149011208,W2156562079
W2149011208,W2146904764
W2149011208,W2156622081
W2050721857,W2020925091
W2050721857,W2020702410
W2050721857,W2050869737
W2050721857,W2050900592
W2050943927,W2012407814
W2050943927,W2050956365
W2050943927,W2051055358
W2051121620,W1969200114
W2051159954,W2026337749
W2051159954,W1994975670
W2051159954,W2015522309
W2051159954,W1988037271
W2051210555,W1999478155
W2051210555,W1978007507
W2051210555,W1999347518
W2051210555,W2051314902
W2051210555,W2051416171
W2051314902,W1999478155
W2051314902,W1996291528
W2051314902,W2172156083
W2051314902,W1978007507
W2051314902,W2051210555
W2051314902,W2046387002
W2051314902,W1999347518
W2051416171,W2046654411
W2051416171,W1978007507
W2051782740,W2014166972
W2051782740,W1970090817
W2051782740,W2051978340
W2051782740,W1970327765
W2051782740,W2052130118
W2051782740,W1990717355
W2052130118,W1973577532
W2052130118,W2060590119
W2052130118,W1995157919
W2052130118,W2009313526
W2060590119,W2052648234
W2060590119,W2060680089
W2060590119,W2052130118
W2052319966,W2052479643
W2052319966,W2011095781
W2052319966,W2009543464
W2052479643,W2067718414
W2052479643,W2009543464
W2052479643,W1970090817
W2052493774,W2008157089
W2052493774,W2052644075
W2052493774,W2047189523
W2052493774,W1970637701
W2052493774,W1990911977
W2052644075,W1563940013
W2052648234,W2002547950
W2052648234,W2045435533
W2052648234,W1997065014
W2052648234,W2052750950
W2052648234,W1791484930
W2052648234,W1949231392
W2052648234,W1995157919
W2052648234,W1973268287
W2052648234,W2052130118
W2052750950,W2013674306
W2052750950,W1555476426
W2052750950,W1490482062
W2052750950,W2013912476
W2052750950,W1977699466
W2052821301,W2016236854
W2052821301,W2052903566
W2052821301,W2052989605
W2052821301,W2016210396
W2052821301,W2021057500
W2052821301,W2053003053
W2052821301,W2046779413
W2052821301,W1560749659
W2052821301,W2021350270
W2052821301,W2053022429
W2052903566,W1476478267
W2052903566,W2016210396
W2052903566,W2021057500
W2052903566,W2053003053
W2052903566,W2052821301
W2052903566,W2028575270
W2052903566,W2016603972
W2052903566,W2181523240
W2052903566,W2166667242
W2053003053,W1476478267
W2053003053,W2016210396
W2053003053,W2046759075
W2053003053,W2021057500
W2053003053,W2170899200
W2053003053,W2028575270
W2053003053,W2046779413
W2053003053,W2053022429
W2170899200,W2003164867
W2170899200,W2003171404
W2170899200,W1829634234
W2170899200,W1981443800
W2170899200,W1820051232
W2170899200,W1981644934
W2170899200,W1981425990
W2170899200,W1829643206
W2053110663,W1978007507
W2053110663,W2051210555
W2053110663,W1999347518
W2053186076,W2008157089
W2053186076,W1568390176
W2053186076,W2047189523
W2053186076,W1970637701
W2053186076,W2008435261
W2053186076,W1569308213
W2053219565,W2051159954
W2053219565,W2006763260
W2053219565,W1858542512
W2053219565,W2047028564
W2053219565,W2038194220
W2053219565,W2007110604
W2053219565,W1995274825
W2053219565,W2040191060
W2053219565,W2053911973
W2053911973,W2038437697
W2053911973,W2008854521
W2053911973,W1991538680
W2053911973,W1858542512
W2053911973,W1868559974
W2053911973,W2079350221
W2053911973,W1995274825
W2053911973,W2038492783
W2053911973,W2132407977
W2053911973,W1877686344
W2053911973,W2112680994
W2053911973,W2047028564
W2053911973,W2053219565
W2053911973,W2038194220
W2053911973,W2061504941
W2079350221,W2000982976
W2079350221,W2026570544
W2079350221,W1995581599
W2079350221,W2000998192
W2079350221,W2109184569
W2079350221,W2008854521
W2079350221,W1995274825
W2079350221,W2008856488
W2079350221,W2030500910
W2079350221,W1946252112
W2079350221,W2027016436
W2079350221,W1988050849
W2079350221,W2123343298
W2132407977,W1998767819
W2132407977,W2000982976
W2132407977,W1995581599
W2132407977,W2008854521
W2132407977,W2012407814
W2132407977,W1979348491
W2132407977,W2036321220
W2132407977,W1996487270
W2132407977,W2038669746
W2132407977,W1995274825
W2132407977,W1486722793
W2132407977,W2010049072
W2132407977,W1858542512
W2132407977,W2129766733
W2132407977,W2175094144
W2061504941,W2000982976
W2061504941,W2000770615
W2061504941,W2026616100
W2061504941,W2026337749
W2061504941,W1994823455
W2054054553,W1987431381
W2054054553,W1619623942
W2054054553,W1996950224
W2054054553,W2022085321
W2054054553,W2009720434
W2054054553,W2027847170
W2054054553,W2038044415
W2054054553,W1107917109
W2054109341,W1517555081
W2054109341,W2054119472
W2054109341,W2004958771
W2054109341,W2006617902
W2054109341,W1499256377
W2054141820,W1603793127
W2054141820,W1525882651
W2054141820,W2007826806
W2054141820,W1996746229
W2054141820,W1984190418
W2054141820,W1482867610
W2054167751,W2011095781
W2054167751,W2042281163
W2054167751,W2054275187
W2054167751,W2054325787
W2054167751,W2044499383
W2054167751,W2052130118
W2054167751,W1905829557
W2054275187,W2056795330
W2054275187,W2052130118
W2054275187,W2052648234
W2054325787,W1551533759
W2054325787,W1490482062
W2056795330,W2040397490
W2056795330,W1976452733
W2056795330,W2052130118
W2054407804,W2052648234
W2054407804,W2052130118
W2054407804,W2045435533
W2054455698,W1978129709
W2054455698,W2011923115
W2054455698,W2011920499
W2054455698,W1978337436
W2054455698,W1982133696
W2054600557,W1994803330
W2054600557,W2006959528
W2054600557,W1994975670
W2054600557,W2026337749
W2054600557,W2032047304
W2054600557,W1978775682
W2054653365,W2044579390
W2054653365,W1979368277
W2054653365,W2011920499
W2054653365,W1982133696
W2054653365,W1978337436
W2054653365,W2044172327
W2054692642,W1916491745
W2054692642,W2038044415
W2054692642,W2054891772
W2054692642,W1005007408
W2054692642,W1107917109
W2054891772,W1913957972
W2054891772,W1587875569
W2054891772,W1107917109
W2055298722,W2055313665
W2055298722,W2055402151
W2055298722,W2011608289
W2055298722,W1867005924
W2055298722,W1864325817
W2055298722,W2055424520
W2055402151,W2011608289
W2055402151,W2056279562
W2056279562,W2055402151
W2056279562,W2011608289
W2055442076,W2055638681
W2055442076,W2003797386
W2055640453,W2055655674
W2055640453,W2020332193
W2055640453,W2018045523
W2055640453,W2055666215
W2055695879,W2044499383
W2055718260,W1997201895
W2055718260,W1949231392
W2055718260,W1997065014
W2055718260,W2002547950
W2055718260,W2052648234
W2055718260,W2052130118
W2055718260,W1973260880
W2055718260,W1791484930
W2055718260,W2045435533
W2055718260,W1997183854
W2055718260,W1860063347
W2055718260,W1987416224
W2055757297,W2002311592
W2055757297,W1996950224
W2055757297,W2016916834
W2055757297,W2037993016
W2055757297,W1482867610
W2055763451,W1979973356
W2055763451,W2031183907
W2055763451,W1980168725
W2055763451,W1980269624
W2055763451,W2031430816
W2056132907,W2011608289
W2056132907,W2055402151
W2056132907,W2056279562
W2056316433,W2056352756
W2056316433,W2056370875
W2056316433,W2056435747
W2056316433,W2056499061
W2056435747,W2115888213
W2056435747,W2115988342
W2056499061,W2115888213
W2056499061,W2115944543
W2056499061,W2115988342
W2115988342,W2116041602
W2056815766,W1991330646
W2056815766,W2026277606
W2056815766,W2026317156
W2056815766,W2040191060
W2056815766,W2019655958
W2057175746,W1645305843
W2057175746,W2057327092
W2057175746,W2028979275
W2057175746,W2057327293
W2057175746,W1988050849
W2057175746,W2010457001
W2057327293,W2016709145
W2057327293,W2040113717
W2057327293,W2025781576
W2057327293,W2039240409
W2057327293,W2010457001
W2118554039,W2116064496
W2118554039,W2118471749
W2118554039,W1733387413
W2118554039,W2114983539
W2118554039,W2025768430
W2118554039,W1747388711
W2118554039,W1749494163
W2118554039,W1760829075
W2118554039,W1761052593
W2118554039,W2117087906
W2118554039,W1727659491
W2118554039,W2025745000
W2118554039,W1761653152
W2118554039,W2114891756
W2118554039,W2118585731
W2119607070,W2107861471
W2119607070,W2025768430
W2119607070,W1727659491
W2119607070,W2118554039
W2119607070,W2025745000
W2119607070,W1761653152
W2119607070,W1580389772
W2057360098,W2054275187
W2057360098,W1650797637
W2057360098,W2052750950
W2057360098,W1949231392
W2057360098,W2052648234
W2057360098,W1995157919
W2057360098,W2052130118
W2057387551,W1503900815
W2057387551,W1560020441
W2057396845,W2008942529
W2057396845,W2057433097
W2057477511,W1999872096
W2057477511,W2057765075
W2057806291,W2033442056
W2057806291,W1985217958
W2057806291,W1998053851
W2057806291,W2001755358
W2057916570,W2047774330
W2057916570,W2058046532
W2057916570,W2002547950
W2057916570,W2058085399
W2058122340,W2022859730
W2058330204,W2044499383
W2058330204,W1905829557
W2058330204,W2054325787
W2058330204,W1905882502
W2058401000,W2058401212
W2058401000,W1663973292
W2058401000,W2008942529
W2058401000,W2040340473
W2058401212,W1519266993
W2058401212,W2008942529
W2058401212,W2171280873
W2058521801,W1982901688
W2058521801,W2003797386
W2058522703,W2058541903
W2058571677,W1966334841
W2058571677,W1966272358
W2058571677,W2058662258
W2058571677,W2012136380
W2058571677,W2058835062
W2058662258,W2058835062
W2058662258,W2016922062
W2058662258,W1971443733
W2058662258,W1994280428
W2058662258,W1107917109
W2058835062,W1588827410
W2058864686,W2047328724
W2058963764,W1594032928
W2058963764,W2058998445
W2058998445,W1991538680
W2058998445,W2119034410
W2058998445,W2123981120
W2058998445,W1858542512
W2058998445,W1995031937
W2058998445,W1985013794
W2058998445,W1951724000
W2058998445,W2112680994
W2119034410,W2119132330
W2119034410,W2119147717
W2059013803,W2059073003
W2059013803,W2059098086
W2059098086,W2016922062
W2059098086,W1588827410
W2059098086,W1107917109
W2059098086,W1482867610
W2059099579,W1956340063
W2059099579,W2043509228
W2059099579,W2036670520
W2059099579,W1985987855
W2059099579,W1976324983
W2059099579,W2013371150
W2059099579,W1815596065
W2059099579,W2018841491
W2059099579,W1976744965
W2059099579,W2059147403
W2059099579,W2059175769
W2059099579,W1985949400
W2059147403,W1976744965
W2059147403,W1976324983
W2059147403,W1590065089
W2059147403,W2018482968
W2059147403,W1956280464
W2059147403,W1815596065
W2059147403,W2004966039
W2059147403,W1985987855
W2059147403,W1985854434
W2059147403,W1979283544
W2059205366,W2000998192
W2059205366,W2000982976
W2059205366,W2059359550
W2059205366,W2030330123
W2059382687,W2001510610
W2059646894,W2059796825
W2059646894,W2027753197
W2059796825,W2038702827
W2059796825,W2025781576
W2059796825,W1971625691
W2059796825,W2027753197
W2059796825,W2017044005
W2059796825,W2025415734
W2059796825,W2012488984
W2059796825,W2007826806
W2059813301,W1994145712
W2059885388,W1985213644
W2059885388,W1985213868
W2059885388,W2060012482
W2060172488,W2033386838
W2060172488,W2060185417
W2060259273,W1487531252
W2060259273,W2060551076
W2060680089,W1970327765
W2060680089,W1970090817
W2060680089,W2009435671
W2060680089,W2031611770
W2060705109,W1858542512
W2060705109,W2038492783
W2060705109,W1868559974
W2060705109,W1995274825
W2060705109,W1594032928
W2060705109,W2038194220
W2060705109,W2053219565
W2060705109,W2038195874
W2060705109,W2038215949
W2060705109,W1973062929
W2060705109,W2008869160
W2060705109,W1005007408
W2060705109,W2011430131
W2060705109,W1946435840
W2060705109,W1946252112
W2060705109,W2021520922
W2060809301,W1976452733
W2060809301,W2013674306
W2060809301,W1995157919
W2060809301,W1997065014
W2060809301,W2055718260
W2060809301,W2002547950
W2060809301,W2042254650
W2060809301,W2052648234
W2060809301,W2052130118
W2060809301,W1973260880
W2060809301,W1791484930
W2060809301,W1973268287
W2060809301,W2060852319
W2060809301,W2045435533
W2060809301,W2054407804
W2060891246,W2005291574
W2060891246,W2061003790
W2060891246,W2057175746
W2061003790,W1971443733
W2061003790,W1645858368
W2061003790,W2016709145
W2061003790,W2032230795
W2061003790,W2044437167
W2061003790,W2005501262
W2061008984,W2040397490
W2061008984,W1970090817
W2061008984,W2009313526
W2061008984,W2052130118
W2061008984,W1984883254
W2061008984,W2061063351
W2061141931,W2054407804
W2061141931,W1973260880
W2061141931,W2002547950
W2061141931,W1997065014
W2061141931,W2052648234
W2061141931,W1987202454
W2061141931,W2045435533
W2061141931,W2052130118
W2061141931,W1995157919
W2061326496,W1994391392
W2061326496,W2044579390
W2061326496,W2061328952
W2061326496,W2044172327
W2061328952,W1995622703
W2061328952,W2044579390
W2061328952,W2061326496
W2061328952,W2015556811
W2061328952,W2062159269
W2061328952,W2062217294
W2061328952,W2011920499
W2061328952,W1994391392
W2061438946,W2000982976
W2061438946,W2030330123
W2061438946,W2030500910
W2061438946,W2061504941
W2061438946,W2026616100
W2061438946,W2026337749
W2061548680,W2043509228
W2061548680,W1956340063
W2061548680,W1985987855
W2061548680,W2061601057
W2061548680,W2043696829
W2061548680,W1985949400
W2061548680,W1955806497
W2061548680,W1952608303
W2061548680,W1985854434
W2061548680,W2059175769
W2061601057,W1985987855
W2061601057,W1985854434
W2061601057,W1996293917
W2061601057,W2113699335
W2061601057,W2044247101
W2061601057,W2113784410
W2113784410,W2113699335
W2113784410,W2059175769
W2061609397,W2056795330
W2061609397,W2054407804
W2061609397,W2060852319
W2061609397,W2061141931
W2061609397,W1997065014
W2061609397,W2052648234
W2061609397,W2060590119
W2061609397,W2060809301
W2061609397,W2052130118
W2061609397,W2009313526
W2061609397,W1995157919
W2061609397,W2009435671
W2061609397,W2051782740
W2061680337,W2000998192
W2061680337,W2030500910
W2061680337,W2030517878
W2061680337,W2038195874
W2061680337,W2026570544
W2061680337,W2061504941
W2061680337,W2028979275
W2061820396,W2022085321
W2061820396,W2041711461
W2061820396,W1996950224
W2061820396,W1588827410
W2062018285,W2040085089
W2062018285,W2039734130
W2062018285,W1986662234
W2062018285,W1984671422
W2062018285,W2021520922
W2062018285,W1946435840
W2062018285,W1946252112
W2062018285,W2032285541
W2062118960,W1978424046
W2062118960,W2021930613
W2062118960,W2006959528
W2062118960,W2016660511
W2062118960,W1994803330
W2062118960,W2010417927
W2062118960,W1831050183
W2062118960,W1830138900
W2062118960,W2057327293
W2062290101,W1860063347
W2062290101,W2056795330
W2062290101,W1973260880
W2062290101,W1650797637
W2062290101,W1791484930
W2062290101,W2052648234
W2062290101,W2054275187
W2062290101,W1997065014
W2062290101,W1949231392
W2062290101,W2002547950
W2062290101,W2052130118
W2062290101,W1995157919
W2062290101,W2060590119
W2062290101,W2055718260
W2062290101,W2060809301
W2062505214,W1976324983
W2062505214,W1819467863
W2062505214,W1956340063
W2062505214,W2013371150
W2062505214,W2044247101
W2062667641,W2012136380
W2062667641,W2012034410
W2062667641,W1966272358
W2062667641,W2058662258
W2062786076,W1539835075
W2062786076,W1972183204
W2062786076,W2054407804
W2062786076,W2062852634
W2062786076,W2014116072
W2062786076,W1922730584
W2062786076,W179875071
W2062786076,W2009313526
W2062786076,W2052130118
W2062786076,W1995157919
W2062852634,W1966396962
W2062852634,W1539835075
W2062852634,W2014116072
W2062852634,W179875071
W2062900498,W1905429483
W2063264144,W2028240797
W2063264144,W2041711461
W2063264144,W2026337749
W2063264144,W2033686454
W2063264144,W2033797333
W2063264144,W2031168104
W2063534846,W2063580733
W2063534846,W2040340473
W2063534846,W2008942529
W2063534846,W2057433097
W2063632665,W2041535798
W2063632665,W2063756105
W2063632665,W2063866856
W2063632665,W2063923547
W2063756105,W2117779820
W2063756105,W2117801354
W2063756105,W2118295263
W2063756105,W2119744638
W2063756105,W2120010406
W2063756105,W2122863289
W2063756105,W2117792884
W2063756105,W2127489984
W2063866856,W1946252112
W2063866856,W2041535798
W2063866856,W2021520922
W2122863289,W2117801354
W2122863289,W2117779820
W2127489984,W2127522551
W2063978378,W2064076387
W2063978378,W2064165694
W2063978378,W2059359550
W2063978378,W1984883254
W2064076387,W2063978378
W2064076387,W2059205366
W2064076387,W1984883254
W2064076387,W2051159954
W2064165694,W2096093282
W2064165694,W1946252112
W2096093282,W2132525235
W2096093282,W1812256879
W2096093282,W2030330123
W2096093282,W2061504941
W2096093282,W2026337749
W2096093282,W2079350221
W2096093282,W2007110604
W2064186732,W1977699466
W2064186732,W2056795330
W2064186732,W2054275187
W2064186732,W2052130118
W2064186732,W1991366673
W2064186732,W1995157919
W2064319190,W1995622703
W2064319190,W2064815984
W2064319190,W2015556811
W2064319190,W1887863118
W2064319190,W2064853889
W2064319190,W1994391392
W2064815984,W2091248159
W2064853889,W2064815984
W2064963539,W2065109455
W2064963539,W1982837210
W2064963539,W1971443733
W2065231053,W2009425598
W2065231053,W2009423060
W2065231053,W1995622703
W2065304353,W2065566217
W2065304353,W2065109455
W2065304353,W2065762344
W2065304353,W1580389772
W2065304353,W2065847836
W2065304353,W1484347389
W2065304353,W2034960640
W2065304353,W2041782669
W2065566217,W2022548072
W2065762344,W2126736494
W2065762344,W2123060905
W2065762344,W2119605622
W2065762344,W2031489346
W2065847836,W2028979275
W2065847836,W1983228601
W2065847836,W2000770615
W2065847836,W2026570544
W2065847836,W1005007408
W2065847836,W2022508996
W2065847836,W1560020441
W2065847836,W2000982976
W2065847836,W2070614858
W2070614858,W2122781082
W2070614858,W2041440766
W2070614858,W2115706991
W2070614858,W2032230795
W2070614858,W2039240409
W2070614858,W2039348932
W2070614858,W2039559098
W2070614858,W2039469634
W2070614858,W1976881265
W2070614858,W2131271579
W2070614858,W2117801354
W2070614858,W2128158076
W2070614858,W2100117826
W2070614858,W2041483208
W2070614858,W2121836743
W2070614858,W2100130392
W2070614858,W2039734130
W2065887259,W2065974896
W2065887259,W2065996794
W2065887259,W1964010911
W2065974896,W1476478267
W2065974896,W1627191216
W2065974896,W2029850555
W2065974896,W2016603972
W2066131315,W2060809301
W2066131315,W1905429483
W2066131315,W2066231767
W2066231767,W1552847225
W2066231767,W2002547950
W2066231767,W1539835075
W2066231767,W1905058580
W2066231767,W2069306629
W2066231767,W1905429483
W2066231767,W2067715889
W2066231767,W2055718260
W2066231767,W2067456724
W2066231767,W2066131315
W2066231767,W1995157919
W2069306629,W1905429483
W2067715889,W2052319966
W2067715889,W1997065014
W2067715889,W2067718414
W2067715889,W2052648234
W2067715889,W2060809301
W2067715889,W2060590119
W2067715889,W2067456724
W2067715889,W2052130118
W2067715889,W1995157919
W2067715889,W1905429483
W2067715889,W2066131315
W2067715889,W2066231767
W2067456724,W2054407804
W2067456724,W2057360098
W2067456724,W1905429483
W2067456724,W2060590119
W2067456724,W2060809301
W2067456724,W2052130118
W2067456724,W1995157919
W2066234893,W2066286996
W2066234893,W2008715871
W2066234893,W1964846093
W2066234893,W1998515817
W2066234893,W1979723077
W2066907097,W1482867610
W2066907097,W1005007408
W2066907097,W2114392707
W2114392707,W1107917109
W2066991705,W2044172327
W2066991705,W2043787485
W2066991705,W1978129709
W2067087368,W2051978340
W2067191022,W2067404301
W2067191022,W2031028572
W2067191022,W2054054553
W2067404301,W1484347389
W2067404301,W104184427
W2067404301,W1005007408
W2067404301,W1107917109
W2067652191,W2060809301
W2067652191,W2056795330
W2067652191,W2052130118
W2067804762,W2067847820
W2067804762,W2002179012
W2067804762,W2002213000
W2068125093,W1978337436
W2068125093,W2068264411
W2068125093,W2005035365
W2068125093,W1979368277
W2068264411,W2167898988
W2068264411,W2168909179
W2068264411,W2026062398
W2068264411,W2169409681
W2068264411,W2169434152
W2167898988,W2026062398
W2168909179,W2167898988
W2169434152,W2026062398
W2068371905,W2068375361
W2068371905,W2068523052
W2068371905,W2068588283
W2068371905,W1844405070
W2068371905,W2068713574
W2068371905,W1810360004
W2068371905,W2068719957
W2068371905,W2068753710
W2068371905,W2068767807
W2068371905,W1994975670
W2068371905,W2025665129
W2068371905,W2068849277
W2068371905,W2008627757
W2068371905,W2068908844
W2068523052,W2068375361
W2068588283,W2130892515
W2068588283,W2068767807
W2068588283,W2068719957
W2068588283,W2068713574
W2068588283,W2106070783
W2068588283,W2068523052
W2068713574,W2068375361
W2068713574,W2068523052
W2068719957,W2068375361
W2068719957,W2068523052
W2068719957,W2068713574
W2068753710,W2068588283
W2068753710,W2131022626
W2068753710,W2106070783
W2068753710,W2068713574
W2068753710,W2068767807
W2068753710,W2131070146
W2068767807,W2068713574
W2068767807,W2068523052
W2068767807,W2068375361
W2068849277,W2068375361
W2068849277,W2068523052
W2068849277,W2068588283
W2068849277,W2068713574
W2068849277,W2068719957
W2068849277,W2131170195
W2068849277,W2126696183
W2068849277,W2068753710
W2068849277,W2068767807
W2068849277,W2106070783
W2068849277,W2131070146
W2068849277,W2131478115
W2068849277,W2131022626
W2068849277,W1979290264
W2068849277,W1810694562
W2068849277,W2134295053
W2068849277,W1978007507
W2068849277,W2068371905
W2068849277,W2046654411
W2068849277,W2106276251
W2068849277,W2133484165
W2068849277,W2058835062
W2068849277,W2133488074
W2068908844,W2068375361
W2068908844,W2068713574
W2068908844,W2068767807
W2068908844,W2068719957
W2068908844,W2068588283
W2068908844,W2106070783
W2068908844,W2068849277
W2068908844,W2068753710
W2068908844,W2134351926
W2068908844,W2135894974
W2068908844,W2106246537
W2068908844,W1844405070
W2068908844,W2029411945
W2068908844,W2118585731
W2106070783,W2068767807
W2106070783,W2068719957
W2106070783,W2116206245
W2106070783,W2068713574
W2106070783,W2130892515
W2106070783,W1525197209
W2106070783,W2007110604
W2106070783,W1994823455
W2106070783,W2025665129
W2106070783,W2029231546
W2106070783,W2068588283
W2131022626,W2068588283
W2131022626,W2068719957
W2131022626,W2068767807
W2131022626,W2106070783
W2131070146,W2068375361
W2131070146,W2117228865
W2131070146,W2068588283
W2131070146,W2068713574
W2131070146,W2068719957
W2131070146,W2068767807
W2131070146,W2106070783
W2131070146,W2000982976
W2131070146,W2114891756
W2131170195,W2068588283
W2131170195,W2068713574
W2131170195,W2127569725
W2131170195,W1986252415
W2131170195,W2068767807
W2131170195,W2106070783
W2131170195,W2131070146
W2131170195,W2029231546
W2131170195,W2131022626
W2126696183,W1980789245
W2131478115,W2068588283
W2131478115,W2106070783
W2131478115,W2068767807
W2131478115,W2068753710
W2131478115,W1946252112
W2131478115,W2115706991
W2131478115,W2131170195
W2106276251,W2068753710
W2106276251,W2106246537
W2106276251,W2068713574
W2106276251,W2068767807
W2106276251,W2106070783
W2106276251,W2068588283
W2106276251,W2068849277
W2106276251,W2134351926
W2106276251,W2068908844
W2106276251,W2068371905
W2106276251,W2028596084
W2133484165,W2131478115
W2133484165,W2131170195
W2133484165,W2068767807
W2133484165,W2068719957
W2133484165,W2068849277
W2133484165,W2039734130
W2133484165,W2133488074
W2133484165,W2068753710
W2133484165,W2040085089
W2133484165,W2021520922
W2133484165,W2026337749
W2133484165,W2038195874
W2133488074,W2028999185
W2133488074,W2027016436
W2133488074,W2131170195
W2133488074,W1984671422
W2133488074,W1986662234
W2133488074,W2131070146
W2133488074,W2131478115
W2133488074,W2120575449
W2133488074,W2068753710
W2133488074,W1994823455
W2133488074,W1946435840
W2134351926,W2068588283
W2134351926,W2068753710
W2134351926,W2068767807
W2134351926,W1994823455
W2134351926,W2106070783
W2106246537,W2068767807
W2106246537,W2068753710
W2106246537,W2130979840
W2106246537,W2009575187
W2106246537,W1994975670
W2069089843,W2069197937
W2069201244,W2002547950
W2069201244,W1970334998
W2069201244,W1970327765
W2069201244,W2052130118
W2069466983,W2069519394
W2069466983,W2010516376
W2069466983,W2010417927
W2069466983,W2010560237
W2069466983,W2069864946
W2069466983,W2044437167
W2069466983,W2069977802
W2069864946,W2057327293
W2069864946,W2097933346
W2069864946,W2127170577
W2069864946,W2132484323
W2069864946,W1976564639
W2069864946,W1976637107
W2069864946,W2126816979
W2069864946,W2010417927
W2069864946,W2044437167
W2069977802,W2010516376
W2069977802,W2028979275
W2069977802,W2130091784
W2069977802,W2010417927
W2069977802,W2069864946
W2069977802,W1525197209
W2069977802,W2132484323
W2069977802,W2131994307
W2069977802,W2133613984
W2069977802,W2127170577
W2069977802,W2044437167
W2069977802,W2057327293
W2069977802,W2010699829
W2069977802,W2069466983
W2069977802,W2077208327
W2097933346,W2126816979
W2097933346,W1005007408
W2127170577,W2122673596
W2127170577,W2010560237
W2127170577,W1978424046
W2132484323,W2010560237
W2132484323,W2016709145
W2132484323,W2130091784
W2132484323,W2069864946
W2126816979,W2010699829
W2126816979,W1976637107
W2126816979,W1976564639
W2126816979,W1982603620
W2126816979,W2010986636
W2130091784,W2029231546
W2130091784,W2016709145
W2130091784,W2010560237
W2130091784,W1994823455
W2130091784,W2044437167
W2130091784,W2067847820
W2130091784,W1005007408
W2130091784,W1994803330
W2130091784,W1596936787
W2131994307,W2028979275
W2131994307,W2119642490
W2131994307,W2126547130
W2131994307,W1983208835
W2131994307,W2096471541
W2131994307,W2010457001
W2131994307,W2130091784
W2131994307,W2118550318
W2131994307,W2029231546
W2131994307,W2131860315
W2131994307,W2029411945
W2131994307,W2129795133
W2131994307,W2067847820
W2131994307,W1525197209
W2131994307,W1994823455
W2131994307,W1580389772
W2131994307,W2000770615
W2131994307,W2031553845
W2133613984,W2028979275
W2133613984,W1991538680
W2133613984,W2029231546
W2133613984,W2027016436
W2133613984,W2131860315
W2133613984,W2010457001
W2133613984,W2129135549
W2133613984,W2076949647
W2133613984,W2112680994
W2133613984,W2125910575
W2133613984,W1995274825
W2133613984,W2096471541
W2133613984,W2000770615
W2133613984,W2026570544
W2133613984,W1994823455
W2133613984,W2029411945
W2133613984,W2032019813
W2133613984,W1984671422
W2133613984,W2016709145
W2133613984,W2012488984
W2133613984,W2007110604
W2077208327,W2029231546
W2077208327,W2000982976
W2077208327,W2029413789
W2077208327,W1983208835
W2077208327,W2130091784
W2077208327,W2123343298
W2077208327,W1983102293
W2077208327,W2023668736
W2077208327,W2028979275
W2077208327,W2096471541
W2077208327,W2126547130
W2077208327,W2029411945
W2077208327,W1994975670
W2077208327,W2015050458
W2077208327,W1983183519
W2077208327,W2015053255
W2077208327,W1005007408
W2077208327,W2097933346
W2077208327,W2129135549
W2077208327,W2129795133
W2077208327,W1560020441
W2069985294,W1973260880
W2069985294,W2002547950
W2069985294,W1791484930
W2070021921,W1515023627
W2070021921,W2054119472
W2070021921,W1982627164
W2070021921,W2006617902
W2070021921,W2054109341
W2070021921,W2004958771
W2070021921,W2070050178
W2070021921,W2025444507
W2070021921,W1517555081
W2070021921,W1499256377
W2070059498,W1999574084
W2070059498,W1999746344
W2070059498,W1537972189
W2070227796,W1997065014
W2070227796,W1791484930
W2070227796,W1987202454
W2070227796,W2052130118
W2070227796,W1987416224
W2070257026,W1858542512
W2070257026,W2047028564
W2070257026,W2027404493
W2070493638,W1960895270
W2070571588,W2070614858
W2070571588,W2070685888
W2070571588,W2070722739
W2070571588,W2070753604
W2070571588,W2070808447
W2070571588,W2071510336
W2070571588,W2032230795
W2070571588,W2038783205
W2070571588,W1858542512
W2070571588,W2047028564
W2070571588,W2060705109
W2070571588,W1995274825
W2070571588,W2071592915
W2070571588,W2039348932
W2070571588,W2039469634
W2070571588,W2071707134
W2070571588,W2071841602
W2070685888,W2124427232
W2070685888,W2125121177
W2070685888,W2071707134
W2070685888,W2032285541
W2070685888,W2100130392
W2070685888,W2121836743
W2070722739,W2039469634
W2070722739,W2041483208
W2070722739,W2100130392
W2070753604,W2071707134
W2070753604,W2070685888
W2070753604,W2032285541
W2070753604,W2125121177
W2070753604,W2041311241
W2070808447,W2101870168
W2070808447,W2100130392
W2070808447,W2100239923
W2070808447,W2039786475
W2070808447,W1005007408
W2070808447,W2039348932
W2070808447,W2039240409
W2070808447,W2131271579
W2070808447,W2030867075
W2070808447,W1603793127
W2070808447,W2038195874
W2070808447,W2009575187
W2070808447,W1995274825
W2070808447,W1946252112
W2070808447,W2032047304
W2070808447,W1600897084
W2070808447,W2071592915
W2070808447,W1994975670
W2070808447,W1601795611
W2071510336,W2117801354
W2071510336,W2130042267
W2071510336,W2041698310
W2071510336,W2039559098
W2071510336,W2100239923
W2071510336,W2128158076
W2071510336,W1947481528
W2071510336,W2100130392
W2071707134,W2032518018
W2071707134,W2124351063
W2071707134,W2039786475
W2071707134,W2121817924
W2071707134,W2032230795
W2071707134,W2039240409
W2071707134,W2039559098
W2071707134,W2039469634
W2071707134,W2039348932
W2071707134,W2032285541
W2071707134,W2021591445
W2071707134,W2124166542
W2071707134,W2123136623
W2071707134,W2118554039
W2071707134,W2119607070
W2071707134,W2100130392
W2131271579,W2041535798
W2131271579,W1727659491
W2131271579,W2039240409
W2100117826,W2039469634
W2100117826,W2041483208
W2100117826,W2100130392
W2100117826,W2041698310
W2100117826,W1576520375
W2100117826,W2057327293
W2100130392,W2032230795
W2100130392,W2039240409
W2100130392,W2039469634
W2100130392,W2041698310
W2100130392,W2039559098
W2100130392,W2124427232
W2100130392,W2123649031
W2101870168,W2032797438
W2101870168,W2100130392
W2101870168,W2100239923
W2101870168,W2039348932
W2101870168,W2039559098
W2101870168,W2131271579
W2101870168,W2128591134
W2101870168,W2071841602
W2100239923,W2100130392
W2100239923,W2041483208
W2100239923,W2131854704
W2130042267,W2117779820
W2130042267,W2117801354
W2130042267,W2118295263
W2130042267,W2122781082
W2124166542,W2107915254
W2124166542,W2123136623
W2124166542,W2119607070
W2124166542,W2123106337
W2124166542,W1727659491
W2124166542,W2107913200
W2124166542,W1986241711
W2124166542,W1580389772
W2130950828,W2130900820
W2071849521,W2071930821
W2071849521,W1685833191
W2071849521,W2072053289
W2071849521,W2072093516
W2071849521,W2014173070
W2071849521,W1987628377
W2071930821,W1685833191
W2071930821,W2072093516
W2071930821,W1987628377
W2072093516,W1685833191
W2072093516,W2071930821
W2072228305,W2072417345
W2072228305,W2012488984
W2072228305,W2028575270
W2072417345,W2088122955
W2072417345,W1887863118
W2072417345,W1487531252
W2072417345,W2004823737
W2072417345,W1888172398
W2088122955,W1487531252
W2088122955,W1887863118
W2072500831,W2061609397
W2072500831,W2061141931
W2072500831,W1997065014
W2072500831,W2052648234
W2072500831,W2060590119
W2072500831,W2009313526
W2072500831,W2009435671
W2072500831,W2072923279
W2072500831,W2060809301
W2072500831,W2054407804
W2072500831,W2052130118
W2072923279,W2061141931
W2072923279,W2045435533
W2072923279,W2052648234
W2072923279,W2002547950
W2072923279,W1997065014
W2072923279,W2060809301
W2072923279,W2054407804
W2072923279,W2060590119
W2072923279,W2009313526
W2072923279,W2072500831
W2072955302,W2038702827
W2072955302,W1996487270
W2072955302,W2038752330
W2072955302,W2073009068
W2072955302,W2073026107
W2072955302,W2036348189
W2072955302,W2017039362
W2073009068,W2038702827
W2073009068,W1979308046
W2073009068,W2006970256
W2073009068,W2036348189
W2073009068,W2010049072
W2073009068,W2036258507
W2073009068,W1996653992
W2073009068,W2017044005
W2073009068,W2001568034
W2073009068,W1996487270
W2073009068,W2017039362
W2073122003,W2061609397
W2073122003,W2052648234
W2073122003,W2057360098
W2073122003,W2060590119
W2073122003,W2052130118
W2073122003,W2060809301
W2073122003,W2060680089
W2073141004,W2073279551
W2073298425,W1995622703
W2073298425,W1994391392
W2073459066,W2061008984
W2073459066,W2073503722
W2073459066,W2061063351
W2073459066,W2052130118
W2073503722,W2160815625
W2160815625,W2061063351
W2073742622,W1895577753
W2073742622,W2067715889
W2073742622,W2060590119
W2073777485,W2054119472
W2073777485,W2004958771
W2073777485,W2074274985
W2073777485,W2025883194
W2073777485,W2070050178
W2073777485,W2054109341
W2073777485,W1499256377
W2073777485,W1517555081
W2073777485,W1982627164
W2073777485,W2006617902
W2074276081,W2045435533
W2074276081,W2061141931
W2074276081,W2052648234
W2074276081,W2060809301
W2074276081,W2055718260
W2074276081,W2002547950
W2074276081,W2042254650
W2074276081,W1973268287
W2074276081,W2072923279
W2074276081,W2052130118
W2074307717,W2074682976
W2074307717,W2074726646
W2074307717,W2017875658
W2074307717,W2017919052
W2074307717,W2074932610
W2074307717,W2017559255
W2074307717,W2074986801
W2074307717,W2004548026
W2074932610,W2017919052
W2074932610,W2160085528
W2074932610,W2017559255
W2074932610,W2074986801
W2074932610,W2108696783
W2074986801,W2154431984
W2074986801,W2017919052
W2074986801,W2154455818
W2074986801,W2154556219
W2074986801,W2017871657
W2160085528,W2017559255
W2160085528,W2074986801
W2154431984,W2155779547
W2154431984,W2152121970
W2154431984,W2017840637
W2154431984,W2017871657
W2154431984,W2155800098
W2154431984,W2017919052
W2154431984,W2154455818
W2154431984,W2154556219
W2154431984,W2074986801
W2154455818,W2017919052
W2154455818,W2154556219
W2154455818,W2074986801
W2154556219,W2017871657
W2154556219,W2154431984
W2154556219,W2017919052
W2154556219,W2004548026
W2154556219,W2074986801
W2075004202,W2072923279
W2075004202,W2054407804
W2075004202,W2052750950
W2075004202,W2060590119
W2075004202,W2062290101
W2075207275,W1005007408
W2075207275,W1986792585
W2075207275,W1603793127
W2075207275,W2021520922
W2075207275,W1986662234
W2075207275,W2075288496
W2075207275,W1603746823
W2075207275,W2043398720
W2075207275,W2075294566
W2075207275,W2075320162
W2075207275,W2031489346
W2075207275,W2015050458
W2075207275,W1946252112
W2075288496,W2123610169
W2075288496,W2120474334
W2075294566,W2130091784
W2075294566,W2029413789
W2075294566,W2028979275
W2075294566,W2084619201
W2075294566,W2027254180
W2075294566,W1596936787
W2075294566,W2129135549
W2075294566,W2010699829
W2075294566,W2010457001
W2075294566,W1978424046
W2075294566,W1976637107
W2075294566,W2021930613
W2075294566,W2016709145
W2075294566,W2021591445
W2075294566,W2000770615
W2075294566,W2000982976
W2075294566,W2044437167
W2075294566,W1597678601
W2075294566,W1486722793
W2075294566,W2077208327
W2075294566,W2007110604
W2075294566,W1966716734
W2075294566,W1567420244
W2075320162,W2028979275
W2075320162,W2057327293
W2075320162,W2121264610
W2123610169,W2120474334
W2123610169,W1504702575
W2123610169,W1503900815
W2123610169,W1577941315
W2123610169,W1567420244
W2120474334,W1568201516
W2120474334,W1566825895
W2120474334,W1503900815
W2120474334,W2092362068
W2120474334,W1678356000
W2120474334,W1670573097
W2084619201,W2028979275
W2084619201,W2010457001
W2129135549,W2029413789
W2129135549,W1645858368
W2129135549,W2016709145
W2129135549,W1576520375
W2129135549,W2007110604
W2129135549,W1580389772
W2129135549,W1484347389
W2129135549,W2010457001
W2129135549,W2016660511
W2129135549,W1525197209
W2075511306,W2021520922
W2075511306,W2052319966
W2075511306,W1629273100
W2075511306,W1631250427
W2075511306,W2001755358
W2075673711,W1973260880
W2075673711,W2052648234
W2075673711,W2054275187
W2075673711,W2060809301
W2075673711,W2060590119
W2075673711,W2052130118
W2075673711,W1991366673
W2075702351,W2061504941
W2075702351,W2026570544
W2075702351,W2053219565
W2075702351,W2000982976
W2075702351,W2038195874
W2075702351,W1995581599
W2075740579,W1971625691
W2075740579,W2007826806
W2075740579,W2038752330
W2075740579,W2017039362
W2075740579,W2038702827
W2075740579,W1994975670
W2075740579,W2027672471
W2075740579,W1999872096
W2075740579,W1996487270
W2075740579,W2075784822
W2075740579,W2046945705
W2075784822,W2080192596
W2075784822,W1999872096
W2075784822,W1999906527
W2075784822,W1999908724
W2075784822,W2153624566
W2075784822,W2158789637
W2075784822,W2152207030
W2075784822,W2158804744
W2075784822,W2159024459
W2075784822,W2152189242
W2075784822,W2153610778
W2075784822,W2152849583
W2075784822,W2045030989
W2075784822,W2156737316
W2075784822,W2004548026
W2080192596,W1975325122
W2080192596,W2151922790
W2080192596,W2147111138
W2080192596,W2151936673
W2080192596,W1967485833
W2080192596,W2152061559
W2080192596,W1968178474
W2080192596,W2004548026
W2080192596,W2148606196
W2080192596,W2000024623
W2080192596,W2152119060
W2080192596,W2152121970
W2080192596,W1999908724
W2080192596,W2149166037
W2080192596,W1969072247
W2080192596,W2152189242
W2080192596,W2148663653
W2080192596,W1999906527
W2080192596,W1968178762
W2080192596,W2152195021
W2080192596,W1968105193
W2080192596,W1967464880
W2080192596,W2152207030
W2080192596,W2149352713
W2080192596,W2000257837
W2080192596,W2152239989
W2153624566,W1975325122
W2153624566,W1975768883
W2153624566,W1967464880
W2153624566,W1999872096
W2153624566,W1968931043
W2153624566,W1968178474
W2153624566,W1968105193
W2153624566,W1999906527
W2153624566,W1968178762
W2158789637,W2000257837
W2158789637,W2154241726
W2152207030,W2147111138
W2152207030,W2146904764
W2152207030,W2156622081
W2152207030,W2147096538
W2152207030,W2089572795
W2152207030,W2152119060
W2152207030,W2164449327
W2158804744,W2296298476
W2158804744,W2155496693
W2158804744,W2788633781
W2158804744,W2155529731
W2158804744,W2613362156
W2159024459,W2796153225
W2159024459,W1999872096
W2153610778,W2405598407
W2153610778,W2140765540
W2153610778,W2035908878
W2152849583,W2152189242
W2152849583,W1992193293
W2152849583,W1992652001
W2152849583,W2152864241
W2152849583,W2152881839
W2152849583,W1999906527
W2152849583,W2152885278
W2075793519,W2071510336
W2075793519,W2038783205
W2075860675,W1999478155
W2075860675,W1590065089
W2075860675,W1996291528
W2075860675,W1989589910
W2075860675,W1989668498
W2075860675,W2051210555
W2075860675,W1999347518
W2075884494,W1709815505
W2076154138,W1991330646
W2076154138,W2076361525
W2076361525,W2028871521
W2076471462,W1986014385
W2076471462,W2076491580
W2076471462,W1600897084
W2076471462,W1946252112
W2076471462,W2023427658
W2076471462,W2066678696
W2076471462,W2076517688
W2076471462,W1560020441
W2076471462,W2061504941
W2076471462,W2026616100
W2076471462,W2030617758
W2076471462,W2000982976
W2076471462,W2076699264
W2076471462,W1860063347
W2076471462,W1966716734
W2076471462,W2064963539
W2076471462,W1985013794
W2076471462,W2065109455
W2076471462,W1601795611
W2076471462,W2066375491
W2076491580,W1986234982
W2076491580,W1986014385
W2076491580,W2023427658
W2076491580,W2076699264
W2076491580,W1600897084
W2076491580,W1601795611
W2076517688,W2023568503
W2076517688,W2038963685
W2076517688,W2066375491
W2076699264,W1986241711
W2076699264,W1986014385
W2076699264,W2000982976
W2076699264,W2030617758
W2076922024,W2076949647
W2076922024,W2076977109
W2076922024,W1994803330
W2076922024,W2028979275
W2076922024,W2077208327
W2076922024,W2064076387
W2076922024,W2031553845
W2076949647,W1983102293
W2076949647,W2096471541
W2076949647,W2123343298
W2076977109,W2028871521
W2126547130,W2096471541
W2126547130,W2076949647
W2126547130,W2015113370
W2126547130,W1983208835
W2126547130,W1983183519
W2129795133,W2015053255
W2129795133,W2129812935
W2077327925,W2010457001
W2077327925,W2027254180
W2077327925,W2057327293
W2077327925,W2005291574
W2077327925,W2028979275
W2077327925,W2057175746
W2077327925,W1576520375
W2077327925,W2077330278
W2077327925,W2030867075
W2077327925,W2075294566
W2077327925,W2030946379
W2077330278,W2057327293
W2077330278,W1482867610
W2077570405,W1681732057
W2077618811,W2077766806
W2077618811,W2024397118
W2077618811,W2027672471
W2077618811,W2077959816
W2077618811,W2006318126
W2077618811,W2077968790
W2077618811,W2052493774
W2077618811,W2007826806
W2077618811,W2059796825
W2077618811,W2078059415
W2077766806,W2017039362
W2077766806,W2081298453
W2077766806,W1979308046
W2077766806,W1996585409
W2077766806,W2007826806
W2077766806,W2031028572
W2077766806,W1996487270
W2077766806,W2073009068
W2077766806,W1482867610
W2077959816,W2006559495
W2077959816,W2024397118
W2077959816,W2025415734
W2077959816,W2044702943
W2077959816,W2006318126
W2077968790,W2006559495
W2077968790,W2077959816
W2077968790,W2044702943
W2077968790,W2006318126
W2078059415,W1996950224
W2078059415,W2006559495
W2078059415,W1924064069
W2078059415,W2044702943
W2078059415,W2006318126
W2081298453,W1996585409
W2081298453,W2022085321
W2078204800,W2061609397
W2078204800,W1539835075
W2078204800,W2014116072
W2078204800,W2062786076
W2078204800,W2078338131
W2078338131,W1995157919
W2078338131,W2052130118
W2078517784,W2065109455
W2078517784,W2078646756
W2078517784,W2078792724
W2078517784,W2078860594
W2078517784,W1560020441
W2078517784,W1986792585
W2078517784,W2005532382
W2078646756,W2014918593
W2078646756,W103650626
W2078646756,W1986662234
W2078646756,W1984671422
W2078646756,W1550443206
W2078646756,W2066907097
W2078792724,W1005007408
W2078792724,W2078646756
W2078792724,W2031489346
W2078792724,W1858542512
W2078792724,W1972145956
W2078792724,W2066375491
W2078860594,W2077330278
W2078860594,W1482867610
W2078964320,W2014744284
W2078964320,W2063580733
W2078964320,W2015132841
W2078964320,W1985563073
W2078964320,W2040340473
W2078964320,W1985749074
W2078964320,W2078972833
W2078972833,W1985563073
W2079300606,W2000982976
W2079300606,W2061504941
W2079300606,W2026570544
W2079300606,W2030330123
W2079300606,W2061438946
W2079300606,W2061680337
W2079300606,W2026616100
W2079300606,W2030517878
W2079300606,W2038195874
W2079300606,W1995274825
W2079300606,W2053911973
W2079300606,W2079350221
W2079300606,W2079457935
W2079300606,W1994823455
W2079300606,W2026337749
W2079300606,W1994975670
W2079300606,W2060705109
W2079457935,W2000998192
W2079457935,W2109184569
W2079457935,W2079350221
W2079457935,W2131271579
W2079457935,W2000770615
W2079517684,W1985213644
W2079517684,W2079687160
W2079517684,W2079735306
W2079517684,W2080192596
W2079517684,W2080283023
W2079517684,W2080308899
W2079735306,W2162953324
W2079735306,W1968595844
W2079735306,W2151130155
W2080283023,W2173497140
W2080308899,W2004549986
W2151922790,W2168452204
W2151922790,W2150131459
W2151922790,W2154053567
W2151922790,W2146502635
W2151922790,W2153544371
W2152061559,W2149146453
W2148606196,W2148663653
W2152121970,W2579533542
W2152121970,W2592367925
W2152121970,W2017840637
W2152121970,W2151456308
W2152121970,W2149573313
W2152121970,W2004548026
W2149166037,W2149352713
W2149166037,W2148663653
W2149166037,W2149353640
W2149166037,W2149441684
W2149166037,W2148606196
W2148663653,W2149353640
W2148663653,W2517744317
W2148663653,W2149352713
W2152239989,W2148663653
W2152239989,W2149441684
W2152239989,W2149166037
W2152239989,W2149352713
W2152239989,W2148606196
W2152239989,W2164449327
W2152239989,W2004548026
W2152239989,W2149353640
W2080376276,W2060809301
W2080376276,W2052130118
W2080452140,W2061008984
W2080452140,W2080715303
W2080452140,W2052130118
W2080752012,W2060590119
W2080752012,W1539835075
W2080752012,W2014116072
W2080752012,W1987202454
W2080752012,W2060809301
W2080752012,W2062786076
W2080752012,W2052130118
W2081098333,W1978110877
W2081098333,W1985854434
W2081098333,W2081255404
W2081255404,W1956340063
W2081255404,W1976324983
W2081255404,W2013371150
W2081255404,W1989703096
W2081255404,W1590065089
W2081255404,W1985987855
W2081284397,W2081298453
W2081284397,W2047205370
W2081284397,W2054054553
W2081284397,W2007826806
W2081284397,W1996950224
W2081284397,W2065109455
W2081284397,W2041782669
W2081334206,W1977367431
W2081334206,W1977617315
W2081334206,W2067456724
W2081334206,W2032866243
W2081334206,W2060680089
W2081334206,W2042281163
W2081640113,W2072500831
W2081640113,W2060590119
W2081640113,W2031557272
W2081640113,W2061008984
W2081640113,W1985588649
W2081640113,W2057360098
W2081640113,W2060809301
W2081640113,W2060680089
W2081640113,W2011095781
W2081870935,W1995157919
W2081920342,W2052903566
W2081920342,W2016210396
W2081920342,W2021057500
W2081920342,W2052821301
W2081920342,W2082187902
W2081920342,W2053003053
W2081920342,W2046779413
W2081920342,W2009852955
W2082187902,W2016236854
W2082187902,W2052903566
W2082187902,W2021057500
W2082187902,W2052821301
W2082187902,W2053003053
W2082291024,W2054407804
W2082291024,W2082429191
W2082291024,W2082432933
W2082291024,W2060809301
W2082291024,W2052130118
W2082429191,W2082291024
W2082429191,W2085001923
W2082432933,W2052648234
W2082432933,W2060590119
W2082432933,W2052130118
W2085001923,W2052130118
W2085001923,W1970327765
W2085001923,W1990717355
W2082455532,W2022548072
W2082667898,W1987179471
W2082667898,W1905829557
W2082667898,W1791484930
W2082667898,W2082704080
W2082667898,W1990717355
W2082667898,W2082833890
W2082833890,W1966411071
W2082833890,W1494075612
W2082977560,W1970327765
W2082977560,W2060590119
W2082977560,W1949231392
W2082977560,W1791484930
W2082977560,W2054275187
W2082977560,W2054407804
W2082977560,W2055718260
W2082977560,W2062290101
W2082977560,W2052750950
W2082977560,W1995157919
W2082977560,W2075004202
W2082977560,W2083029259
W2082977560,W2052130118
W2082977560,W2060809301
W2083029259,W2052750950
W2083029259,W2074276081
W2083029259,W2052648234
W2083029259,W2061141931
W2083029259,W2045435533
W2083029259,W2054407804
W2083029259,W1973260880
W2083029259,W2082432933
W2083029259,W2013947447
W2083029259,W2055718260
W2083029259,W2052130118
W2083029259,W2060590119
W2083029259,W2072923279
W2083029259,W2072500831
W2083045667,W2073459066
W2083045667,W2061609397
W2083045667,W2052130118
W2083045667,W2052319966
W2083045667,W2083070320
W2083045667,W2060590119
W2083045667,W2011095781
W2083089709,W2001564322
W2083441060,W2054119472
W2083441060,W1982627164
W2083441060,W2004958771
W2083441060,W2025883194
W2083441060,W2070021921
W2083441060,W1515023627
W2083495093,W2033635503
W2083495093,W2083735459
W2083735459,W2022085321
W2083735459,W1996950224
W2083735459,W1019830208
W2083735459,W1514540900
W2083735459,W1988195734
W2083735459,W2044609898
W2083735459,W1005007408
W2083735459,W1964026200
W2083735459,W2037993016
W2083735459,W2121677860
W2083735459,W2038044415
W2083735459,W2008435261
W2083735459,W2033635503
W2083735459,W2008426812
W2083735459,W1970637701
W2083735459,W2031183907
W2083735459,W2133579817
W2083735459,W1989839776
W2083735459,W1107917109
W2121677860,W2000589976
W2083878136,W2045683699
W2083878136,W2050869737
W2083878136,W1970928383
W2083878136,W2050900592
W2083919264,W2053186076
W2083919264,W2052493774
W2083919264,W2008157089
W2083919264,W2033635503
W2083919264,W2047189523
W2083919264,W2052644075
W2083927153,W1791484930
W2084046180,W2060590119
W2084046180,W2031557272
W2084046180,W2054407804
W2084046180,W2078338131
W2084046180,W2052130118
W2084154288,W1986014385
W2084154288,W2023427658
W2084154288,W2076491580
W2084154288,W2076471462
W2084154288,W2084235337
W2084154288,W2084304524
W2084154288,W2076699264
W2084304524,W2004293194
W2084304524,W1678356000
W2084304524,W2147555557
W2147555557,W2004293194
W2147555557,W1678356000
W2084335597,W1887863118
W2084335597,W2084341220
W2084335597,W2084461152
W2084341220,W1887863118
W2084461152,W2011301426
W2084530896,W1577941315
W2084530896,W2084619201
W2084744129,W2044499383
W2084744129,W2054167751
W2084744129,W2084845442
W2084744129,W2055695879
W2084845442,W2044499383
W2084845442,W2052479643
W2084845442,W1970090817
W2084864304,W2055763451
W2084864304,W1858542512
W2084864304,W2038669746
W2084864304,W2012488984
W2084864304,W2084980103
W2084864304,W2020044743
W2084864304,W2052493774
W2084864304,W1979408141
W2085020302,W2060259273
W2085020302,W2085072564
W2085093563,W2060809301
W2085093563,W2082291024
W2085093563,W2072500831
W2085093563,W1970090817
W2085093563,W2074276081
W2085093563,W2082432933
W2085093563,W2085001923
W2085093563,W2085154695
W2085154695,W2062852634
W2085154695,W2061609397
W2085154695,W2072500831
W2085154695,W2082291024
W2085154695,W2060590119
W2085154695,W179875071
W2085154695,W2062786076
W2085154695,W2080752012
W2085154695,W1539835075
W2085154695,W2060809301
W2085154695,W2085001923
W2085154695,W1922730584
W2085154695,W2052130118
W2085397620,W2073459066
W2085397620,W2073742622
W2085397620,W2052648234
W2085397620,W2072500831
W2085397620,W2054407804
W2085397620,W2085419794
W2085397620,W2075673711
W2085397620,W2067715889
W2085397620,W2066131315
W2085397620,W2052130118
W2085397620,W1995157919
W2085419794,W2066231767
W2085419794,W2067456724
W2085419794,W2052130118
W2085419794,W2066131315
W2085419794,W2067715889
W2085519620,W2060809301
W2085519620,W1997065014
W2085519620,W1995157919
W2085519620,W2061141931
W2085519620,W2052130118
W2085519620,W2072923279
W2085519620,W2072500831
W2085519620,W2060590119
W2085519620,W2085525886
W2085525886,W2052648234
W2085525886,W2057360098
W2085525886,W2052130118
W2085525886,W2060680089
W2085525886,W2072500831
W2085525886,W2060590119
W2085585287,W2060590119
W2085585287,W2052130118
W2085585287,W2060809301
W2085585287,W2072500831
W2085585287,W2073122003
W2085585287,W2085525886
W2085831882,W2033635503
W2085831882,W2053186076
W2085831882,W2008426812
W2085831882,W2008157089
W2085831882,W2055763451
W2085865532,W2085934079
W2085865532,W2086491289
W2085934079,W2158266834
W2085934079,W2158196600
W2086491289,W2296298476
W2086491289,W2158804744
W2086491289,W2901838561
W2086491289,W2155496693
W2086491289,W2899714098
W2086491289,W2155529731
W2086491289,W2899070097
W2158266834,W2901838561
W2158196600,W2155529731
W2158196600,W2158217645
W2158196600,W2158266834
W2901838561,W2155496693
W2155496693,W2155529731
W2899714098,W2155496693
W2899714098,W2155529731
W2899070097,W2155496693
W2899070097,W2158217645
W2899070097,W2788633781
W2899070097,W1985093013
W2086561953,W2086642814
W2086561953,W2037036397
W2086561953,W2045030989
W2086561953,W1950829641
W2086561953,W1951684732
W2086710305,W2069197937
W2086710305,W2018841491
W2086710305,W2069089843
W2086710305,W2086865963
W2086710305,W1575585006
W2086710305,W1860063347
W2086945873,W2060590119
W2086945873,W2072500831
W2086945873,W2054407804
W2086945873,W1973260880
W2086945873,W2074276081
W2086945873,W1997065014
W2086945873,W2052130118
W2086945873,W2083029259
W2087160026,W2060809301
W2087160026,W2073122003
W2087160026,W2060590119
W2087160026,W2072500831
W2087160026,W1995157919
W2087160026,W2061008984
W2087160026,W2073459066
W2087160026,W2082704080
W2087160026,W2052130118
W2087160026,W1984883254
W2087162545,W2040456488
W2087162545,W2087292184
W2087162545,W2087367170
W2087162545,W1985749074
W2087367170,W2152189242
W2087367170,W2160337655
W2087367170,W2160378127
W2087367170,W2160391726
W2087367170,W2152849583
W2087367170,W2160446463
W2160337655,W2015834247
W2160337655,W2513727910
W2160378127,W2160337655
W2160391726,W2799670133
W2160391726,W2159915276
W2160391726,W2160378127
W2160391726,W2160337655
W2160391726,W2894687190
W2160391726,W2736920791
W2160446463,W2087292184
W2087484885,W2070614858
W2087484885,W2075702351
W2087484885,W2026337749
W2087638855,W2033401964
W2087638855,W2057806291
W2087638855,W1997511216
W2087638855,W1998053851
W2087712586,W2073122003
W2087712586,W2060590119
W2087712586,W2060809301
W2087712586,W2052648234
W2087712586,W2061609397
W2087712586,W2072500831
W2087712586,W1791484930
W2087712586,W1949231392
W2087712586,W2061141931
W2087712586,W2072923279
W2087712586,W2052130118
W2087712586,W2054407804
W2087712586,W2085525886
W2087786585,W1969360633
W2087786585,W1969353942
W2087786585,W2002513358
W2087786585,W1978129709
W2087786585,W2011923115
W2087786585,W2087865186
W2087786585,W2060012482
W2088049833,W2060259273
W2088049833,W2088095316
W2088049833,W2088122955
W2088049833,W2088135512
W2088095316,W2060259273
W2088095316,W2091030812
W2088095316,W2091235283
W2088095316,W2088122955
W2088095316,W2091248159
W2088095316,W1887863118
W2088095316,W1487531252
W2088095316,W2084461152
W2088095316,W2044718416
W2091030812,W2091248159
W2091030812,W2084461152
W2088198211,W2070614858
W2088198211,W2075294566
W2088198211,W2084619201
W2088198211,W2088321686
W2088198211,W2041440766
W2088321686,W2028979275
W2088321686,W2075320162
W2088321686,W2065847836
W2088321686,W2039469634
W2088321686,W2015113370
W2088321686,W2120474334
W2088321686,W2000770615
W2088321686,W2026570544
W2088321686,W1913957972
W2088321686,W1603746823
W2088321686,W2031553845
W2088381487,W1960895270
W2088381487,W2088486634
W2088381487,W2088494848
W2088381487,W2088603520
W2088381487,W2070493638
W2088486634,W1960895270
W2088486634,W2088494848
W2088486634,W2070493638
W2088494848,W1960895270
W2088494848,W2175951962
W2088780245,W2088783247
W2088780245,W2008157089
W2088780245,W2047189523
W2088780245,W2053186076
W2088780245,W1970637701
W2088780245,W1990911977
W2088783247,W2008157089
W2088783247,W2008426812
W2088783247,W2053186076
W2088783247,W2052493774
W2088833470,W1552055731
W2088833470,W1255676896
W2088833470,W136628441
W2088842558,W2009543464
W2089051496,W2060680089
W2089335658,W2089402107
W2089335658,W2089458547
W2089335658,W2069201244
W2089402107,W2061609397
W2089402107,W2054275187
W2089402107,W2057360098
W2089402107,W2052130118
W2089402107,W2069201244
W2089525884,W1965464747
W2089525884,W2089572795
W2089525884,W2015688756
W2089525884,W2015593224
W2089525884,W2089632738
W2089525884,W2089871805
W2089525884,W2089961441
W2089525884,W1966238900
W2089525884,W2090029279
W2089525884,W2015914378
W2089525884,W2015953751
W2089525884,W2090037139
W2089572795,W2156323704
W2089572795,W2344328155
W2089572795,W2344657883
W2089572795,W2343457024
W2089632738,W1965464747
W2089632738,W2091705028
W2089632738,W2015688756
W2089632738,W2015593224
W2089632738,W1966078827
W2089632738,W2154431984
W2089632738,W2015845481
W2089632738,W2015914378
W2089632738,W2015953751
W2089632738,W1965306643
W2156323704,W2156098321
W2156323704,W2156267802
W2156323704,W2156434383
W2156323704,W2156562079
W2156323704,W2342540942
W2156323704,W2344657883
W2156323704,W2147096538
W2344328155,W2156267802
W2344328155,W2156434383
W2344328155,W2342540942
W2344657883,W2342540942
W2156434383,W2342540942
W2149573313,W2124879124
W2149573313,W2149573463
W2149573313,W2149612368
W2149573313,W2149655632
W2149573313,W2147246240
W2149573313,W2149662495
W2149573313,W2149683554
W2149573313,W2149752076
W2146395539,W2559588208
W2090157291,W2072500831
W2090157291,W2061008984
W2090157291,W2073459066
W2090157291,W2073503722
W2090157291,W2090249381
W2090157291,W2061063351
W2090157291,W2052130118
W2090249381,W2167384912
W2090249381,W2003984225
W2167384912,W2061063351
W2167384912,W2046557060
W2167384912,W1952066190
W2090552208,W1767470961
W2090552208,W1966327575
W2090602773,W1578291413
W2090602773,W2090552208
W2090602773,W1482867610
W2090915513,W2010457001
W2090915513,W2119547517
W2090915513,W2027254180
W2091254174,W2060590119
W2091254174,W2061609397
W2091254174,W1976759885
W2091254174,W2072500831
W2091254174,W1981983416
W2091254174,W1966396962
W2091254174,W2062852634
W2091254174,W2078204800
W2091254174,W2078338131
W2091254174,W2014116072
W2091254174,W2052130118
W2091254174,W2011095781
W2091393784,W1514540900
W2091393784,W2037993016
W2091393784,W2016916834
W2091393784,W2022731012
W2091393784,W2002311592
W2091395676,W2091416687
W2091395676,W2091448229
W2091395676,W2091575974
W2091395676,W2091705028
W2091395676,W2091808438
W2091395676,W1984004232
W2091395676,W1983466841
W2091416687,W2559394418
W2091416687,W2017919052
W2091416687,W2004548026
W2091448229,W1984004232
W2091448229,W1983466841
W2091575974,W2156101426
W2091575974,W2152119060
W2091575974,W2156125289
W2091575974,W2150131459
W2091575974,W2150046129
W2091575974,W2150163104
W2091575974,W2151080396
W2091575974,W2156737316
W2091575974,W2156748700
W2091575974,W2091448229
W2091575974,W2090037139
W2091575974,W2157009395
W2091575974,W2091395676
W2091575974,W2147096538
W2091575974,W2789843538
W2150046129,W2150066425
W2150046129,W1974527622
W2150046129,W2150131459
W2150046129,W2150163104
W2150046129,W2140765540
W2156748700,W2156208893
W2157009395,W2156101426
W2157009395,W2050338614
W2157009395,W2150131459
W2157009395,W2560474170
W2157009395,W2166171121
W2157009395,W2149662495
W2157009395,W2140765540
W2157009395,W2151080396
W2157009395,W2530597942
W2157009395,W2090037139
W2157009395,W2595629513
W2157009395,W2150399639
W2157009395,W2146395539
W2147096538,W2156098321
W2147096538,W2148251644
W2147096538,W2147111138
W2789843538,W2091575974
W2789843538,W2156101426
W2789843538,W261461018
W2789843538,W2150066425
W2789843538,W2156125289
W2789843538,W2168448159
W2789843538,W2766599608
W2789843538,W2150046129
W2789843538,W2090037139
W2789843538,W2157009395
W2091875228,W2047744778
W2091875228,W2091922579
W2091875228,W2028240797
W2091875228,W1514707913
W2091875228,W2026337749
W2091875228,W2054600557
W2091875228,W2041711461
W2091875228,W2092157292
W2091922579,W2047744778
W2091922579,W2092170177
W2091922579,W1995047010
W2091922579,W2092362068
W2091922579,W1924064069
W2091922579,W2092509345
W2091922579,W2092157292
W2091922579,W2054600557
W2091922579,W1988037271
W2092157292,W2047744778
W2092157292,W2092170177
W2092157292,W2091922579
W2092170177,W2096465161
W2092170177,W2047744778
W2092170177,W1543891416
W2092170177,W2061820396
W2092170177,W2033686454
W2092170177,W2001544973
W2092170177,W2017511982
W2092509345,W2038702827
W2092509345,W2031168104
W2092509345,W2132874271
W2092509345,W1994975670
W2092509345,W1560020441
W2092509345,W2028240797
W2096465161,W2016709145
W2096465161,W2057327293
W2096465161,W2002698073
W2096465161,W2106787323
W2096465161,W2119547517
W2096465161,W2028979275
W2132874271,W1984190418
W2132874271,W2038702827
W2132874271,W2123587734
W2132874271,W1996950224
W2132874271,W2042468043
W2092521540,W2026317156
W2092521540,W2026277606
W2092521540,W2092645526
W2092521540,W1973577532
W2092521540,W2032604387
W2092645526,W2131846894
W2092658731,W2016660511
W2092658731,W2008671681
W2092658731,W1998515817
W2092663520,W2079517684
W2092801713,W1973260880
W2092801713,W2072500831
W2092801713,W2002547950
W2092801713,W2061141931
W2092801713,W2052648234
W2092801713,W2074276081
W2092801713,W1997065014
W2092801713,W2019655958
W2092801713,W1995157919
W2092801713,W2052130118
W2092801713,W2072923279
W2092801713,W2085525886
W2092801713,W2083029259
W2092868756,W2092929703
W2092868756,W2092939357
W2092868756,W2093027911
W2092868756,W2093044565
W2092868756,W2093141926
W2092868756,W2039786475
W2092929703,W2041311241
W2092929703,W1596936787
W2092929703,W2024175762
W2092939357,W2092929703
W2092939357,W2032518018
W2092939357,W2021520922
W2092939357,W2092645526
W2092939357,W2131726714
W2092939357,W2093044565
W2092939357,W1933349210
W2092939357,W1858542512
W2092939357,W1880262756
W2092939357,W1972923945
W2092939357,W1596936787
W2092939357,W2075288496
W2092939357,W1946252112
W2093027911,W2040085089
W2093027911,W2005532382
W2093027911,W2131726714
W2093027911,W1973577532
W2093027911,W2101846955
W2093027911,W2070808447
W2093027911,W2092645526
W2093027911,W2041535798
W2093027911,W2100130392
W2093027911,W2093141926
W2093027911,W2136408596
W2093027911,W2092929703
W2093027911,W2134539328
W2093027911,W2093044565
W2093027911,W1946252112
W2093027911,W2135782871
W2093044565,W2040085089
W2093044565,W2039734130
W2093044565,W2131726714
W2093044565,W2070722739
W2093044565,W2084619201
W2093044565,W2132755931
W2093044565,W2131854704
W2093044565,W2026337749
W2093044565,W2100130392
W2093044565,W2100239923
W2093044565,W2039786475
W2093044565,W2132914434
W2093044565,W2134539878
W2093044565,W2022508996
W2093044565,W2038783205
W2093044565,W2040031153
W2093044565,W2054692642
W2093044565,W1994803330
W2093044565,W2042468043
W2093141926,W2131726714
W2093141926,W2093044565
W2093141926,W2132755931
W2093141926,W2134539878
W2093141926,W1972923945
W2093141926,W2092939357
W2093141926,W2134783591
W2093141926,W2092929703
W2131726714,W2005532382
W2131726714,W2092645526
W2131726714,W2131846894
W2131726714,W1560020441
W2101846955,W2135493101
W2101846955,W2132764286
W2101846955,W2071707134
W2101846955,W2100130392
W2101846955,W2100239923
W2101846955,W2132914434
W2101846955,W2032230795
W2101846955,W2039559098
W2101846955,W2101870168
W2101846955,W2071510336
W2101846955,W2134539878
W2136408596,W2134539328
W2136408596,W2132914434
W2136408596,W2100239923
W2136408596,W2093044565
W2136408596,W2135782871
W2136408596,W2100117826
W2136408596,W2006959528
W2136408596,W1994975670
W2136408596,W1994803330
W2136408596,W2129917444
W2134539328,W2132629607
W2134539328,W2100130392
W2134539328,W2100117826
W2134539328,W2039559098
W2134539328,W2071510336
W2134539328,W2132914434
W2134539328,W2093044565
W2134539328,W2132755931
W2134539328,W2134539878
W2134539328,W1994975670
W2134539328,W2021591445
W2134539328,W2129917444
W2134539328,W2005291574
W2135782871,W2132629607
W2135782871,W2132914434
W2135782871,W2093044565
W2135782871,W2135810600
W2135782871,W2134539328
W2135782871,W2101846955
W2132755931,W2122082385
W2132755931,W2132629607
W2132755931,W2132764286
W2132755931,W2132870739
W2131854704,W2129917444
W2131854704,W2124437404
W2131854704,W2124427232
W2131854704,W2123696077
W2131854704,W2032230795
W2131854704,W2041698310
W2131854704,W2039240409
W2131854704,W2039348932
W2131854704,W2041483208
W2131854704,W2100122648
W2131854704,W2039469634
W2131854704,W2131271579
W2131854704,W2100130392
W2132914434,W2132629607
W2132914434,W2100117826
W2134539878,W2132764286
W2134539878,W2092645526
W2134783591,W2134822928
W2134783591,W2039559098
W2134783591,W1576520375
W2134783591,W2131271579
W2093267972,W2061008984
W2093267972,W2052130118
W2093267972,W2093274439
W2093274439,W2061008984
W2093274439,W2160815625
W2093275097,W2093350441
W2093505263,W2093540905
W2093505263,W2093575882
W2093505263,W1972923945
W2093505263,W2060705109
W2093505263,W136628441
W2093505263,W1985563073
W2093505263,W2063978378
W2093505263,W2014918593
W2093505263,W1577577364
W2093540905,W2103948957
W2093540905,W1982901688
W2093575882,W2132629607
W2093575882,W2132764286
W2093575882,W2132914434
W2093575882,W2063978378
W2093575882,W2101846955
W2093575882,W2039734130
W2093575882,W2077208327
W2093575882,W2134539328
W2093575882,W2135782871
W2093575882,W1994975670
W2093575882,W2006959528
W2093575882,W1994823455
W2093575882,W2038195874
W2093575882,W1984883254
W2103948957,W1603746823
W2103948957,W2119910794
W2132764286,W2132629607
W2132764286,W2116341502
W2132764286,W2116334496
W2132764286,W2117792884
W2132764286,W2132870739
W2093760700,W2063866856
W2093760700,W2032696674
W2094253263,W2026317156
W2094253263,W1977212456
W2094253263,W2026277606
W2094253263,W2094424219
W2094424219,W2026277606
W2094660330,W2075004202
W2094660330,W2062786076
W2094660330,W2062290101
W2094660330,W2094677081
W2094660330,W2072923279
W2094660330,W2002547950
W2094660330,W2094785904
W2094660330,W2052750950
W2094660330,W2031557272
W2094660330,W2009543464
W2094660330,W2072500831
W2094660330,W2045435533
W2094660330,W2057360098
W2094660330,W2085525886
W2094660330,W2009435671
W2094660330,W2052648234
W2094660330,W2060809301
W2094660330,W2075673711
W2094660330,W2085001923
W2094660330,W1977699466
W2094660330,W1990717355
W2094660330,W2094838139
W2094660330,W2073122003
W2094660330,W2060590119
W2094660330,W2060680089
W2094660330,W2009313526
W2094660330,W2082432933
W2094660330,W2055718260
W2094838139,W2052648234
W2094838139,W1977367431
W2094838139,W2042281163
W2094917916,W2040191060
W2094939159,W2095197847
W2095259135,W1619623942
W2095259135,W2066122301
W2095259135,W2095293504
W2095259135,W180836830
W2095259135,W1560020441
W2095259135,W2078517784
W2095259135,W2040191060
W2095259135,W2036670520
W2095259135,W1996024251
W2095259135,W2016916834
W2095259135,W2095345231
W2095259135,W1482867610
W2095293504,W2044591029
W2095293504,W1560020441
W2095566926,W2085001923
W2095659828,W1970090817
W2095659828,W2072500831
W2095659828,W2072923279
W2095659828,W2085001923
W2095659828,W2085154695
W2095666785,W2014744284
W2095666785,W2095705004
W2095666785,W2063534846
W2095666785,W2055298722
W2095666785,W2058401212
W2095666785,W2056132907
W2095666785,W2095713067
W2095666785,W2063580733
W2095666785,W2095724872
W2095666785,W1993871668
W2095705004,W2095724872
W2095713067,W2055298722
W2095807316,W2085419794
W2095807316,W1995157919
W2095807316,W2067456724
W2095807316,W1997065014
W2095807316,W2061141931
W2095807316,W2052648234
W2095807316,W2067715889
W2095807316,W2052130118
W2095807316,W2055695879
W2095807316,W2060809301
W2095807316,W2060590119
W2095807316,W2066231767
W2095807316,W2066131315
W2095807316,W1905429483
W2095833674,W2096093282
W2095833674,W2058521801
W2096128575,W2054407804
W2096128575,W2085001923
W2096128575,W2096166399
W2096128575,W2072500831
W2096166399,W2052130118
W2096166399,W2052648234
W2096166399,W1995157919
W2096166399,W2054407804
W2096173332,W2054119472
W2096173332,W1982627164
W2096173332,W2054109341
W2096173332,W2073777485
W2096173332,W2070050178
W2096173332,W2004958771
W2096173332,W2025883194
W2096173332,W1981714996
W2096173332,W1498931318
W2096173332,W2070021921
W2096173332,W2096283457
W2096173332,W2083441060
W2096173332,W1981827347
W2096173332,W1499500424
W2096173332,W1499256377
W2096173332,W2006617902
W2096173332,W1515023627
W2096173332,W2096327192
W2096173332,W2096371469
W2096283457,W1515023627
W2096283457,W2054109341
W2096283457,W1982627164
W2096283457,W2006617902
W2096283457,W2004958771
W2096283457,W1517555081
W2096283457,W2025444507
W2096327192,W1517555081
W2096327192,W2004958771
W2096327192,W2074274985
W2096327192,W1982627164
W2096327192,W2025444507
W2096327192,W2054109341
W2096327192,W2096283457
W2096327192,W1499256377
W2096371469,W2054109341
W2096371469,W1515023627
W2096371469,W2112192177
W2096371469,W1982627164
W2096371469,W2096283457
W2096371469,W2096327192
W2096371469,W1981827347
W2096371469,W1517555081
W2096371469,W2025444507
W2096371469,W1978956894
W2096371469,W1499500424
W2096371469,W1498931318
W2096371469,W1966910378
W2112192177,W2164004777
W2112192177,W1978956894
W2112192177,W1517555081
W2112192177,W1515023627
W2112192177,W1531643369
W2096379616,W1978110877
W2096379616,W1999478182
W2096379616,W2007339694
W2096379616,W1999478155
W2096379616,W1978007507
W2096379616,W2007049610
W2096379616,W2095259135
W2096409528,W2015113370
W2096409528,W2077208327
W2096409528,W2075294566
W2096409528,W2096465161
W2096409528,W1596936787
W2096409528,W2096471541
W2096409528,W2096522898
W2096409528,W2096525273
W2096409528,W2070808447
W2096409528,W2062018285
W2096409528,W2057327293
W2096409528,W2007110604
W2096409528,W2096533595
W2096409528,W2022495797
W2096522898,W2096465161
W2096522898,W2106787323
W2096522898,W1503900815
W2096522898,W2123610169
W2096522898,W2060891246
W2096522898,W2021591445
W2096522898,W2075294566
W2096525273,W2069519394
W2096525273,W2132484323
W2096525273,W2069977802
W2096525273,W2098979973
W2096525273,W2098923148
W2096525273,W1832693441
W2096525273,W2016709145
W2096525273,W2010417927
W2096525273,W2075294566
W2096533595,W2005501262
W2096533595,W2065109455
W2096533595,W2002486217
W2096533595,W2066375491
W2106787323,W2016709145
W2106787323,W2006970256
W2106787323,W2103497845
W2106787323,W1994975670
W2106787323,W1994803330
W2106787323,W2006959528
W2098979973,W2069519394
W2098979973,W1787224781
W2098979973,W1617328014
W2098923148,W2010516376
W2098923148,W2010417927
W2098923148,W2069466983
W2098923148,W2069519394
W2098923148,W2069977802
W2098923148,W2069864946
W2096541451,W2096632664
W2096541451,W2096650374
W2096541451,W1950829641
W2096541451,W2096682311
W2096541451,W1989839776
W2096632664,W2040612932
W2096632664,W2036025531
W2096632664,W2155039075
W2096632664,W2786358356
W2096632664,W2146377630
W2096632664,W2154889144
W2096632664,W2396881363
W2096632664,W2396077153
W2096632664,W2138207763
W2096632664,W2146395539
W2096632664,W2004548026
W2096650374,W2040456488
W2096650374,W1950829641
W2096650374,W2146377630
W2096650374,W2096632664
W2155039075,W2017840637
W2155039075,W2155066423
W2155039075,W2146395539
W2155039075,W2146377630
W2155039075,W2559588208
W2786358356,W2151034630
W2786358356,W2151080396
W2786358356,W2155039075
W2786358356,W2146395539
W2146377630,W2146395539
W2154889144,W2146377630
W2154889144,W2138207763
W2154889144,W2541884796
W2154889144,W2475334473
W2154889144,W2149573313
W2154889144,W2592084954
W2396077153,W2146377630
W2396077153,W2396881363
W2138207763,W2147924102
W2138207763,W2147993766
W2138207763,W2148011665
W2153109441,W2164449327
W2096684396,W2072923279
W2096747776,W2096791516
W2096747776,W1613795631
W2096791516,W1904914631
W2096791516,W2027672471
W2096791516,W2037766564
W2096791516,W2131904767
W2131904767,W1996653992
W2131904767,W1979308046
W2131904767,W2025415734
W2131904767,W1996585409
W2096829520,W2065231053
W2096829520,W2009425598
W2096829520,W2009423060
W2096829520,W2096863518
W2096829520,W1994391392
W2096885696,W2051159954
W2096885696,W2026337749
W2096885696,W1994975670
W2096885696,W1994803330
W2096885696,W2015522309
W2096998881,W2016236854
W2096998881,W2052903566
W2096998881,W2016210396
W2096998881,W2046759075
W2096998881,W2097004990
W2096998881,W2021057500
W2096998881,W2053003053
W2096998881,W2081920342
W2096998881,W2052821301
W2096998881,W2082187902
W2096998881,W2046779413
W2097004990,W2016236854
W2097004990,W2016210396
W2097004990,W2046759075
W2097004990,W2021057500
W2097065948,W2095345231
W2097065948,W2078646756
W2097065948,W2078792724
W2097065948,W2078517784
W2097065948,W2075950485
W2097065948,W2031489346
W2097065948,W1985007599
W2097065948,W2066375491
W2097065948,W2066907097
W2097065948,W2078860594
W2097065948,W1984883254
W2097065948,W1619623942
W2097073572,W2021591445
W2097073572,W2026616100
W2097073572,W2026337749
W2097073572,W2009575187
W2097073572,W1994803330
W2097073572,W2097117768
W2097073572,W1994975670
W2097117768,W1924064069
W2097117768,W1994823455
W2097117768,W1994975670
W2097117768,W1525882651
W2097117768,W2026632831
W2097117768,W1994803330
W2097117768,W2026337749
W2097117768,W1543891416
W2097208041,W2064076387
W2097208041,W2063978378
W2097208041,W2097224090
W2097208041,W2097233439
W2097208041,W2096093282
W2097208041,W2064165694
W2097208041,W2097255042
W2097208041,W1972923945
W2097208041,W2060705109
W2097208041,W2097308346
W2097208041,W2093575882
W2097208041,W2097341408
W2097208041,W2075207275
W2097208041,W2059205366
W2097224090,W2063978378
W2097224090,W2064076387
W2097224090,W2093575882
W2097224090,W2026616100
W2097224090,W1984883254
W2097233439,W2063978378
W2097233439,W2096093282
W2097233439,W2088321686
W2097233439,W2064963539
W2097233439,W1603793127
W2097233439,W2022508996
W2097233439,W2097224090
W2097233439,W1984883254
W2097255042,W2116053845
W2097255042,W2096093282
W2097255042,W2038492783
W2097255042,W1995274825
W2097255042,W2008854521
W2097255042,W1868559974
W2097255042,W2038195874
W2097255042,W1858542512
W2097255042,W2022508996
W2097308346,W2064165694
W2097308346,W2103948957
W2097308346,W2026337749
W2097308346,W2053219565
W2097308346,W2053911973
W2097308346,W2076361525
W2097308346,W1984883254
W2097341408,W1531935167
W2097341408,W1985013794
W2116053845,W1502801871
W2097360283,W2097413644
W2097360283,W2097529540
W2097360283,W2052130118
W2097413644,W2042281163
W2097413644,W2057175746
W2097413644,W2109184569
W2097413644,W2051782740
W2097413644,W2032866243
W2097529540,W1969543759
W2097529540,W1970010130
W2097529540,W1974047233
W2097529540,W1987807993
W2097529540,W1981213426
W2097529540,W2160643434
W2097529540,W2002726823
W2097601813,W1966334841
W2097601813,W1966272358
W2097601813,W2058571677
W2097601813,W2095345231
W2097601813,W1996950224
W2097601813,W2058662258
W2097601813,W2097660065
W2097601813,W1619623942
W2097660065,W2061548680
W2097660065,W2013371150
W2097686432,W2055763451
W2097686432,W1980269624
W2097686432,W2031183907
W2097686432,W2028056984
W2097705442,W2009425598
W2097705442,W2065231053
W2097705442,W2009423060
W2097705442,W2096829520
W2097811455,W2072500831
W2097811455,W2087712586
W2097811455,W2045435533
W2097811455,W1987202454
W2097811455,W2085519620
W2097811455,W2061141931
W2097811455,W2052648234
W2097811455,W1949231392
W2097811455,W1997065014
W2097811455,W2072923279
W2097811455,W2052130118
W2097811455,W2085525886
W2097855813,W2097875133
W2097855813,W2097933346
W2097855813,W2096522898
W2097855813,W2096465161
W2097855813,W2097995306
W2097855813,W2097998348
W2097855813,W1976579441
W2097995306,W2040113717
W2097995306,W2096465161
W2097995306,W2021930613
W2097995306,W1617495083
W2097998348,W2119652992
W2097998348,W1976579441
W2097998348,W2126816979
W2097998348,W1976637107
W2097998348,W1978424046
W2097998348,W2010516376
W2098012392,W2069519394
W2098012392,W2069466983
W2098012392,W2098115340
W2098012392,W2098118776
W2098012392,W2098126593
W2098012392,W2090915513
W2098012392,W2098384066
W2098012392,W2096465161
W2098115340,W2069519394
W2098115340,W2098979973
W2098115340,W2062217294
W2098115340,W2098384066
W2098115340,W2008668438
W2098118776,W2098115340
W2098118776,W2098384066
W2098118776,W2069519394
W2098118776,W2008668438
W2098118776,W2098979973
W2098126593,W2069519394
W2098126593,W2098384066
W2098126593,W2098115340
W2098126593,W2098118776
W2098384066,W2069519394
W2098425296,W2012488984
W2098432852,W2064165694
W2098432852,W2096093282
W2098432852,W2097255042
W2098432852,W2097224090
W2098432852,W2063978378
W2098432852,W1985217958
W2098432852,W2095833674
W2098432852,W1991308688
W2098432852,W2002258037
W2098432852,W2040191060
W2098432852,W1991330646
W2098432852,W2098595817
W2098432852,W2098597036
W2098432852,W1972145956
W2098627306,W1576520375
W2098627306,W2044437167
W2098627306,W2096465161
W2098627306,W2028979275
W2098627306,W2095345231
W2098627306,W2027254180
W2098627306,W2077327925
W2098627306,W2073332363
W2098627306,W2096522898
W2098627306,W2106053110
W2098627306,W2106335692
W2106053110,W2077330278
W2106053110,W2060891246
W2106053110,W2078860594
W2106053110,W1482867610
W2106335692,W2106053110
W2106335692,W2123343298
W2106335692,W1983208835
W2106335692,W1983102293
W2106335692,W2043402970
W2098685541,W2098759916
W2098685541,W2075004202
W2098827790,W2096465161
W2098827790,W2098115340
W2098827790,W2098118776
W2098827790,W2069466983
W2098827790,W2069519394
W2098827790,W2098907614
W2098827790,W2075294566
W2098827790,W2098923148
W2098827790,W2098126593
W2098827790,W2098935104
W2098827790,W2098979973
W2098827790,W2062217294
W2098827790,W2098012392
W2098827790,W2096525273
W2098907614,W1858542512
W2098907614,W1580389772
W2098907614,W2024966118
W2098907614,W1592674309
W2098935104,W2130410032
W2098935104,W2069519394
W2098935104,W2098115340
W2098935104,W2098118776
W2098935104,W2096525273
W2130410032,W1868559974
W2130410032,W1946252112
W2099085143,W2099175737
W2099085143,W2071849521
W2099085143,W1565212980
W2099085143,W1985217958
W2099175737,W2170021941
W2099175737,W2060185417
W2099196698,W2098627306
W2099196698,W1619623942
W2099196698,W2084154288
W2099244020,W2099249565
W2099244020,W2059813301
W2099244020,W2099303078
W2099244020,W2099304543
W2099244020,W2099330597
W2099244020,W2099449365
W2099249565,W2171811563
W2099249565,W1974047233
W2099249565,W2216946510
W2099249565,W1636092099
W2099249565,W1994145712
W2099249565,W1559136758
W2099303078,W1994145712
W2099303078,W1559136758
W2099330597,W1631559605
W2099330597,W1990134753
W2099330597,W1559136758
W2099330597,W1994145712
W2099449365,W2059813301
W2099449365,W1559136758
W2171811563,W1990134753
W2171811563,W1994044024
W2171811563,W2171960770
W2171811563,W2163886442
W2099468911,W2001965107
W2099468911,W2099471712
W2099524720,W2040120109
W2099524720,W2040191060
W2099524720,W2099526933
W2099526933,W1966811787
W2099526933,W2166272087
W2099526933,W1966822396
W2099540110,W2072955302
W2099540110,W2025415734
W2099540110,W1996950224
W2099540110,W2075740579
W2099540110,W1979308046
W2099540110,W2007826806
W2099540110,W2099556653
W2099540110,W2036348189
W2099540110,W2099610218
W2099540110,W2036258507
W2099556653,W2007826806
W2099556653,W1994975670
W2099556653,W1909359706
W2099556653,W1996653992
W2099610218,W2017039362
W2099610218,W1996487270
W2099610218,W2034960640
W2099709490,W1631250427
W2099709490,W2099779584
W2099709490,W2098432852
W2099709490,W2097208041
W2099709490,W2093505263
W2099709490,W1984883254
W2099784075,W2099813784
W2099784075,W2089051496
W2099784075,W2099824652
W2099784075,W2033465655
W2099784075,W2099901798
W2099940443,W2090157291
W2099940443,W1897139626
W2099940443,W2070227796
W2099940443,W2080283023
W2099940443,W2075673711
W2099940443,W1992724001
W2099940443,W2073742622
W2100039832,W2100117826
W2100039832,W2039469634
W2100039832,W2039348932
W2100039832,W2100122648
W2100039832,W2038963685
W2100039832,W1858542512
W2100039832,W2075793519
W2100039832,W2047028564
W2100039832,W2100130392
W2100039832,W2100239923
W2100039832,W2039786475
W2100039832,W2071841602
W2100122648,W2128158076
W2100122648,W1733387413
W2100122648,W2001510610
W2100122648,W2127335013
W2127335013,W2127396309
W2127335013,W2124427232
W2127335013,W2127435093
W2127335013,W2125121177
W2127335013,W1577577364
W2100303404,W2072500831
W2100303404,W2022485595
W2100303404,W2026277606
W2100303404,W2052130118
W2100303404,W2100305481
W2100365896,W2060809301
W2100365896,W2085419794
W2100365896,W2072500831
W2100365896,W2067715889
W2100365896,W2067456724
W2100365896,W2066231767
W2100365896,W2045435533
W2100365896,W1905058580
W2100365896,W2095807316
W2100365896,W1905429483
W2100365896,W2072923279
W2100379340,W1619623942
W2100379340,W2095345231
W2100379340,W2073332363
W2100379340,W2022085321
W2100379340,W2066122301
W2100401723,W2006559495
W2100401723,W1525882651
W2100401723,W2007826806
W2100401723,W2054141820
W2100401723,W2006318126
W2100401723,W2077968790
W2100401723,W2100468073
W2100401723,W2091922579
W2100401723,W2092509345
W2100401723,W2100495367
W2100401723,W2026632831
W2100401723,W1924064069
W2100401723,W2077959816
W2100468073,W2007826806
W2100468073,W2006559495
W2100468073,W2077959816
W2100468073,W1924064069
W2100468073,W2077968790
W2100468073,W2006318126
W2100495367,W2092509345
W2100495367,W2107665951
W2100495367,W2006318126
W2107665951,W2044591029
W2107665951,W2041711461
W2107665951,W2025415734
W2107665951,W2009104157
W2107665951,W1996746229
W2107665951,W2008435261
W2100556411,W2098627306
W2100556411,W2096533595
W2100556411,W1588827410
W2100556411,W2078517784
W2100556411,W2016916834
W2100556411,W2085831882
W2100556411,W2053186076
W2100556411,W2047189523
W2100556411,W2100668965
W2100556411,W2075950485
W2100556411,W2100673825
W2100668965,W2001564322
W2100668965,W2012488984
W2100668965,W1979408141
W2100668965,W2136558879
W2100673825,W2054141820
W2100673825,W2022085321
W2100673825,W2044591029
W2100673825,W2066678696
W2100673825,W2124582776
W2100673825,W2100668965
W2100673825,W2054692642
W2100673825,W2047205370
W2136558879,W2010049072
W2136558879,W1996585409
W2136558879,W1979973356
W2136558879,W2007826806
W2136558879,W2017039362
W2136558879,W2031028572
W2136558879,W2121981479
W2136558879,W1970637701
W2136558879,W1979308046
W2124582776,W1005007408
W2124582776,W1578291413
W2124582776,W1964026200
W2124582776,W2054891772
W2100704846,W2052130118
W2100704846,W2092801713
W2100739170,W2090915513
W2100739170,W2075294566
W2100739170,W1978424046
W2100739170,W1832693441
W2100739170,W2096465161
W2100739170,W2100866593
W2100739170,W2073332363
W2100866593,W1525197209
W2100986500,W2085154695
W2100986500,W2095659828
W2100986500,W2085093563
W2100986500,W2086945873
W2100986500,W2082291024
W2100986500,W2072500831
W2100986500,W2074276081
W2101020813,W2085001923
W2101020813,W2075004202
W2101020813,W2085093563
W2101020813,W2085154695
W2101037339,W2029582401
W2101099210,W2101105183
W2101108516,W179875071
W2101108516,W2078204800
W2101108516,W2085154695
W2101108516,W1539835075
W2101108516,W2062786076
W2101108516,W2072500831
W2101108516,W2062852634
W2101108516,W2080752012
W2101120467,W2101135654
W2101120467,W2101196063
W2101120467,W2101196984
W2101120467,W2101225175
W2101120467,W2101280078
W2101120467,W2101291993
W2101120467,W2101357408
W2101120467,W2101394945
W2101120467,W2101420429
W2101120467,W2101491865
W2101135654,W2897815318
W2101135654,W2153983456
W2101196063,W2101394945
W2101196063,W2159752439
W2101196063,W2152189242
W2101196063,W2153947402
W2101196984,W2587625522
W2101225175,W2579533542
W2101225175,W2153947402
W2101225175,W2101196984
W2101280078,W2152301430
W2101280078,W2767891136
W2101291993,W2891503716
W2101291993,W2803664483
W2101291993,W2916020270
W2101357408,W2101291993
W2101394945,W2579533542
W2101394945,W2734356283
W2101394945,W2155779547
W2101394945,W2155800098
W2101394945,W2152664025
W2101394945,W2154866190
W2101394945,W2159752439
W2101394945,W2151034630
W2101394945,W2134289299
W2101394945,W2156737316
W2101394945,W2596630349
W2101394945,W2148185586
W2101394945,W2154053567
W2101394945,W2156101426
W2101394945,W2560647685
W2101394945,W2004548026
W2101394945,W2146395539
W2101394945,W2559466477
W2153983456,W2155800098
W2159752439,W2424778531
W2159752439,W1992652001
W2159752439,W2146502635
W2159752439,W1968595844
W2159752439,W2057765075
W2152301430,W2152369329
W2152301430,W2152458080
W2152301430,W2152505144
W2152301430,W2152600059
W2152301430,W2152664025
W2767891136,W2152458080
W2891503716,W2810866092
W2891503716,W2592367925
W2891503716,W2153804214
W2891503716,W2784350055
W2891503716,W2763670669
W2891503716,W2786808285
W2891503716,W2164154943
W2803664483,W2803787045
W2916020270,W2018045523
W2734356283,W2579533542
W2734356283,W2151692850
W2734356283,W2150166076
W2734356283,W2017875658
W2734356283,W2606995208
W2734356283,W2595629513
W2734356283,W2180229411
W2734356283,W2004548026
W2155779547,W2734356283
W2155779547,W2017840637
W2155779547,W2155800098
W2155779547,W2004548026
W2155800098,W2152121970
W2155800098,W2017840637
W2155800098,W2045119680
W2155800098,W2155779547
W2155800098,W2521967673
W2155800098,W2004548026
W2155800098,W2148251644
W2155800098,W2074726646
W2152664025,W2559466477
W2134289299,W2558041282
W2134289299,W2560647685
W2134289299,W2557800876
W2134289299,W2115607954
W2134289299,W2146502635
W2134289299,W1968509967
W2596630349,W2559466477
W2154053567,W2159752439
W2154053567,W1951684732
W2154053567,W2396881363
W2154053567,W2151922790
W2559466477,W2154866190
W2559466477,W2559588208
W2101543035,W1995157919
W2101543035,W2094785904
W2101543035,W2101547779
W2101543035,W2082704080
W2101543035,W2060590119
W2101543035,W2085525886
W2101543035,W2052130118
W2101547779,W1987179471
W2101547779,W1949231392
W2101547779,W1995157919
W2101547779,W1997065014
W2101547779,W2054407804
W2101547779,W1791484930
W2101547779,W2060809301
W2101547779,W2060590119
W2101547779,W2072500831
W2101547779,W2052130118
W2101589741,W2055763451
W2101589741,W2031183907
W2101653483,W1996487270
W2101653483,W2076977109
W2101653483,W2076922024
W2101653483,W2076154138
W2101653483,W2075702351
W2101653483,W2087484885
W2101653483,W2053911973
W2101653483,W2026616100
W2101653483,W1560020441
W2101653483,W1996950224
W2101675075,W2044499383
W2101675075,W2081870935
W2101678239,W2075950485
W2101678239,W2101702311
W2101678239,W1575585006
W2101678239,W1946252112
W2101702311,W2095345231
W2101702311,W2075950485
W2101702311,W2066375491
W2101702311,W2066907097
W2101702311,W2160621707
W2101702311,W1575585006
W2101702311,W1619623942
W2160621707,W2047328724
W2160621707,W104184427
W2160621707,W1966327575
W2160621707,W1560020441
W2160621707,W1590065089
W2160621707,W2009800174
W2101749257,W2070685888
W2101749257,W2039348932
W2101749257,W2101846955
W2101749257,W2032230795
W2101749257,W2039240409
W2101749257,W2039559098
W2101749257,W2041483208
W2101749257,W2101870168
W2101749257,W2101873753
W2101749257,W1976881265
W2101749257,W2011920499
W2101749257,W2032285541
W2101749257,W2071841602
W2101873753,W2100117826
W2101873753,W2071510336
W2101873753,W2127335013
W2101873753,W2100130392
W2101873753,W2100239923
W2101873753,W2135029798
W2101873753,W2039123767
W2101873753,W2041440766
W2135029798,W2038963685
W2135029798,W2024726841
W2135029798,W2038783205
W2135029798,W2100130392
W2135029798,W2100239923
W2135029798,W2039123767
W2135029798,W2032047304
W2135029798,W2041440766
W2135029798,W2030330123
W2135029798,W2101873753
W2101963262,W2020702410
W2101963262,W2050721857
W2101963262,W2035618305
W2101963262,W2015159529
W2101963262,W2045683699
W2101963262,W2101971030
W2101963262,W2032842297
W2101963262,W2015197254
W2101963262,W1536497620
W2101963262,W1533942137
W2101963262,W2045949302
W2101963262,W1529592271
W2102031718,W2057175746
W2102031718,W2077330278
W2102031718,W2096522898
W2102031718,W2077327925
W2102031718,W2057327092
W2102031718,W1645305843
W2102031718,W2102074887
W2102031718,W2102128253
W2102031718,W2030946379
W2102074887,W2132484323
W2102074887,W2097875133
W2102074887,W2130091784
W2102074887,W2075294566
W2102074887,W2028979275
W2102074887,W2077208327
W2102074887,W2030946379
W2102074887,W2057175746
W2102074887,W2078860594
W2102074887,W2090552208
W2102074887,W2021520922
W2102074887,W1978424046
W2102074887,W2096465161
W2102074887,W2077327925
W2102074887,W2134852597
W2102074887,W2100866593
W2102074887,W2096522898
W2102128253,W2057327293
W2102128253,W2005291574
W2102128253,W2061003790
W2102128253,W2057175746
W2102128253,W1973577532
W2102128253,W2057327092
W2102128253,W1985013794
W2102128253,W2077330278
W2102128253,W2106053110
W2102128253,W2060891246
W2102128253,W2018291779
W2102128253,W2027254180
W2102128253,W1989854862
W2102128253,W2106335692
W2102128253,W1952066190
W2134852597,W2127170577
W2134852597,W1978424046
W2134852597,W2010699829
W2134852597,W1946252112
W2134852597,W2057327293
W2134852597,W2044437167
W2102148524,W2093275097
W2102148524,W2099085143
W2102148524,W2093350441
W2102166818,W2055313665
W2102166818,W2102182691
W2102182691,W2056279562
W2102182691,W2106371033
W2102182691,W2102166818
W2102182691,W2106391833
W2106371033,W1973831267
W2106371033,W1973776237
W2106371033,W2019851585
W2106391833,W2106371033
W2106391833,W2102182691
W2102212449,W2102213696
W2102212449,W2085419794
W2102212449,W2042281163
W2102212449,W2031557272
W2102212449,W1970327765
W2102212449,W2066231767
W2102212449,W2066131315
W2102212449,W1791484930
W2102212449,W2067715889
W2102212449,W1977601452
W2102212449,W2009435671
W2102212449,W2085001923
W2102212449,W2051782740
W2102212449,W1905429483
W2102212449,W2052130118
W2102213696,W2031557272
W2102213696,W2042281163
W2102213696,W2051978340
W2102213705,W2060809301
W2102213705,W1995157919
W2102213705,W2102234847
W2102213705,W1970327765
W2102213705,W1997065014
W2102213705,W2061141931
W2102213705,W2052130118
W2102213705,W2072923279
W2102213705,W2072500831
W2102213705,W1990717355
W2102213705,W2085001923
W2102234847,W2056795330
W2102234847,W2072500831
W2102234847,W1977699466
W2102234847,W2060590119
W2102234847,W2002758482
W2102234847,W2067652191
W2102234847,W2082833890
W2102234847,W2054407804
W2102234847,W2052130118
W2102245393,W2102278945
W2102245393,W2102293625
W2102245393,W2102304447
W2102245393,W1560749659
W2102278945,W2151130155
W2102502076,W2007339694
W2102502076,W2034285706
W2102502076,W1590065089
W2102502076,W1999478182
W2102502076,W1810694562
W2102502076,W2007049610
W2102502076,W2095259135
W2102502076,W2096379616
W2102544846,W2060590119
W2102544846,W2072500831
W2102544846,W2057360098
W2102544846,W2067456724
W2102544846,W2052130118
W2102553184,W2102605133
W2102553184,W2001063720
W2102619694,W2073459066
W2102619694,W2090157291
W2102625004,W2015113370
W2102625004,W2028979275
W2102625004,W2027254180
W2102625004,W2098627306
W2102625004,W2096409528
W2102625004,W2096465161
W2102625004,W2096522898
W2102625004,W2095345231
W2102625004,W2065762344
W2102625004,W2028999185
W2102625004,W1619623942
W2102639000,W2034960640
W2102639000,W2099610218
W2102639000,W1996487270
W2102639000,W2007826806
W2102639000,W2017039362
W2102639000,W2027672471
W2102639000,W2102746137
W2102746137,W2010049072
W2102746137,W2159560463
W2102746137,W2099610218
W2102746137,W2059796825
W2102746137,W1979308046
W2102746137,W2140805694
W2159560463,W2345356016
W2159560463,W1978775682
W2140805694,W2099610218
W2140805694,W2034960640
W2140805694,W2010163891
W2140805694,W2126602684
W2102764178,W1995157919
W2102764178,W2009543464
W2102764178,W2052319966
W2102764178,W1990717355
W2102764178,W2096166399
W2102764178,W2081870935
W2102764178,W2044499383
W2102806222,W2097208041
W2102806222,W2026616100
W2102806222,W2097341408
W2102806222,W2102883209
W2102806222,W2076949647
W2102806222,W1985007599
W2102806222,W1994823455
W2102806222,W1994803330
W2102806222,W2017511982
W2102806222,W2053911973
W2102806222,W2028433016
W2102806222,W2012488984
W2102806222,W2095833674
W2102806222,W2007110604
W2102806222,W2076922024
W2102806222,W2064165694
W2102806222,W2102948292
W2102806222,W2102968146
W2102806222,W1596936787
W2102806222,W2000770615
W2102806222,W2103004421
W2102806222,W2097224090
W2102806222,W2103017472
W2102806222,W2103164730
W2102883209,W2064076387
W2102883209,W2063978378
W2102883209,W2060705109
W2102883209,W1972923945
W2102883209,W2097224090
W2102883209,W2026616100
W2102883209,W2038194220
W2102883209,W1984883254
W2102948292,W2063978378
W2102948292,W2064076387
W2102948292,W2097233439
W2102948292,W2093540905
W2102948292,W2121947440
W2102968146,W2063978378
W2102968146,W2064076387
W2102968146,W2097224090
W2102968146,W1985217958
W2102968146,W1984883254
W2103004421,W1985217958
W2103004421,W2064076387
W2103004421,W2063978378
W2103004421,W2097224090
W2103004421,W2106986958
W2103004421,W2099779584
W2103017472,W2053911973
W2103017472,W2064165694
W2103017472,W2097208041
W2103017472,W2102806222
W2103017472,W2098432852
W2103017472,W2097255042
W2103017472,W2038437697
W2103017472,W2008854521
W2103017472,W2038492783
W2103017472,W1995274825
W2103017472,W1868559974
W2103017472,W2102968146
W2103017472,W2099779584
W2103164730,W2064076387
W2103164730,W2097224090
W2103164730,W2103948957
W2103164730,W2139086914
W2121947440,W2097341408
W2121947440,W1976985160
W2121947440,W1973577532
W2121947440,W1952026831
W2121947440,W1897139626
W2121947440,W2116593735
W2121947440,W1531935167
W2121947440,W1934094702
W2121947440,W2115217290
W2121947440,W1989854862
W2121947440,W1860063347
W2121947440,W1997201895
W2106986958,W2097208041
W2106986958,W2064076387
W2106986958,W2063978378
W2106986958,W2018291779
W2106986958,W2064165694
W2106986958,W2097224090
W2106986958,W1989839776
W2106986958,W2103004421
W2139086914,W1985538633
W2139086914,W1984671422
W2139086914,W2103948957
W2139086914,W2063978378
W2139086914,W2125065061
W2139086914,W2059359550
W2139086914,W2093540905
W2103179919,W1984671422
W2103179919,W1005007408
W2103179919,W1603793127
W2103179919,W1946252112
W2103179919,W2090330784
W2103179919,W2098627306
W2103179919,W1560020441
W2103179919,W2075207275
W2103179919,W2075288496
W2103179919,W1670573097
W2103179919,W2001510610
W2103179919,W1986662234
W2103179919,W2096533595
W2103179919,W2015050458
W2103179919,W2103296919
W2103179919,W2066375491
W2103179919,W1619623942
W2103296919,W1986662234
W2103296919,W1984671422
W2103296919,W2043398720
W2103296919,W2117131162
W2103296919,W2127862779
W2103296919,W2025371271
W2103296919,W1964026200
W2103296919,W2066122301
W2103296919,W2095345231
W2103296919,W1619623942
W2127862779,W2002311592
W2127862779,W2126473499
W2127862779,W1994028888
W2127862779,W2125303562
W2127862779,W2001544973
W2127862779,W2125213524
W2127862779,W2016922062
W2127862779,W1603793127
W2127862779,W1005007408
W2127862779,W2119180969
W2127862779,W2104548316
W2127862779,W1810360004
W2127862779,W1988195734
W2127862779,W1107917109
W2103317434,W1969353942
W2103441770,W2016709145
W2103441770,W2057327293
W2103441770,W2084619201
W2103441770,W1587094587
W2103441770,W1484347389
W2103441770,W1576520375
W2103441770,W1994823455
W2103441770,W1994975670
W2103441770,W2026578487
W2103441770,W1525882651
W2103441770,W1994959046
W2103441770,W2061438946
W2103441770,W2033686454
W2103441770,W2026337749
W2103441770,W1995031937
W2103441770,W2016660511
W2103441770,W2103497845
W2103546861,W2061609397
W2103546861,W2073122003
W2103546861,W2085585287
W2103546861,W2060809301
W2103546861,W2072500831
W2103546861,W2087712586
W2103546861,W2060590119
W2103546861,W2009313526
W2103546861,W2052130118
W2103546861,W2096166399
W2103546861,W2032866243
W2103546861,W2072923279
W2103585709,W2052130118
W2103585709,W2082667898
W2103585709,W2052319966
W2103585709,W2087160026
W2103585709,W2003397144
W2103585709,W2103680334
W2103585709,W2095659828
W2103585709,W1995157919
W2103585709,W2096166399
W2103585709,W2103819062
W2103585709,W1949231392
W2103585709,W1791484930
W2103585709,W2052648234
W2103585709,W2081640113
W2103585709,W2056795330
W2103585709,W2085001923
W2103585709,W1984883254
W2103585709,W2051782740
W2103585709,W2085154695
W2103585709,W2072500831
W2103585709,W2103879113
W2103819062,W1973260880
W2103819062,W1791484930
W2103819062,W2002547950
W2103819062,W1949231392
W2103819062,W1987416224
W2103879113,W2040397490
W2103879113,W2009543464
W2103879113,W1970327765
W2103879113,W1970090817
W2103879113,W1990717355
W2103901746,W2102764178
W2103901746,W2052319966
W2103901746,W2044499383
W2103901746,W2054325787
W2103901746,W1905829557
W2103912979,W2097208041
W2103912979,W2102883209
W2103912979,W2097224090
W2103912979,W2060705109
W2103912979,W2103948957
W2103912979,W2103164730
W2103912979,W2026616100
W2103912979,W2099779584
W2103912979,W2099709490
W2103912979,W2043398720
W2103912979,W2075207275
W2103912979,W1005007408
W2103912979,W1985217958
W2103972604,W2099940443
W2103972604,W2070227796
W2103972604,W2103977502
W2103972604,W2054275187
W2103972604,W1812256879
W2103972604,W2104005232
W2103972604,W2082704080
W2103972604,W2104010513
W2103972604,W2067456724
W2103972604,W2104057213
W2103972604,W2075673711
W2103972604,W2104135721
W2103972604,W2085397620
W2103972604,W2104234755
W2103972604,W2073742622
W2103972604,W2100305481
W2104005232,W2104010513
W2104010513,W2143481518
W2104010513,W1897139626
W2104010513,W1887624773
W2104010513,W1972190631
W2104010513,W1973577532
W2104010513,W2137775453
W2104010513,W2073742622
W2104010513,W2098595817
W2104010513,W2100305481
W2104010513,W1949231392
W2104010513,W2104005232
W2104010513,W2101105183
W2104010513,W2104135721
W2137775453,W1973577532
W2137775453,W1897139626
W2137775453,W2121947440
W2137775453,W1990074132
W2137775453,W2164703638
W2104301422,W1996950224
W2104301422,W2054141820
W2104301422,W2104462056
W2104301422,W2104548316
W2104301422,W2104549677
W2104301422,W2008627757
W2104301422,W2053186076
W2104301422,W2052493774
W2104301422,W2037993016
W2104301422,W2100668965
W2104462056,W2135695572
W2104462056,W2007826806
W2104462056,W2054141820
W2104462056,W2066122301
W2104462056,W2022085321
W2104549677,W1588827410
W2104549677,W2104548316
W2104549677,W2127862779
W2104549677,W2037993016
W2104549677,W2008627757
W2135695572,W2031168104
W2135695572,W2027672471
W2135695572,W1951724000
W2135695572,W103650626
W2135695572,W2038702827
W2135695572,W1588685142
W2135695572,W2007826806
W2135695572,W1979308046
W2104718076,W2007339694
W2104718076,W1979290264
W2104718076,W2034285706
W2104718076,W2102502076
W2104718076,W1999478182
W2104718076,W2007049610
W2104718076,W2095259135
W2104718076,W1991330646
W2104718076,W1978110877
W2104718076,W1979260070
W2104718076,W1978007507
W2104718076,W2096379616
W2104726963,W2083029259
W2104726963,W2086945873
W2104726963,W2074276081
W2104726963,W1997065014
W2104830962,W2052319966
W2104830962,W2102764178
W2104846640,W2104885590
W2104846640,W2089402107
W2104846640,W2089458547
W2104846640,W1989763926
W2104846640,W2047751764
W2104846640,W2103680334
W2104846640,W2085001923
W2104846640,W2104890139
W2104846640,W2089335658
W2104846640,W2069201244
W2104846640,W2052130118
W2104885590,W1977699466
W2104885590,W1545241942
W2104885590,W1629273100
W2104885590,W1627978401
W2104885590,W1631250427
W2104885590,W2002547950
W2104885590,W2001755358
W2104885590,W2031557272
W2104885590,W2052750950
W2104885590,W2056795330
W2104885590,W2169805130
W2104885590,W2047751764
W2104885590,W1981030303
W2104885590,W1989763926
W2104885590,W2111464173
W2104885590,W2217809488
W2104885590,W2097413644
W2104885590,W1984883254
W2104885590,W2072500831
W2104885590,W2069201244
W2104890139,W2251939518
W2169805130,W2169904088
W2169805130,W2099468911
W2104933073,W2087712586
W2104933073,W1995157919
W2104933073,W2061141931
W2104933073,W2072500831
W2104933073,W2085519620
W2104933073,W2104948296
W2104933073,W2072923279
W2104948296,W2086945873
W2104948296,W2105106534
W2104948296,W2060590119
W2104948296,W2083029259
W2105106534,W2103879113
W2104974755,W2105092978
W2105100844,W2073777485
W2105100844,W2054119472
W2105100844,W2004958771
W2105100844,W2054109341
W2105100844,W2070021921
W2105100844,W2025444507
W2105100844,W2096173332
W2105100844,W2105103777
W2105100844,W2096327192
W2105100844,W2025883194
W2105100844,W1515023627
W2105103777,W2231156824
W2105103777,W2054109341
W2105103777,W2004958771
W2105103777,W2096283457
W2105103777,W1515023627
W2105103777,W2006617902
W2105103805,W2047744778
W2105103805,W2092170177
W2105103805,W2091922579
W2105103805,W2028240797
W2105103805,W2054600557
W2105199251,W2083045667
W2105199251,W2082704080
W2105199251,W2073459066
W2105199251,W2083070320
W2105275554,W2075207275
W2105275554,W2025253353
W2105275554,W2103296919
W2105275554,W1005007408
W2105275554,W1946252112
W2105275554,W2101653483
W2105275554,W2105306382
W2105275554,W2088321686
W2105275554,W2098597355
W2105275554,W2021520922
W2105275554,W1560020441
W2105275554,W2022495797
W2105275554,W2105321265
W2105275554,W2105329815
W2105275554,W2066375491
W2105306382,W2162151166
W2105306382,W1976985160
W2105306382,W2041383474
W2105306382,W1603793127
W2105306382,W1005007408
W2105321265,W2065109455
W2105321265,W2106053110
W2105321265,W2066375491
W2105321265,W1576520375
W2105321265,W2096522898
W2105321265,W2096465161
W2105321265,W2077327925
W2105321265,W2073332363
W2105321265,W2078860594
W2105321265,W2106335692
W2105329815,W2131854704
W2105329815,W2039240409
W2105329815,W1946252112
W2105329815,W1560020441
W2105329815,W2060705109
W2105329815,W1995274825
W2105329815,W2008854521
W2105329815,W1868559974
W2105329815,W2026570544
W2105329815,W2075288496
W2105329815,W1984671422
W2105329815,W2075207275
W2105329815,W2005532382
W2105329815,W2022508996
W2105329815,W2038963685
W2105329815,W2025781576
W2105329815,W2078792724
W2105329815,W2014918593
W2105329815,W1005007408
W2105329815,W2066375491
W2105329815,W2066907097
W2105329815,W2015050458
W2105329815,W2011430131
W2105329815,W2021520922
W2105329815,W2062018285
W2105329815,W2075950485
W2105329815,W2038492783
W2105329815,W1986792585
W2105348794,W2075294566
W2105348794,W2084619201
W2105348794,W2070614858
W2105348794,W2088198211
W2105348794,W2105381419
W2105348794,W1594032928
W2105348794,W2105397247
W2105381419,W2134555277
W2105381419,W2002179012
W2105381419,W2136039427
W2105381419,W2040085089
W2105381419,W1991538680
W2105381419,W2131726714
W2105381419,W2075702351
W2105381419,W2070753604
W2105381419,W2093027911
W2105381419,W2070571588
W2105381419,W2026616100
W2105381419,W2092939357
W2105381419,W2040031153
W2105381419,W2027254180
W2105381419,W1985007599
W2105381419,W2038195874
W2105381419,W1994975670
W2105381419,W2093141926
W2105381419,W2101749257
W2105381419,W2097995306
W2105381419,W2136408596
W2105381419,W2077327925
W2105381419,W2039786475
W2105381419,W2092929703
W2105381419,W1976637107
W2105381419,W2093044565
W2105381419,W2138825607
W2105381419,W2138913040
W2105381419,W1946252112
W2105381419,W2101846955
W2105381419,W2039240409
W2105381419,W2112680994
W2105381419,W2122559203
W2105397247,W2070614858
W2105397247,W2088321686
W2105397247,W2084619201
W2105397247,W2131854704
W2105397247,W2131271579
W2105397247,W1946252112
W2105397247,W2075950485
W2105397247,W2026616100
W2105397247,W2053219565
W2105397247,W2053911973
W2105397247,W1972145956
W2134555277,W2107915254
W2134555277,W2124166542
W2134555277,W1858542512
W2134555277,W2067847820
W2134555277,W2123060905
W2134555277,W2123136623
W2134555277,W2126693856
W2134555277,W2127230663
W2134555277,W2027254180
W2134555277,W1525197209
W2134555277,W2065762344
W2134555277,W2119607070
W2134555277,W2119738171
W2134555277,W2107913200
W2134555277,W2007110604
W2134555277,W1761653152
W2134555277,W1995274825
W2134555277,W1986241711
W2134555277,W1868559974
W2134555277,W1985013794
W2136039427,W2124437404
W2136039427,W2071510336
W2136039427,W2093044565
W2136039427,W2038963685
W2136039427,W2100130392
W2136039427,W2038195874
W2136039427,W1995274825
W2136039427,W2026616100
W2136039427,W2038194220
W2136039427,W2053911973
W2136039427,W2033151532
W2136039427,W2071592915
W2136039427,W2038492783
W2136039427,W2040031153
W2136039427,W1985007599
W2136039427,W2041311241
W2138825607,W2100117826
W2138825607,W2110098148
W2138825607,W2071707134
W2138825607,W2039469634
W2138825607,W2039348932
W2138825607,W2134783591
W2138825607,W2101846955
W2138825607,W2032230795
W2138825607,W2039240409
W2138825607,W2039559098
W2138825607,W2131271579
W2138825607,W2041483208
W2138825607,W2070614858
W2138825607,W2101870168
W2138825607,W2071510336
W2138825607,W2070722739
W2138825607,W2070808447
W2138825607,W2138630136
W2138825607,W2038963685
W2138825607,W2137586531
W2138825607,W2139236349
W2138825607,W1603793127
W2138825607,W2100130392
W2138825607,W2100239923
W2138825607,W2039786475
W2138825607,W2137526110
W2138825607,W2071841602
W2138913040,W1972145956
W2122559203,W1566135517
W2105414963,W2105423509
W2105423509,W2052319966
W2105463749,W2062217294
W2105463749,W2008641894
W21054777,W2105507854
W21054777,W2022085321
W21054777,W2009720434
W21054777,W2100401723
W21054777,W2105668062
W2105507854,W1984190418
W2105507854,W1996746229
W2105507854,W2028240797
W2105507854,W2033797333
W2105507854,W2063264144
W2105507854,W2107633226
W2105507854,W2061820396
W2105507854,W1988163167
W2105507854,W2006970256
W2105507854,W2107665951
W2105668062,W2077618811
W2105668062,W2131904767
W2105668062,W2077766806
W2105668062,W2025415734
W2105668062,W1971625691
W2105668062,W1587094587
W2105668062,W2092509345
W2105668062,W2107665951
W2105668062,W2022085321
W2105668062,W1996950224
W2105668062,W2044591029
W2105668062,W2009720434
W2105668062,W2009104157
W2105668062,W2008435261
W2105668062,W1909359706
W2105668062,W2053186076
W2105668062,W2052493774
W2105668062,W2008426812
W2107633226,W2028240797
W2107633226,W2031028572
W2107633226,W2041711461
W2107633226,W2038702827
W2107633226,W2026337749
W2107633226,W1971443733
W2107633226,W2063264144
W2107633226,W2033797333
W2107633226,W1996746229
W2107633226,W1984190418
W2107633226,W1988037271
W2107633226,W2038721957
W2105685140,W2085519620
W2105685140,W2072500831
W2105685140,W2105691566
W2105685140,W2072923279
W2105685140,W2009435671
W2105739041,W1005007408
W2105739041,W2066375491
W2105739041,W1984671422
W2105739041,W2075950485
W2105739041,W2075207275
W2105739041,W2062018285
W2105739041,W2078792724
W2105827100,W1996950224
W2105827100,W2054692642
W2105827100,W2098597355
W2105827100,W2006769952
W2105827100,W2002311592
W2105827100,W2037993016
W2105831729,W2042706232
W2105831729,W2042692910
W2105831729,W2105846236
W2105831729,W2105850748
W2105846236,W2042692910
W2105846236,W2155943701
W2105846236,W2042533040
W2105846236,W2042789810
W2105846236,W2157752701
W2105846236,W2046183549
W2105846236,W2155968351
W2105850748,W2105846236
W2155943701,W2042706232
W2155943701,W2042692910
W2155943701,W2042789810
W2157752701,W2042692910
W2157752701,W2155943701
W2157752701,W2042533040
W2157752701,W2042789810
W2157752701,W2155968351
W2155968351,W2155943701
W2155968351,W2042692910
W2105872868,W1913957972
W2105872868,W2031028572
W2105872868,W2082704080
W2105872868,W2051782740
W2105874120,W1999478155
W2105874120,W2075860675
W2105874120,W1989589910
W2105874120,W1989668498
W2105921955,W2060809301
W2105921955,W2073122003
W2105921955,W2060590119
W2105921955,W2083029259
W2105921955,W2075673711
W2105921955,W2072500831
W2105921955,W1997065014
W2105921955,W2066131315
W2105921955,W2087712586
W2105921955,W2051782740
W2105921955,W2105924489
W2105921955,W2052130118
W2105921955,W2105092978
W2105921955,W2085525886
W2105921955,W2072923279
W2105924489,W2052130118
W2105924489,W2051782740
W2105924489,W2073122003
W2105924489,W2087712586
W2105924489,W2072500831
W2105924489,W2069985294
W2105924489,W1997065014
W2106036991,W2106053110
W2106036991,W2068767807
W2106036991,W2068588283
W2106036991,W2106070783
W2106036991,W2106080357
W2106036991,W2106090237
W2106036991,W2068375361
W2106036991,W2068849277
W2106036991,W2106246537
W2106036991,W2106276251
W2106036991,W2060705109
W2106036991,W2106335692
W2106036991,W2038195874
W2106080357,W2106053110
W2106080357,W2068588283
W2106080357,W2130979840
W2106080357,W2068767807
W2106080357,W2106246537
W2106080357,W2106276251
W2106080357,W2106335692
W2106090237,W2106080357
W2106090237,W2106246537
W2106090237,W2106053110
W2116206245,W2114850508
W2130979840,W2130892515
W2130979840,W2068588283
W2130979840,W2106070783
W2130979840,W2068767807
W2130979840,W2068719957
W2130979840,W2068523052
W2130979840,W2068375361
W2130979840,W2131022626
W2130979840,W2131070146
W2130979840,W2068753710
W2130979840,W2131170195
W2130979840,W2068713574
W2106403318,W2016210396
W2106403318,W2096998881
W2106403318,W2021057500
W2106403318,W2053003053
W2106403318,W2081920342
W2106403318,W2052821301
W2106403318,W2082187902
W2106403318,W2106435017
W2106403318,W2106578986
W2106403318,W2053022429
W2106403318,W2106632946
W2106435017,W2052903566
W2106435017,W2096998881
W2106435017,W2052821301
W2106435017,W2016603972
W2106733496,W2055763451
W2106733496,W2052644075
W2106733496,W1980168725
W2106733496,W1979973356
W2106733496,W2031430816
W2106733496,W2106787323
W2106733496,W2101589741
W2106824077,W2008157089
W2106824077,W2053186076
W2106824077,W2008627757
W2106824077,W2052493774
W2106963750,W1497947649
W2106963750,W2033386838
W2106963750,W2004549986
W2107018762,W2107060225
W2107159911,W1994391392
W2107165713,W2000380427
W2107165713,W2085831882
W2107165713,W2037993016
W2107165713,W2028596084
W2107165713,W2096747776
W2107165713,W2033635503
W2107165713,W2083495093
W2107165713,W2083089709
W2107165713,W2053186076
W2107165713,W2028056984
W2107165713,W2000674771
W2107165713,W2107229368
W2107229368,W2009007206
W2107229368,W1885185971
W2107229368,W1569308213
W2107235439,W1969353942
W2107235439,W2103317434
W2107235439,W1960895270
W2107235439,W2088486634
W2107235439,W2088494848
W2107235439,W2088381487
W2107235439,W1978129709
W2107235439,W2107277218
W2107235439,W2070493638
W2107235439,W2042122216
W2107277218,W2171137184
W2107277218,W2088494848
W2107277218,W2088381487
W2107277218,W1960895270
W2107277218,W2088486634
W2107277218,W1985213868
W2107277218,W1994391392
W2107277218,W2070493638
W2107277218,W2060012482
W2107277218,W2042122216
W2171137184,W1960895270
W2107282968,W2104948296
W2107282968,W2107356656
W2107282968,W2098685541
W2107282968,W2082977560
W2107282968,W2040397490
W2107282968,W2072500831
W2107282968,W2075004202
W2107369528,W2018841491
W2107369528,W2107396783
W2107369528,W2086710305
W2107396783,W2141042406
W2107396783,W1619623942
W2141042406,W1482867610
W2107409402,W2099940443
W2107409402,W2077570405
W2107409402,W2107429737
W2107429737,W2171311487
W2107429737,W2150523249
W2107429737,W2099303078
W2107429737,W2104885590
W2107429737,W1969543759
W2107429737,W2001755358
W2107429737,W1970334998
W2107429737,W2099449365
W2107429737,W1981030303
W2107429737,W2100305481
W2107429737,W2104135721
W2107429737,W2061063351
W2107429737,W1994145712
W2107429737,W1559136758
W2107429737,W2104234755
W2171311487,W2150523249
W2171311487,W2001979953
W2150523249,W2113699335
W2107503723,W2107513655
W2107503723,W2019903682
W2107513655,W2164598857
W2107513655,W2123442489
W2107552147,W2107060225
W2107552147,W2107554012
W2107552147,W2107561290
W2107552147,W2099526933
W2107554012,W2107060225
W2107554012,W2209976290
W2107554012,W2107561290
W2107554012,W2099526933
W2209976290,W2107060225
W2209976290,W2107554012
W2209976290,W2107561290
W2209976290,W1966811787
W2209976290,W2099526933
W2107575419,W2107608009
W2107575419,W2107625277
W2107575419,W2105507854
W2107575419,W2107633226
W2107575419,W2107665951
W2107608009,W2038702827
W2107625277,W2010163891
W2107625277,W2126602684
W2107625277,W2140765540
W2107625277,W2135695572
W2107625277,W2140805694
W2107625277,W2012960603
W2107625277,W2010049072
W2107625277,W2017426710
W2107625277,W1603793127
W2107625277,W1993962865
W2107625277,W2099556653
W2107625277,W2026337749
W2107625277,W1994803330
W2107625277,W2031168104
W2107625277,W2028240797
W2107625277,W2027753197
W2107625277,W2009720434
W2107625277,W2054141820
W2107625277,W1994975670
W2107625277,W2038752330
W2107625277,W1996653992
W2107625277,W1996487270
W2107625277,W2008627757
W2107625277,W2016916834
W2107625277,W1973577532
W2107625277,W2010341850
W2126602684,W2122828560
W2126602684,W2010341850
W2126602684,W2010163891
W2126602684,W2125360150
W2126602684,W1971443733
W2126602684,W1979348491
W2126602684,W2009104157
W2126602684,W1996653992
W2107680164,W2073122003
W2107680164,W2067087368
W2107680164,W2042281163
W2107680164,W2051978340
W2107680164,W2102213696
W2107680164,W2031611770
W2107705106,W1946252112
W2107705106,W2076517688
W2107705106,W2075950485
W2107705106,W1982901688
W2107705106,W2078860594
W2107733948,W2087712586
W2107733948,W2072500831
W2107733948,W2061609397
W2107733948,W2102544846
W2107733948,W2061141931
W2107733948,W1995157919
W2107733948,W2060590119
W2107733948,W2052130118
W2107743791,W2067718414
W2107743791,W2102619694
W2107743791,W2073459066
W2107743791,W2061008984
W2107743791,W2072500831
W2107743791,W2061063351
W2107772251,W2107794977
W2107794977,W2058401000
W2107832644,W2107861471
W2107832644,W2107903949
W2107832644,W2107913200
W2107832644,W2107915254
W2107832644,W1986241711
W2107832644,W2065304353
W2107832644,W2039734130
W2107832644,W2107915297
W2107832644,W2100533358
W2107903949,W2126736494
W2107903949,W1005007408
W2107903949,W2123060905
W2107903949,W2119605622
W2107903949,W2134555277
W2107903949,W2065762344
W2119738171,W2107861471
W2119738171,W2119605658
W2119738171,W2119366833
W2119738171,W2107913200
W2119738171,W2119607070
W2119738171,W2118554039
W2119738171,W1580389772
W2107916366,W2085519620
W2107916366,W2052648234
W2107916366,W2062290101
W2107916366,W2072500831
W2107916366,W1997065014
W2107916366,W2092801713
W2107916366,W2045435533
W2107916366,W2105092978
W2107916366,W2061141931
W2107916366,W2072923279
W2107916366,W2104948296
W2107940314,W2107959600
W2107940314,W2059073003
W2107940314,W2108068107
W2107940314,W1574378514
W2107940314,W1590065089
W2107940314,W2090330784
W2107940314,W1996950224
W2107940314,W2009720434
W2107940314,W2054141820
W2107940314,W2026337749
W2107940314,W1994975670
W2107940314,W2006763260
W2107940314,W1482867610
W2107959600,W1994391392
W2108068107,W2059073003
W2108068107,W1996950224
W2108102346,W2100379340
W2108102346,W2108108770
W2108169091,W1791484930
W2108169091,W2086945873
W2108169091,W1966411071
W2108169091,W2062290101
W2108169091,W2072500831
W2108169091,W2060590119
W2108169091,W2087712586
W2108169091,W2073122003
W2108169091,W2085585287
W2108169091,W2055718260
W2108169091,W1997065014
W2108169091,W2052648234
W2108169091,W2083029259
W2108169091,W2085397620
W2108169091,W2104948296
W2108169091,W2060809301
W2108169091,W2085525886
W2108169091,W2072923279
W2108169091,W2105921955
W2108169091,W2052130118
W2108169091,W2103546861
W2108234281,W2108244474
W2108326484,W1005007408
W2108326484,W2002179012
W2108326484,W1996950224
W2108326484,W2000380427
W2108326484,W2001510610
W2108326484,W1810360004
W2108326484,W2075793519
W2108326484,W2058864686
W2108326484,W1603793127
W2108326484,W2025665129
W2108326484,W2059098086
W2108326484,W2053186076
W2108356966,W2101653483
W2108356966,W2088783247
W2108356966,W2104549677
W2108356966,W2008157089
W2108356966,W2108433768
W2108356966,W2088780245
W2108356966,W2085831882
W2108356966,W2106824077
W2108356966,W2033635503
W2108356966,W2052644075
W2108356966,W2047189523
W2108356966,W2053186076
W2108356966,W2008627757
W2108356966,W2052493774
W2108524369,W1995157919
W2108524369,W2100305481
W2108524369,W2104135721
W2108524369,W2085001923
W2108527489,W2072500831
W2108527489,W2087712586
W2108527489,W2102213705
W2108527489,W1977699466
W2108527489,W2061141931
W2108527489,W2052648234
W2108527489,W1990717355
W2108527489,W1650797637
W2108527489,W2074276081
W2108527489,W1995157919
W2108527489,W1997065014
W2108527489,W2085001923
W2108527489,W2102764178
W2108527489,W2083029259
W2108527489,W2072923279
W2108598243,W2095293504
W2108598243,W2098597355
W2108598243,W1590065089
W2108598243,W180836830
W2108598243,W2095259135
W2108598243,W2108664872
W2108598243,W1482867610
W2108664872,W2108244474
W2108664872,W2109627278
W2108664872,W2109364787
W2108664872,W2108234281
W2108664872,W2089051496
W2108664872,W2146272101
W2108664872,W2116782162
W2108664872,W2109943925
W2108664872,W2109305774
W2108664872,W180836830
W2108664872,W1979290264
W2108664872,W1810694562
W2109627278,W2144137532
W2109627278,W2108244474
W2109627278,W1994975670
W2109627278,W2108108770
W2109627278,W2052493774
W2109627278,W2097601813
W2109364787,W2108744281
W2109364787,W2063264144
W2109364787,W2109305774
W2109364787,W2051159954
W2109364787,W2030517878
W2109364787,W2026337749
W2109364787,W1994803330
W2109364787,W2037993016
W2109364787,W2008157089
W2109364787,W2015416439
W2109364787,W1810360004
W2109364787,W2097601813
W2146272101,W2144311540
W2146272101,W2108234281
W2146272101,W2116782162
W2146272101,W2109943925
W2146272101,W2110899053
W2116782162,W2116864112
W2116782162,W2108744281
W2109943925,W2116782162
W2109943925,W2109305774
W2109943925,W1810694562
W2109943925,W2016916834
W2109943925,W2109816625
W2109305774,W2108744281
W2109305774,W2144137532
W2109305774,W2116782162
W2108686678,W2030628997
W2108686678,W2108696783
W2108718991,W2108744281
W2108787198,W2014918593
W2108787198,W2108886061
W2108787198,W2078792724
W2108787198,W2078646756
W2108787198,W2064963539
W2108787198,W2100533358
W2108787198,W2098597355
W2108787198,W2100379340
W2108787198,W2104830962
W2108787198,W2066459710
W2108787198,W2066375491
W2108886061,W2078517784
W2108886061,W1560020441
W2108886061,W2067404301
W2108886061,W2095345231
W2108886061,W2084530896
W2108886061,W1619623942
W2108886061,W2057433097
W2108921801,W2087712586
W2108921801,W2085519620
W2108921801,W2104933073
W2108921801,W2072500831
W2108921801,W2085585287
W2108921801,W2055718260
W2108921801,W2061141931
W2108921801,W2072923279
W2108929776,W2101675075
W2108929776,W2055695879
W2109006150,W2073742622
W2109006150,W2109006689
W2116236561,W1531935167
W2109031474,W2073122003
W2109031474,W2060590119
W2109031474,W2087712586
W2109031474,W2072500831
W2109031474,W1995157919
W2109031474,W2085585287
W2109031474,W2104726963
W2109031474,W2072923279
W2109031474,W2009313526
W2109031474,W2052130118
W2109034822,W2098597355
W2109034822,W2109154308
W2109034822,W2095345231
W2109034822,W2100533358
W2109034822,W2060891246
W2109034822,W2000998192
W2109034822,W2109184569
W2109034822,W2109252556
W2109034822,W1482867610
W2109034822,W1619623942
W2109154308,W1996950224
W2109154308,W2000380427
W2109154308,W2022085321
W2109154308,W2037993016
W2109154308,W2123487311
W2109154308,W2083735459
W2109154308,W2061820396
W2109154308,W2052493774
W2109252556,W2137169911
W2109252556,W2105321265
W2109252556,W2098597355
W2109252556,W2077327925
W2109252556,W2100739170
W2137169911,W2077330278
W2137169911,W2106053110
W2137169911,W2016660511
W2137169911,W2096522898
W2137169911,W2096465161
W2137169911,W2078860594
W2137169911,W2106335692
W2137169911,W1482867610
W2109255472,W2109305774
W2109255472,W2109364787
W2109255472,W2109627278
W2109255472,W2109628725
W2109255472,W2109816625
W2109255472,W2109920192
W2109255472,W2108664872
W2109255472,W2109943925
W2109255472,W1979260070
W2109255472,W1810694562
W2109255472,W1979290264
W2109628725,W2136145485
W2109628725,W1999478182
W2109628725,W2108744281
W2109628725,W2007049610
W2109628725,W2095259135
W2109628725,W2116864112
W2109628725,W2109816625
W2109628725,W2116782162
W2109628725,W2104718076
W2109628725,W2089051496
W2109628725,W2109943925
W2109628725,W2108664872
W2109628725,W2144137532
W2109628725,W2099784075
W2109628725,W2109305774
W2109816625,W2116782162
W2109816625,W2109305774
W2109816625,W2109943925
W2109920192,W2108244474
W2109920192,W2108718991
W2109920192,W2144182447
W2109920192,W2096747776
W2109920192,W2116782162
W2109920192,W2109305774
W2144137532,W2108744281
W2136145485,W1971443733
W2136145485,W2031028572
W2136145485,W2037993016
W2136145485,W2015416439
W2136145485,W2008426812
W2136145485,W2008435261
W2136145485,W2025665129
W2136145485,W1590065089
W2136145485,W2058662258
W2136145485,W1980740976
W2144182447,W2116864112
W2144182447,W2108744281
W2144182447,W2116782162
W2109948920,W2082977560
W2109948920,W2109972881
W2109948920,W2096128575
W2109948920,W1995157919
W2109948920,W2082667898
W2109948920,W1990717355
W2109948920,W2060590119
W2109948920,W2082704080
W2109948920,W2072500831
W2109948920,W1494075612
W2109948920,W1497843627
W2109948920,W2085001923
W2109948920,W2052130118
W2109948920,W2096166399
W2109948920,W1631356911
W2109972881,W1970327765
W2109972881,W2082704080
W2109972881,W2085093563
W2109972881,W2040397490
W2109972881,W2052130118
W2109972881,W2060590119
W2109972881,W2052648234
W2109972881,W2056795330
W2109972881,W2072500831
W2109972881,W2072923279
W2109972881,W2085001923
W2109972881,W2014166972
W2109972881,W2082291024
W2109972881,W2096128575
W2109972881,W2082429191
W2109972881,W2104135721
W2110013894,W2110015307
W2110013894,W2110035718
W2110013894,W2093141926
W2110013894,W2092929703
W2110013894,W2092868756
W2110013894,W2070614858
W2110013894,W2038195874
W2110013894,W2032518018
W2110013894,W2039786475
W2110013894,W2092645526
W2110013894,W1995274825
W2110013894,W2110052313
W2110013894,W2110098148
W2110015307,W2092645526
W2110015307,W2092939357
W2110015307,W2093044565
W2110015307,W2092929703
W2110015307,W2093027911
W2110015307,W2028979275
W2110015307,W2039734130
W2110015307,W2040085089
W2110015307,W2131726714
W2110015307,W2093575882
W2110015307,W2040031153
W2110015307,W2093141926
W2110015307,W2031553845
W2110015307,W1984883254
W2110035718,W2092645526
W2110035718,W2092929703
W2110035718,W2131726714
W2110035718,W2041311241
W2110052313,W2135782871
W2110052313,W2132914434
W2110052313,W2140946052
W2110052313,W1976985160
W2110052313,W2093044565
W2110052313,W2092939357
W2110052313,W2093141926
W2110052313,W2140484936
W2110052313,W2070614858
W2110052313,W2129623720
W2110052313,W2031489346
W2110052313,W2138631674
W2110052313,W2093027911
W2110052313,W2105397247
W2110052313,W1596936787
W2110098148,W2100117826
W2110098148,W2132764286
W2110098148,W2137586531
W2110098148,W2075294566
W2110098148,W2140199336
W2110098148,W2066122301
W2110098148,W2123649031
W2110098148,W2131854704
W2110098148,W2057175746
W2110098148,W2001510610
W2110098148,W2100239923
W2110098148,W2100130392
W2110098148,W2096522898
W2110098148,W2101749257
W2110098148,W2136609531
W2110098148,W2134539328
W2110098148,W2105381419
W2110098148,W2030946379
W2110098148,W2132022337
W2140946052,W2134539878
W2140946052,W2134539328
W2140946052,W2132755931
W2140946052,W2135810600
W2140946052,W1951724000
W2140484936,W2132755931
W2140484936,W2100117826
W2140484936,W2137340504
W2140484936,W2132914434
W2140484936,W2134539328
W2140484936,W2135782871
W2140484936,W2101870168
W2140484936,W2134539878
W2140484936,W2135810600
W2138631674,W2100117826
W2138631674,W2101846955
W2138631674,W2026616100
W2138631674,W2132755931
W2138631674,W2129917444
W2138631674,W2053911973
W2138631674,W2136408596
W2138631674,W2092929703
W2138631674,W2134539328
W2138631674,W2132616700
W2138631674,W2093044565
W2138631674,W2132914434
W2138631674,W2135810600
W2138631674,W2134539878
W2138631674,W2135782871
W2138631674,W2041311241
W2138631674,W2027404493
W2137586531,W2070614858
W2137586531,W2100239923
W2137586531,W2038963685
W2137586531,W2038783205
W2137586531,W2039348932
W2137586531,W2039469634
W2137586531,W2070722739
W2137586531,W2060891246
W2137586531,W2071510336
W2137586531,W2137526110
W2137586531,W2071841602
W2140199336,W2169678694
W2136609531,W2129623720
W2136609531,W2039348932
W2136609531,W2100117826
W2136609531,W2100239923
W2136609531,W2024726841
W2136609531,W1994975670
W2136609531,W1988037271
W2136609531,W2100130392
W2136609531,W2028979275
W2136609531,W2071592915
W2136609531,W2071841602
W2132022337,W2002311592
W2110158442,W1973577532
W2110158442,W2110179017
W2110158442,W1971445485
W2110158442,W2110208125
W2110158442,W2110235509
W2110158442,W2110256992
W2110158442,W2110283120
W2110158442,W2003555872
W2110158442,W1552055731
W2110208125,W2011301426
W2110208125,W1551533759
W2110208125,W1971445485
W2110235509,W2003618511
W2110235509,W2003555872
W2110235509,W2003342633
W2110235509,W2110256992
W2110235509,W2110208125
W2110256992,W2003342633
W2110256992,W2003397144
W2110256992,W2003555872
W2110256992,W2003618511
W2110256992,W1997188340
W2110256992,W1860063347
W2110256992,W1858542512
W2110256992,W2126736494
W2110300022,W2108244474
W2110300022,W2108234281
W2110300022,W2108718991
W2110335151,W2011472471
W2110335151,W2011759111
W2110335151,W2073332363
W2110375946,W1977617315
W2110375946,W2100305481
W2110375946,W2081334206
W2110389012,W2045197688
W2110389012,W1951564719
W2110389012,W2045030989
W2110389012,W2089632738
W2110406941,W2087712586
W2110406941,W2107916366
W2110406941,W1995157919
W2110406941,W2072500831
W2110406941,W2108169091
W2110416771,W2095197847
W2110416771,W2094939159
W2110416771,W2110506823
W2110416771,W2110533085
W2110416771,W2110559753
W2110416771,W2031675844
W2110533085,W2110559753
W2110659496,W1990646419
W2110664940,W2015556811
W2110664940,W2008641894
W2110699703,W2108244474
W2110699703,W1519633296
W2110755408,W2104726963
W2110755408,W2107916366
W2110755408,W2074276081
W2110755408,W2075004202
W2110755408,W2098685541
W2110755408,W2086945873
W2110755408,W2072500831
W2110755408,W2110808180
W2110755408,W2087712586
W2110755408,W2060590119
W2110755408,W2104948296
W2110755408,W2104933073
W2110755408,W2072923279
W2110755408,W2083029259
W2110755408,W2052130118
W2110808180,W2074276081
W2110808180,W2092801713
W2110808180,W2072500831
W2110808180,W2083029259
W2110808180,W2086945873
W2110808180,W2104726963
W2110835349,W2110888553
W2110835349,W2108234281
W2110835349,W2110899053
W2110888553,W2108234281
W2110888553,W2108244474
W2110888553,W2110899053
W2110905563,W2072500831
W2110905563,W1995157919
W2110905563,W2085585287
W2110905563,W2072923279
W2110905563,W2052130118
W2110953678,W2110699703
W2110999179,W2072923279
W2110999179,W2104933073
W2110999179,W2085519620
W2110999179,W2111003787
W2111003787,W2087712586
W2111003787,W2072500831
W2111003787,W2085519620
W2111003787,W2052648234
W2111003787,W2061141931
W2111003787,W2263206910
W2111003787,W2105092978
W2111003787,W2097811455
W2111003787,W2072923279
W2263206910,W2009543464
W2263206910,W1524333225
W2263206910,W2074276081
W2263206910,W2082432933
W2263206910,W2052648234
W2263206910,W2072500831
W2263206910,W2029604816
W2263206910,W2083029259
W2263206910,W2093267972
W2263206910,W2086945873
W2111072639,W2108744281
W2111211467,W2026277606
W2111211467,W1977212456
W2111211467,W2072500831
W2111211467,W2082291024
W2111211467,W2097308346
W2111211467,W2013674306
W2111211467,W1991330646
W2111211467,W2105685140
W2111211467,W2100305481
W2111211467,W1984883254
W2111271983,W2111464173
W2111271983,W2009435671
W2111271983,W2072500831
W2111558694,W1996392459
W2111558694,W1963841973
W2111558694,W2111619626
W2111558694,W2111635289
W2111558694,W1956340063
W2111558694,W1996293917
W2111619626,W1996392459
W2111647009,W1484347389
W2111647009,W2111663113
W2111647009,W2111684210
W2111647009,W1971443733
W2111647009,W1514540900
W2111647009,W2111841011
W2111663113,W1543891416
W2111663113,W2119799171
W2111663113,W2061820396
W2111663113,W2015053255
W2111663113,W1994975670
W2111663113,W1994803330
W2111663113,W2007110604
W2111663113,W1924064069
W2111663113,W2015522309
W2111663113,W1988195734
W2111663113,W2026570544
W2111663113,W2061438946
W2111663113,W2061680337
W2111663113,W2095345231
W2111663113,W2022085321
W2111663113,W2126736494
W2111663113,W2075702351
W2111663113,W1985007599
W2111663113,W2053911973
W2111663113,W2025371271
W2111663113,W2023655578
W2111663113,W2051159954
W2111663113,W2026337749
W2111663113,W2104549677
W2111663113,W2100668965
W2111663113,W2008627757
W2111663113,W2083089709
W2111663113,W2129760210
W2111663113,W2026616100
W2111663113,W2079300606
W2111663113,W1909100498
W2111663113,W2125303562
W2111663113,W2125213524
W2111663113,W2001510610
W2111663113,W1619623942
W2111663113,W1972923945
W2111684210,W2027672471
W2111841011,W2057327293
W2111841011,W2001510610
W2129760210,W2125303562
W2129760210,W2104548316
W2129760210,W2067404301
W2129760210,W2129163149
W2129760210,W2001544973
W2129760210,W2126473499
W2129760210,W2008157089
W2125303562,W2119799171
W2111947859,W2063632665
W2111947859,W2063866856
W2111947859,W2063923547
W2111947859,W2073141004
W2111947859,W2111967267
W2111947859,W2093760700
W2112042732,W1560020441
W2112042732,W2112078820
W2112042732,W2112084935
W2112042732,W2097308346
W2112042732,W2112101570
W2112042732,W2044591029
W2112042732,W2064165694
W2112042732,W2098432852
W2112078820,W2097224090
W2112078820,W2059205366
W2112078820,W2140484936
W2112078820,W2112084935
W2112078820,W2097233439
W2112078820,W2061438946
W2112078820,W2053219565
W2112078820,W2064165694
W2112078820,W2095833674
W2112078820,W1994803330
W2112078820,W2016709145
W2112078820,W2044387082
W2112078820,W2021530952
W2112078820,W2075702351
W2112078820,W2097208041
W2112084935,W2134783591
W2112084935,W2039240409
W2112084935,W2021591445
W2112084935,W2038195874
W2112084935,W2006959528
W2112084935,W2059205366
W2112084935,W2093575882
W2112084935,W2044387082
W2112084935,W2032285541
W2112101570,W2135836598
W2112101570,W2097308346
W2112101570,W2063978378
W2112101570,W2103948957
W2112101570,W2087484885
W2135836598,W2027254180
W2135836598,W1005007408
W2135836598,W1996950224
W2135836598,W2030330123
W2135836598,W2028979275
W2135836598,W2031553845
W2112113834,W1590065089
W2112113834,W2072500831
W2112113834,W2058662258
W2112113834,W2058835062
W2112113834,W1994280428
W2112113834,W2051782740
W2112148277,W2096829520
W2112148277,W2064319190
W2112148277,W2066991705
W2112148277,W1994391392
W2112181056,W2112192177
W2112181056,W1982627164
W2112181056,W1517555081
W2112181056,W2054109341
W2112181056,W2004958771
W2112181056,W2006617902
W2112181056,W1966910378
W2164004777,W1531643369
W2164004777,W1517555081
W2164004777,W1515023627
W2112315008,W1969360633
W2112315008,W1969353942
W2112315008,W2087786585
W2112316706,W2108234281
W2112364185,W2112615110
W2112364185,W2072500831
W2112364185,W1995157919
W2112665591,W2110888553
W2112665591,W2108234281
W2112665591,W1991538680
W2112665591,W1887624773
W2112665591,W2110699703
W2112665591,W2112669742
W2112665591,W2060259273
W2112665591,W2112680994
W2112665591,W1951724000
W2112775986,W2112776483
W2112775986,W2015593224
W2112775986,W2074307717
W2112775986,W2112863519
W2112775986,W2112866067
W2112775986,W2112931509
W2112775986,W2112998801
W2112775986,W2113137767
W2112775986,W2113162751
W2112775986,W2113168655
W2112775986,W2015914378
W2112776483,W1965464747
W2112776483,W1966078827
W2112776483,W1966107523
W2112776483,W1989083100
W2112863519,W2045119680
W2112863519,W2112776483
W2112863519,W2016006311
W2112863519,W2017871657
W2112866067,W2152121970
W2112866067,W2112776483
W2112866067,W2801361050
W2112866067,W2017840637
W2112866067,W2112863519
W2112866067,W2112931509
W2112866067,W2017871657
W2112866067,W2262414037
W2112866067,W2154455818
W2112866067,W2017559255
W2112866067,W1989083100
W2112931509,W2091705028
W2112998801,W2015593224
W2112998801,W2774320778
W2112998801,W2909055311
W2112998801,W2605810679
W2112998801,W2736456658
W2112998801,W2112866067
W2112998801,W2113137767
W2112998801,W2017871657
W2112998801,W2149612368
W2112998801,W2154431984
W2112998801,W2262414037
W2112998801,W2521967673
W2112998801,W2015914378
W2112998801,W2017559255
W2113137767,W2564178799
W2113137767,W2409671300
W2113137767,W2262414037
W2113137767,W1965464747
W2113137767,W2017559255
W2113137767,W1966107523
W2113137767,W2004548026
W2113162751,W2160337655
W2113168655,W2074307717
W2113168655,W2160544821
W2113168655,W2017875658
W2113168655,W2154431984
W2113168655,W2017919052
W2113168655,W2160085528
W2113168655,W2074932610
W2113168655,W2160051211
W2113168655,W2017559255
W2113168655,W2074986801
W2113168655,W2160547390
W2113168655,W2004548026
W2801361050,W2800392236
W2801361050,W2124879124
W2801361050,W2017840637
W2801361050,W2344328155
W2801361050,W2017871657
W2801361050,W2015834247
W2801361050,W2017875658
W2801361050,W2424778531
W2801361050,W2544360569
W2801361050,W2343457024
W2801361050,W2772803673
W2262414037,W2045119680
W2262414037,W2605810679
W2262414037,W1966107523
W2262414037,W2607129810
W2262414037,W2004548026
W2262414037,W1966238900
W2774320778,W2409671300
W2774320778,W2736456658
W2774320778,W2166171121
W2774320778,W1966078827
W2774320778,W2004548026
W2909055311,W2113137767
W2909055311,W2559732081
W2909055311,W2605810679
W2909055311,W2015593224
W2909055311,W2015688756
W2909055311,W1966107523
W2909055311,W2154431984
W2909055311,W2017875658
W2909055311,W2074726646
W2909055311,W2004548026
W2909055311,W2148251644
W2605810679,W2045119680
W2605810679,W2559732081
W2605810679,W1966107523
W2605810679,W1966238900
W2605810679,W2607129810
W2605810679,W2004548026
W2736456658,W2045119680
W2736456658,W2521967673
W2736456658,W2004548026
W2736456658,W2150399639
W2149612368,W2149573463
W2149612368,W2149908785
W2149612368,W2164449327
W2564178799,W2344328155
W2564178799,W1966107523
W2160544821,W2017875658
W2160544821,W2736456658
W2160544821,W2017559255
W2160544821,W2154431984
W2160051211,W2017919052
W2160051211,W2160085528
W2160051211,W2113168655
W2160051211,W2017559255
W2160051211,W2074986801
W2160051211,W2074932610
W2160051211,W2108696783
W2160051211,W2074307717
W2113297575,W1969360633
W2113297575,W1969353942
W2113297575,W2113373290
W2113297575,W2113410727
W2113297575,W2113521108
W2113297575,W1985213868
W2113297575,W2110283120
W2113297575,W2054455698
W2113297575,W1990221500
W2113297575,W1978129709
W2113297575,W2042122216
W2113297575,W2110179017
W2113410727,W2113521108
W2113537253,W2085865532
W2113537253,W2085934079
W2113537253,W2113583180
W2113537253,W2113601822
W2113601822,W1987431381
W2113601822,W2037766564
W2113679889,W1985987855
W2113679889,W1956280464
W2113679889,W2095197847
W2113679889,W2059175769
W2113679889,W2113699335
W2113679889,W2113784410
W2113679889,W2094939159
W2113679889,W2036670520
W2113679889,W2007339694
W2113679889,W1989703096
W2113942802,W1995047010
W2113942802,W2113951488
W2113942802,W2113977541
W2113942802,W2092170177
W2113942802,W2061820396
W2113942802,W2091922579
W2113942802,W2047744778
W2113942802,W2113991966
W2113942802,W2032047304
W2113951488,W1484347389
W2113951488,W1485504984
W2113951488,W1928750549
W2113951488,W1543891416
W2113951488,W2006970256
W2113951488,W1995047010
W2113951488,W2021591445
W2113951488,W2097073572
W2113951488,W2092170177
W2113951488,W2091922579
W2113951488,W2047744778
W2113951488,W2096465161
W2113951488,W2061820396
W2113951488,W2098627306
W2113951488,W2133870991
W2113991966,W2092170177
W2113991966,W2041711461
W2113991966,W2091922579
W2113991966,W2061820396
W2133870991,W2016660511
W2133870991,W2028979275
W2133870991,W2016709145
W2133870991,W1525197209
W2133870991,W1994803330
W2133870991,W2130091784
W2114003275,W2026616100
W2114003275,W2041711461
W2114003275,W2061438946
W2114003275,W1994803330
W2114003275,W2107633226
W2114003275,W2076361525
W2114031931,W2102166818
W2114031931,W2102182691
W2114031931,W2019851585
W2114031931,W2095705004
W2114031931,W2106371033
W2114031931,W2106391833
W2114053580,W2080376276
W2114053580,W2087160026
W2114056667,W2032866243
W2114056667,W2114104545
W2114056667,W2052130118
W2114056667,W2003984225
W2114104545,W1970010130
W2114104545,W2022353023
W2114104545,W1969543759
W2114104545,W2022423925
W2114104729,W2114118829
W2114104729,W2108234281
W2114104729,W2110699703
W2114104729,W2112665591
W2114104729,W2033002423
W2114104729,W1991538680
W2114104729,W2114153151
W2114104729,W1951724000
W2114118829,W2110888553
W2114118829,W2108234281
W2114118829,W2108244474
W2114367386,W1568201516
W2114524997,W2036193982
W2114570899,W2114623221
W2115462905,W2115579991
W2115462905,W2115603949
W2116305749,W1543891416
W2116323796,W2114392707
W2116334496,W2116341502
W2116464510,W2114850508
W2116507044,W2116512828
W2116585889,W2114850508
W2116585889,W1600897084
W2116585889,W1601795611
W2116753165,W1608762409
W2116753165,W1608836379
W2116753165,W1609491364
W2116895571,W1543891416
W2116895571,W1966750682
W2116895571,W2116950002
W2116950002,W1019830208
W2116950002,W1484347389
W2116950002,W1485504984
W2116950002,W1543891416
W2117130368,W2116634113
W2117248802,W1531935167
W2117248802,W2116236561
W2117340355,W2117446594
W2117457769,W2117513178
W2117535423,W2115701239
W2117539524,W2115988342
W2117539524,W2116041602
W2117553576,W2117663940
W2117706739,W2115988342
W2117706739,W2117734893
W2117706739,W2117756735
W2117706739,W2056370875
W2117734893,W2117706739
W2117734893,W2117756735
W2117734893,W2056370875
W2117757143,W1590065089
W2117977572,W2117991391
W2117977572,W2118151336
W2118233996,W1607931568
W2118233996,W2116753165
W2118258530,W1504702575
W2118338381,W2115706991
W2118412746,W2114892242
W2118412746,W1733387413
W2118412746,W2114983539
W2118412746,W2115093090
W2118412746,W1747388711
W2118412746,W1760829075
W2118412746,W1761052593
W2118412746,W2117087906
W2118412746,W1727659491
W2118471749,W2116064496
W2118471749,W1747388711
W2118471749,W1760829075
W2118471749,W1761052593
W2118471749,W1749494163
W2118471749,W2116950002
W2118550318,W1983150389
W2118550318,W2043402970
W2118550318,W2115098571
W2118550318,W2114795157
W2118720098,W2118831097
W2118720098,W2118836230
W2118720098,W2118858814
W2118720098,W2118863192
W2118831097,W2116512828
W2118831097,W2118863192
W2118836230,W2118831097
W2118836230,W2118863192
W2118978333,W1543891416
W2119006714,W2119007429
W2119160928,W2119175727
W2119160928,W2116206245
W2119180969,W1525197209
W2119180969,W1924064069
W2119180969,W1525882651
W2119180969,W1928750549
W2119205648,W1999746344
W2119267663,W2117087906
W2119267663,W2115093090
W2119267663,W2114892242
W2119267663,W1761653152
W2119267663,W2119279196
W2119279196,W1733387413
W2119279196,W1747388711
W2119279196,W1760829075
W2119279196,W1761052593
W2119279196,W2117087906
W2119279196,W2119267663
W2119298903,W2114892242
W2119298903,W2117087906
W2119298903,W2114883075
W2119298903,W2114891756
W2119362018,W2116464510
W2119366833,W2107861471
W2119366833,W1761653152
W2119366833,W2116064496
W2119366833,W2119412782
W2119366833,W2116634113
W2119366833,W2117834225
W2119366833,W1760829075
W2119366833,W1976881265
W2119366833,W1749494163
W2119366833,W1531935167
W2119412782,W2116064496
W2119412782,W2118471749
W2119412782,W1733387413
W2119412782,W1747388711
W2119412782,W1749494163
W2119412782,W1760829075
W2119412782,W1761052593
W2119412782,W1727659491
W2119412782,W1761653152
W2119444539,W2117977572
W2119444539,W2118151336
W2119605658,W2117087906
W2119605658,W2114892242
W2119605658,W2107861471
W2119605658,W1733387413
W2119605658,W1600897084
W2119605658,W2118471749
W2119605658,W2116064496
W2119605658,W1601795611
W2119667497,W2116064496
W2119667497,W2118471749
W2119667497,W1952026831
W2119667497,W2025768430
W2119667497,W1727659491
W2119667497,W2119607070
W2119667497,W2118554039
W2119667497,W2119412782
W2119731464,W1568201516
W2119731464,W1678356000
W2119731464,W2117131162
W2119731464,W1677182931
W2119731464,W1566825895
W2119888547,W1487531252
W2120043163,W2116064496
W2120043163,W2118471749
W2120043163,W2119412782
W2120043163,W2107913200
W2120043163,W2119607070
W2120043163,W2118554039
W2120043163,W2119605658
W2120145199,W2115603949
W2120160157,W2118720098
W2120160157,W2115462905
W2120244994,W1907702319
W2120244994,W1594032928
W2120244994,W1544923801
W2120244994,W2118246710
W2120244994,W2120321951
W2120244994,W2118978333
W2120244994,W1908991493
W2120390927,W2120456037
W2120390927,W2118921617
W2120496201,W2117779820
W2120496201,W2117801354
W2120496201,W1966334841
W2120496201,W1832693441
W2120503144,W1984190418
W2120503144,W1909359706
W2120572492,W2116634113
W2120572492,W2117130368
W2120572492,W2117834225
W2120575449,W2119642490
W2120575449,W2117706739
W2120575449,W2120700469
W2120575449,W2117734893
W2120575449,W2117756735
W2120700991,W2120772351
W2120865735,W2120902911
W2120865735,W2121001699
W2120865735,W2121005211
W2120865735,W2121022470
W2120865735,W1607931568
W2120865735,W2116753165
W2120865735,W2121025662
W2121001699,W2120902911
W2121001699,W2115247641
W2121005211,W2120902911
W2121022470,W1607931568
W2121022470,W2116753165
W2121022470,W1608762409
W2121022470,W2147880316
W2121025662,W2121001699
W2121025662,W2120902911
W2121025662,W2121005211
W2121025662,W2115247641
W2147880316,W1607931568
W2147880316,W2118233996
W2147880316,W2127847431
W2147880316,W1608762409
W2121055398,W2117834225
W2121055398,W2121058967
W2121055398,W2117130368
W2121091193,W2116064496
W2121091193,W2119605658
W2121091193,W2119366833
W2121091193,W2119667497
W2121091193,W2119412782
W2121091193,W2120043163
W2121091193,W1600897084
W2121091193,W1952026831
W2121091193,W1601795611
W2121091193,W2121158863
W2121158863,W2116064496
W2121158863,W2118471749
W2121158863,W2119605658
W2121158863,W2119667497
W2121158863,W2118554039
W2121158863,W2119412782
W2121158863,W2119607070
W2121158863,W1747388711
W2121158863,W1760829075
W2121158863,W1761052593
W2121158863,W2117087906
W2121158863,W1727659491
W2121158863,W2119366833
W2121158863,W1596936787
W2121158863,W2121091193
W2121175754,W2120865735
W2121175754,W2121022470
W2121175754,W2121001699
W2121175754,W2120902911
W2121175754,W2121180999
W2121175754,W2121005211
W2121175754,W2118421222
W2121175754,W2121211805
W2121175754,W2115247641
W2121175754,W2121025662
W2121180999,W2121001699
W2121180999,W2121005211
W2121180999,W2120902911
W2121180999,W2121022470
W2121180999,W2121025662
W2121282904,W1966327575
W2121282904,W1587875569
W2121282904,W1810360004
W2121282904,W1514707913
W2121282904,W1966334841
W2121282904,W2121393448
W2121282904,W1590065089
W2121282904,W1966272358
W2121282904,W2058835062
W2121282904,W1994280428
W2121282904,W1107917109
W2121393448,W1590065089
W2121519719,W2107861471
W2121519719,W2119279196
W2121519719,W2118412746
W2121519719,W1733387413
W2121519719,W2118471749
W2121519719,W2119366833
W2121519719,W2119605658
W2121519719,W1727659491
W2121519719,W2118554039
W2121519719,W2119605622
W2121519719,W2119607070
W2121656227,W2118720098
W2121656227,W2118831097
W2121656227,W2120160157
W2121656227,W2118858814
W2121671360,W2056499061
W2121690346,W2121745948
W2121690346,W2117340355
W2121690346,W2121748291
W2121837178,W2121863487
W2121863487,W2121837178
W2121863487,W2124351162
W2121863487,W2124662474
W2121863487,W2124679671
W2124351162,W2124362779
W2124662474,W2124362779
W2124662474,W2127322768
W2124662474,W2124351162
W2121958618,W2020155291
W2121981479,W2066286996
W2121981479,W1984068087
W2121981479,W1984412649
W2122082385,W2122367477
W2122367477,W2116341502
W2122427541,W1577231857
W2122463941,W1678356000
W2122463941,W1677182931
W2122463941,W1568201516
W2122463941,W2120474334
W2122463941,W1986322390
W2122463941,W1986252415
W2122463941,W2004293194
W2122463941,W1670573097
W2122463941,W1503900815
W2122511023,W1984190418
W2122511023,W2120503144
W2122511023,W1988163167
W2122574093,W2119642490
W2122574093,W2120700469
W2122574093,W2122582889
W2122574093,W2120575449
W2122582889,W2117756735
W2122582889,W2120575449
W2122582889,W2117734893
W2122582889,W2117706739
W2122598723,W2119607070
W2122613799,W2122582889
W2122613799,W2120575449
W2122613799,W2015113370
W2122732537,W2121606987
W2122825543,W2116507044
W2122825721,W2117977572
W2122838852,W2148260760
W2123376091,W1986252415
W2123376091,W1005007408
W2123376091,W1966327575
W2123388186,W2116634113
W2123388186,W2120572492
W2123388186,W2123411711
W2123388186,W2121606987
W2123388186,W2119888547
W2123388186,W2121607567
W2123388186,W2117834225
W2123388186,W1976985160
W2123411711,W2116634113
W2123411711,W2117834225
W2123411711,W2117130368
W2123431154,W2118151336
W2123431154,W2119444539
W2123431154,W2117977572
W2123431154,W2117991391
W2123431154,W2123442489
W2123491442,W2123510746
W2123638813,W2119888547
W2123768693,W2119910794
W2123768693,W1587875569
W2123768693,W1107917109
W2123855284,W2122828560
W2123855284,W2123871098
W2123855284,W2123879591
W2123871098,W2123879591
W2123921160,W2123981120
W2123921160,W2123998733
W2124020140,W2116634113
W2124020140,W2123411711
W2124020140,W2118921617
W2124020140,W2121606987
W2124020140,W2121607567
W2124020140,W2117834225
W2124026197,W2120575449
W2124026197,W2122582889
W2124026197,W2122574093
W2124026197,W2122613799
W2124281279,W2119366833
W2124281279,W1985148570
W2124281279,W2123060905
W2124281279,W2122598723
W2124362779,W2126504590
W2124362779,W2120474334
W2124404372,W2124351162
W2124404372,W2124362779
W2124459709,W2122598723
W2124563089,W2000589976
W2124563089,W1568390176
W2124563089,W1514707913
W2124563089,W1904914631
W2124565737,W1985148570
W2124565737,W2121091193
W2124565737,W2124281279
W2124608034,W1988195734
W2124608034,W2044609898
W2124608034,W1525882651
W2124614231,W2107913200
W2124614231,W2118885226
W2124614231,W2119366833
W2124614231,W1868559974
W2124637492,W2117706739
W2124637492,W2124649657
W2124696785,W1611419331
W2124799197,W2123998733
W2124799197,W2010699829
W2124821727,W2124879124
W2124821727,W2049813215
W2124821727,W2124884000
W2124821727,W2122828560
W2124898423,W2116464510
W2124940469,W2012986985
W2124940469,W1972673502
W2124940469,W1214056855
W2124940469,W1950829641
W2124940469,W1984670836
W2124940469,W1962572544
W2124940469,W2012960603
W2124967403,W2124985265
W2124967403,W2125053394
W2125065061,W2121745948
W2125065061,W2125092464
W2125065061,W2123510746
W2125065061,W2123491442
W2125065061,W2103948957
W2125102738,W2122732537
W2125102738,W2123510746
W2125121305,W1603746823
W2125121305,W2121927366
W2125121305,W2116753165
W2125121305,W1607931568
W2125121305,W1984671422
W2125121305,W2121175754
W2125121305,W2120902911
W2125121305,W2010181898
W2125121305,W2121180999
W2125121305,W2120517672
W2125121305,W2120831645
W2125121305,W2121025662
W2125188192,W1933349210
W2125346198,W2116593735
W2125346198,W2120700991
W2138442302,W2147806662
W2138442302,W2147804965
W2138442302,W2147993766
W2125382680,W2122574093
W2125382680,W2122613799
W2125382680,W2124026197
W2125454074,W2123998733
W2125784987,W2122855609
W2125784987,W1670573097
W2125784987,W2010181898
W2125784987,W2118421222
W2125784987,W2120834437
W2125826054,W1996746229
W2125826054,W2010143351
W2125826054,W1996700726
W2125826054,W1970672417
W2125826054,W1979348491
W2125826054,W1767470961
W2125826054,W2120831645
W2125826054,W1987431381
W2125826054,W1993962865
W2125899728,W1544923801
W2125899728,W2120321951
W2125899728,W1544875105
W2125948619,W2120700991
W2125987139,W2121656227
W2125987139,W2118720098
W2125987139,W2120160157
W2126049444,W2120517672
W2126049444,W2122855609
W2126049444,W1996746229
W2126049444,W2120831645
W2126049444,W2028302194
W2126049444,W2126105956
W2126105956,W1858542512
W2126129668,W2124967403
W2126129668,W2124985265
W2126129668,W2126154792
W2126154792,W2130305733
W2126154792,W2121748291
W2126154792,W2130256070
W2130305733,W2117663940
W2130256070,W2117663940
W2126376871,W2119910794
W2126376871,W2032254014
W2126376871,W2123301721
W2126376871,W2125910575
W2126376871,W2041383474
W2126376871,W1005007408
W2126419817,W2117663940
W2126473499,W2125303562
W2126473499,W1994028888
W2126473499,W2001544973
W2126473499,W2001510610
W2126473499,W1924064069
W2126473499,W1810360004
W2126473499,W1994959046
W2126479957,W2126504590
W2126479957,W2124351162
W2126479957,W2124404372
W2126693856,W2124166542
W2126693856,W2119298903
W2126693856,W2107913200
W2126693856,W2119738171
W2126693856,W2107915254
W2126693856,W1986241711
W2126693856,W2030617758
W2126693856,W2123136623
W2126693856,W1994823455
W2126693856,W2000982976
W2126817554,W2125121305
W2126817554,W2122855609
W2126840412,W2126851387
W2126840412,W2126902408
W2126840412,W2126902508
W2126902408,W2056499061
W2126930838,W2125910575
W2126930838,W2123301721
W2126930838,W1983183519
W2126930838,W2123343298
W2126930838,W2126376871
W2126930838,W2118550318
W2126930838,W1946252112
W2126930838,W1988050849
W2126930838,W2032254014
W2127036970,W2127048411
W2127036970,W1996585409
W2127036970,W1971625691
W2127036970,W1978436252
W2127036970,W1996746229
W2127141656,W2120575449
W2127141656,W2127169435
W2127175247,W1996700726
W2127175247,W1996585409
W2127175247,W2120831645
W2127175247,W1970672417
W2127175247,W2117853853
W2127230663,W2107915254
W2127230663,W1978426240
W2127230663,W2124166542
W2127230663,W2123136623
W2127230663,W2123106337
W2127230663,W2107913200
W2127230663,W1986241711
W2127230663,W1858542512
W2127230663,W1983228601
W2127271355,W2127322768
W2127396309,W2125121177
W2127396309,W2124427232
W2127396309,W1979260070
W2127396309,W1810694562
W2127396309,W1979283544
W2127437631,W2122598723
W2127559745,W2127569725
W2127597920,W2118858814
W2127597920,W2124026197
W2127597920,W2120575449
W2127597920,W2122574093
W2127597920,W2122613799
W2127602818,W1982471090
W2127602818,W1982300822
W2127602818,W2127616501
W2127602818,W1970707135
W2127625785,W2126320505
W2127625785,W1996746229
W2127625785,W2120831645
W2127625785,W2125826054
W2127625785,W1600897084
W2127625785,W1868559974
W2127625785,W1996700726
W2127625785,W2123587734
W2127625785,W1979348491
W2127625785,W2027753197
W2127625785,W1996487270
W2127625785,W2028871521
W2127625785,W1996585409
W2127625785,W1979308046
W2127625785,W1996653992
W2127625785,W2017044005
W2127625785,W1991330646
W2127625785,W1601795611
W2127774996,W2032518018
W2127774996,W2015113370
W2127774996,W2116064496
W2127774996,W2124166542
W2127774996,W2032254014
W2127774996,W2125910575
W2127810309,W2120772351
W2127810309,W2120700991
W2127810309,W2127847431
W2127875809,W2124985265
W2127875809,W2127890285
W2127875809,W2124967403
W2127875809,W2126129668
W2127890285,W2127875809
W2127890285,W1994975670
W2127890285,W2006959528
W2127890285,W2124985265
W2127890285,W1978424046
W2127890285,W2124967403
W2127890285,W2126129668
W2127928904,W2128003492
W2127928904,W2128016314
W2127928904,W2128035403
W2127928904,W2128114769
W2128016314,W2166302161
W2128016314,W2166394891
W2128035403,W2166302161
W2128035403,W2166394891
W2128225313,W2125102738
W2128225313,W2122732537
W2128254161,W2124166542
W2128254161,W2119607070
W2128254161,W1760829075
W2128254161,W1747388711
W2128254161,W1761052593
W2128254161,W1994975670
W2128254161,W1577577364
W2128254161,W2119605622
W2128254161,W2127230663
W2128254161,W1482867610
W2128264241,W2119180969
W2128264241,W2026632831
W2128264241,W2001510610
W2128264241,W1924064069
W2128264241,W1994975670
W2128264241,W1482867610
W2128342866,W2060185417
W2128342866,W1905829557
W2128342866,W1905882502
W2128342866,W2054325787
W2128342866,W1551533759
W2128366083,W2010181898
W2128366083,W2028302194
W2128366083,W2126049444
W2128438887,W1990286763
W2128438887,W2014887370
W2128438887,W2012488984
W2128438887,W1978424046
W2128438887,W2020134788
W2128495200,W2128035403
W2128500420,W1972145956
W2128500420,W2007826806
W2128500420,W2010341850
W2128500420,W2010163891
W2128500420,W2122511023
W2128500420,W1566135517
W2128500420,W1971415551
W2128500420,W1504052325
W2128500420,W1979308046
W2128500420,W2002258037
W2128551987,W2032518018
W2128551987,W2128591134
W2128551987,W2120145199
W2128551987,W1594032928
W2128551987,W1880262756
W2128551987,W1592674309
W2128551987,W1972923945
W2128551987,W1946252112
W2128601422,W2127396309
W2128601422,W2127335013
W2128601422,W2128659236
W2128601422,W2128711701
W2128601422,W2124427232
W2128601422,W2127435093
W2128601422,W2032285541
W2128601422,W2125121177
W2128659236,W2128711701
W2128711701,W2128659236
W2128793721,W2122598723
W2128793721,W1986241711
W2128793721,W2107915254
W2128793721,W2124281279
W2128793721,W1733387413
W2128793721,W2124166542
W2128793721,W2123060905
W2128793721,W1596515083
W2128793721,W2128880918
W2128881154,W2025768430
W2128881154,W2123301721
W2128881154,W2127774996
W2128881154,W1005007408
W2128881154,W2124166542
W2128881154,W2123060905
W2128881154,W2057327092
W2128985829,W1976985160
W2129031626,W2010457001
W2129031626,W1988163167
W2129031626,W1994959046
W2129031626,W1976637107
W2129031626,W2005291574
W2129031626,W2016709145
W2129034036,W2000770615
W2129034036,W2129131372
W2129034036,W2026570544
W2129163149,W2001544973
W2129163149,W1994028888
W2129163149,W2104548316
W2129163149,W1810360004
W2129163149,W2000380427
W2129163149,W1970637701
W2129163149,W2121677860
W2129163149,W1005007408
W2129172946,W2125784987
W2129172946,W1880262756
W2129497119,W2015113370
W2129660502,W1988163167
W2129660502,W2036348189
W2129660502,W1995047010
W2129660502,W1996653992
W2129660502,W2028011121
W2129660502,W2007826806
W2129660502,W1909359706
W2129660502,W1971625691
W2129812935,W2015053255
W2129812935,W2032254014
W2129812935,W2125910575
W2129812935,W2129795133
W2129900561,W2010699829
W2129900561,W2119413986
W2129900561,W1996700726
W2129900561,W2031168104
W2129900561,W2038702827
W2129900561,W2117853853
W2129900561,W1970672417
W2129900561,W2120831645
W2129900561,W2127175247
W2129900561,W2038721957
W2129900561,W1976637107
W2129900561,W2129766733
W2129917444,W2032518018
W2129917444,W2039240409
W2129920251,W2129933858
W2129920251,W1994823455
W2129920251,W2029411945
W2129920251,W2000770615
W2129920251,W2008854521
W2129920251,W2007110604
W2129933858,W2122673596
W2129970907,W1984671422
W2129970907,W2119298903
W2129970907,W2007110604
W2129974232,W2030500910
W2129974232,W2126693856
W2129974232,W2129933858
W2129974232,W2009575187
W2129974232,W1986662234
W2129974232,W1984671422
W2129974232,W2007110604
W2129974232,W2000770615
W2129974232,W1977215451
W2129974232,W1994975670
W2130010412,W2130042267
W2130010412,W2039734130
W2130116522,W2130256070
W2130116522,W2117663940
W2130116522,W2130305733
W2130116522,W2130362098
W2130116522,W2130365445
W2130116522,W2126154792
W2130116522,W2121748291
W2130362098,W2126419817
W2130362098,W2130305733
W2130362098,W2130256070
W2130362098,W2130365445
W2130362098,W2117663940
W2130373985,W2126816979
W2130373985,W1982603620
W2130373985,W2021930613
W2130373985,W2010699829
W2130403046,W1005007408
W2130403046,W2129920251
W2130403046,W2122673596
W2130403046,W2129933858
W2130403046,W2129974232
W2130403046,W2118550318
W2130403046,W2127435093
W2130403046,W2000770615
W2130403046,W2026570544
W2130417276,W1543891416
W2130417276,W2125303562
W2130417276,W2001544973
W2130430382,W2130479394
W2130430382,W2130509491
W2130430382,W1858542512
W2130430382,W1592674309
W2130430382,W1596515083
W2130516299,W2103948957
W2130516299,W1984671422
W2130516299,W1966716734
W2130516299,W2000982976
W2130517250,W2114524997
W2130517250,W1567420244
W2130517250,W1971415551
W2130517250,W1985479415
W2130517250,W1985007599
W2130517250,W1906455749
W2130517250,W1550443206
W2130517250,W2038721957
W2130517250,W2031168104
W2130517250,W1907369419
W2130517250,W2130560194
W2130517250,W1966716734
W2130707940,W2002698073
W2130707940,W1611419331
W2130707940,W2103497845
W2130707940,W1976564639
W2130707940,W1617328014
W2130707940,W2044437167
W2130707940,W2020155291
W2130707940,W2130790725
W2130707940,W2030102203
W2130790725,W1617328014
W2130790725,W1976564639
W2130790725,W1617495083
W2130790725,W2103497845
W2130790725,W1964846093
W2130790725,W2020155291
W2130790725,W2130707940
W2130811469,W2117779820
W2130811469,W2130042267
W2131186249,W2129766733
W2131186249,W2120834437
W2131186249,W2125826054
W2131186249,W2120831645
W2131186249,W2038721957
W2131186249,W2126320505
W2131186249,W2059796825
W2131186249,W1603793127
W2131186249,W2010049072
W2131186249,W2036348189
W2131186249,W1971625691
W2131186249,W2098595817
W2131186249,W2131222241
W2131186249,W2127625785
W2131186249,W2026337749
W2131186249,W2034960640
W2131222241,W1991308688
W2131222241,W1991330646
W2131222241,W2050956365
W2131222241,W2017044005
W2131288855,W2128881154
W2131350133,W2107861471
W2131350133,W2107915254
W2131350133,W1986241711
W2131350133,W2119607070
W2131350133,W2124166542
W2131350133,W2128881154
W2131350133,W1525197209
W2131350133,W2030500910
W2131350133,W2127230663
W2131350133,W2123106337
W2131350133,W2129970907
W2131350133,W2026337749
W2131350133,W2026570544
W2131350133,W2028871521
W2131350133,W1994975670
W2131350133,W1994823455
W2131350133,W1525882651
W2131350133,W2128254161
W2131350133,W2000770615
W2131350133,W1580389772
W2131374955,W1991538680
W2131374955,W2058998445
W2131374955,W2029413789
W2131374955,W1983183519
W2131374955,W2112680994
W2131454803,W2029231546
W2131454803,W1983102293
W2131454803,W2130091784
W2131454803,W2059359550
W2131454803,W1994823455
W2131473084,W2127774996
W2131473084,W2131350133
W2131473084,W2131288855
W2131473084,W2126376871
W2131473084,W2125910575
W2131473084,W2128881154
W2131473084,W2031489346
W2131473084,W2123136623
W2131473084,W2126736494
W2131473084,W2007110604
W2131473084,W2027254180
W2131473084,W1005007408
W2131473084,W2025781576
W2131473084,W2021520922
W2131536322,W2125102738
W2131536322,W2120575449
W2131536322,W2122582889
W2131568786,W2125784987
W2131568786,W2126817554
W2131568786,W2129172946
W2131568786,W2126320505
W2131568786,W2038702827
W2131568786,W2031168104
W2131613989,W2125121305
W2131613989,W2126817554
W2131613989,W2118421222
W2131613989,W2125784987
W2131613989,W2122855609
W2131613989,W1978775682
W2131613989,W2001564322
W2131613989,W2129172946
W2131634465,W2122673596
W2131634465,W2129933858
W2131634465,W2130403046
W2131634465,W2129920251
W2131634465,W2129974232
W2131634465,W2127230663
W2131634465,W2030617758
W2131634465,W2000770615
W2131634465,W2008854521
W2131634465,W2026570544
W2131634465,W2029411945
W2131634465,W2131665065
W2131681506,W2127170577
W2131681506,W2122673596
W2131681506,W2120834437
W2131681506,W1996700726
W2131681506,W2117853853
W2131681506,W1970672417
W2131681506,W2120831645
W2131681506,W2031168104
W2131681506,W2038721957
W2131681506,W2036321220
W2131681506,W2124596021
W2131681506,W2129900561
W2131681506,W2129766733
W2131681506,W2026578487
W2131681506,W2025781576
W2131860315,W2119642490
W2131860315,W2126547130
W2131860315,W2129795133
W2131860315,W2028979275
W2131860315,W2130516299
W2131860315,W2096471541
W2131860315,W1994823455
W2131860315,W2120700469
W2131860315,W2120575449
W2131860315,W2029231546
W2131860315,W2029411945
W2131860315,W1983208069
W2131860315,W2067847820
W2131860315,W2076949647
W2131860315,W1984671422
W2131860315,W1946435840
W2131860315,W1580389772
W2131860315,W1946252112
W2131860315,W2115247641
W2131860315,W2031553845
W2132103241,W2119413986
W2132103241,W1996700726
W2132103241,W2031168104
W2132103241,W2073026107
W2132103241,W2036321220
W2132103241,W2038702827
W2132103241,W2126452174
W2132103241,W2132216432
W2132103241,W2120831645
W2132103241,W2125826054
W2132103241,W2007826806
W2132103241,W1971625691
W2132103241,W2026337749
W2132103241,W2009775084
W2132103241,W2027847170
W2132103241,W1993962865
W2132103241,W2130479394
W2132103241,W1979348491
W2132216432,W2010163891
W2132216432,W1979348491
W2132216432,W2794480084
W2132216432,W1979308046
W2132216432,W2007826806
W2132216432,W2017044005
W2132216432,W2009104157
W2132216432,W1973577532
W2132260239,W2132341951
W2132454074,W2113977541
W2132454074,W2129795133
W2132454074,W2028979275
W2132454074,W2009575187
W2132454074,W2015053255
W2132454074,W2006959528
W2132454074,W2129812935
W2132454074,W2057327293
W2132454074,W1983102293
W2132454074,W1994975670
W2132549823,W2132555912
W2132616700,W2132629607
W2132632499,W2124733101
W2132632499,W2032254014
W2132632499,W1994823455
W2132632499,W1995581599
W2132632499,W2000982976
W2132632499,W2109184569
W2132632499,W2026570544
W2132632499,W2000998192
W2132870739,W2116341502
W2132879315,W2100122648
W2132879315,W2100239923
W2132879315,W2100117826
W2132926880,W2100122648
W2132926880,W2100239923
W2132926880,W2132963724
W2133119982,W2132216432
W2133119982,W2129660502
W2133119982,W1996487270
W2133119982,W2073009068
W2133119982,W2051159954
W2133151341,W2131288855
W2133151341,W2129970907
W2133151341,W2025665129
W2133151341,W2131350133
W2133360663,W2131186249
W2133360663,W2122673596
W2133360663,W2038702827
W2133360663,W2059796825
W2133360663,W2131681506
W2133360663,W1970672417
W2133360663,W2031168104
W2133360663,W2129900561
W2133360663,W2132103241
W2133360663,W1996700726
W2133360663,W2129766733
W2133360663,W2036321220
W2133360663,W2010049072
W2133360663,W2007826806
W2133360663,W2014691022
W2133360663,W2124596021
W2133360663,W2120831645
W2133425177,W1994975670
W2133425177,W2026578487
W2133425177,W1994823455
W2133425177,W2006959528
W2133425177,W2130707940
W2133425177,W2021530952
W2133425177,W2103497845
W2133425177,W2016709145
W2133425177,W2040113717
W2133465414,W1990286763
W2133465414,W2128438887
W2133465414,W2012488984
W2133465414,W2030102203
W2133465414,W1617328014
W2133465414,W2020134788
W2133465414,W1972145956
W2133475491,W2131288855
W2133475491,W2131350133
W2133475491,W2129970907
W2133475491,W2076699264
W2133535394,W2021591445
W2133665775,W1994975670
W2133665775,W2006959528
W2133665775,W1994803330
W2133674686,W1994433187
W2133790733,W2008627757
W2133790733,W2026767855
W2133856765,W2039734130
W2133918896,W2068588283
W2133918896,W2106070783
W2133918896,W2131478115
W2133918896,W1995274825
W2133918896,W2008854521
W2133918896,W2068753710
W2133918896,W1603793127
W2133918896,W1946252112
W2133918896,W2066375491
W2133920545,W1995031937
W2133920545,W2001544973
W2133920545,W2033686454
W2133920545,W2048385562
W2133920545,W1994823455
W2133920545,W1994803330
W2133920545,W2044609898
W2133920545,W2123487311
W2133920545,W2026578487
W2133920545,W2009575187
W2133920545,W1979408141
W2133920545,W2000982976
W2133920545,W2008854521
W2133920545,W2023655578
W2133920545,W2002179012
W2133920545,W2126473499
W2133920545,W1525882651
W2133920545,W1994975670
W2133946740,W2068588283
W2133946740,W2130979840
W2133946740,W1858542512
W2133946740,W2068753710
W2133968430,W2038702827
W2133968430,W2126452174
W2133968430,W1996700726
W2133968430,W2132216432
W2133968430,W2127625785
W2133968430,W1996585409
W2133968430,W2025781576
W2133968430,W2017044005
W2133990480,W2025176940
W2133990480,W2025183726
W2133990480,W2041383474
W2133990480,W1976985160
W2133990480,W2008856488
W2134000397,W2130010412
W2134000397,W2100130392
W2134036574,W2129920251
W2134036574,W2129974232
W2134036574,W2129933858
W2134036574,W2130403046
W2134036574,W2131634465
W2134036574,W2076949647
W2134036574,W2007110604
W2134036574,W2000770615
W2134036574,W2029411945
W2134036574,W2127230663
W2134036574,W1994823455
W2134036574,W2008856488
W2134036574,W1984671422
W2134036574,W1986662234
W2134036574,W2026570544
W2134233006,W2134236819
W2134233006,W2159805452
W2134233006,W2767128594
W2134233006,W2159689047
W2134233006,W2154026962
W2134233006,W1887863118
W2134236819,W1968509967
W2134236819,W2159689047
W2134236819,W1950829641
W2134236819,W2012407814
W2134236819,W2581082771
W2134236819,W2123871098
W2134236819,W2004548026
W2134236819,W1888172398
W2134291350,W2115607954
W2134291350,W1968509967
W2159805452,W2739999456
W2159805452,W1968509967
W2159805452,W2049468624
W2159805452,W2115607954
W2159805452,W2134291350
W2159805452,W2057765075
W2767128594,W2739999456
W2767128594,W2510875395
W2159689047,W2152864241
W2159689047,W1968509967
W2159689047,W2134291350
W2159689047,W2115607954
W2159689047,W2057765075
W2154026962,W1999872096
W2154026962,W2151922790
W2154026962,W2154053567
W2154026962,W2154071138
W2154026962,W2154139219
W2154026962,W2154197653
W2154026962,W2146502635
W2154026962,W2152189242
W2154026962,W2152121970
W2154026962,W2151034630
W2154026962,W2036008499
W2154026962,W2154241726
W2154026962,W2154276443
W2581082771,W2581259096
W2581082771,W2153544371
W2557800876,W2558041282
W2557800876,W2500486957
W2557800876,W2115607954
W2557800876,W2134291350
W2134305330,W1577941315
W2134305330,W2008854521
W2134305330,W2026616100
W2134305330,W2053219565
W2134305330,W2027254180
W2134305330,W2007110604
W2134368355,W2032047304
W2134368355,W2000770615
W2134368355,W1984671422
W2134368355,W1986662234
W2134368355,W2118978333
W2134368355,W2026570544
W2134368355,W1994975670
W2134526812,W2041698310
W2134526812,W2130042267
W2134526812,W2119744638
W2134526812,W1994975670
W2134526812,W1994803330
W2134526812,W2007110604
W2134526812,W2129917444
W2134526812,W2039559098
W2134591556,W2134603844
W2134591556,W1916491745
W2134591556,W2134629862
W2134591556,W2128114769
W2134629862,W2154614604
W2134629862,W2149507322
W2154614604,W2154026962
W2154614604,W2154652894
W2154614604,W2146502635
W2154614604,W2154710695
W2154614604,W2154714625
W2154614604,W2004548026
W2149507322,W2149525061
W2149507322,W2149548143
W2149507322,W2115612291
W2149507322,W2148898943
W2149507322,W2146502635
W2149507322,W2134208433
W2134716155,W2039469634
W2134716155,W2067404301
W2134716155,W2070722739
W2134716155,W2041311241
W2134716155,W1972923945
W2134716155,W1600897084
W2134716155,W1952026831
W2134716155,W1933349210
W2134716155,W2038195874
W2134716155,W1973577532
W2134716155,W2129638195
W2134716155,W2092645526
W2134716155,W2119412782
W2134716155,W1858542512
W2134716155,W1601795611
W2134732827,W2118921617
W2134732827,W2120390927
W2134732827,W2124459709
W2134732827,W2122598723
W2134732827,W2025183726
W2134732827,W2076491580
W2134822928,W2114570899
W2134843796,W2010049072
W2134843796,W2036348189
W2134843796,W2007826806
W2134843796,W2017039362
W2134843796,W2129660502
W2134843796,W2073009068
W2134843796,W2059796825
W2134843796,W2027672471
W2134843796,W1996487270
W2134843796,W2037766564
W2134843796,W1984190418
W2134843796,W1979308046
W2134927874,W2132629607
W2134927874,W2134539878
W2134927874,W2125121305
W2134927874,W2134967712
W2134927874,W2131568786
W2134927874,W2126817554
W2134927874,W2025415734
W2134927874,W1979308046
W2134927874,W1979348491
W2134967712,W2125121305
W2134967712,W2126817554
W2134967712,W2131568786
W2134967712,W2125784987
W2135230723,W2131454803
W2135230723,W2028979275
W2135230723,W2029231546
W2135273380,W2129920251
W2135273380,W2122673596
W2135273380,W2127230663
W2135273380,W2030617758
W2135273380,W2129933858
W2135273380,W2134036574
W2135273380,W2131634465
W2135273380,W2130403046
W2135273380,W1986662234
W2135273380,W2000770615
W2135273380,W2026570544
W2135273380,W2076949647
W2135273380,W2022495797
W2135273380,W2008854521
W2135273380,W2131665065
W2135314242,W2010049072
W2135314242,W2038752330
W2135314242,W2008157089
W2135314242,W2001564322
W2135314242,W2026277606
W2135314242,W2026317156
W2135314242,W2135400982
W2135314242,W2126049444
W2135400982,W2117853853
W2135400982,W2150687058
W2135400982,W2119413986
W2135400982,W2122855609
W2135400982,W2028302194
W2135400982,W2117880641
W2135400982,W2153663612
W2135400982,W1767470961
W2135400982,W1970672417
W2135400982,W2120834437
W2135400982,W1988163167
W2135400982,W2120517672
W2135400982,W2118421222
W2135400982,W2124596021
W2135400982,W103650626
W2135400982,W1996700726
W2135400982,W2120831645
W2135400982,W1984190418
W2135400982,W2126049444
W2150687058,W2150303148
W2150687058,W2120834437
W2150687058,W2120831645
W2150687058,W2117853853
W2150687058,W1970672417
W2150687058,W2148323109
W2150687058,W2147875900
W2150687058,W2147863419
W2135410596,W2055763451
W2135410596,W2084980103
W2135410596,W2008627757
W2135410596,W2028056984
W2135410596,W2052493774
W2135419069,W2126419817
W2135419069,W2128366083
W2135419069,W2131568786
W2135419069,W1984671422
W2135419069,W2022508996
W2135419069,W2121748291
W2135526934,W2123301721
W2135526934,W2131350133
W2135526934,W2131288855
W2135526934,W2129970907
W2135526934,W2133151341
W2135526934,W1525197209
W2135621733,W2132764286
W2135621733,W2132629607
W2135621733,W2116464510
W2135621733,W2132870739
W2135625048,W2126129668
W2135810600,W2132629607
W2135810600,W2092645526
W2135810600,W2038195874
W2135810600,W2071592915
W2135810600,W2030946379
W2135810600,W2057327293
W2135810600,W1985093013
W2135858501,W2128769815
W2135858501,W2038782607
W2135858501,W2126452174
W2135858501,W2132407977
W2135860498,W1998767819
W2135860498,W2047205370
W2135860498,W1987431381
W2135860498,W2054054553
W2135860498,W2009720434
W2135860498,W2027847170
W2135860498,W1996950224
W2135860498,W2106070783
W2135860498,W2009775084
W2135860498,W1525882651
W2135937351,W2031168104
W2135937351,W2036321220
W2135937351,W2115944543
W2135989088,W2068767807
W2135989088,W2106070783
W2135989088,W2068588283
W2135989088,W2131478115
W2135989088,W2068753710
W2135989088,W1596936787
W2135989088,W2133918896
W2135989088,W2100239923
W2135989088,W1946252112
W2135989088,W2133946740
W2135989088,W2039734130
W2135989088,W2021520922
W2135989088,W2133488074
W2135989088,W2106246537
W2135989088,W2026337749
W2135989088,W2134351926
W2135989088,W2006763260
W2136009149,W2100122648
W2136009149,W2100130392
W2136009149,W2132926880
W2136009149,W2132879315
W2136024338,W2096465161
W2136024338,W2097995306
W2136024338,W2119652992
W2136024338,W2021930613
W2136024338,W1985563073
W2136024338,W2016709145
W2136024338,W2057327293
W2136024338,W1832693441
W2136072582,W1996950224
W2136072582,W2031028572
W2136092558,W2067456724
W2136092558,W2066131315
W2136145671,W2136309995
W2136145671,W2128880918
W2136145671,W1973062929
W2136145671,W1984547206
W2136309995,W2122598723
W2136309995,W2128793721
W2136309995,W2124459709
W2136309995,W2138621090
W2136309995,W2126154792
W2138621090,W2122598723
W2138621090,W2124459709
W2138621090,W2128880918
W2136334331,W2130365445
W2136334331,W2130116522
W2136334331,W2121748291
W2136430672,W2037766564
W2136451344,W2081298453
W2136482257,W2033686454
W2136482257,W2026337749
W2136482257,W2047328724
W2136541538,W2132484323
W2136541538,W2010560237
W2136541538,W2123564569
W2136541538,W2133665775
W2136541538,W2130365445
W2136541538,W2130116522
W2136552678,W2114701864
W2136552678,W2129034036
W2136552678,W2065109455
W2136552678,W2054692642
W2136552678,W2067847820
W2136552678,W2104549677
W2136573752,W2068523052
W2136573752,W2068719957
W2136573752,W2068767807
W2136573752,W2068713574
W2136573752,W2068375361
W2136573752,W2068371905
W2136573752,W2133484165
W2136573752,W1994975670
W2136573752,W1844405070
W2136573752,W2062018285
W2136739561,W2136430672
W2136848157,W2133475491
W2136848157,W2129970907
W2136848157,W2131350133
W2136848157,W2133151341
W2136848157,W2131288855
W2136848157,W2061504941
W2136848157,W2119607070
W2136848239,W1980168725
W2136848239,W2031183907
W2136848239,W1979408141
W2136850043,W2039734130
W2136850043,W2131854704
W2136850043,W2100130392
W2136850043,W2100239923
W2136850043,W2128225313
W2136850043,W2122781082
W2136879569,W2132874271
W2136879569,W2135695572
W2136879569,W2054141820
W2136879569,W1994975670
W2136922540,W2129917444
W2136922540,W1994803330
W2136922540,W2006763260
W2136922540,W2032047304
W2136922540,W2007110604
W2136922540,W2047028564
W2136922672,W2129795133
W2136922672,W2015053255
W2136922672,W2129812935
W2136922672,W2007110604
W2136922672,W2132454074
W2136939531,W2129920251
W2136939531,W2127230663
W2136939531,W2129933858
W2136939531,W1994975670
W2136939531,W2129974232
W2136939531,W2134036574
W2136939531,W2131634465
W2136939531,W2135273380
W2136939531,W2130403046
W2136991248,W2032230795
W2136991248,W2039469634
W2136991248,W2039348932
W2136991248,W2039559098
W2136991248,W2100122648
W2136991248,W2041483208
W2136991248,W2101870168
W2136991248,W2071510336
W2136991248,W2070722739
W2136991248,W2070808447
W2136991248,W2134783591
W2136991248,W2101846955
W2136991248,W2101873753
W2136991248,W2070753604
W2136991248,W2038963685
W2136991248,W2038783205
W2136991248,W2118930997
W2136991248,W2134555277
W2136991248,W2088321686
W2136991248,W2038195874
W2136991248,W2024626836
W2136991248,W2071841602
W2137015675,W2116053845
W2137015675,W2061438946
W2137015675,W2121690346
W2137015675,W2093540905
W2137046486,W2069519394
W2137046486,W2098115340
W2137046486,W2098979973
W2137046486,W2098384066
W2137046486,W2098118776
W2137336591,W1905058580
W2137336591,W2011095781
W2137340504,W2134539328
W2137340504,W2132914434
W2137340504,W2135782871
W2137340504,W2100117826
W2137340504,W2100130392
W2137340504,W2070614858
W2137340504,W1994975670
W2137340504,W2006959528
W2137340504,W2096522898
W2137340504,W1596936787
W2137344397,W2068371905
W2137344397,W2136573752
W2137344397,W2137440275
W2137344397,W2134526812
W2137344397,W1971443941
W2137344397,W2033355897
W2137440275,W2157840751
W2137440275,W2157852151
W2137440275,W2025143098
W2137440275,W2124437404
W2137450588,W1577577364
W2137450588,W2075294566
W2137450588,W1976988124
W2137450588,W1972923945
W2137450588,W1525882651
W2137450588,W1976770755
W2137450588,W2018841491
W2137450588,W1946252112
W2137450588,W2137524155
W2137450588,W1984883254
W2137524155,W2040085089
W2137524155,W2039734130
W2137524155,W2026616100
W2137524155,W1990074132
W2137524155,W2084530896
W2137524155,W2137775453
W2137524155,W2030946379
W2137526110,W2038963685
W2137526110,W2131854704
W2137526110,W2070722739
W2137526110,W2100117826
W2137526110,W2137586531
W2137526110,W1994975670
W2137526110,W2006959528
W2137526110,W2032047304
W2137526110,W2070808447
W2137683543,W2034932701
W2137683543,W1525882651
W2137683543,W1810360004
W2137683543,W1904914631
W2137734568,W2036258507
W2137734568,W2072955302
W2137734568,W2073009068
W2137813581,W2076949647
W2137813581,W2137015675
W2137813581,W2130305733
W2137813581,W2030330123
W2137813581,W2126154792
W2138011018,W2015053255
W2138011018,W2132454074
W2138011018,W1484347389
W2138011018,W1485504984
W2138011018,W2138017294
W2138011018,W2092170177
W2138011018,W1994975670
W2138017294,W2067847820
W2138017294,W2015053255
W2138017294,W2132454074
W2138019504,W2138071797
W2138019504,W2012034410
W2138019504,W2062667641
W2138019504,W2058571677
W2138019504,W2058662258
W2138019504,W2022085321
W2138019504,W1996950224
W2138019504,W2016916834
W2138019504,W2037993016
W2138019504,W1810360004
W2138019504,W1514707913
W2138019504,W1916491745
W2138019504,W2104462056
W2138019504,W2008157089
W2138019504,W2065304353
W2138019504,W1482867610
W2138019504,W2138122982
W2138122982,W1966272358
W2138122982,W1966327575
W2138122982,W1587875569
W2138122982,W2047328724
W2138122982,W1590065089
W2138122982,W1810360004
W2138122982,W2037993016
W2138122982,W2012136380
W2138122982,W1514707913
W2138122982,W2058662258
W2138122982,W2012034410
W2138122982,W1966334841
W2138122982,W2058835062
W2138122982,W2121393448
W2138122982,W1994280428
W2138122982,W1107917109
W2138155367,W2131454803
W2138155367,W2028979275
W2138155367,W2135230723
W2138155367,W2007110604
W2138155367,W2130091784
W2138155367,W2053911973
W2138155367,W2077208327
W2138178197,W2138207763
W2138178197,W2138226825
W2138178197,W2138345444
W2138178197,W2138408852
W2138178197,W2123855284
W2138178197,W2138442302
W2138178197,W2138448722
W2138226825,W2762367303
W2138226825,W2154889144
W2138226825,W2475287302
W2138226825,W2396077153
W2138226825,W2122838852
W2138226825,W2146377630
W2138226825,W2752698709
W2138226825,W2475334473
W2138226825,W2138207763
W2138226825,W2499800833
W2138226825,W2741508285
W2138226825,W2396881363
W2138226825,W2154872931
W2138226825,W2138345444
W2138226825,W2493916176
W2138226825,W2155039075
W2138226825,W2134289299
W2138226825,W2147993766
W2138226825,W2004548026
W2138226825,W2146395539
W2138345444,W2017840637
W2138345444,W2154866190
W2138345444,W2154872931
W2138345444,W2154889144
W2138345444,W2154945114
W2138345444,W2154998026
W2138345444,W2146377630
W2138345444,W2155015733
W2138345444,W2155039075
W2138345444,W2155066423
W2138345444,W2152664025
W2138408852,W2138207763
W2138408852,W2138345444
W2138408852,W2138226825
W2138408852,W2159915276
W2138408852,W2004548026
W2138448722,W2138408852
W2138448722,W2138345444
W2138448722,W2541884796
W2138448722,W2803072880
W2138448722,W2945976633
W2147993766,W2396881363
W2148011665,W2346905224
W2148011665,W2147118406
W2148011665,W2146395539
W2762367303,W2017840637
W2762367303,W2149662495
W2762367303,W1951684732
W2762367303,W1951564719
W2762367303,W2149683554
W2762367303,W2164449327
W2475287302,W2475334473
W2752698709,W2345356016
W2752698709,W2753160622
W2499800833,W2396881363
W2499800833,W2500486957
W2499800833,W2346905224
W2499800833,W2148260760
W2154872931,W2541884796
W2154872931,W2475287302
W2154872931,W2146377630
W2154872931,W2475334473
W2154872931,W2147768505
W2493916176,W2147806662
W2493916176,W2147804965
W2493916176,W2147768505
W2154945114,W2154889144
W2154945114,W2475287302
W2154945114,W2345356016
W2154945114,W2475334473
W2154945114,W2124884000
W2154998026,W2148185586
W2154998026,W2122838852
W2154998026,W2345356016
W2154998026,W2154889144
W2154998026,W2475334473
W2154998026,W2149573313
W2154998026,W2074726646
W2154998026,W2004548026
W2155015733,W2154889144
W2155015733,W2396077153
W2155015733,W2146377630
W2155015733,W2154872931
W2155015733,W2155039075
W2155015733,W2146395539
W2155066423,W2152121970
W2155066423,W2017840637
W2155066423,W2146377630
W2155066423,W2149683554
W2159915276,W2049424645
W2159915276,W2160378127
W2159915276,W2153248731
W2159915276,W2533355719
W2159915276,W2346905224
W2159915276,W2147246240
W2159915276,W2544360569
W2147806662,W2147804965
W2803072880,W2783525259
W2803072880,W2017840637
W2803072880,W2123871098
W2803072880,W2147768505
W2138550913,W2038783205
W2138550913,W2101870168
W2138581811,W2138621090
W2138581811,W2128880918
W2138630136,W2100117826
W2138630136,W2039469634
W2138630136,W2038963685
W2138630136,W2026616100
W2138630136,W2100239923
W2138630136,W2038195874
W2138630136,W2039786475
W2138630136,W2092929703
W2138630136,W2001568034
W2138630136,W2000770615
W2138630136,W2088321686
W2138630136,W2071592915
W2138644576,W2100117826
W2138644576,W2039348932
W2138644576,W2101870168
W2138644576,W2070808447
W2138644576,W1991538680
W2138644576,W2137586531
W2138644576,W2026616100
W2138644576,W2100130392
W2138644576,W2100239923
W2138644576,W2038195874
W2138644576,W1994975670
W2138644576,W2039786475
W2138644576,W2001568034
W2138644576,W2000770615
W2138644576,W2079350221
W2138644576,W2071592915
W2138644576,W2071841602
W2138644576,W2039559098
W2138644576,W1525882651
W2138644576,W2112680994
W2138664283,W2026317156
W2138664283,W1858542512
W2138763184,W2133151341
W2138763184,W2051159954
W2138763184,W2068588283
W2138763184,W2129920251
W2138763184,W2131288855
W2138763184,W2133475491
W2138763184,W2129970907
W2138763184,W2026337749
W2138763184,W2131350133
W2138763184,W2000770615
W2138763184,W2026570544
W2138763184,W2079350221
W2138763184,W2136848157
W2138790588,W2008854521
W2138790588,W2123510746
W2138790588,W2000770615
W2138790588,W2026570544
W2138821455,W2084845442
W2138821455,W2051782740
W2138821455,W2073459066
W2138821455,W2054167751
W2138821455,W1970327765
W2138821455,W2073503722
W2139236349,W2039348932
W2139236349,W2101846955
W2139236349,W2039240409
W2139236349,W2041483208
W2139236349,W2100122648
W2139236349,W2071510336
W2139236349,W2070808447
W2139236349,W2101873753
W2139236349,W2070685888
W2139236349,W2138630136
W2139236349,W1985007599
W2139236349,W2100130392
W2139236349,W2039786475
W2139236349,W2138913040
W2139236349,W2105381419
W2139236349,W2071592915
W2139236349,W2140137154
W2139236349,W2071841602
W2138946470,W1619623942
W2138946470,W2098627306
W2138946470,W2095345231
W2138977668,W2069519394
W2138977668,W2098979973
W2138977668,W2090915513
W2138977668,W2135894974
W2138977668,W2098118776
W2138977668,W2098126593
W2138977668,W2098827790
W2138977668,W2098115340
W2139122477,W2068375361
W2139122477,W2068767807
W2139122477,W2068371905
W2139122477,W2136573752
W2139122477,W2137344397
W2139122477,W2068849277
W2139168999,W2092939357
W2139168999,W2134539878
W2139168999,W2132755931
W2139168999,W2129623720
W2139168999,W2092645526
W2139168999,W2092929703
W2139168999,W2041311241
W2140137154,W2070753604
W2140137154,W2070571588
W2140137154,W2092939357
W2140137154,W2124614231
W2140137154,W2077208327
W2140137154,W1976770755
W2140137154,W1946252112
W2140137154,W2137450588
W2139248078,W2119413986
W2139248078,W1996700726
W2139248078,W2073026107
W2139248078,W2028302194
W2139248078,W2133119982
W2139248078,W2133968430
W2139248078,W2132216432
W2139248078,W1858542512
W2139248078,W2072955302
W2139248078,W2038669746
W2139248078,W2137734568
W2139248078,W1979308046
W2139314206,W2058998445
W2139314206,W2131374955
W2139314206,W2010417927
W2139314206,W2130410032
W2139416101,W2096093282
W2139416101,W1627978401
W2139416101,W2138913040
W2139416101,W1984883254
W2139520931,W2006559495
W2139520931,W2006318126
W2139520931,W2044702943
W2139520931,W2077968790
W2139520931,W2100468073
W2139520931,W2077618811
W2139520931,W2131904767
W2139520931,W2077959816
W2139520931,W2107665951
W2139520931,W2078059415
W2139562946,W2129933858
W2139562946,W2129920251
W2139562946,W2129974232
W2139562946,W2131634465
W2139562946,W2135273380
W2139562946,W2136939531
W2139562946,W2127230663
W2139562946,W2076949647
W2139562946,W2123301721
W2139562946,W2061504941
W2139562946,W2026570544
W2139562946,W2015522309
W2139562946,W1994823455
W2139562946,W2061438946
W2139562946,W2053219565
W2139577967,W1991538680
W2139577967,W2070753604
W2139577967,W1973577532
W2139577967,W2110208125
W2139577967,W2070685888
W2139577967,W2058963764
W2139577967,W2112680994
W2139577967,W1984883254
W2139577967,W1989854862
W2139610873,W2096522898
W2139610873,W2097875133
W2139610873,W2139709933
W2139610873,W2096465161
W2139610873,W2062118960
W2139709933,W2097875133
W2139736159,W2131681506
W2139736159,W2133360663
W2139736159,W2139760555
W2139736159,W2010516376
W2139736159,W2010417927
W2139736159,W2051159954
W2139736159,W2026337749
W2139736159,W2021930613
W2139736159,W2096465161
W2139736159,W2097998348
W2139760555,W2131681506
W2139760555,W2129900561
W2139760555,W2036321220
W2139760555,W2133360663
W2139760555,W1996746229
W2139760555,W2038721957
W2139760555,W2038702827
W2139760555,W2126452174
W2139760555,W2036348189
W2139760555,W2129660502
W2139760555,W2017426710
W2139760555,W2017039362
W2139760555,W1979308046
W2139760555,W2038752330
W2139760555,W2001510610
W2139823104,W2140092196
W2139823104,W1979422830
W2140131090,W2131860315
W2140131090,W2131994307
W2140131090,W2135625048
W2140131090,W2026277606
W2140131090,W2000770615
W2140131090,W2076361525
W2140131090,W1994823455
W2140131090,W2029411945
W2140131090,W1525197209
W2140131090,W2007110604
W2140131090,W1994803330
W2140131090,W1946435840
W2140190241,W2031430816
W2140190241,W2008627757
W2140190241,W2052493774
W2169678694,W1858542512
W2140699752,W1993962865
W2140699752,W2009720434
W2140699752,W2045287414
W2140699752,W2022731012
W2140699752,W2054141820
W2140729960,W2107608009
W2140729960,W2107665951
W2140729960,W2132874271
W2140729960,W2007110604
W2140729960,W1994975670
W2140729960,W2028240797
W2140729960,W2107633226
W2140729960,W2031168104
W2140729960,W2026337749
W2140729960,W2087484885
W2140729960,W2054054553
W2140886907,W2132914434
W2140886907,W2135782871
W2140886907,W2134539328
W2140886907,W2093044565
W2140886907,W2134539878
W2140886907,W2140946052
W2140886907,W2136408596
W2140886907,W2135810600
W2140886907,W2041311241
W2140886907,W1994975670
W2140886907,W2006959528
W2140886907,W2077327925
W2140886907,W2100117826
W2140886907,W2129917444
W2140952049,W2096409528
W2140952049,W2065109455
W2140952049,W1005007408
W2140952049,W2062118960
W2140952049,W2047028564
W2140952049,W2078860594
W2140952049,W2064963539
W2140952049,W2078792724
W2140952049,W2078646756
W2140952049,W2096522898
W2140952049,W2098384066
W2141052558,W1575585006
W2141052558,W2073332363
W2141052558,W1482867610
W2141052558,W1619623942
W2141091417,W2134351926
W2141091417,W2135989088
W2141091417,W2068371905
W2141125135,W1531935167
W2141125135,W2116236561
W2141125801,W2129900561
W2141125801,W2127175247
W2141125801,W2131681506
W2141125801,W2045287414
W2141125801,W2141125852
W2141125801,W2026337749
W2141125801,W2033797333
W2141125801,W2026578487
W2141125801,W1988037271
W2141125801,W2107665951
W2141125801,W2025781576
W2141125801,W1994803330
W2141125801,W2009720434
W2141125801,W2127625785
W2141137217,W2106080357
W2141137217,W2106053110
W2141137217,W2106090237
W2141137217,W2134351926
W2141137217,W2032047304
W2141137217,W1994975670
W2141137217,W2021530952
W2141137217,W2106335692
W2141152740,W2128495200
W2141152740,W2141157874
W2141219203,W2097208041
W2141219203,W1977212456
W2141219203,W2126419817
W2141219203,W2136334331
W2141219203,W2137015675
W2141219203,W2141292707
W2141219203,W2053911973
W2141219203,W2063978378
W2141219203,W2141442289
W2141219203,W2064165694
W2141219203,W2026277606
W2141219203,W2136541538
W2141219203,W2097224090
W2141292707,W2124733101
W2141292707,W2132632499
W2141292707,W2126419817
W2141292707,W2130365445
W2141292707,W1999167944
W2141292707,W2161222316
W2141452262,W2135625048
W2141458291,W2096791516
W2141458291,W2001564322
W2141458291,W2100668965
W2141458291,W2083089709
W2141458291,W2028056984
W2141458291,W2053186076
W2141584146,W2136879569
W2141584146,W2132874271
W2141584146,W2097073572
W2141584146,W2105668062
W2141599568,W2028979275
W2141599568,W2097224090
W2141599568,W2063978378
W2141599568,W1994823455
W2141599568,W2026616100
W2141599568,W2110015307
W2141647475,W2110015307
W2141647475,W2110035718
W2141647475,W2112084935
W2141647475,W2093575882
W2141647475,W2092929703
W2141647475,W2101846955
W2141647475,W2092939357
W2141647475,W2105381419
W2141647475,W1531935167
W2141647475,W2039559098
W2141647475,W2071510336
W2141647475,W2115706991
W2141647475,W2135782871
W2141647475,W2134539878
W2141647475,W2097208041
W2141647475,W2102883209
W2141647475,W1946252112
W2141647475,W1972923945
W2141647475,W2141652419
W2141666446,W2132914434
W2141666446,W2135782871
W2141666446,W2134539328
W2141666446,W2100117826
W2141666446,W2136408596
W2141666446,W2137526110
W2141666446,W2137340504
W2141666446,W2093044565
W2141682101,W2103164730
W2141682101,W2095833674
W2141682101,W2139086914
W2141682101,W2096093282
W2141682101,W2099779584
W2141682101,W2131454803
W2141682101,W2026616100
W2141682101,W2053219565
W2141682101,W2098432852
W2141682101,W2097224090
W2141682101,W2075207275
W2141682101,W2141707502
W2141682101,W2103004421
W2141707502,W2096093282
W2141707502,W2139416101
W2141707502,W1985217958
W2141707502,W1971415551
W2141707502,W2099779584
W2141707502,W2103164730
W2141707502,W2064165694
W2141707502,W2098432852
W2141707502,W1984883254
W2141708418,W2039734130
W2141708418,W2136850043
W2141708418,W2137524155
W2141708418,W2119366833
W2141708418,W2070685888
W2141708418,W2070808447
W2141708418,W2096522898
W2141708418,W2044387082
W2141708418,W2023655578
W2141708418,W2078792724
W2141708418,W2038963685
W2141708418,W2038783205
W2141708418,W2096409528
W2141708418,W2060705109
W2141708418,W1868559974
W2141708418,W2112680994
W2141708418,W1984883254
W2141708418,W2026616100
W2141708418,W1991538680
W2141708961,W2132555912
W2141708961,W2132549823
W2141708961,W2141748334
W2141748334,W2132555912
W2141748334,W2132549823
W2141748334,W2141846678
W2141748334,W2141885858
W2141748334,W2141708961
W2141846678,W2132555912
W2141846678,W2132549823
W2141885858,W2141846678
W2141885858,W2132549823
W2141885858,W2132555912
W2141885858,W2068588283
W2141885858,W2133946740
W2141815918,W1977367431
W2141815918,W1928750549
W2141815918,W2097073572
W2141815918,W2092157292
W2141815918,W1924064069
W2141831115,W2066122301
W2141845152,W2038194220
W2141845152,W2053219565
W2141845152,W2000770615
W2141845152,W2026616100
W2141845152,W2038215949
W2141845152,W2061438946
W2141845152,W2007110604
W2141845152,W2060705109
W2141845152,W2038492783
W2141845152,W1995274825
W2141845152,W2053911973
W2141845152,W1994823455
W2141845152,W2061504941
W2141913814,W2044702943
W2141913814,W2078059415
W2141913814,W2006318126
W2141913814,W2139520931
W2141913814,W2027847170
W2141913814,W1996950224
W2141913814,W2077618811
W2141920662,W2141970008
W2141920662,W2040340473
W2141920662,W2057396845
W2141920662,W2063534846
W2141920662,W2141975087
W2141975087,W2141970008
W2142017607,W2132555912
W2142017607,W2132549823
W2142017607,W2141885858
W2142017607,W2138631674
W2142023815,W2121055398
W2142023815,W2071707134
W2142023815,W2038195874
W2142023815,W2059205366
W2142023815,W2112084935
W2142023815,W1946252112
W2142023815,W2032285541
W2142023815,W2093575882
W2142046859,W2133535394
W2142046859,W2027254180
W2142046859,W2072500831
W2142046859,W2133665775
W2142046859,W2096522898
W2142046859,W2084619201
W2142046859,W2130091784
W2142046859,W2077327925
W2142046859,W2075294566
W2142046859,W2000998192
W2142058898,W2063978378
W2142058898,W2137813581
W2142058898,W2137015675
W2142058898,W1985217958
W2142058898,W2098432852
W2142058898,W2060705109
W2142058898,W2103179919
W2142058898,W2121748291
W2142097792,W2133535394
W2142097792,W2133665775
W2142097792,W2132484323
W2142097792,W2069864946
W2142097792,W2069466983
W2142097792,W2134852597
W2142097792,W2096522898
W2142097792,W1005007408
W2142097792,W2066678696
W2142097792,W1946252112
W2142097792,W2010417927
W2142097792,W2069977802
W2142097792,W2127170577
W2142097792,W2021930613
W2142097792,W2096465161
W2142097792,W2062118960
W2142097792,W1976564639
W2142097792,W1976637107
W2142097792,W2010516376
W2142097792,W2057327293
W2142097792,W2044437167
W2142097792,W2077208327
W2142097792,W2015050458
W2142145570,W2123343298
W2142145570,W1484347389
W2142145570,W2026337749
W2142145570,W2029411945
W2142145570,W1994823455
W2142161929,W2096465161
W2142161929,W2096409528
W2142161929,W2027254180
W2142161929,W2090915513
W2142161929,W2077327925
W2142161929,W1576520375
W2142161929,W2140952049
W2142225512,W2034932701
W2142225512,W2034672914
W2142225512,W2137683543
W2142231247,W2131374955
W2142231247,W2058998445
W2142231247,W2139314206
W2142231247,W1951724000
W2142231247,W2130410032
W2142231247,W2015050458
W2142231247,W1985007599
W2142237411,W2021591445
W2142289369,W2061820396
W2142289369,W2109154308
W2142289369,W1996950224
W2142289369,W2022085321
W2142289369,W2123487311
W2142300779,W2008854521
W2142300779,W2133151341
W2142300779,W2026616100
W2142300779,W2131288855
W2142300779,W2129970907
W2142300779,W2138763184
W2142300779,W2038194220
W2142300779,W2007110604
W2142300779,W1995274825
W2142300779,W2135029798
W2142343447,W2008942529
W2142343447,W2058541903
W2142343447,W2142428670
W2142343447,W2141920662
W2142437744,W2072955302
W2142437744,W2038702827
W2142437744,W1979308046
W2142437744,W2137734568
W2142437744,W2065304353
W2142437744,W1971625691
W2142437744,W2127036970
W2142437744,W2015522309
W2142437744,W1810360004
W2142437744,W1996487270
W2142437744,W2038752330
W2142437744,W2051159954
W2142437744,W2017426710
W2142437744,W1996585409
W2142437744,W1994803330
W2142437744,W2007826806
W2142437744,W2008627757
W2142437744,W1996950224
W2142678478,W2072500831
W2142678478,W2142739240
W2142678478,W2111464173
W2142678478,W1686065478
W2142678478,W1689711448
W2142678478,W2051782740
W2142678478,W2084744129
W2142739240,W2072500831
W2142739240,W2111464173
W2142739240,W2051782740
W2142794782,W2097224090
W2142794782,W2131454803
W2142794782,W2028979275
W2142960568,W2096791516
W2142960568,W1904914631
W2142960568,W2085831882
W2142960568,W2053186076
W2142960568,W1844405070
W2143180984,W2131170195
W2143180984,W2137344397
W2143180984,W2136573752
W2143180984,W2135989088
W2143180984,W2068753710
W2143180984,W2068588283
W2143180984,W2025665129
W2143180984,W2131070146
W2143205720,W1568390176
W2143205720,W2085831882
W2143205720,W2106824077
W2143205720,W2053186076
W2143205720,W2028056984
W2143205720,W2052493774
W2143238378,W2138790588
W2143238378,W2097224090
W2143238378,W2063978378
W2143238378,W2136039427
W2143238378,W2143325926
W2143238378,W1946252112
W2143238378,W1995274825
W2143238378,W2096093282
W2143238378,W2122559203
W2143362587,W2028979275
W2143362587,W1994803330
W2143381319,W2097413644
W2143381319,W1988050849
W2143381319,W2067804762
W2143381319,W2098597355
W2143426320,W2097308346
W2143426320,W2112101570
W2143426320,W2143463421
W2143426320,W2112084935
W2143426320,W2112078820
W2143426320,W2045465689
W2143426320,W2075950485
W2143426320,W2031489346
W2143426320,W1946252112
W2143426320,W1592674309
W2143426320,W1933349210
W2143426320,W2060705109
W2143426320,W1498931318
W2143426320,W2097208041
W2143463421,W2135836598
W2143463421,W2144042033
W2143463421,W2144081223
W2143463421,W2099779584
W2143463421,W2103164730
W2143463421,W2139086914
W2143463421,W2097255042
W2143463421,W2098432852
W2143463421,W2103948957
W2143485490,W2038195874
W2143485490,W2000998192
W2143485490,W2030500910
W2143485490,W2030517878
W2143485490,W2026570544
W2143485490,W2061680337
W2143485490,W2061438946
W2143485490,W2026616100
W2143485490,W2087484885
W2143485490,W2075702351
W2143485490,W2129034036
W2143485490,W2103441770
W2143485490,W2097073572
W2143485490,W2079300606
W2143514530,W2039240409
W2143516773,W1946252112
W2143516773,W2061438946
W2143516773,W2075702351
W2143516773,W2038492783
W2143516773,W1995274825
W2143516773,W2053911973
W2143516773,W2084619201
W2143516773,W2090330784
W2143516773,W2075207275
W2143516773,W2005532382
W2143560894,W2139760555
W2143560894,W2135314242
W2143560894,W2072955302
W2143560894,W1979308046
W2143560894,W2051159954
W2143560894,W2006763260
W2143560894,W1994975670
W2143560894,W2038194220
W2143560894,W2038669746
W2143560894,W2020044743
W2143560894,W2066907097
W2143560894,W2064963539
W2143560894,W2027672471
W2143612262,W2083878136
W2143612262,W2093540905
W2143612262,W2028999185
W2143612262,W2097208041
W2143612262,W2026616100
W2143612262,W2047028564
W2143612262,W1985538633
W2143612262,W1985007599
W2143612262,W2103948957
W2143612262,W2115944543
W2143668817,W2081298453
W2143668817,W2136451344
W2143668817,W2111684210
W2143729842,W2139610873
W2143729842,W2010560237
W2143729842,W1993913242
W2143729842,W2097875133
W2143729842,W2097855813
W2143729842,W2010516376
W2143729842,W2091235283
W2143729842,W2069864946
W2143729842,W2062118960
W2143729842,W2136024338
W2143858605,W2096747776
W2143858605,W2096791516
W2144023435,W2130417276
W2144023435,W2061820396
W2144023435,W2129163149
W2144023435,W2001544973
W2144023435,W2052493774
W2144023435,W2008627757
W2144023435,W2044609898
W2144023435,W2127862779
W2144023435,W1979408141
W2144023435,W1514540900
W2144023435,W1810360004
W2144023435,W2022085321
W2144023435,W2104549677
W2144038313,W2031028572
W2144038313,W1603793127
W2144038313,W2002486217
W2144038313,W1982837210
W2144189317,W2096522898
W2144189317,W2096409528
W2144189317,W2044387082
W2144189317,W2099779584
W2144189317,W2069977802
W2144260204,W2026616100
W2144260204,W2000982976
W2144288821,W2028979275
W2144288821,W2077208327
W2144288821,W2084619201
W2144288821,W2075294566
W2144288821,W2096409528
W2144288821,W1991538680
W2144288821,W2069977802
W2144288821,W2110015307
W2144288821,W2061438946
W2144288821,W2026616100
W2144288821,W2008869160
W2144288821,W1596936787
W2144288821,W2008854521
W2144288821,W2100739170
W2144288821,W2097855813
W2144288821,W2132484323
W2144288821,W2112680994
W2144288821,W2044437167
W2144288821,W2130373985
W2144304061,W2109364787
W2144304061,W2109920192
W2144304061,W2144311540
W2144304061,W1916491745
W2144304061,W2105872868
W2144304061,W1986014385
W2144304061,W2076491580
W2144304061,W1560020441
W2144304061,W2016916834
W2144304061,W2100379340
W2144311540,W2096747776
W2144311540,W2108244474
W2144362290,W2108718991
W2144362290,W2109920192
W2144362290,W2026337749
W2144362290,W2053911973
W2144362290,W2097065948
W2144362290,W2109364787
W2144362290,W2101105183
W2144369278,W2135695572
W2144383963,W2108234281
W2144383963,W2116782162
W2144383963,W2109305774
W2144383963,W2109943925
W2144383963,W2109816625
W2144383963,W2109920192
W2144383963,W2109628725
W2144383963,W2109255472
W2144383963,W2108664872
W2144383963,W2144512297
W2144383963,W2104718076
W2144383963,W2018459257
W2144383963,W1810694562
W2144512297,W2109364787
W2144512297,W2109627278
W2144512297,W2109305774
W2144512297,W2146272101
W2144512297,W2063264144
W2144512297,W2009575187
W2144512297,W2052493774
W2144512297,W2109943925
W2144512297,W1994975670
W2144568881,W2141052558
W2144568881,W2114104729
W2144574847,W2034994370
W2144574847,W1984068087
W2144574847,W2028240797
W2144574847,W2033686454
W2144574847,W2026337749
W2144574847,W1996950224
W2144574847,W2091875228
W2144574847,W2136482257
W2144625075,W2144653885
W2144625075,W2100117826
W2144625075,W2136609531
W2144625075,W2128158076
W2144625075,W2100130392
W2144653885,W2144625075
W2144653885,W2110098148
W2144653885,W2138825607
W2144653885,W2139236349
W2144653885,W2136609531
W2144653885,W2128158076
W2144653885,W2070808447
W2144653885,W2101846955
W2144653885,W2100117826
W2144653885,W2009575187
W2144653885,W2096465161
W2144653885,W2021591445
W2144653885,W1994975670
W2144673831,W2007339694
W2144673831,W2144720528
W2144673831,W1810694562
W2144673831,W2109920192
W2144673831,W2116864112
W2144673831,W2116782162
W2144673831,W2055757297
W2144673831,W2037766564
W2144673831,W2109628725
W2144673831,W2096379616
W2144673831,W2108664872
W2144673831,W2109364787
W2144673831,W2144836007
W2144673831,W2144137532
W2144673831,W2109305774
W2144720528,W2163188200
W2144720528,W2108744281
W2144720528,W2116864112
W2144720528,W2144137532
W2144720528,W2109627278
W2144720528,W2109305774
W2144720528,W2108234281
W2144720528,W2053186076
W2144836007,W2109305774
W2144836007,W2116782162
W2144836007,W2108664872
W2144836007,W2108744281
W2144836007,W2099901798
W2144836007,W2099784075
W2144836007,W2033465655
W2144836007,W2089051496
W2144836007,W2007339694
W2144836007,W2007049610
W2144852094,W2109627278
W2144852094,W2109364787
W2144852094,W1514540900
W2144852094,W2108356966
W2144852094,W2047189523
W2144898279,W2037993016
W2144898279,W2109305774
W2144898279,W2109627278
W2144898279,W2116782162
W2144898279,W2144923407
W2144898279,W2144182447
W2144923407,W2109305774
W2144923407,W2099709490
W2144923407,W2144182447
W2144981148,W2139520931
W2144981148,W2006318126
W2144981148,W2077959816
W2144981148,W2100401723
W2144981148,W2054054553
W2144981148,W2009720434
W2144981148,W1996950224
W2144981148,W1810360004
W2144981148,W2000380427
W2144981148,W2052493774
W2144981148,W2141458291
W2144981148,W2105668062
W2144981148,W2037993016
W2144981148,W2053186076
W2144981148,W2088780245
W2144981148,W2084864304
W2144981148,W2054141820
W2144981148,W2104549677
W2144991971,W2059073003
W2144991971,W2028240797
W2144998676,W2096093282
W2144998676,W2141707502
W2144998676,W2103164730
W2144998676,W2098432852
W2144998676,W1991330646
W2144998676,W2099779584
W2144998676,W2063978378
W2144998676,W1985217958
W2145091349,W2109305774
W2145091349,W2116782162
W2145091349,W2109920192
W2145091349,W2144923407
W2145091349,W2144182447
W2145091349,W2108234281
W2145091349,W2112078820
W2145091349,W2097208041
W2145091349,W2098432852
W2145091349,W2108244474
W2145091349,W2103912979
W2145094598,W2110300022
W2145094598,W2139122477
W2145094598,W2137344397
W2145094598,W1971443941
W2145094598,W2002311592
W2145096794,W2140946052
W2145096794,W2145113795
W2145096794,W2145191876
W2145096794,W2145265567
W2145096794,W2110035718
W2145096794,W2101846955
W2145096794,W2131271579
W2145096794,W2026616100
W2145096794,W2053219565
W2145096794,W2060705109
W2145096794,W2014691022
W2145096794,W1560020441
W2145096794,W2101749257
W2145096794,W2097233439
W2145113795,W2132616700
W2145113795,W2134927874
W2145113795,W2132914434
W2145113795,W2135782871
W2145113795,W2136408596
W2145113795,W2134539328
W2145113795,W2038702827
W2145113795,W2031168104
W2145113795,W2127625785
W2145113795,W1603793127
W2145113795,W2134539878
W2145113795,W2036348189
W2145113795,W2075740579
W2145113795,W2007826806
W2145113795,W2038752330
W2145113795,W1971625691
W2145113795,W2077766806
W2145113795,W2027672471
W2145113795,W1996487270
W2145113795,W2008627757
W2145113795,W1979348491
W2145113795,W2026337749
W2145113795,W1994975670
W2145113795,W2006959528
W2145113795,W1483167997
W2145113795,W2057327293
W2145113795,W2096522898
W2145113795,W2161289668
W2145113795,W2066907097
W2145191876,W2134539878
W2145191876,W2140946052
W2145191876,W2134927874
W2145191876,W2145265567
W2145191876,W2126817554
W2145191876,W2145113795
W2145191876,W2135810600
W2145191876,W2036348189
W2145191876,W2010049072
W2145191876,W2025415734
W2145191876,W2007826806
W2145191876,W2075702351
W2145191876,W2044387082
W2145191876,W2096465161
W2145191876,W2096522898
W2145191876,W2030946379
W2145265567,W2134539328
W2145265567,W2135810600
W2145265567,W2134927874
W2145265567,W2026337749
W2145265567,W2131681506
W2161289668,W1989348205
W2145287260,W2026616100
W2145287260,W2097073572
W2145287260,W2109305774
W2145336165,W2028979275
W2145336165,W2077208327
W2145336165,W2015113370
W2145336165,W2131454803
W2145336165,W2029413789
W2145336165,W2023668736
W2145336165,W2015053255
W2145336165,W2129795133
W2145336165,W2129812935
W2145336165,W2029231546
W2145336165,W1983208835
W2145336165,W1983183519
W2145336165,W2126547130
W2145336165,W2132454074
W2145336165,W2027016436
W2145336165,W2102625004
W2145336165,W1994975670
W2145336165,W2060705109
W2145339207,W2108664872
W2145479420,W2144311540
W2145479420,W2108744281
W2145479420,W2144720528
W2145479420,W2108433768
W2145479420,W2144182447
W2145479420,W2109920192
W2145479420,W2109816625
W2145479420,W2116782162
W2145479420,W2109627278
W2145479420,W2026317156
W2145479420,W2102806222
W2145479420,W2109628725
W2145479420,W2109943925
W2145479420,W2112615110
W2145479420,W2108664872
W2145479420,W2145538332
W2145479420,W2109305774
W2145538332,W2109627278
W2145538332,W2109943925
W2145538332,W2116782162
W2145538332,W2109305774
W2145538332,W2144182447
W2145555293,W2096409528
W2145555293,W2015113370
W2145555293,W2075288496
W2145555293,W2043398720
W2145555293,W2134852597
W2145555293,W2133535394
W2145555293,W2142097792
W2145555293,W2133665775
W2145555293,W2077330278
W2145555293,W2096522898
W2145555293,W1994975670
W2145555293,W2097998348
W2145555293,W2077327925
W2145555293,W2065304353
W2145555293,W2132484323
W2145555293,W2044387082
W2145555293,W2106335692
W2145577370,W2108102346
W2145577370,W2107915297
W2145577370,W2100379340
W2145577370,W1916491745
W2145577370,W2100533358
W2145577370,W1997511216
W2145662716,W2109920192
W2145662716,W2037993016
W2145662716,W2144512297
W2145662716,W2109255472
W2145662716,W2109816625
W2145662716,W2097073572
W2145662716,W2116782162
W2145662716,W2144383963
W2145662716,W2052493774
W2145662716,W2109628725
W2145662716,W2109943925
W2145662716,W2108664872
W2145662716,W2144836007
W2145662716,W2109305774
W2145697808,W2144720528
W2145697808,W2062118960
W2145808276,W2109920192
W2145808276,W2109628725
W2145808276,W2144568881
W2145808276,W2099813784
W2145808276,W2089051496
W2145840889,W2145113795
W2145840889,W2145191876
W2145840889,W2145265567
W2145840889,W2133119982
W2145840889,W2139248078
W2145840889,W1971625691
W2145840889,W2038702827
W2145840889,W2092521540
W2145840889,W2026277606
W2145840889,W1996487270
W2145840889,W2063264144
W2145931730,W2135029798
W2145931730,W2145962650
W2145931730,W2024726841
W2146058063,W2054141820
W2146058063,W1484347389
W2146058063,W2097073572
W2146058063,W2009575187
W2146058063,W2133119982
W2146058063,W2109154308
W2146058063,W1994975670
W2146058063,W1580389772
W2146080841,W2109154308
W2146080841,W2092170177
W2146080841,W2042468043
W2146264532,W2109920192
W2146264532,W2144512297
W2146264532,W2105827100
W2146264532,W2109628725
W2146264532,W2108664872
W2146264532,W2109305774
W2146290595,W2109305774
W2146290595,W2109920192
W2146290595,W2146272101
W2146290595,W2146264532
W2146290595,W2108664872
W2146290595,W2109628725
W2146290595,W2094253263
W2146290595,W2108718991
W2146290595,W2051159954
W2146290595,W1994803330
W2146290595,W2102806222
W2146292423,W2068767807
W2146292423,W2068588283
W2146292423,W2106070783
W2146337514,W2051159954
W2146337514,W2000589976
W2146337514,W2030517878
W2146337514,W2088780245
W2146337514,W2037993016
W2146337514,W2053186076
W2146337514,W2107633226
W2146337514,W2033797333
W2146337514,W1984004659
W2146341019,W2144137532
W2146341019,W2144720528
W2146341019,W2116782162
W2146341019,W2109305774
W2146396346,W1498057507
W2146482929,W2146487757
W2146530991,W2146573461
W2146577723,W1918260619
W2146577723,W2055655674
W2146577723,W2018159038
W2146577723,W2146890818
W2147119488,W2033002423
W2147200107,W2147222241
W2147200107,W2147246240
W2147222241,W2147246240
W2147299002,W2147311167
W2147422150,W2147423506
W2147526198,W2025371271
W2147615829,W2147654971
W2147615829,W1972750202
W2147615829,W1888172398
W2147746661,W2146573461
W2147746661,W2117513178
W2147768505,W2147804965
W2147768505,W2147806662
W2147819711,W1967261754
W2147819711,W1972750202
W2147863419,W1908991493
W2147863419,W1577231857
W2147875900,W1908991493
W2148323109,W2146530991
W2148323109,W2146573461
W2148323109,W2146482929
W2148323109,W2146487757
W2148323109,W2147875900
W2148323109,W2148337554
W2148323109,W2148345493
W2148323109,W2147863419
W2148422863,W2117991391
W2148501506,W1963529460
W2148501506,W2148540129
W2149353640,W2149352713
W2149353640,W2164449327
W2148698435,W2118338381
W2148698435,W2115706991
W2148726987,W1964963969
W2148963518,W2116464510
W2148963518,W2119362018
W2148991217,W2148999460
W2148991217,W2146904764
W2148991217,W2147111138
W2148991217,W2149011208
W2148991217,W2149146453
W2149441684,W2148663653
W2149441684,W2148606196
W2149525061,W2148898943
W2149548143,W2146502635
W2149573463,W2074682976
W2149573463,W2510973425
W2149573463,W2404280981
W2149573463,W2339540635
W2149662495,W2150163104
W2149752076,W2147200107
W2149752076,W2147222241
W2149752076,W2147246240
W2149908785,W2429610540
W2149908785,W2148251644
W2162530578,W2147246240
W2149932227,W1963529460
W2149932227,W2518198314
W2149933564,W2340897893
W2429610540,W2152061559
W2429610540,W2147111138
W2429610540,W2146904764
W2429610540,W2156622081
W2340897893,W2341539131
W2340897893,W2147200107
W2340897893,W2342249984
W2340897893,W2342540743
W2149961401,W2149992227
W2150066425,W2343457024
W2519603001,W2074682976
W2519603001,W2149573463
W2519603001,W2045197688
W2519603001,W2342577284
W2150258239,W2147311167
W2150258239,W2050160040
W2150303148,W2147875900
W2150303148,W1970672417
W2150303148,W2117853853
W2150303148,W2147863419
W2150345533,W2121604817
W2150503350,W2147875900
W2150503350,W2148337554
W2150503350,W2117553576
W2150503350,W2147863419
W2150503350,W2148345493
W2150536104,W1992858116
W2150536104,W1973577532
W2150536104,W136628441
W2150536104,W1989854862
W2150575159,W2134289299
W2150597302,W2037227137
W2150667092,W1963746476
W2150678612,W2028036560
W2150678612,W2011301426
W2150769028,W1975404935
W2150769028,W1975675278
W2150769028,W1977709885
W2150769028,W2150897391
W2150769028,W1968178762
W2150769028,W1727290854
W2150769028,W1721421031
W2150769028,W1975325122
W2150769028,W2150981663
W2150769028,W2150999725
W2150769028,W2079687160
W2150769028,W1968931043
W2150981663,W1727290854
W2150981663,W1977767269
W2151041036,W2473418344
W2151041036,W2035908878
W2151041036,W2148540129
W2151103935,W2150258239
W2151103935,W2147311167
W2151165908,W2117457769
W2151181273,W2023316892
W2151181273,W1982471090
W2151181273,W2151207643
W2151181273,W2151328940
W2151181273,W1982300822
W2151207643,W1964357740
W2151207643,W1970707135
W2151207643,W2151328940
W2151207643,W2167840686
W2151328940,W1964357740
W2151328940,W2165528549
W2151409320,W2151456308
W2151409320,W2149573313
W2151409320,W2040458497
W2151409320,W1999908724
W2151409320,W2151464048
W2151409320,W2149858388
W2151409320,W2151516307
W2151409320,W2151570219
W2151409320,W2151692850
W2151409320,W2057765075
W2151409320,W2004548026
W2151409320,W2151694441
W2151456308,W1968105193
W2151464048,W2151456308
W2151464048,W2593768305
W2151464048,W255996521
W2151464048,W2587625522
W2151464048,W2595629513
W2151516307,W2124879124
W2151516307,W2149683554
W2151516307,W2004548026
W2151516307,W2599417231
W2151570219,W2151456308
W2151570219,W1967485833
W2151570219,W2040458497
W2151570219,W2151936673
W2151570219,W2595629513
W2151692850,W2564178799
W2151692850,W2150166076
W255996521,W1992652001
W2599417231,W2559588208
W2152240519,W1972673502
W2152240519,W1992724001
W2152240519,W1214056855
W2152240519,W2147615829
W2152240519,W2148092884
W2152240519,W1962572544
W2152240519,W1992858116
W2152240519,W1972750202
W2152240519,W1888172398
W2152369329,W2116305749
W2152369329,W2557800876
W2152369329,W2152664025
W2152369329,W2611604995
W2152600059,W2549412929
W2152600059,W2549188196
W2549188196,W2549412929
W2152770371,W2152811544
W2152826865,W2120865735
W2152826865,W2121022470
W2152826865,W2116753165
W2152826865,W2124351063
W2152826865,W2121837178
W2152864241,W2152770371
W2152864241,W2153610778
W2152881839,W2779019546
W2152881839,W2471962767
W2152881839,W2603777577
W2152881839,W1992193293
W2152881839,W1968509967
W2152881839,W2419228228
W2152881839,W2035908878
W2152881839,W2153610778
W2152881839,W2149858388
W2152881839,W2537679995
W2152881839,W2148540129
W2603777577,W1963529460
W2603777577,W1951684732
W2603777577,W2564178799
W2603777577,W2593511418
W2603777577,W2004548026
W2537679995,W2153243519
W2537679995,W2405598407
W2537679995,W2476548250
W2537679995,W2471962767
W2152928439,W2152240519
W2152928439,W1972673502
W2152928439,W2152984210
W2152928439,W1992192767
W2152928439,W1962572544
W2152984210,W2152240519
W2152984210,W1992724001
W2152984210,W1972673502
W2152984210,W1255676896
W2152984210,W2149858388
W2152984210,W1962572544
W2152984210,W1992192767
W2152984210,W2124940469
W2152993806,W2124351162
W2152993806,W2149961401
W2153056550,W2153109441
W2153056550,W2153221451
W2153056550,W2153243519
W2153056550,W2153248731
W2153056550,W1992193293
W2153056550,W1992244678
W2153056550,W2153382986
W2153056550,W2153432740
W2153056550,W2153500382
W2153056550,W2153544371
W2153221451,W2153109441
W2153221451,W2153432740
W2153221451,W2004548026
W2153243519,W2417483443
W2153243519,W2164449327
W2153248731,W2153243519
W2153248731,W2153432740
W2153248731,W2153109441
W2153382986,W1992244678
W2153382986,W2153248731
W2153500382,W1992193293
W2153500382,W2153382986
W2153500382,W2153248731
W2153500382,W1992244678
W2153500382,W2153432740
W2153500382,W2040975718
W2417483443,W2164449327
W2405598407,W2406250479
W2405598407,W2152189242
W2153635508,W1990170643
W2153763028,W1887624773
W2153763028,W2044829309
W2153763028,W1888172398
W2153804214,W2153860431
W2153804214,W2153947402
W2153804214,W2153983456
W2153804214,W2101196984
W2153804214,W1605984840
W2153804214,W1607198972
W2153804214,W1605491412
W2153860431,W2156562079
W2153860431,W2156523992
W2153860431,W2156737316
W2153860431,W2558041282
W2153860431,W2134289299
W2153860431,W2151034630
W2153860431,W2156101426
W2156523992,W2156098321
W2156523992,W2156125289
W2156523992,W2149011208
W2156523992,W2156562079
W2156523992,W2156622081
W2156523992,W2146904764
W2153989276,W2154010459
W2153989276,W2006165291
W2153989276,W2006249161
W2153989276,W2006102096
W2153989276,W2110506823
W2153989276,W1963841973
W2154010459,W2006165291
W2154010459,W2006249161
W2154010459,W2006102096
W2154071138,W2015834247
W2154071138,W2154053567
W2154071138,W1951684732
W2154071138,W2151922790
W2154139219,W2152811544
W2154139219,W255996521
W2154139219,W2154053567
W2154139219,W2140765540
W2154139219,W1992652001
W2154139219,W2592811885
W2154197653,W2146502635
W2154197653,W2151034630
W2154197653,W2040975718
W2154197653,W2154053567
W2154197653,W2601436215
W2592811885,W2159752439
W2592811885,W2091808438
W2592811885,W2015834247
W2592811885,W2150131459
W2592811885,W2040975718
W2592811885,W2463195069
W2592811885,W2150220236
W2592811885,W1727290854
W2592811885,W1968595844
W2592811885,W2049468624
W2592811885,W2151922790
W2592811885,W1969072247
W2154610441,W2114623221
W2154610441,W1994433187
W2154652894,W1951564719
W2154652894,W2147118406
W2154736508,W2117457769
W2154736508,W2151165908
W2154736508,W2117513178
W2154748230,W2154845780
W2345356016,W2122838852
W2345356016,W2147246240
W2155069722,W2120831645
W2155069722,W2119413986
W2155069722,W2120834437
W2155069722,W2118421222
W2155142785,W2155201844
W2155243985,W2089458547
W2155298532,W1918260619
W2155305805,W2155311724
W2155305805,W2155347783
W2155347783,W2470673105
W2155628349,W2074726646
W2155628349,W2154652894
W2155628349,W2155657253
W2155628349,W2154276443
W2155628349,W2155707112
W2155628349,W2004548026
W2155657253,W2160917602
W2155657253,W2606995208
W2155657253,W1951564719
W2155657253,W2154053567
W2155657253,W2154276443
W2155657253,W2004548026
W2155657253,W2151694441
W2155707112,W1966107523
W2155707112,W2429610540
W2155707112,W2527042386
W2155707112,W2554285426
W2155707112,W2404280981
W2160917602,W2119862467
W2160917602,W2606995208
W2606995208,W2160547390
W2527042386,W2345458209
W2527042386,W2429610540
W2527042386,W2526050071
W2527042386,W1966107523
W2527042386,W2148251644
W2527042386,W2526781987
W2554285426,W2404280981
W2554285426,W2416799949
W2554285426,W2045197688
W2554285426,W2164449327
W2155804510,W1986014385
W2155804510,W2155806125
W2155804510,W2023427658
W2155829461,W2126479957
W2155829461,W2127322768
W2155829461,W2126504590
W2155829461,W2124362779
W2155829461,W2117457769
W2155829461,W2151165908
W2155829461,W2154736508
W2155829461,W2117513178
W2155829461,W2121863487
W2155893237,W1950829641
W2155893237,W1972673502
W2155893237,W136628441
W2155893237,W2155897723
W2155897723,W1977655452
W2155897723,W1972673502
W2155897723,W1992192767
W2155897723,W1972696558
W2155897723,W2170702893
W2170702893,W1977655452
W2170702893,W1973577532
W2170702893,W1972673502
W2170702893,W1972696558
W2155965977,W2127569725
W2156078931,W2156098321
W2156078931,W2156101426
W2156078931,W2156125289
W2156078931,W2089572795
W2156078931,W2156157987
W2156078931,W2156194072
W2156078931,W2156208893
W2156078931,W2156267802
W2156078931,W2156323704
W2156078931,W2156434383
W2156078931,W2150046129
W2156078931,W2149011208
W2156078931,W2156523992
W2156078931,W2156562079
W2156078931,W2156622081
W2156078931,W2017919052
W2156078931,W2156665851
W2156078931,W2030737358
W2156078931,W2156737316
W2156078931,W2152207030
W2156078931,W2146904764
W2156078931,W2147096538
W2156078931,W2089961441
W2156078931,W2156748700
W2156078931,W2156778513
W2156078931,W2157009395
W2156078931,W2157107905
W2156078931,W2090037139
W2156078931,W2004548026
W2156078931,W2091575974
W2156078931,W2157427387
W2156078931,W2017871657
W2156078931,W2157462758
W2156157987,W2595653137
W2156194072,W2112776483
W2156208893,W2563535234
W2156267802,W2156434383
W2156267802,W2004823737
W2157107905,W2580767461
W2157107905,W2156748700
W2157462758,W2091575974
W2157462758,W2156101426
W2157462758,W2050338614
W2157462758,W2089572795
W2157462758,W2344657883
W2157462758,W2090037139
W2157462758,W2157009395
W2157462758,W2595629513
W2157462758,W2789843538
W2157462758,W2725897987
W2157641482,W2126902508
W2157641482,W2146573461
W2157795344,W2124679671
W2157917411,W2157980636
W2157917411,W2156748700
W2157917411,W2158048826
W2157917411,W2158049821
W2157980636,W2723723801
W2157980636,W2157107905
W2157980636,W2158048826
W2157980636,W2156748700
W2158048826,W2156125289
W2158048826,W2563535234
W2158048826,W2156208893
W2158048826,W2150046129
W2158048826,W2580767461
W2158048826,W2156748700
W2158048826,W2157107905
W2158048826,W2725897987
W2158173168,W2141042406
W2158173168,W2018841491
W2158173168,W1560020441
W2158217645,W2788633781
W2158217645,W2155496693
W2788633781,W2155529731
W2788633781,W2613362156
W2158267770,W2158268769
W2158268769,W2343457024
W2158364367,W2158485828
W2158364367,W2158489424
W2158364367,W2049553585
W2158364367,W2049683810
W2158364367,W2049852912
W2158364367,W2158521569
W2158364367,W2050104595
W2158485828,W255996521
W2158485828,W1968509967
W2158485828,W2476548250
W2158489424,W2151409320
W2158489424,W2151516307
W2158489424,W2151456308
W2158489424,W2162686899
W2158521569,W2608687752
W2158521569,W2608014122
W2158521569,W2624616322
W2158521569,W2764072425
W2476548250,W1968105193
W2476548250,W1975768883
W2476548250,W1968178762
W2162686899,W2741508285
W2162686899,W2149683554
W2162686899,W2517342784
W2162686899,W2149662495
W2162686899,W2544360569
W2162686899,W2519132385
W2162686899,W2090037139
W2162686899,W2149573313
W2162686899,W2151516307
W2162686899,W2154998026
W2162686899,W2124879124
W2162686899,W2017840637
W2162686899,W2149612368
W2162686899,W2595629513
W2162686899,W2151409320
W2162686899,W2040458497
W2162686899,W2004548026
W2162686899,W1965765914
W2608014122,W2008668438
W2608014122,W2608687752
W2608014122,W1951684732
W2608014122,W2148260760
W2624616322,W2614443510
W2158535548,W2015556811
W2158535548,W2011472471
W2158535548,W1994391392
W2158535548,W2011759111
W2158585406,W1996024251
W2158585406,W2018841491
W2158585406,W2031675844
W2158592639,W2158610627
W2158592639,W2018045523
W2158592639,W2158698691
W2158592639,W2158734599
W2158610627,W2158734599
W2158782408,W1969353942
W2158782408,W1560749659
W2613362156,W2155529731
W2796153225,W2152864241
W2796153225,W2154241726
W2796153225,W2154139219
W2796153225,W2153624566
W2796153225,W2127559745
W2796153225,W2796153844
W2796153225,W1968595844
W2796153225,W2741508285
W2796153225,W1999908724
W2796153225,W2766208183
W2796153225,W2579533542
W2796153225,W1999872096
W2796153225,W2080192596
W2796153225,W2147924102
W2796153225,W1968105193
W2796153225,W1999906527
W2796153225,W2057765075
W2796153225,W2004548026
W2796153225,W2796207838
W2159094788,W2042692910
W2159094788,W2155943701
W2159094788,W2157752701
W2159094788,W2042533040
W2159094788,W2042789810
W2159094788,W2105846236
W2159094788,W2159200641
W2159200641,W2155943701
W2159200641,W2042533040
W2159200641,W2042706232
W2159200641,W2042692910
W2159200641,W2042789810
W2159200641,W2155968351
W2159200641,W2046183549
W2159211495,W2030628997
W2159211495,W2159269332
W2159211495,W2030701238
W2159211495,W2159400887
W2159211495,W2159443068
W2159400887,W2156267802
W2159400887,W2156323704
W2159400887,W2344328155
W2159400887,W2524597629
W2159400887,W2017875658
W2159400887,W2401404581
W2159443068,W2150046129
W2159443068,W2151694441
W2159443068,W2004548026
W2524597629,W2156323704
W2524597629,W2344657883
W2524597629,W2525607701
W2524597629,W2168515722
W2159474015,W2152811544
W2159474015,W2040456488
W2159474015,W2152770371
W2159474015,W2154026962
W2159474015,W2035898183
W2159474015,W2113162751
W2159474015,W2140765540
W2159675211,W2159689047
W2159675211,W2159707944
W2159675211,W2154556219
W2159675211,W2154455818
W2159675211,W2012407814
W2159675211,W2049852912
W2159675211,W2074986801
W2159675211,W2159752439
W2159675211,W2140765540
W2159675211,W2060551076
W2159675211,W1968984443
W2159707944,W2146502635
W2159707944,W2149548143
W2159758382,W2159805452
W2159758382,W2148501506
W2739999456,W1968595844
W2739999456,W2592811885
W2739999456,W2049468624
W2739999456,W2150220236
W2739999456,W1967464880
W2739999456,W2508457857
W2739999456,W2153544371
W2739999456,W2057765075
W2739999456,W2165067288
W2544360569,W2147200107
W2544360569,W2149662495
W2544360569,W2149683554
W2544360569,W2517342784
W2544360569,W2460850757
W2159929956,W2159954944
W2159929956,W2159957100
W2159967578,W2155829461
W2159967578,W2127322768
W2159967578,W2126504590
W2159967578,W2124362779
W2159967578,W2117457769
W2159967578,W2151165908
W2159967578,W2154736508
W2159967578,W2117513178
W2159967578,W2120145199
W2159967578,W2121837178
W2159967578,W2119175727
W2159967578,W2121863487
W2160206675,W2152189242
W2160206675,W2160252043
W2160206675,W2154026962
W2160206675,W2160333540
W2160252043,W2770092353
W2160252043,W2152189242
W2160252043,W2736219668
W2160252043,W2161728228
W2160252043,W2154026962
W2160252043,W2160333540
W2160252043,W2807970930
W2160333540,W2152189242
W2160333540,W2788228074
W2160333540,W2807970930
W2770092353,W2154071138
W2770092353,W2736219668
W2736219668,W2511515754
W2736219668,W1930021590
W2736219668,W2166152751
W2161728228,W1951684732
W2161728228,W2736219668
W2161728228,W1965306643
W2161728228,W2153544371
W2161728228,W2164449327
W2788228074,W1951564719
W2788228074,W2154053567
W2788228074,W2154071138
W2788228074,W2152849583
W2799670133,W2616922646
W2799670133,W2750615195
W2799670133,W2159915276
W2799670133,W2736920791
W2894687190,W2741508285
W2894687190,W2750615195
W2894687190,W2159915276
W2894687190,W2160337655
W2894687190,W2113162751
W2894687190,W2160378127
W2894687190,W2736920791
W2736920791,W2159915276
W2736920791,W2160378127
W2736920791,W2737217596
W2736920791,W2160337655
W2736920791,W2004548026
W2736920791,W2737785069
W2160450758,W2101135654
W2160450758,W2155943701
W2160450758,W2153804214
W2160450758,W2160537686
W2160571481,W2160615957
W2160660844,W2050943927
W2160697532,W1976403158
W2160697532,W2160741281
W2160697532,W2022685385
W2160697532,W1994190235
W2160697532,W2030769837
W2160741281,W2147526198
W2160741281,W1976403158
W2160741281,W1994190235
W2160821342,W2160333540
W2160821342,W2160830391
W2160830391,W1963529460
W2160830391,W2036063909
W2160830391,W1972673502
W2160830391,W2008641894
W2160830391,W2088122955
W2160830391,W1972696558
W2160830391,W1991538680
W2160830391,W1951724000
W2160830391,W1888172398
W2160916596,W2160917602
W2160916596,W2160947363
W2160916596,W2160969485
W2160916596,W2155628349
W2160916596,W2154652894
W2160916596,W2160995259
W2160916596,W2161041152
W2160916596,W2161057248
W2160947363,W2149573463
W2160947363,W2149612368
W2160947363,W2519603001
W2160947363,W1966078827
W2160947363,W2015688756
W2160947363,W2565277564
W2160969485,W2754890392
W2160969485,W2554285426
W2160969485,W2150234230
W2160969485,W2790056669
W2160969485,W2519603001
W2160969485,W2149573463
W2160969485,W2526050071
W2160969485,W2761275051
W2160969485,W2160947363
W2160995259,W2151692850
W2160995259,W2074726646
W2160995259,W1966107523
W2160995259,W2045119680
W2160995259,W2004548026
W2161041152,W2519132385
W2161041152,W2162686899
W2161041152,W2260624936
W2161041152,W2598320237
W2161041152,W1951564719
W2161041152,W2166152751
W2161041152,W2004548026
W2161057248,W2519132385
W2161057248,W2160995259
W2161057248,W2151692850
W2161057248,W2429610540
W2161057248,W2161041152
W2161057248,W2004444667
W2161057248,W2004548026
W2161057248,W2180229411
W2565277564,W2149573463
W2565277564,W2149612368
W2565277564,W2570343428
W2565277564,W2519603001
W2565277564,W2150234230
W2565277564,W2535995078
W2565277564,W2339540635
W2754890392,W2554285426
W2754890392,W2152061559
W2754890392,W2510973425
W2754890392,W2607129810
W2754890392,W2149908785
W2754890392,W2519132385
W2754890392,W2150166076
W2754890392,W2429610540
W2754890392,W2534737939
W2754890392,W2016006311
W2790056669,W2554285426
W2790056669,W2429610540
W2790056669,W2004548026
W2526050071,W2345458209
W2526050071,W2526781987
W2526050071,W2148251644
W2526050071,W1966107523
W2761275051,W2527042386
W2761275051,W2150166076
W2761275051,W2004548026
W2761275051,W2015593224
W2761275051,W2015953751
W2761275051,W2761575992
W2761275051,W2345458209
W2761275051,W1966078827
W2761275051,W2401568148
W2761275051,W2017559255
W2519132385,W2149908785
W2519132385,W2429610540
W2260624936,W2166171121
W2260624936,W2463195069
W2260624936,W1965765914
W2260624936,W1966078827
W2260624936,W2045197688
W2260624936,W1930021590
W2598320237,W2147200107
W2598320237,W2150131459
W2598320237,W2168482920
W2598320237,W2149662495
W2598320237,W2517342784
W2598320237,W2168515722
W2598320237,W2599076725
W2598320237,W2544360569
W2166152751,W1965464747
W2166152751,W2166171121
W2166152751,W2166214412
W2161062388,W2128366083
W2161062388,W2135419069
W2161062388,W2099556653
W2161062388,W2059796825
W2161062388,W1979348491
W2161062388,W2025415734
W2161062388,W2131568786
W2161062388,W2135314242
W2161080627,W2155800098
W2161080627,W2101196063
W2161112598,W2131665065
W2161163382,W2161184021
W2161163382,W2121001699
W2161212572,W2152993806
W2161241309,W1964357740
W2161241309,W2018838463
W2161241309,W2035839217
W2161336494,W2038721957
W2161336494,W1991538680
W2161336494,W2115217290
W2161336494,W2112680994
W2161339576,W1975325122
W2161339576,W1968595844
W2161339576,W1999872096
W2161374186,W1994433187
W2161444534,W2060259273
W2161444534,W1887863118
W2161467829,W2090029279
W2161467829,W1966107523
W2161498332,W2128880918
W2161498332,W2128793721
W2161498332,W2136145671
W2161546116,W2080376276
W2161546116,W2054275187
W2161546116,W2073122003
W2161548576,W2040612932
W2161548576,W2036025531
W2161548576,W2159675211
W2161548576,W2148143831
W2161548576,W2161568916
W2161548576,W2161586297
W2161548576,W2161605421
W2161548576,W2135695572
W2161548576,W2050104595
W2161568916,W2761275051
W2161568916,W1967485833
W2161568916,W2761575992
W2161586297,W2153109441
W2161586297,W2096682311
W2161586297,W2151080396
W2161586297,W2786358356
W2161586297,W2153221451
W2161586297,W2153243519
W2161605421,W2153243519
W2161605421,W2161586297
W2161605421,W2153248731
W2161605421,W2153500382
W2161605421,W2153382986
W2161605421,W2074726646
W2161605421,W2004548026
W2161621332,W2132755931
W2161633633,W1990869665
W2161685427,W2134591556
W2161685427,W1999908724
W2161693225,W2161701454
W2161693225,W2159675211
W2161693225,W2161728228
W2161693225,W1999872096
W2161693225,W2075784822
W2161693225,W2161746138
W2161693225,W2161783224
W2161693225,W2161787079
W2161693225,W2074986801
W2161693225,W2160085528
W2161693225,W2080192596
W2161693225,W2151922790
W2161693225,W2161815745
W2161701454,W2154026962
W2161701454,W1999872096
W2161701454,W2154197653
W2161701454,W2036008499
W2161701454,W2154652894
W2161701454,W2155628349
W2161701454,W2160917602
W2161701454,W2756283300
W2161701454,W2593414223
W2161701454,W2154614604
W2161701454,W2160547390
W2161701454,W2101420429
W2161746138,W2146502635
W2161746138,W2154614604
W2161746138,W2803479625
W2161783224,W2154614604
W2161783224,W2154026962
W2161783224,W2154053567
W2161783224,W2154071138
W2161783224,W2738900493
W2161783224,W2155628349
W2161783224,W2593414223
W2161783224,W2151922790
W2161787079,W2750416916
W2161787079,W2119862467
W2161787079,W2803479625
W2161787079,W2154053567
W2161787079,W2017919052
W2161787079,W2896548965
W2161787079,W2896872272
W2161787079,W2764347725
W2161787079,W2897529137
W2161787079,W2154071138
W2161787079,W2152195021
W2756283300,W2519132385
W2756283300,W2565277564
W2756283300,W2148991217
W2756283300,W2734356283
W2756283300,W2004548026
W2593414223,W2579533542
W2593414223,W2180229411
W2593414223,W2004548026
W2803479625,W2154652894
W2803479625,W2119862467
W2803479625,W2154276443
W2803479625,W2164449327
W2738900493,W2148185586
W2896548965,W2897529137
W2896548965,W2161787079
W2896548965,W2004548026
W2896548965,W2180229411
W2896548965,W2911964244
W2896548965,W2750416916
W2896872272,W2050338614
W2896872272,W2900090807
W2896872272,W2156101426
W2896872272,W2090037139
W2896872272,W2605810679
W2896872272,W2429610540
W2896872272,W2160995259
W2896872272,W2161041152
W2896872272,W2015593224
W2896872272,W1965765914
W2896872272,W2151080396
W2896872272,W2928165649
W2896872272,W2595629513
W2896872272,W2261764510
W2896872272,W2149683554
W2896872272,W2150163104
W2764347725,W2000024623
W2764347725,W2572710398
W2764347725,W273955616
W2764347725,W2004548026
W2897529137,W2155628349
W2897529137,W2593414223
W2897529137,W2154652894
W2897529137,W2756283300
W2161821474,W1968595844
W2161829879,W2161872045
W2161829879,W2030628997
W2161829879,W2161969291
W2161829879,W2161994757
W2161829879,W2141157874
W2161872045,W2167727518
W2161872045,W2167822639
W2161969291,W2173213060
W2161969291,W2171692085
W2171692085,W2030628997
W2171692085,W1990376608
W2171692085,W2171468534
W2171692085,W2161994757
W2171692085,W2171707538
W2171692085,W1990869665
W2171692085,W2171762906
W2171692085,W2171777347
W2171692085,W2047364731
W2171692085,W2030747846
W2171692085,W1537972189
W2162010696,W2162020807
W2162020807,W2154026962
W2162088497,W1810694562
W2162088497,W2012034410
W2162088497,W2043509228
W2162088497,W1979260070
W2162088497,W1980740976
W2162090451,W2154026962
W2162090451,W2162098634
W2162090451,W2161783224
W2162090451,W2030628997
W2162090451,W2162143298
W2162090451,W2162151166
W2162143298,W1951564719
W2162157671,W2162196924
W2162157671,W1986014385
W2162157671,W2061438946
W2162157671,W1995274825
W2162157671,W1984671422
W2162157671,W1986662234
W2162157671,W2026337749
W2162157671,W1994823455
W2162157671,W1994803330
W2162157671,W2029411945
W2162157671,W2038194220
W2162157671,W2099196698
W2162348455,W2134732827
W2162348455,W2136145671
W2162348455,W2124459709
W2162348455,W2122598723
W2162420979,W2149662495
W2162420979,W2162530578
W2162420979,W2162544110
W2162420979,W2149683554
W2162420979,W2155628349
W2162420979,W2162586165
W2162420979,W2161783224
W2162420979,W2150131459
W2162420979,W2162686899
W2162544110,W2148185586
W2162544110,W2040975718
W2162544110,W2608014122
W2162544110,W2040456488
W2162544110,W2160337655
W2162544110,W2157009395
W2162544110,W2004548026
W2162544110,W2180229411
W2162586165,W2950077417
W2162586165,W2424778531
W2162586165,W2149655632
W2162586165,W2154431984
W2162586165,W2017559255
W2162586165,W2004548026
W2950077417,W1992436001
W2950077417,W2593436234
W2950077417,W2579533542
W2517342784,W2147200107
W2517342784,W2168482920
W2517342784,W1968595844
W2517342784,W2149662495
W2517342784,W2149683554
W2517342784,W2164449327
W2162800060,W2084235337
W2162800060,W1597678601
W2162800060,W2095345231
W2162800060,W2099196698
W2162800060,W1619623942
W2162838272,W2087712586
W2162838272,W2072500831
W2162838272,W2060590119
W2162838272,W1995157919
W2162838272,W2060852319
W2162838272,W2081640113
W2162838272,W2032866243
W2162838272,W2052130118
W2162838272,W2103546861
W2162838272,W2085001923
W2162838272,W2105924489
W2162896254,W2162915993
W2162896254,W2162953324
W2162896254,W2079735306
W2162915993,W1527927437
W2163011877,W2160206675
W2163011877,W2163013660
W2163011877,W1999872096
W2163011877,W2163059190
W2163013660,W2160547390
W2163013660,W273955616
W2163013660,W2108696783
W2163013660,W2764347725
W2163013660,W2923537029
W2163013660,W2923300855
W2163013660,W2152195021
W2163059190,W2057477511
W273955616,W2000024623
W273955616,W2345458209
W273955616,W2074726646
W273955616,W2004548026
W2923300855,W2017559255
W2923300855,W273955616
W2923300855,W1951684732
W2923300855,W2923537029
W2163092745,W2163097950
W2163092745,W2085865532
W2163092745,W2163151727
W2163097950,W2155496693
W2163097950,W2899070097
W2163151727,W2899714098
W2163151727,W2922509574
W2163151727,W2155496693
W2922509574,W2155496693
W2922509574,W2899714098
W2922509574,W2899070097
W2163199119,W1969353942
W2163199119,W2103317434
W2163199119,W2107235439
W2163199119,W2041823554
W2163199119,W1960895270
W2163199119,W2042122216
W2163225965,W2110300022
W2163225965,W2110699703
W2163250554,W2108718991
W2163250554,W2144720528
W2163250554,W2108433768
W2163250554,W2109920192
W2163250554,W1991330646
W2163250554,W1924064069
W2163250554,W2109627278
W2163250554,W2109628725
W2163250554,W2108664872
W2163250554,W2163188200
W2163250554,W2144836007
W2163250554,W2109305774
W2163274894,W2108234281
W2163274894,W2109305774
W2163274894,W2109364787
W2163274894,W1893938325
W2163274894,W1979260070
W2163274894,W2007049610
W2163274894,W2034285706
W2163278718,W2108244474
W2163283323,W2108234281
W2163283323,W2116782162
W2163283323,W2109943925
W2163283323,W2109305774
W2163283323,W2109816625
W2163283323,W2144383963
W2163283323,W2109628725
W2163283323,W2108664872
W2163283323,W2109920192
W2163283323,W2163284576
W2163283323,W2145479420
W2163284576,W2108744281
W2163284576,W2116864112
W2163284576,W2144137532
W2163284576,W2109305774
W2163284576,W2116782162
W2163284576,W2109920192
W2163341755,W2109305774
W2163341755,W2109364787
W2163341755,W2144720528
W2163341755,W2018459257
W2163341755,W2018514036
W2163341755,W2007049610
W2163341755,W2020541351
W2163341755,W2163352848
W2163341755,W180836830
W2163341755,W2108718991
W2163341755,W1999478182
W2163410149,W2163485494
W2163410149,W1918260619
W2163485494,W2735457220
W2163525631,W2108234281
W2163525631,W2144362290
W2163525631,W1908991493
W2163541402,W2108234281
W2163605009,W2108234281
W2163605009,W2110899053
W2163605009,W2110888553
W2163606831,W2163525631
W2163606831,W2144362290
W2163606831,W2091393784
W2163606831,W2002486217
W2163606831,W2145808276
W2163627198,W2108718991
W2163627198,W2161163382
W2163667214,W2025516135
W2163816695,W1527927437
W2163886442,W1559136758
W2163953557,W2163816695
W2163953557,W2036193982
W2164154943,W2164215496
W2164231461,W2163798887
W2164231461,W1969200114
W2164283016,W1642873092
W2164683872,W1498027297
W2164778558,W2164928285
W2164778558,W136628441
W2164778558,W1247968195
W2164778558,W1487531252
W2164778558,W2033002423
W2164976997,W1976988124
W2165010366,W2016236854
W2165037481,W2165067288
W2165171393,W1685833191
W2165232124,W1498057507
W2165242200,W2146396346
W2165242200,W1498057507
W2165299997,W2165463056
W2165674132,W2165698076
W2165674132,W2158782408
W2165772416,W2008668719
W2165835468,W2165869860
W2165871546,W1617495083
W2165874743,W1515023627
W2165874743,W1517555081
W2165874743,W1981827347
W2165874743,W1531643369
W2165874743,W1536680647
W2165901622,W2165935007
W2165901622,W1989277387
W2165977355,W2166073443
W2165977355,W2164087962
W2165977355,W2165871546
W2166562121,W2165463056
W2166604768,W2019264784
W2166604768,W2166667242
W2166678085,W2165463056
W2166678085,W2166562121
W2166678085,W2165299997
W2166689829,W1990415494
W2166706824,W1999478155
W2166706824,W1989589910
W2166810745,W1631559605
W2166810745,W1990170643
W2166810745,W1559136758
W2166810745,W1994145712
W2166820820,W1631559605
W2166820820,W1990170643
W2166820820,W2166562121
W2166820820,W2166678085
W2166820820,W2165463056
W2166820820,W2165299997
W2166867592,W2166903671
W2166867592,W1970010130
W2166867592,W1974047233
W2166867592,W1974116356
W2166867592,W1974424100
W2166867592,W1981239255
W2166867592,W1969543759
W2166867592,W1969690258
W2166867592,W1981213426
W2166903671,W1974047233
W2166903671,W1974116356
W2166941621,W2166982098
W2166941621,W2111635289
W2166941621,W2113699335
W2167033587,W2151328940
W2167062509,W1500693574
W2167062509,W1566135517
W2167062509,W1971820570
W2167062509,W1834627138
W2167062509,W1971415551
W2167062509,W2167095271
W2167062509,W1502801871
W2167062509,W1940496428
W2167062509,W1964895626
W2167062509,W1845975704
W2167062509,W1971439989
W2167101736,W2166678085
W2167101736,W2166562121
W2167101736,W2165299997
W2167101736,W2165463056
W2167151437,W2158782408
W2167151437,W2165698076
W2167183660,W2167279371
W2167183660,W2026062398
W2167311298,W1487531252
W2167325287,W2165299997
W2167325287,W2166562121
W2167325287,W2165463056
W2167325287,W2166678085
W2167344400,W1964357740
W2167344400,W1982300822
W2167366201,W2165463056
W2167366201,W2166562121
W2167366201,W2166678085
W2167366201,W2165299997
W2167366201,W2167101736
W2167366201,W1990170643
W2167383445,W2165037481
W2167450434,W2021350270
W2167450434,W2167557255
W2167572849,W2165744313
W2167667767,W2161222316
W2167869241,W2167727518
W2167869241,W1990415494
W2167885723,W2165463056
W2167885723,W2165299997
W2167885723,W2166562121
W2167885723,W2167325287
W2167885723,W2167101736
W2167885723,W2166678085
W2167905626,W2167928095
W2167905626,W2163798887
W2167929905,W2168062665
W2168083201,W1973577532
W2168083201,W1997201895
W2168083201,W1860063347
W2168133698,W1983786851
W2168133698,W2168173042
W2168226651,W2168230240
W2168356304,W2166562121
W2168356304,W2167101736
W2168356304,W2166678085
W2168356304,W2167325287
W2168356304,W2166820820
W2168405694,W1857797615
W2168405694,W1845975704
W2168420558,W2165299997
W2168420558,W2165463056
W2168420558,W2166562121
W2168420558,W2167325287
W2168420558,W2166820820
W2168420558,W2166678085
W2168420558,W2167101736
W2168569455,W2165299997
W2168569455,W2023316892
W2168569455,W2168420558
W2168569455,W2166678085
W2168569455,W2166820820
W2168569455,W2166562121
W2168569455,W2167101736
W2168569455,W2165463056
W2168569455,W1631559605
W2168569455,W2166810745
W2168569455,W2167325287
W2168569455,W2167366201
W2168569455,W2168356304
W2168569455,W2167885723
W2168602111,W2167840686
W2168602111,W1964308073
W2168602111,W2151207643
W2168602111,W2151328940
W2168602111,W1970707135
W2168630917,W2001063720
W2168646330,W2166244948
W2168676717,W179875071
W2168696662,W2049377387
W2168696662,W2049468624
W2168696662,W1967485833
W2168696662,W1968509967
W2168872978,W1951817746
W2168872978,W1974038018
W2168872978,W1895577753
W2168872978,W1974116356
W2168872978,W1255676896
W2168909889,W1829634234
W2168909889,W1981443800
W2168909889,W1981425990
W2168909889,W1981644934
W2168974130,W2003164867
W2168974130,W1981443800
W2168974130,W2169205464
W2168974130,W1820051232
W2168974130,W2169244146
W2168974130,W1829643206
W2168974130,W1829634234
W2168974130,W1981644934
W2169245074,W2166810745
W2169245074,W1631559605
W2169245074,W2166820820
W2169245194,W1990415494
W2169245194,W2047417387
W2169245194,W2164087962
W2169245194,W2164043498
W2169330513,W2165299997
W2169330513,W2023316892
W2169330513,W2168420558
W2169330513,W2166678085
W2169330513,W2166820820
W2169330513,W2166562121
W2169330513,W2168569455
W2169330513,W2167101736
W2169330513,W2165463056
W2169330513,W2169245074
W2169330513,W2166810745
W2169330513,W2167325287
W2169330513,W2167366201
W2169330513,W2169353806
W2169330513,W2168356304
W2169330513,W2167885723
W2169353806,W2153635508
W2169353806,W2168569455
W2169353806,W2167325287
W2169353806,W2166678085
W2169456326,W1987643155
W2169490754,W2060185417
W2169556367,W1965097716
W2169556367,W1974038018
W2169556367,W1951724000
W2169556367,W2124517301
W2169556367,W1951817746
W2169556367,W2168872978
W2169556367,W1895577753
W2169556367,W1991538680
W2169556367,W1952066190
W2169556367,W2112680994
W2169570446,W1524333225
W2169570446,W1966411071
W2169570446,W1973577532
W2169589032,W1950118853
W2169589032,W1987179471
W2169589032,W1791484930
W2169667133,W1519266993
W2169715400,W2169766597
W2169773990,W2023316892
W2170024099,W1981644934
W2170024099,W1829634234
W2170024099,W1981425990
W2170024099,W1829643206
W2170024099,W2003164867
W2170039745,W1963758874
W2170039745,W2166941621
W2170102584,W2166073443
W2170102584,W2169245194
W2170102584,W2164043498
W2170102584,W2164087962
W2170121306,W2117792884
W2170146596,W1494075612
W2170146596,W2022315563
W2170146596,W2002726823
W2170146596,W2022353023
W2170146596,W2022299938
W2170146596,W1974116356
W2170174991,W1980568348
W2170174991,W1989348205
W2170239483,W2032813423
W2170280355,W2170327428
W2170280355,W2005895632
W2170280355,W1980419364
W2170280355,W1980497534
W2170327428,W2560438049
W2170327428,W1980419364
W2170327428,W2005895632
W2170327428,W1980497534
W2560438049,W2033002423
W2170486072,W2151181273
W2170488656,W2170505850
W2170488656,W2170551349
W2170488656,W2170589321
W2170505850,W2148991217
W2170505850,W2166152751
W2170505850,W1951564719
W2170505850,W2606995208
W2170551349,W2170505850
W2170551349,W2148991217
W2170644095,W1974047233
W2170644095,W1895577753
W2170644095,W1972190631
W2170644095,W1972183204
W2170644095,W1976759885
W2170644095,W1972432506
W2170644095,W1970010130
W2170644095,W1969543759
W2170644095,W1981983416
W2170644095,W2141652419
W2170644095,W2170684975
W2170644095,W2044829309
W2170690812,W1963746476
W2170690812,W1963758874
W2170690812,W2112192177
W2170690812,W1978956894
W2170747616,W2088122955
W2170747616,W2167311298
W2170747616,W2091248159
W2170747616,W2169244146
W2170747616,W1487531252
W2170760271,W2044212084
W2170760271,W2161815745
W2170776626,W2022548072
W2170816415,W2170816806
W2170816415,W2152984210
W2170816415,W2152928439
W2170816415,W2170830174
W2170816415,W1950829641
W2170816415,W1992192767
W2170816415,W1962572544
W2170816415,W1888172398
W2170816806,W2152984210
W2170816806,W1950829641
W2170816806,W1962572544
W2170816806,W1992192767
W2170816806,W2124940469
W2170816806,W2117200377
W2170830174,W1972673502
W2170830174,W1214056855
W2170830174,W1962572544
W2170852633,W2091705028
W2170852633,W1930624869
W2170852633,W1965765914
W2170852633,W1966238900
W2170852633,W2090029279
W2170852633,W2015953751
W2170852633,W2016053056
W2170892587,W2003004462
W2170892587,W2170899200
W2170892587,W2168909889
W2170892587,W1981443800
W2170892587,W1820051232
W2170892587,W1981644934
W2170892587,W2170024099
W2170892587,W1981425990
W2170892587,W1829634234
W2170892587,W2003164867
W2170913114,W2167101736
W2170913114,W2168569455
W2170989872,W2163816695
W2170989872,W2106578986
W2171030481,W1981030303
W2171030481,W1974116356
W2171030481,W2022299938
W2171030481,W2022353023
W2171030481,W2022423925
W2171030481,W2170146596
W2171030481,W2171033594
W2171030481,W2002726823
W2171030481,W1631356911
W2171126517,W2161289668
W2171126517,W2022685385
W2171126517,W2022548072
W2171126517,W2030769837
W2171126517,W1989348205
W2171129594,W2019851585
W2171210136,W2015556811
W2171237493,W2003164867
W2171237493,W1981539053
W2171237493,W1981425990
W2171237493,W2065996794
W2171237493,W1487531252
W2171268876,W2059175769
W2171268876,W1996392459
W2171268876,W2113699335
W2171268876,W2111619626
W2171268876,W1996423252
W2171332611,W2028979275
W2171332611,W2027016436
W2171332611,W2123768693
W2171332611,W2032254014
W2171332611,W2028999185
W2171332611,W2030500910
W2171332611,W1997201895
W2171332611,W2000770615
W2171332611,W2026570544
W2171332611,W2030330123
W2171332611,W1860063347
W2171370728,W2168062665
W2171370728,W1973831267
W2171370728,W2151328940
W2171380100,W2164683872
W2171405751,W1964357740
W2171405751,W2111635289
W2171468534,W2166073443
W2171468534,W2164087962
W2171468534,W2170102584
W2171675471,W2030747846
W2171675471,W2030628997
W2171675471,W2132260239
W2171783890,W2171808845
W2171972386,W2155142785
W2171972386,W2036193982
W2171984413,W2009543464
W2171984413,W1005007408
W2172191993,W2172199324
W2172191993,W2172273046
W2172191993,W2173213060
W2173246082,W1981644934
W2173246082,W2168909889
W2173246082,W2060551076
W2173732482,W2087865186
W2174069807,W2168569455
W2174069807,W2169330513
W2174069807,W2170913114
W2174069807,W2169353806
W2174069807,W2167366201
W2174069807,W2165463056
W2174069807,W2167325287
W2174069807,W2166810745
W2174069807,W2174561539
W2174069807,W2023316892
W2174069807,W2165299997
W2174069807,W2174602966
W2174561539,W2165299997
W2174561539,W2023316892
W2174561539,W2166678085
W2174561539,W2166820820
W2174561539,W2166562121
W2174561539,W2168569455
W2174561539,W2167101736
W2174561539,W2165463056
W2174561539,W1990170643
W2174561539,W2169245074
W2174561539,W2166810745
W2174561539,W2167325287
W2174561539,W2169330513
W2174561539,W2170913114
W2174561539,W2167366201
W2174561539,W2169353806
W2174561539,W2168356304
W2174661749,W2060185417
W2174661749,W1905829557
W2174661749,W1977601452
W2174670974,W1607198972
W2174706414,W1970327765
W2174706414,W2040397490
W2174706414,W2009543464
W2174706414,W1970090817
W2175423925,W2175948239
W2176050019,W2022685385
W2176050019,W2022548072
W2176050019,W2008641894
W2176050019,W2065566217
W2176050019,W2171126517
W2176202464,W2163816695
W2176331526,W1689711448
W2177274842,W2003164867
W2177274842,W2003004462
W2177274842,W2170899200
W2177274842,W2003193361
W2177274842,W1981443800
W2177274842,W1981425990
W2177274842,W1829643206
W2177274842,W2009852955
W2177317049,W1997183854
W2177317049,W1997065014
W2177317049,W1966623514
W2177317049,W2047805825
W2177317049,W1949231392
W2177317049,W2047774330
W2177317049,W2057916570
W2177317049,W2013947447
W2179036997,W2002698073
W2179036997,W2018636632
W2179036997,W2067404301
W2179036997,W1780778418
W2179036997,W2018651936
W2179036997,W2018680235
W2179036997,W1983724229
W2179036997,W1787224781
W2179036997,W1767772592
W2179036997,W1617495083
W2179036997,W1617328014
W2179036997,W1611419331
W2179036997,W2179095720
W2179438025,W2150166076
W2179438025,W2156737316
W2179438025,W2170589321
W2179438025,W2004548026
W2179438025,W2180229411
W2180478016,W2015556811
W2180481128,W1476478267
W2180481128,W2029850555
W2181460351,W2181523240
W2181460351,W2106632946
W2183341477,W1952026831
W2183341477,W1531821806
W2183707334,W2102304447
W2183707334,W2184978555
W2183707334,W2083070320
W2185075416,W2008668719
W2186567173,W2113410727
W2186567173,W1994391392
W2187089797,W2042706232
W2187089797,W2042533040
W2187089797,W2105846236
W2187089797,W2159094788
W2187089797,W2155943701
W2187089797,W2157752701
W2189116376,W2115706991
W2189116376,W2132629607
W2189116376,W2175948239
W2189465200,W2190545194
W2190546151,W2193503481
W2190546151,W2036193982
W2194187530,W1985213644
W2194187530,W2059885388
W2194775991,W2040397490
W2194775991,W1973577532
W2194775991,W2150536104
W2194775991,W2121947440
W2194775991,W1973333099
W2194775991,W1531821806
W2194775991,W1990074132
W2194775991,W1992858116
W2194775991,W2169570446
W2194775991,W2137775453
W2194775991,W2164703638
W2194775991,W1989854862
W2194775991,W1985563073
W2195423816,W2165901622
W2195423816,W2165935007
W2195423816,W2106632946
W2195453830,W2072500831
W2195453830,W2011095781
W2195783463,W2170039745
W2197824282,W2114623221
W2198847224,W2161222316
W2199321793,W2054407804
W2199321793,W179875071
W2199321793,W1922730584
W2199321793,W2061609397
W2200817828,W2003397144
W2200817828,W2003342633
W2200817828,W2003645630
W2203714058,W2003397144
W2203714058,W2003342633
W2203714058,W2024165284
W2203714058,W2054275187
W2203714058,W2046557060
W2203714058,W136628441
W2204750386,W2166073443
W2204750386,W2164043498
W2204750386,W2169245194
W2204750386,W2170102584
W2204750386,W2171468534
W2204750386,W2164087962
W2206071891,W2009007206
W2206071891,W2028056984
W2206071891,W2052493774
W2208550830,W1517555081
W2208550830,W2070050178
W2208550830,W2006617902
W2208550830,W2025883194
W2211722331,W2082455532
W2211722331,W2197824282
W2211722331,W2114623221
W2213594914,W2061008984
W2213594914,W2073459066
W2213594914,W2093274439
W2213594914,W2080452140
W2213594914,W2085001923
W2213594914,W2080715303
W2213594914,W2061063351
W2214074259,W2031557272
W2214074259,W2097413644
W2214074259,W2060590119
W2214074259,W2085585287
W2214074259,W2073122003
W2214074259,W2073459066
W2214074259,W2087160026
W2214074259,W2102605133
W2214074259,W2054407804
W2214074259,W2061609397
W2214074259,W2060809301
W2214074259,W2072500831
W2214074259,W2052648234
W2214074259,W2052130118
W2214074259,W2009313526
W2214163154,W2052903566
W2214163154,W2021057500
W2214163154,W2052821301
W2214163154,W2082187902
W2214163154,W2053003053
W2214163154,W1981644934
W2214163154,W2009852955
W2219888463,W2083070320
W2220999736,W2009425598
W2220999736,W2223470559
W2220999736,W2065231053
W2220999736,W1990221500
W2220999736,W2224056471
W2224398381,W1985213644
W2227280755,W2036123899
W2227280755,W2036193982
W2228625904,W1536680647
W2228625904,W1981827347
W2228625904,W1498931318
W2228625904,W1515023627
W2228625904,W2112192177
W2228625904,W1517555081
W2228625904,W2165874743
W2228625904,W1966976587
W2228625904,W1531643369
W2228940409,W2003164867
W2228940409,W2177274842
W2228940409,W2170892587
W2228940409,W1981644934
W2228940409,W1981425990
W2228940409,W1829643206
W2230320310,W1681732057
W2230320310,W2167905626
W2232317135,W2236556070
W2232317135,W1972673502
W2232317135,W2152984210
W2232317135,W2152928439
W2232317135,W2112680994
W2232317135,W2170816415
W2232317135,W1992192767
W2232317135,W1962572544
W2232317135,W1991538680
W2236556070,W2170816806
W2236556070,W1972673502
W2236556070,W1950829641
W2236556070,W1992192767
W2236556070,W1962572544
W2237880282,W2061008984
W2237880282,W2080715303
W2237880282,W2096166399
W2238351122,W2060590119
W2238351122,W2061609397
W2238351122,W2072500831
W2238351122,W2052648234
W2238351122,W2052130118
W2238351122,W2060680089
W2239232218,W1973577532
W2239232218,W1897139626
W2239232218,W1989854862
W2239306219,W2072417345
W2239306219,W2060259273
W2239306219,W2072228305
W2239486811,W2072500831
W2239486811,W2011095781
W2242218935,W2005035365
W2243397390,W2011462543
W2243397390,W1999574084
W2243397390,W2070059498
W2250539671,W2072500831
W2250539671,W1981239255
W2250539671,W2078338131
W2250539671,W2091254174
W2250539671,W2062786076
W2250539671,W2078204800
W2250539671,W2001063720
W2250539671,W2171033594
W2250539671,W2060809301
W2250539671,W2052648234
W2250539671,W2126316555
W2250539671,W1970010130
W2250539671,W1982855075
W2250539671,W2052130118
W2252568502,W2058330204
W2252795400,W1985217958
W2252795400,W1985538633
W2252795400,W1907369419
W2252795400,W1834627138
W2252795400,W1997511216
W2253030359,W2057360098
W2253030359,W1995157919
W2253030359,W2052130118
W2253030359,W2009313526
W2253030359,W2051782740
W2253030359,W2072500831
W2253030359,W2073122003
W2253429366,W2170760271
W2253902135,W1214056855
W2253902135,W2148092884
W2253902135,W2162143298
W2253902135,W2254509181
W2253902135,W1951564719
W2253902135,W1950829641
W2253902135,W2017559255
W2253902135,W2154455818
W2253902135,W2255138985
W2253902135,W2255447065
W2253902135,W2255762950
W2253902135,W2040456488
W2253902135,W2179438025
W2253902135,W2086561953
W2253902135,W2045030989
W2253902135,W2045204781
W2254509181,W2162143298
W2255138985,W2588775853
W2255447065,W2017559255
W2255447065,W1930021590
W2255447065,W2160995259
W2588775853,W2521967673
W2588775853,W2590390825
W2588775853,W2342577284
W2416799949,W2404280981
W2256016639,W2165299997
W2256016639,W2168420558
W2256016639,W2166678085
W2256016639,W2166562121
W2256016639,W2168569455
W2256016639,W2167101736
W2256016639,W2174069807
W2256016639,W2167840686
W2256016639,W2023316892
W2256016639,W1964357740
W2256016639,W2167325287
W2256016639,W2169330513
W2256016639,W2170913114
W2256016639,W2169353806
W2256016639,W2168356304
W2256016639,W2167885723
W2257481305,W2257937122
W2257481305,W2175948239
W2257979135,W2061141931
W2257979135,W2052648234
W2257979135,W2029582401
W2257979135,W2097811455
W2258584306,W1973577532
W2258584306,W136628441
W2258584306,W1552055731
W2258584306,W1973333099
W2258584306,W2051782740
W2258584306,W2032285541
W2259481044,W2072923279
W2259481044,W2060590119
W2259481044,W2072500831
W2259938310,W2095807316
W2259938310,W2060590119
W2259938310,W2072923279
W2259938310,W1995157919
W2259938310,W2072500831
W2259938310,W1997065014
W2259938310,W2085519620
W2260274902,W2045030989
W2260274902,W2089632738
W2260274902,W2260624936
W2260274902,W2261525379
W2260274902,W2086642814
W2260274902,W1950829641
W2260274902,W2086561953
W2260274902,W2261645655
W2260274902,W2261764510
W2260274902,W2045197688
W2260274902,W2255762950
W2260274902,W2155628349
W2260274902,W2262414037
W2261525379,W2610335499
W2261525379,W2089871805
W2261525379,W2086642814
W2261645655,W2928165649
W2261645655,W2595629513
W2261645655,W2896872272
W2261645655,W2261764510
W2261645655,W2261525379
W2261645655,W2086642814
W2261645655,W2074986801
W2261645655,W2950372712
W2261764510,W2151409320
W2261764510,W2162686899
W2261764510,W2151456308
W2261764510,W2151516307
W2261764510,W2151692850
W2261764510,W2151570219
W2261764510,W2595629513
W2261764510,W2150166076
W2610335499,W2045119680
W2928165649,W2900090807
W2928165649,W2595629513
W2264585211,W2174602966
W2264585211,W2170913114
W2265846598,W2051782740
W2266290735,W1681732057
W2266720690,W2009187570
W2266720690,W2036123899
W2266720690,W2002258037
W2266720690,W1974038018
W2266720690,W2176050019
W2266720690,W2036176224
W2266720690,W2028575270
W2266720690,W1560020441
W2266720690,W2036193982
W2266720690,W2227280755
W2266720690,W1972145956
W2269054226,W2011095781
W2269054226,W2054167751
W2269054226,W2052130118
W2269054226,W2051782740
W2269054226,W2073122003
W2269054226,W2060590119
W2269054226,W2072500831
W2270715058,W2091030812
W2272473773,W2273297058
W2273297058,W2004548026
W2274287116,W2095345231
W2274287116,W180836830
W2274815048,W2008942529
W2274815048,W2058401000
W2274815048,W2161783224
W2274815048,W2063534846
W2274815048,W2040340473
W2275737843,W1949231392
W2275737843,W2011095781
W2275737843,W2091030812
W2275737843,W2105092978
W2275737843,W2084461152
W2275877493,W2081870935
W2277195237,W2090915513
W2277195237,W2136024338
W2277195237,W2016709145
W2277195237,W2040113717
W2277195237,W2044437167
W2277195237,W2057327293
W2277195237,W2096465161
W2277195237,W2097995306
W2277195237,W2021930613
W2277195237,W1976579441
W2277953252,W2171210136
W2282537990,W2107794977
W2282537990,W2065996794
W2282821441,W2168569455
W2282821441,W2169330513
W2282821441,W2174561539
W2282821441,W2174602966
W2282821441,W2174069807
W2282821441,W2264585211
W2282821441,W2282942319
W2282942319,W2256016639
W2282942319,W2171811563
W2282942319,W2165299997
W2282942319,W2023316892
W2282942319,W2174561539
W2282942319,W2166562121
W2282942319,W2168569455
W2282942319,W2165463056
W2282942319,W2174069807
W2282942319,W2166810745
W2282942319,W2167325287
W2282942319,W2169330513
W2282942319,W2170913114
W2282942319,W2174602966
W2282942319,W2169353806
W2282942319,W2282821441
W2283196293,W2198847224
W2283196293,W2284386481
W2285093314,W2085519620
W2285093314,W2257979135
W2285093314,W2029582401
W2285093314,W2089402107
W2285093314,W2089335658
W2285093314,W2097811455
W2285093314,W2072923279
W2285093314,W2061141931
W2286955579,W2060809301
W2286955579,W2092801713
W2286955579,W2061609397
W2286955579,W2072500831
W2286955579,W2087712586
W2286955579,W2060590119
W2286955579,W2073122003
W2286955579,W2103546861
W2286955579,W2009313526
W2286955579,W2052130118
W2287814884,W2095659828
W2287814884,W2085093563
W2287814884,W2074276081
W2287814884,W2072500831
W2287814884,W2082429191
W2287814884,W2083029259
W2287814884,W2100986500
W2287814884,W2085001923
W2287814884,W2052130118
W2287814884,W2095566926
W2287814884,W2289704315
W2289917018,W1966411071
W2289917018,W2083029259
W2289917018,W2085585287
W2289917018,W2092801713
W2289917018,W1995157919
W2289917018,W2107916366
W2289917018,W2055718260
W2289917018,W1997065014
W2289917018,W2002547950
W2289917018,W2061141931
W2289917018,W2052648234
W2289917018,W2094660330
W2289917018,W2061609397
W2289917018,W2072500831
W2289917018,W1970090817
W2289917018,W2054407804
W2289917018,W2052130118
W2289917018,W1973260880
W2289917018,W1791484930
W2289917018,W1950118853
W2289917018,W1966623514
W2289917018,W2054275187
W2289917018,W2085519620
W2289917018,W2072923279
W2289917018,W2060809301
W2289917018,W2075004202
W2289917018,W2104948296
W2289917018,W2060590119
W2289917018,W2073122003
W2289917018,W1987202454
W2289917018,W2259938310
W2289917018,W2087712586
W2289917018,W2075673711
W2289917018,W1949231392
W2289917018,W2085525886
W2289917018,W2069201244
W2289917018,W1650797637
W2289917018,W1987416224
W2289917018,W2045435533
W2289917018,W2103546861
W2290312602,W2200817828
W2290312602,W2003342633
W2290312602,W2003618511
W2290312602,W2003397144
W2290312602,W1970327765
W2290312602,W2060809301
W2290312602,W2073122003
W2290312602,W1995157919
W2290312602,W2052648234
W2290312602,W2072500831
W2290312602,W2024165284
W2290312602,W2064186732
W2290312602,W2013674306
W2290312602,W2100305481
W2290312602,W2105092978
W2290883490,W2047751764
W2290883490,W2072500831
W229097380,W2075511306
W229097380,W1970327765
W229097380,W2052130118
W229097380,W2054325787
W229097380,W1629273100
W229097380,W2051782740
W229097380,W1990717355
W229097380,W2002726823
W229097380,W2015032635
W229097380,W2081640113
W229097380,W2003984225
W229097380,W2011301426
W229097380,W2105092978
W229097380,W2085001923
W229097380,W1984953206
W2291298003,W2060590119
W2291298003,W2060809301
W2291298003,W2072500831
W2291298003,W2003397144
W2291298003,W1995157919
W2291298003,W2003342633
W2291298003,W2052130118
W2291298003,W2097811455
W2291298003,W2003645630
W2291298003,W2081640113
W2293040502,W2166272087
W2293040502,W2294707565
W2293040502,W2099526933
W2294707565,W2107554012
W2294707565,W1966822396
W2294707565,W2166272087
W2294707565,W2293040502
W2294707565,W2099526933
W2295107390,W2061609397
W2295107390,W2085001923
W2295107390,W2060809301
W2295107390,W2060590119
W2295107390,W2014166972
W2295107390,W2072500831
W2295245778,W2073459066
W2295245778,W2061609397
W2295245778,W2040452926
W2295245778,W2075860675
W2295245778,W2073332363
W2295245778,W2171311487
W2295245778,W2150523249
W2295245778,W2072500831
W2295245778,W1989763926
W2295245778,W2037561382
W2295245778,W1974047233
W2295245778,W1981213426
W2295245778,W1973577532
W2295245778,W1973333099
W2295245778,W136628441
W2295245778,W1970090817
W2295245778,W2085154695
W2295245778,W2170690812
W2295245778,W2082667898
W2295245778,W2070227796
W2295245778,W2111635289
W2295245778,W2168569455
W2295245778,W1951724000
W2295245778,W1815596065
W2295245778,W2052130118
W2295245778,W2085001923
W2295245778,W2105092978
W2295245778,W1972190631
W2295245778,W2073503722
W2295245778,W2051782740
W2296073425,W2054109341
W2296073425,W2074274985
W2296073425,W2096173332
W2296073425,W2004958771
W2296073425,W2025883194
W2296073425,W1971445485
W2296073425,W1515023627
W2296228853,W2296298476
W2296228853,W2085865532
W2296228853,W2158804744
W2296228853,W2085934079
W2296228853,W2113162751
W2296719434,W2083029259
W2296719434,W2011095781
W2296719434,W2085525886
W2296719434,W2072500831
W2296719434,W2052130118
W2296719434,W2073122003
W2296719434,W2081640113
W2296719434,W2086945873
W2296719434,W2060590119
W2299177375,W1970090817
W2299177375,W1970327765
W2299177375,W2031557272
W2299177375,W2052130118
W2299177375,W2082977560
W2299177375,W1661025176
W2299177375,W2072500831
W2299593614,W1973577532
W2299593614,W2040456488
W2299593614,W2096541451
W2299593614,W2086561953
W2299593614,W2112866067
W2302003756,W2073332363
W2302003756,W2097875133
W2302501749,W2085585287
W2302501749,W2061609397
W2304458631,W2093275097
W2304458631,W2170021941
W2305278139,W2089458547
W2305278139,W2072500831
W2305278139,W2089402107
W2305278139,W2089335658
W2305278139,W2052130118
W2305278139,W2069201244
W2305278139,W2104846640
W2306115793,W1973577532
W2306115793,W1552055731
W2306115793,W1978956894
W2306115793,W2311203695
W2312070181,W2314634699
W2314634699,W2513506562
W2315214008,W1960895270
W2315214008,W2088494848
W2315214008,W2316171452
W2317200742,W2189465200
W2317200742,W2318716851
W2317200742,W2175948239
W2318933236,W2173213060
W2318933236,W2161969291
W2318933236,W2141152740
W2318933236,W2319902168
W2320249130,W2096327192
W2320249130,W2083441060
W2320249130,W2054109341
W2320249130,W2070021921
W2320249130,W2105100844
W2320249130,W1982627164
W2320249130,W2073777485
W2320249130,W2096173332
W2320249130,W1971578941
W2320983896,W2067087368
W2320983896,W2107680164
W2320983896,W2051782740
W2321007701,W2166982098
W2321007701,W2111635289
W2321007701,W2006249161
W2321007701,W2154010459
W2321007701,W1963841973
W2321007701,W2153989276
W2321007701,W2016168218
W2321635716,W2074274985
W2321635716,W2096173332
W2321635716,W2054109341
W2321635716,W2004958771
W2321635716,W2006617902
W2321635716,W1515023627
W2322232911,W2322358787
W2322232911,W1951724000
W2322232911,W2277953252
W2323309348,W1960895270
W2323309348,W2088486634
W2323326409,W1995157919
W2323326409,W2087712586
W2323326409,W2052130118
W2323326409,W2072500831
W2323326409,W2009435671
W2323326409,W2105092978
W2323326409,W2060590119
W2323326409,W2083029259
W2323326409,W2086945873
W2324862792,W1984453610
W2324862792,W2113699335
W2324862792,W2110506823
W2324862792,W2075860675
W2325939864,W2327037637
W2325939864,W2257979135
W2325939864,W2089402107
W2325939864,W2305278139
W2325939864,W2060590119
W2325939864,W2155243985
W2325939864,W2104846640
W2325939864,W2327501763
W2325939864,W2285093314
W2325939864,W1524333225
W2325939864,W1966411071
W2325939864,W2289917018
W2325939864,W2089335658
W2325939864,W2069201244
W2327037637,W2257979135
W2327037637,W2305278139
W2327037637,W2029582401
W2327037637,W2097811455
W2327037637,W2285093314
W2327037637,W2089335658
W2327037637,W2104846640
W2327501763,W2072500831
W2327501763,W2089458547
W2327501763,W2104846640
W2327501763,W2325939864
W2327501763,W2089335658
W2327501763,W2305278139
W2327828477,W2091030812
W2327828477,W1991330646
W2327828477,W2040191060
W2327828477,W2328393125
W2328487243,W2085093563
W2328487243,W179875071
W2328487243,W2033585778
W2328573691,W2014116072
W2328573691,W2062786076
W2328573691,W2078204800
W2328573691,W2085154695
W2328573691,W2062852634
W2328573691,W1995157919
W2328573691,W2103879113
W2328573691,W179875071
W2328573691,W2064186732
W2328573691,W2055718260
W2328573691,W1539835075
W2328573691,W2169570446
W2328573691,W2013674306
W2328573691,W2033585778
W2328573691,W1922730584
W2328573691,W2101108516
W2328573691,W2072500831
W2328573691,W2080752012
W2328573691,W2060590119
W2328573691,W2199321793
W2328573691,W2082291024
W2328573691,W2095659828
W2328573691,W2085093563
W2328573691,W2085585287
W2328573691,W2087712586
W2328573691,W2086945873
W2328573691,W2103546861
W2328573691,W2085001923
W2328573691,W2095566926
W2328906361,W2331384579
W2328906361,W1980680725
W2328906361,W1980568348
W2328906361,W2106632946
W2331393505,W2149441684
W2331393505,W2168226651
W2331393505,W2147119488
W2331393505,W2332292689
W2332712348,W2097360283
W2332712348,W2009435671
W2332712348,W2104135721
W2334658948,W1718036133
W2335012284,W2336330109
W2335012284,W2021350270
W2336400828,W2147200107
W2336400828,W2336416123
W2336400828,W2149752076
W2336400828,W2015593224
W2336400828,W2045030989
W2336416123,W2147200107
W2336416123,W2147222241
W2336416123,W2149752076
W2336426693,W2110953678
W2336426693,W2110835349
W2336426693,W2110699703
W2336828812,W2170644095
W2337209831,W2287814884
W2337209831,W2085154695
W2337209831,W2082429191
W2337209831,W2085093563
W2337209831,W2289704315
W2337225114,W2045119680
W2337225114,W2074307717
W2337225114,W2017840637
W2337225114,W2112866067
W2337225114,W2017875658
W2337225114,W2154431984
W2337225114,W2113168655
W2337225114,W2101196063
W2337225114,W2017559255
W2337747100,W2167325287
W2337747100,W2168569455
W2337747100,W2169330513
W2337747100,W2167885723
W2337747100,W2168420558
W2338049369,W2008869160
W2338049369,W1972923945
W2338049369,W1995274825
W2338049369,W2053911973
W2338049369,W2038492783
W2338049369,W2038437697
W2338049369,W2033151532
W2338318698,W2107554012
W2338318698,W2209976290
W2338318698,W2107552147
W2338318698,W2107561290
W2338318698,W2040120109
W2338318698,W1991330646
W2338318698,W2327828477
W2338318698,W2099526933
W2342249984,W2595653137
W2342249984,W2156157987
W2342249984,W2004548026
W2342540743,W2147200107
W2342540743,W2341539131
W2344940607,W1920022804
W2345458209,W2345791363
W2393535458,W2146395539
W2395579298,W2037227137
W2395611524,W2154866190
W2401568148,W2146512944
W2408017125,W2344940607
W2412782625,W2412976663
W2417285541,W2037227137
W2419140434,W2419228228
W2432815617,W2147200107
W2432815617,W2147222241
W2432815617,W2341539131
W2432815617,W2147246240
W2432815617,W2342540743
W2460850757,W2150131459
W2460850757,W2168482920
W2460850757,W2168515722
W2461419449,W2461427403
W2461419449,W2462099493
W2465587637,W1966078827
W2465587637,W2408017125
W2465587637,W2342577284
W2468221858,W2469775770
W2470052926,W2147118406
W2471536144,W2471962767
W2473156356,W2148924243
W2473156356,W2473418344
W2473156356,W2474747771
W2481029670,W2471962767
W2487377689,W2147200107
W2503161491,W2419140434
W2503161491,W2159957100
W2503161491,W2504691963
W2503161491,W2507880739
W2508457857,W2040547343
W2508457857,W2165067288
W2508457857,W2510875395
W2508457857,W2124879124
W2508457857,W1968105193
W2508457857,W2134208433
W2511515754,W2513506562
W2511515754,W1930021590
W2514157351,W2412782625
W2514157351,W2412976663
W2514157351,W2036785686
W2518099942,W2395579298
W2521019952,W1968628080
W2521019952,W1968176769
W2521019952,W1968595844
W2521019952,W1968931043
W2521019952,W2339183141
W2523591818,W2152811544
W2529052661,W2149683554
W2529052661,W2168482920
W2529052661,W2530597942
W2529052661,W2460850757
W2529052661,W2530960585
W2531409750,W2503161491
W2531409750,W2533355719
W2531409750,W2533508881
W2531409750,W2504691963
W2533508881,W1975768883
W2533508881,W2476548250
W2534737939,W2519132385
W2534737939,W2510973425
W2534737939,W2404280981
W2534737939,W2149908785
W2534737939,W2419228228
W2534737939,W2156622081
W2534737939,W2152061559
W2534737939,W2045197688
W2534737939,W2146904764
W2535995078,W1965464747
W2536620281,W2343457024
W2537623931,W2016053056
W2538143681,W2164928285
W2538143681,W2164778558
W2543580944,W2074682976
W2543580944,W2147118406
W2549139847,W2412976663
W2556784265,W2549412929
W2557738935,W2149868499
W2557738935,W2162530578
W2558748708,W2149612368
W2558748708,W2164449327
W2559028527,W2343457024
W2559191318,W2148251644
W2559655401,W1984670836
W2559732081,W1966107523
W2559732081,W2150166076
W2559732081,W1963529460
W2559732081,W2156523992
W2560023338,W2560167313
W2560609797,W2168515722
W2560609797,W2087292184
W2560722161,W2562319768
W2562637781,W2156267802
W2562637781,W2156434383
W2562637781,W2156323704
W2562637781,W2344657883
W2562637781,W2524597629
W2562637781,W2089961441
W2564630286,W2147299002
W2564630286,W2050160040
W2573137292,W2461427403
W2573137292,W2461419449
W2573137292,W2574952845
W2575750030,W2147299002
W2577537660,W2159269332
W2580035316,W2558748708
W2580035316,W2045197688
W2580035316,W2149573463
W2580035316,W2164449327
W2582377764,W2582524520
W2582550385,W1965464747
W2582550385,W1966078827
W2582550385,W1966107523
W2582550385,W1966238900
W2582550385,W2582561810
W2582561810,W1965464747
W2582561810,W1966238900
W2582561810,W1965306643
W2582561810,W2148251644
W2585392941,W2544493586
W2585392941,W2156778513
W2586637063,W1918260619
W2586691160,W1988837728
W2586691160,W1975220728
W2588003345,W2148185586
W2593436234,W1992436001
W2593511418,W2149932227
W2597150627,W2556784265
W2603203130,W2150166076
W2603203130,W2148991217
W2603203130,W2535995078
W2603203130,W2152061559
W2603203130,W2151692850
W2603203130,W2101420429
W2604319603,W2149353640
W2604319603,W2017840637
W2605102758,W2045119680
W2605102758,W2605810679
W2605102758,W2017875658
W2606495925,W2469775770
W2606495925,W2468221858
W2606495925,W2606915822
W2606495925,W2562319768
W2606495925,W2560722161
W2606974598,W2510875395
W2606974598,W1968509967
W2610936380,W2582377764
W2610936380,W2582524520
W2611328865,W2156562079
W2611370172,W2149932227
W2611370172,W2593511418
W2611395271,W1968509967
W2611395271,W2149858388
W2611395271,W2149507322
W2611395271,W1968105193
W2611772571,W2152207030
W2611772571,W2146904764
W2611772571,W2156622081
W2611772571,W2147111138
W2611772571,W2152119060
W2612261225,W2612467560
W2612261225,W2168230240
W2612261225,W2612690371
W2612891587,W1968595844
W2612891587,W2165067288
W2613603864,W2549139847
W2613603864,W2460850757
W2613603864,W2530597942
W2613603864,W2168482920
W2614081736,W2614443510
W2614081736,W2555870966
W2614566443,W2409671300
W2614566443,W2410390527
W261461018,W2156101426
W261461018,W2152119060
W261461018,W2156125289
W261461018,W2563535234
W261461018,W2156208893
W261461018,W2401404581
W261461018,W2147096538
W261461018,W2156748700
W261461018,W2157107905
W261461018,W2587625522
W261461018,W2164449327
W2616922646,W2154889144
W2618096841,W2619383789
W2618096841,W2148251644
W2618096841,W2526781987
W2618096841,W1966107523
W2618096841,W1966238900
W2618096841,W1965306643
W2618096841,W2004548026
W2620241325,W2122825721
W2620241325,W2119444539
W2620241325,W2117977572
W2622807556,W255996521
W2624989916,W2148185586
W2625559053,W1965464747
W2625559053,W2582550385
W2625559053,W1966107523
W2625774310,W2159957100
W2627871710,W2159957100
W2655262992,W1965464747
W2655262992,W1966078827
W2655262992,W2465587637
W2655262992,W1951564719
W2655262992,W2045197688
W2655262992,W2408017125
W2655262992,W1965306643
W2721771326,W2020530692
W2721771326,W2018286352
W2728059831,W2624616322
W2734349601,W2510875395
W2734349601,W2606974598
W2734349601,W2508457857
W2734349601,W2153544371
W2734349601,W1968105193
W2734349601,W1969072247
W2735301415,W2735457220
W2735527928,W2156267802
W2735527928,W2614464134
W2736730167,W1918260619
W2737785069,W2152195021
W2737785069,W2419228228
W2737785069,W2736920791
W2737785069,W2737217596
W2737785069,W2747877289
W2737785069,W2595629513
W2738996050,W2148606196
W2738996050,W1965765914
W2738996050,W2517744317
W2738996050,W2739174192
W2738996050,W1966238900
W2739439285,W2620241325
W2739439285,W2739492614
W2739748921,W1977767269
W2739748921,W2149858388
W2739748921,W2150220236
W2739748921,W2151694441
W2739748921,W2004548026
W2739748921,W2149573313
W2739748921,W2152195021
W2739748921,W2149146453
W2739748921,W2160547390
W2744904120,W1992244678
W2745006471,W1992193293
W2745006471,W2476548250
W2745006471,W2622807556
W2745006471,W255996521
W2745006471,W2057765075
W2745461083,W1952066190
W2745859992,W2596630349
W2745859992,W2559466477
W2748717829,W2017875658
W2748717829,W2004548026
W2749069611,W2168482920
W2749613778,W2750168540
W2749613778,W2750416916
W2750615195,W2152121970
W2750615195,W2159915276
W2750615195,W2074726646
W2750615195,W2004548026
W2751583588,W2150575159
W2752326209,W2346905224
W2752326209,W2376573086
W2752326209,W2162530578
W2752326209,W2424778531
W2752326209,W2149655632
W2752326209,W1951564719
W2752326209,W2004548026
W2754054868,W2149353640
W2754054868,W2149166037
W2754054868,W2747877289
W2754799758,W2149166037
W2754799758,W2148663653
W2754799758,W2738900493
W2755331695,W2755950973
W2755950973,W2766903152
W2755950973,W2487377689
W2755950973,W2570343428
W2763670669,W2150667092
W2763766763,W2473156356
W2763766763,W2148185586
W2763766763,W2608014122
W2763766763,W2764072425
W2763766763,W2158521569
W2765081049,W2557800876
W2765081049,W2765224588
W2765081049,W2155311724
W2765081049,W2765314233
W2765081049,W2765322245
W2765811365,W2016006311
W2765811365,W2534737939
W2765811365,W2570343428
W2765811365,W2565277564
W2765811365,W2336416123
W2765811365,W2341539131
W2765811365,W2530597942
W2766208183,W2147422150
W2766437506,W2470673105
W2766437506,W2766447205
W2766437506,W2004548026
W2766599608,W2156101426
W2766599608,W2156125289
W2766599608,W2089572795
W2766599608,W1988925586
W2766599608,W2150046129
W2766599608,W1966078827
W2766599608,W2090037139
W2766599608,W2343457024
W2766754978,W2534737939
W2766754978,W2000257837
W2766754978,W2614081736
W2766754978,W2146502635
W2766754978,W2159957100
W2766754978,W2507880739
W2767377392,W2596630349
W2767683865,W2147654971
W2768348081,W2770026599
W2770598799,W2588775853
W2770598799,W2610335499
W2770598799,W2736456658
W2770598799,W2771542157
W2770598799,W1966078827
W2770598799,W2091248159
W2770598799,W2089871805
W2770598799,W1951564719
W2770598799,W2772803673
W2770598799,W1965306643
W2770598799,W2342577284
W2770598799,W2004548026
W2770598799,W2774178591
W2770598799,W2147118406
W2770598799,W2152195021
W2774486220,W2152811544
W2774486220,W2149507322
W2774486220,W2776663677
W2781491230,W1988163167
W2781738013,W2152121970
W2781738013,W2741508285
W2781738013,W2579533542
W2781763834,W2782333299
W2783525259,W2017840637
W2783525259,W2138442302
W2784327149,W2153860431
W2784327149,W2134289299
W2784350055,W2151936673
W2784350055,W2784788330
W2784350055,W2160615957
W2785803176,W2156778513
W2786390877,W2050338614
W2786390877,W2040458497
W2786390877,W2151464048
W2786390877,W2151570219
W2786390877,W2595629513
W2786390877,W2123879591
W2786390877,W2153544371
W2786808285,W2160615957
W2786808285,W2606495925
W2787024379,W1930624869
W2787024379,W2570343428
W2787816121,W2150131459
W2787816121,W2168482920
W2787816121,W2765811365
W2787816121,W2598320237
W2787816121,W2149662495
W2787816121,W2517342784
W2787816121,W2168515722
W2787816121,W2599076725
W2787816121,W2772803673
W2787816121,W2016006311
W2787816121,W2152849583
W2787816121,W2342540743
W2787816121,W2544360569
W2787816121,W2162686899
W2787902098,W2149011208
W2787902098,W2342249984
W2787902098,W2340897893
W2787902098,W2595653137
W2787902098,W2408017125
W2788142646,W2018159038
W2788142646,W2721771326
W2788142646,W2020530692
W2789495752,W2148924243
W2789495752,W1968509967
W2789495752,W2168696662
W2789495752,W2049813215
W2789495752,W2057765075
W2789758093,W2614443510
W2789758093,W2614081736
W2789758093,W2747877289
W2789758093,W2754054868
W2789758093,W2513727910
W2790166049,W2761275051
W2790166049,W2519603001
W2790166049,W2554285426
W2790166049,W2416799949
W2790166049,W2404280981
W2790166049,W2045119680
W2790166049,W2089871805
W2790166049,W2790056669
W2790166049,W2610335499
W2790166049,W2160947363
W2790166049,W2004548026
W2790979755,W2772803673
W2791544114,W2510875395
W2791544114,W2734349601
W2791544114,W2606974598
W2791544114,W2057765075
W2791781902,W2152458080
W2791781902,W2152301430
W2791781902,W2549412929
W2793785833,W1974527622
W2793785833,W2619383789
W2793785833,W1974470230
W2793785833,W1988837728
W2794521141,W2560647685
W2794521141,W2766447205
W2795835319,W2795867722
W2795989238,W2147200107
W2795989238,W2166171121
W2795989238,W2166214412
W2795989238,W2156665851
W2795989238,W2772803673
W2796408191,W2728059831
W2796408191,W2747877289
W2796408191,W2754054868
W2796408191,W2624616322
W2796408191,W2180229411
W2797584152,W2000024623
W2798991696,W2156157987
W2798991696,W2015845481
W2798991696,W2595653137
W2798991696,W2342249984
W2799524357,W2741508285
W2799524357,W2579533542
W2799524357,W2781738013
W2800392236,W2124879124
W2800392236,W1930624869
W2800392236,W2424778531
W2800392236,W2801159594
W2804233742,W2560167313
W2804233742,W2735457220
W2804233742,W2804822363
W2804822363,W2560167313
W2804910112,W2147200107
W2804910112,W2762367303
W2804910112,W2149573313
W2804910112,W2017840637
W2804910112,W2765811365
W2804910112,W2570343428
W2804910112,W2149655632
W2804910112,W2741508285
W2804910112,W2154053567
W2804910112,W1951684732
W2804910112,W2336416123
W2804910112,W2149752076
W2804910112,W2424778531
W2804910112,W2736920791
W2804910112,W2016006311
W2804910112,W2530597942
W2804910112,W2341539131
W2804910112,W2342540743
W2805712258,W1974527622
W2805712258,W2112863519
W2805712258,W2150046129
W2805712258,W2017871657
W2805712258,W2789843538
W2805734855,W2801159594
W2805734855,W2805837749
W2805983714,W2018159038
W2805983714,W2018286352
W2805983714,W2020332193
W2807194798,W2161728228
W2807194798,W2736219668
W2807194798,W2149146453
W2807194798,W2004548026
W2807308836,W2159915276
W2807308836,W2154945114
W2807308836,W2124884000
W2807308836,W2123855284
W2807308836,W2138345444
W2807308836,W2138442302
W2807649309,W2762367303
W2807649309,W2741508285
W2807649309,W2150220236
W2807649309,W2151694441
W2807649309,W2160547390
W2807649309,W2004548026
W2809057270,W2763670669
W2809057270,W2810866092
W2809057270,W1918260619
W2809057270,W2155298532
W2811266402,W2149525061
W2811266402,W2154026962
W2811266402,W2162098634
W2811266402,W2159707944
W2811266402,W2146502635
W2811266402,W2149507322
W2817838603,W1950829641
W2817838603,W2166152751
W2817838603,W2166214412
W2817838603,W1951564719
W2818417770,W2796153844
W2842089854,W2342249984
W2842089854,W2798991696
W2842089854,W2004548026
W2860743873,W2036785686
W2860743873,W2412976663
W2860743873,W2514157351
W2860743873,W2412782625
W2860743873,W2538143681
W2883251903,W2153624566
W2883251903,W1975768883
W2883251903,W1968178474
W2883251903,W1976095361
W2883251903,W1968931043
W2883251903,W1969072247
W2884436604,W2155800098
W2884436604,W2101491865
W2884525847,W2153248731
W2884525847,W2153243519
W2884525847,W2153109441
W2884525847,W2153432740
W2884525847,W2096682311
W2884525847,W2161605421
W2884525847,W2153500382
W2884525847,W2161586297
W2884525847,W2153382986
W2884525847,W2153056550
W2884561390,W2596630349
W2884561390,W2557800876
W2884561390,W2152664025
W2884561390,W2559466477
W2884561390,W2101394945
W2884561390,W2745859992
W2884561390,W2101105183
W2885195348,W1975390269
W2885195348,W1968178762
W2885195348,W1975325122
W2885195348,W2153624566
W2885195348,W1968178474
W2885195348,W1968931043
W2885195348,W1969072247
W2886498337,W2154845780
W2886752110,W2124821727
W2886752110,W2128500420
W2886752110,W1967485833
W2886752110,W2049683810
W2886752110,W1940496428
W2886752110,W2115612291
W2886752110,W2476548250
W2886752110,W2134291350
W2886752110,W2147601077
W2886785109,W2588775853
W2886785109,W2005634799
W2886785109,W2521967673
W2886785109,W2590390825
W2886785109,W2004548026
W2887114371,W2154889144
W2887114371,W2017840637
W2887114371,W2146377630
W2887114371,W2138207763
W2887114371,W2154872931
W2887114371,W2138345444
W2887114371,W2147806662
W2887114371,W2147768505
W2887114371,W2770026599
W2887136521,W2149573313
W2887136521,W2151456308
W2887136521,W2151409320
W2887136521,W2117535423
W2887136521,W2004444667
W2887136521,W2151516307
W2887136521,W2149683554
W2887136521,W2530597942
W2887136521,W2168482920
W2887136521,W2160995259
W2887136521,W2004548026
W2888532099,W2795835319
W2888532099,W2154748230
W2888648656,W2614443510
W2888728157,W2783525259
W2888728157,W2588003345
W2888728157,W2803072880
W2888728157,W2148143831
W2888728157,W2154998026
W2888728157,W2123855284
W2888728157,W2138442302
W2888728157,W2004548026
W2888765847,W2154614604
W2888765847,W2154026962
W2888765847,W2160252043
W2888765847,W2119862467
W2888765847,W2161783224
W2888765847,W2154071138
W2888765847,W2155628349
W2888765847,W2151922790
W2888765847,W2154053567
W2888940799,W2018286352
W2888940799,W2782333299
W2889019390,W2151034630
W2889019390,W2765314233
W2889019390,W1993962865
W2889019390,W2766447205
W2889019390,W2134289299
W2889019390,W2040547343
W2889019390,W1968862760
W2889019390,W2101491865
W2889326414,W2603777577
W2889326414,W2593511418
W2889326414,W2149932227
W2889884634,W2154748230
W2890695304,W2610936380
W2890695304,W2587625522
W2890695304,W2180229411
W2890695304,W2004548026
W2890695304,W2342577284
W2890701797,W2739999456
W2890701797,W2510875395
W2890701797,W2606974598
W2890701797,W2734349601
W2890701797,W2153544371
W2890701797,W2057765075
W2890701797,W2508457857
W2890701797,W2339183141
W2891230948,W1950829641
W2891230948,W2254509181
W2891378911,W2154614604
W2891378911,W2154026962
W2891378911,W2159707944
W2891378911,W2811266402
W2891378911,W2888765847
W2891378911,W1999872096
W2891378911,W2161783224
W2892230460,W2152061559
W2892230460,W2074986801
W2892230460,W2017875658
W2892230460,W2017559255
W2892230460,W2017919052
W2892380133,W2404280981
W2892380133,W2017919052
W2892380133,W2017559255
W2892380133,W2074986801
W2892380133,W1988837728
W2892380133,W2748717829
W2893425640,W2152119060
W2893425640,W2166171121
W2893425640,W2166152751
W2893425640,W1930021590
W2893960509,W2544493586
W2893960509,W2738900493
W2894724600,W2785803176
W2895486342,W2091705028
W2895486342,W2562637781
W2895486342,W2524597629
W2895486342,W2159269332
W2895486342,W2089961441
W2895486342,W2004548026
W2895486342,W2525607701
W2895926103,W2799670133
W2895926103,W2157009395
W2895926103,W2789843538
W2895926103,W1965306643
W2895932308,W2149353640
W2895932308,W2149166037
W2895932308,W2151936673
W2895932308,W2004548026
W2900090807,W2168448159
W2900090807,W2162686899
W2900090807,W2017871657
W2900090807,W2090037139
W2900090807,W2157009395
W2897971917,W2889326414
W2897971917,W2036063909
W2897971917,W2518198314
W2898069736,W2605810679
W2898069736,W2395579298
W2898069736,W2518099942
W2898069736,W2599076725
W2898069736,W2462099493
W2898069736,W2461419449
W2898389621,W2741508285
W2898389621,W2153248731
W2898389621,W2153500382
W2898389621,W2153382986
W2898389621,W2153432740
W2898389621,W2153056550
W2898389621,W2161586297
W2898389621,W2161605421
W2898389621,W2797584152
W2898389621,W2884525847
W2898389621,W2153109441
W2898389621,W2180229411
W2898389621,W2004548026
W2898402099,W2543580944
W2898402099,W2045119680
W2898440040,W2741508285
W2898440040,W2017840637
W2898440040,W2017559255
W2898440040,W2149573313
W2898440040,W2151080396
W2898440040,W2040458497
W2898440040,W2565277564
W2898440040,W2158489424
W2898440040,W2151409320
W2898440040,W2151516307
W2898440040,W2157009395
W2898440040,W2786358356
W2898440040,W2765811365
W2898440040,W2804910112
W2898440040,W2737785069
W2898440040,W1968105193
W2898440040,W2595629513
W2898440040,W2138345444
W2898598946,W2409671300
W2898598946,W2045119680
W2898598946,W2017840637
W2898598946,W2156523992
W2898598946,W2150166076
W2898598946,W2166171121
W2898598946,W2149655632
W2898598946,W2017871657
W2898598946,W2618096841
W2898598946,W2741508285
W2898598946,W2015834247
W2898598946,W2017875658
W2898598946,W2154431984
W2898598946,W2017919052
W2898598946,W1966107523
W2898598946,W2017559255
W2898598946,W2074986801
W2898789672,W2160947363
W2898789672,W2151456308
W2898789672,W2149573313
W2898789672,W2117535423
W2898789672,W2015688756
W2898789672,W2160995259
W2898789672,W2155628349
W2898789672,W2161041152
W2898789672,W2004444667
W2898789672,W2887136521
W2898789672,W2045030989
W2898789672,W2004548026
W2898962279,W1966107523
W2899108003,W2152189242
W2899108003,W2535995078
W2899108003,W2807194798
W2899108003,W2161728228
W2899108003,W2800392236
W2899108003,W2017919052
W2899108003,W2017559255
W2899283552,W2160917602
W2899283552,W2899497983
W2899669642,W2471962767
W2899669642,W2160337655
W2899669642,W2113162751
W2899669642,W2015834247
W2899669642,W2154053567
W2899669642,W2154071138
W2899669642,W273955616
W2899669642,W2152189242
W2899669642,W2152849583
W2899760200,W2017840637
W2899760200,W2150166076
W2899760200,W2112931509
W2899760200,W2149441684
W2899760200,W2741508285
W2899760200,W2017919052
W2899760200,W1966107523
W2899760200,W2154455818
W2899760200,W2148606196
W2899760200,W2899771611
W2899760200,W2154556219
W2899760200,W2074986801
W2899760200,W2537623931
W2899760200,W2017559255
W2899760200,W2154431984
W2899771611,W1965464747
W2899771611,W2015593224
W2899771611,W2150166076
W2899771611,W2112931509
W2899771611,W2772803673
W2899771611,W2017559255
W2900030356,W2784350055
W2900030356,W2786808285
W2900030356,W2606495925
W2900044275,W2159269332
W2900044275,W2030737358
W2900044275,W2190546151
W2900144939,W2761275051
W2900144939,W273955616
W2900144939,W2153056550
W2900144939,W2900569176
W2900619723,W2728059831
W2900619723,W2608687752
W2900619723,W2747877289
W2900619723,W2754054868
W2900619723,W2796408191
W2900619723,W2624616322
W2900629010,W2158485828
W2900629010,W2123855284
W2900629010,W2476548250
W2900756811,W2559191318
W2900756811,W2898598946
W2900756811,W2112863519
W2900756811,W2899760200
W2900756811,W2160544821
W2900756811,W2017919052
W2900756811,W2149166037
W2900756811,W2593511418
W2900756811,W2148606196
W2900756811,W2772803673
W2900756811,W2017559255
W2900756811,W2074986801
W2900756811,W2900927010
W2900756811,W2004548026
W2901136733,W2159269332
W2901136733,W2008668719
W2901303766,W2091448229
W2901669506,W2790056669
W2901669506,W2151694441
W2901669506,W2892230460
W2901669506,W2554285426
W2901669506,W2004548026
W2901954177,W2554285426
W2901954177,W2404280981
W2901954177,W2580035316
W2901954177,W2017875658
W2901954177,W2790056669
W2901954177,W2017919052
W2901954177,W2565277564
W2901954177,W2902652978
W2901954177,W2790166049
W2901954177,W2774178591
W2901954177,W2017559255
W2901954177,W2154556219
W2901954177,W2074986801
W2901954177,W2154455818
W2902652978,W2554285426
W2902652978,W2015593224
W2902652978,W2610335499
W2902652978,W1965765914
W2902652978,W1966078827
W2902652978,W2017875658
W2902652978,W2790056669
W2902652978,W2017559255
W2902652978,W1965306643
W2902652978,W2790166049
W2902652978,W2004548026
W2902907165,W2148185586
W2902907165,W2154026962
W2902907165,W2017871657
W2902907165,W2763766763
W2902907165,W2608687752
W2902907165,W2017840637
W2902907165,W2741508285
W2903871660,W1975404935
W2903871660,W2510875395
W2903871660,W1967485833
W2903871660,W1968176769
W2903871660,W1968595844
W2903871660,W2079687160
W2903871660,W2796153225
W2903871660,W2153544371
W2903871660,W2169715400
W2905452503,W2017559255
W2905452503,W2004548026
W2905811773,W2897815318
W2905811773,W2784350055
W2905811773,W2101394945
W2906202305,W2042254650
W2906202305,W2155243985
W2906202305,W2907514116
W2906202305,W2907554860
W2906202305,W2029582401
W2908740848,W2036025531
W2908740848,W2049350168
W2908740848,W2037036397
W2908740848,W1950829641
W2908740848,W2765811365
W2908740848,W2601564443
W2908740848,W2149683554
W2908740848,W1951684732
W2908740848,W2040612932
W2908740848,W1888172398
W2909194804,W2342249984
W2909194804,W2798991696
W2909194804,W2787902098
W2909194804,W2909679049
W2909194804,W2790056669
W2909194804,W2160969485
W2909194804,W2842089854
W2909194804,W2015593224
W2909679049,W2342249984
W2909679049,W2150166076
W2909679049,W2004548026
W2910111050,W2910597635
W2910111050,W2739999456
W2910111050,W2159805452
W2910111050,W2910705748
W2910111050,W2057765075
W2910111050,W2123879591
W2910111050,W2339183141
W2910705748,W2910597635
W2910705748,W1999872096
W2910922638,W2040975718
W2910922638,W2911489562
W2910922638,W2036897871
W2910922638,W2160378127
W2910922638,W2036677156
W2910922638,W2156323704
W2910922638,W2040456488
W2910922638,W2160337655
W2910922638,W2087292184
W2910922638,W2168515722
W2910922638,W2530597942
W2910922638,W2805837749
W2911892655,W2148898943
W2911892655,W2134236819
W2911892655,W2138442302
W2912017471,W2157980636
W2912017471,W2158048826
W2912017471,W2580767461
W2912077313,W2042706232
W2912077313,W2042692910
W2912077313,W2155943701
W2912077313,W2042533040
W2912077313,W2157752701
W2912077313,W2042789810
W2912077313,W2159200641
W2912213068,W2017875658
W2912213068,W2017559255
W2912213068,W1966107523
W2912213068,W1965464747
W2912213068,W2582550385
W2912654909,W2057477511
W2912654909,W2113162751
W2912654909,W2153610778
W2912654909,W2894687190
W2912654909,W2152849583
W2912990441,W2754799758
W2913450733,W1999167944
W2913450733,W2152864241
W2913450733,W2010341850
W2913450733,W1984068087
W2913450733,W2034994370
W2913450733,W2034960640
W2913450733,W1984190418
W2913450733,W2136558879
W2913500366,W2163097950
W2913500366,W2901838561
W2913500366,W2155496693
W2913500366,W2899070097
W2913500366,W2158266834
W2913620138,W2810866092
W2913620138,W1918260619
W2913620138,W2146890818
W2913620138,W1918072595
W2913620138,W2155298532
W2913620138,W2150667092
W2913620138,W2809057270
W2913620138,W2763670669
W2914053210,W2158049821
W2914482125,W1973577532
W2914665624,W2154026962
W2914665624,W2154614604
W2914665624,W2891378911
W2914665624,W2888765847
W2914665624,W2754799758
W2914665624,W2146502635
W2915157699,W2155707112
W2915157699,W2817838603
W2915478882,W2155066423
W2915478882,W2155039075
W2915478882,W2146395539
W2915478882,W2915783575
W2915848182,W2770092353
W2915848182,W2736219668
W2915848182,W2161728228
W2915848182,W2160252043
W2915848182,W2754890392
W2915848182,W2603203130
W2915848182,W2150166076
W2916798096,W2917207851
W2916798096,W2750416916
W2917576966,W1973577532
W2917576966,W1989854862
W2917837889,W2159954944
W2919979744,W1973577532
W2919979744,W2036677156
W2919979744,W2150131459
W2919979744,W2168448159
W2919979744,W2150163104
W2919979744,W2040456488
W2919979744,W2015834247
W2919979744,W2087292184
W2919979744,W2168515722
W2919979744,W2749069611
W2919979744,W2160446463
W2920191405,W2074726646
W2920191405,W2499800833
W2920191405,W2004548026
W2920925854,W2152121970
W2920925854,W2424778531
W2920925854,W2045030989
W2920925854,W2017559255
W2920925854,W2157462758
W2920925854,W2157009395
W2920925854,W2090037139
W2920925854,W2162686899
W2920925854,W2017919052
W2920925854,W1965765914
W2923014074,W2613362156
W2923014074,W2158266834
W2923014074,W2899714098
W2923014074,W2155496693
W2923014074,W2901838561
W2923014074,W2155529731
W2923014074,W2899070097
W2923014074,W2922509574
W2923014074,W2010049072
W2923014074,W2036348189
W2923014074,W2017039362
W2924530200,W2554285426
W2924530200,W2160969485
W2924530200,W2923537029
W2924530200,W2150166076
W2924530200,W2770598799
W2924530200,W2152061559
W2924530200,W2790056669
W2924530200,W2901954177
W2924530200,W2754890392
W2924530200,W2429610540
W2924530200,W2790166049
W2927961455,W2463195069
W2927961455,W2462099493
W2927961455,W2149573463
W2927961455,W2112866067
W2928133111,W2893425640
W2928133111,W2166152751
W2928133111,W2004548026
W2928133111,W2166214412
W2928133111,W1965464747
W2928133111,W2166171121
W2928665623,W2015593224
W2928665623,W2089871805
W2928665623,W2536620281
W2928665623,W1988837728
W2931388211,W2166152751
W2931388211,W2045030989
W2931388211,W2045204781
W2931388211,W2166214412
W2931388211,W2015953751
W2931388211,W2015593224
W2931388211,W1950829641
W2931388211,W2260624936
W2931388211,W2605810679
W2931388211,W2015914378
W2931388211,W2607129810
W2931388211,W1965464747
W2931388211,W2017559255
W2931388211,W2161057248
W2931388211,W2089525884
W2933304441,W2592811885
W2933304441,W2805837749
W2934047558,W2154026962
W2934047558,W2161783224
W2934047558,W2075784822
W2934047558,W2091808438
W2934047558,W2154053567
W2934047558,W2624989916
W2934047558,W2935024989
W2934047558,W2738900493
W2934047558,W2154614604
W2934047558,W2860743873
W2934047558,W2154241726
W2936349953,W2766437506
W2936349953,W2889019390
W2936349953,W2936503027
W2936349953,W2765081049
W2936774411,W2938262643
W2936774411,W2151409320
W2936774411,W2151456308
W2936774411,W2912213068
W2936774411,W2158489424
W2936774411,W2149573313
W2936774411,W2160995259
W2936774411,W2938574745
W2936774411,W2159474015
W2936774411,W2040456488
W2936774411,W2150166076
W2936774411,W2896872272
W2936774411,W2765811365
W2936774411,W2040458497
W2936774411,W1999908724
W2936774411,W2739748921
W2936774411,W2151464048
W2936774411,W2151516307
W2936774411,W2920925854
W2936774411,W2151570219
W2936774411,W2898440040
W2936774411,W2807649309
W2936774411,W2161041152
W2936774411,W2902652978
W2936774411,W2796153225
W2936774411,W2075784822
W2936774411,W2161057248
W2936774411,W2004444667
W2936774411,W2887136521
W2936774411,W2261764510
W2936774411,W2162686899
W2936774411,W1968105193
W2936774411,W2108696783
W2938262643,W2741508285
W2938262643,W2017840637
W2938262643,W2045030989
W2938262643,W2168448159
W2938262643,W2920925854
W2938262643,W2804910112
W2938262643,W2898440040
W2938262643,W2912213068
W2938262643,W2161057248
W2938262643,W2160995259
W2938262643,W2424778531
W2938262643,W2149655632
W2938262643,W2336416123
W2938574745,W2035908878
W2938574745,W2160995259
W2938574745,W2519132385
W2938574745,W2595629513
W2938574745,W2112998801
W2938574745,W2161041152
W2938574745,W2017559255
W2938868597,W2803479625
W2938868597,W2160547390
W2938868597,W2155628349
W2938868597,W2154276443
W2939474406,W2606495925
W2940726923,W2018159038
W2940827091,W2155628349
W2940827091,W2891378911
W2940827091,W2888765847
W2940827091,W2045030989
W2940827091,W2154026962
W2940827091,W2154071138
W2940827091,W2119862467
W2940827091,W2154276443
W2941072767,W2941307081
W2941072767,W2895926103
W2941072767,W2941342985
W2941622960,W2006318126
W2941622960,W2120503144
W2941622960,W1591013228
W2941622960,W2009720434
W2941622960,W2041711461
W2941622960,W2107665951
W2941622960,W2001510610
W2941622960,W2027672471
W2941622960,W1909359706
W2941622960,W1561878391
W2941622960,W2027753197
W2941622960,W2054141820
W2942286908,W2155800098
W2942286908,W2155779547
W2942286908,W2160085528
W2942610007,W2138207763
W2942678593,W2560438049
W2942678593,W2170280355
W2942678593,W2170327428
W2942678593,W2005895632
W2942678593,W2152189242
W2942678593,W2154053567
W2942678593,W2942829220
W2942678593,W2154071138
W2943793201,W2154748230
W2943793201,W2170486072
W2944339144,W2035898183
W2944339144,W2462099493
W2944339144,W2927961455
W2944434778,W2147601077
W2944434778,W1940496428
W2944434778,W2049813215
W2944434778,W2476548250
W2944545583,W2158266834
W2944545583,W2015593224
W2944545583,W2158196600
W2944545583,W2085934079
W2944545583,W2913500366
W2944727022,W2134291350
W2944727022,W2134208433
W2944727022,W2887136521
W2945567049,W2138345444
W2945567049,W2945976633
W2946173685,W2040975718
W2946173685,W2036008499
W2946173685,W2041257508
W2946173685,W2040456488
W2946173685,W2741508285
W2946204549,W2752326209
W2946412700,W2565277564
W2946412700,W2148991217
W2946412700,W2161041152
W2946412700,W2004444667
W2946412700,W2160995259
W2946412700,W2147200107
W2946412700,W2535995078
W2946412700,W2534737939
W2946412700,W2149573463
W2946412700,W2511515754
W2946657092,W2122828560
W2946657092,W2475287302
W2946657092,W2154945114
W2946657092,W2533355719
W2946657092,W2124884000
W2947826965,W2154748230
W2948574679,W2138345444
W2948574679,W2146377630
W2948574679,W2887114371
W2948574679,W2115607954
W2948574679,W2888728157
W2948574679,W2154889144
W2948574679,W2154872931
W2948574679,W2028575270
W2948928365,W2010341850
W2948928365,W2010163891
W2948928365,W2126602684
W2948928365,W1944901286
W2948978827,W2159024459
W2948978827,W2612891587
W2948978827,W2169715400
W2949100461,W1992193293
W2949100461,W2152864241
W2949100461,W2744904120
W2949177718,W2036677156
W2949177718,W2168482920
W2949177718,W2087292184
W2949177718,W2525607701
W2949177718,W2910922638
W2949177718,W2160446463
W2949177718,W2919979744
W2949223833,W2091575974
W2949223833,W2156101426
W2949223833,W2091808438
W2949223833,W2148185586
W2949223833,W2150046129
W2949223833,W2805712258
W2949223833,W2156523992
W2949223833,W2150166076
W2949223833,W2074726646
W2949223833,W2159443068
W2949223833,W2157462758
W2949223833,W2017871657
W2949223833,W2030628997
W2949223833,W2424778531
W2949223833,W2090037139
W2949223833,W2157009395
W2949223833,W2074986801
W2949223833,W2789843538
W2949273159,W2899714098
W2949273159,W2158196600
W2949273159,W2158266834
W2949273159,W2158217645
W2949273159,W2788633781
W2949273159,W2085934079
W2949273159,W2155496693
W2949273159,W2899070097
W2949273159,W2026317156
W2949676527,W2171405751
W2949676527,W2009163215
W2949693884,W2774320778
W2949693884,W2112863519
W2949693884,W2770598799
W2949693884,W2902652978
W2949693884,W2017559255
W2949693884,W2255138985
W2949693884,W2074986801
W2949693884,W2924530200
W2949693884,W2590390825
W2949693884,W2790166049
W2949708697,W2785803176
W2949736877,W2150234230
W2949736877,W2790056669
W2949736877,W2901954177
W2949736877,W2774320778
W2949736877,W2004548026
W2949736877,W2180229411
W2949841808,W2168482920
W2949841808,W2045197688
W2949841808,W2015688756
W2949841808,W2004548026
W2949867654,W2148185586
W2949867654,W2154026962
W2949867654,W2608014122
W2949867654,W2154998026
W2949867654,W2902907165
W2949867654,W2122828560
W2949867654,W2122511023
W2949867654,W2140805694
W2949867654,W2010163891
W2949867654,W2010341850
W2949867654,W2049683810
W2949867654,W2025781576
W2949867654,W2038752330
W2949867654,W2007826806
W2949867654,W2025415734
W2949867654,W1979308046
W2949867654,W2017426710
W2949867654,W2141125852
W2949867654,W2027672471
W2949867654,W1525882651
W2950150251,W2074682976
W2950354111,W2560722161
W2950354111,W2939474406
W2950354111,W2606495925
W2950354111,W2152505144
W2950464315,W2804233742
W2950464315,W2735457220
W2950464960,W2153860431
W2950464960,W2560722161
W2950464960,W2889019390
W2950464960,W2155347783
W2950504429,W2911892655
W2950504429,W2140805694
W2950504429,W2134236819
W2950504429,W1973577532
W2950504429,W1950829641
W2950504429,W2017426710
W2950504429,W2017039362
W2950504429,W1971625691
W2950504429,W2025415734
W2950504429,W1968509967
W2950504429,W2008627757
W2950504429,W2529052661
W2950504429,W2147819711
W2950504429,W1989854862
W2950595506,W2610936380
W2950595506,W2314634699
W2950595506,W2154431984
W2950595506,W2112863519
W2950627632,W1996293917
W2950750906,W2155496693
W2950750906,W2163151727
W2950750906,W2922509574
W2950750906,W2086491289
W2950764390,W2899714098
W2950764390,W2901838561
W2950764390,W2155496693
W2950764390,W2950954328
W2950764390,W2923014074
W2950954328,W2155496693
W2950954328,W2899714098
W2950954328,W2922509574
W2950954328,W2158804744
W2950954328,W2923014074
W2950985821,W2147924102
W2950985821,W2396077153
W2950985821,W2154026962
W2950985821,W2920191405
W2950985821,W2147806662
W2950985821,W2803072880
W2950985821,W2138345444
W2950985821,W2155015733
W2950985821,W2154945114
W2950985821,W2101394945
W2950985821,W2146395539
W2950993016,W2158217645
W2950993016,W2085934079
W2950993016,W2158196600
W2950993016,W2158266834
W2950993016,W1858542512
W2950993016,W1964026200
W2951222857,W2057477511
W2951222857,W2951254987
W2951222857,W2159675211
W2951222857,W2152864241
W2951222857,W2040456488
W2951222857,W1992193293
W2951222857,W1992652001
W2951222857,W2075784822
W2951222857,W2171808845
W2951222857,W2035908878
W2951222857,W2040975718
W2951222857,W2150163104
W2951222857,W2151922790
W2951222857,W2402144811
W2951222857,W2113162751
W2951222857,W2140765540
W2951257985,W2150166076
W2951257985,W2754890392
W2951257985,W2554285426
W2951257985,W2790056669
W2951257985,W2901954177
W2951257985,W2429610540
W2951257985,W2924530200
W2951257985,W2017559255
W2951257985,W2790166049
W2951257985,W2902652978
W2951464304,W2739999456
W2951464304,W2153624566
W2951464304,W2752326209
W2951506174,W2765081049
W2951506174,W2936503027
W2951553270,W2036677156
W2951553270,W2156323704
W2951553270,W2087292184
W2951553270,W2089961441
W2951553270,W2168515722
W2951583631,W2914053210
W2951583631,W2157917411
W2951583631,W2893960509
W2951583631,W2158049821
W2951799803,W2155496693
W2951799803,W2163151727
W2951799803,W2163097950
W2951799803,W2923014074
W2951799803,W2950764390
W2951799803,W2899070097
W2951799803,W2086491289
W2951799803,W2913500366
